State Code,County Code,Site Num,Parameter Code,POC,Latitude,Longitude,Datum,Parameter Name,Sample Duration,Pollutant Standard,Date Local,Units of Measure,Event Type,Observation Count,Observation Percent,Arithmetic Mean,1st Max Value,1st Max Hour,AQI,Method Code,Method Name,Local Site Name,Address,State Name,County Name,City Name,CBSA Name,Date of Last Change,parameter
17,31,22,88101,1,41.687165,-87.539315,WGS84,PM2.5 - Local Conditions,24 HOUR,PM25 24-hour 2012,2021-01-13,Micrograms/cubic meter (LC),,1,100.0,13.4,13.4,0,59.0,155.0,Thermo Electron Model RAAS2.5-300 Sequential w/VSCC - Gravimetric,WASHINGTON HS,3535 E. 114TH ST.,Illinois,Cook,Chicago,"Chicago-Naperville-Elgin, IL-IN-WI",2024-08-08,pm25
17,31,22,88101,1,41.687165,-87.539315,WGS84,PM2.5 - Local Conditions,24 HOUR,PM25 24-hour 2012,2021-01-15,Micrograms/cubic meter (LC),,1,100.0,5.2,5.2,0,29.0,155.0,Thermo Electron Model RAAS2.5-300 Sequential w/VSCC - Gravimetric,WASHINGTON HS,3535 E. 114TH ST.,Illinois,Cook,Chicago,"Chicago-Naperville-Elgin, IL-IN-WI",2024-08-08,pm25
17,31,22,88101,1,41.687165,-87.539315,WGS84,PM2.5 - Local Conditions,24 HOUR,PM25 24-hour 2012,2021-01-20,Micrograms/cubic meter (LC),,1,100.0,4.9,4.9,0,27.0,155.0,Thermo Electron Model RAAS2.5-300 Sequential w/VSCC - Gravimetric,WASHINGTON HS,3535 E. 114TH ST.,Illinois,Cook,Chicago,"Chicago-Naperville-Elgin, IL-IN-WI",2024-08-08,pm25
17,31,22,88101,1,41.687165,-87.539315,WGS84,PM2.5 - Local Conditions,24 HOUR,PM25 24-hour 2012,2021-01-22,Micrograms/cubic meter (LC),,1,100.0,5.1,5.1,0,28.0,155.0,Thermo Electron Model RAAS2.5-300 Sequential w/VSCC - Gravimetric,WASHINGTON HS,3535 E. 114TH ST.,Illinois,Cook,Chicago,"Chicago-Naperville-Elgin, IL-IN-WI",2024-08-08,pm25
17,31,22,88101,1,41.687165,-87.539315,WGS84,PM2.5 - Local Conditions,24 HOUR,PM25 24-hour 2012,2021-01-25,Micrograms/cubic meter (LC),,1,100.0,13.9,13.9,0,60.0,155.0,Thermo Electron Model RAAS2.5-300 Sequential w/VSCC - Gravimetric,WASHINGTON HS,3535 E. 114TH ST.,Illinois,Cook,Chicago,"Chicago-Naperville-Elgin, IL-IN-WI",2024-08-08,pm25
17,31,22,88101,1,41.687165,-87.539315,WGS84,PM2.5 - Local Conditions,24 HOUR,PM25 24-hour 2012,2021-01-28,Micrograms/cubic meter (LC),,1,100.0,7.6,7.6,0,42.0,155.0,Thermo Electron Model RAAS2.5-300 Sequential w/VSCC - Gravimetric,WASHINGTON HS,3535 E. 114TH ST.,Illinois,Cook,Chicago,"Chicago-Naperville-Elgin, IL-IN-WI",2024-08-08,pm25
17,31,22,88101,1,41.687165,-87.539315,WGS84,PM2.5 - Local Conditions,24 HOUR,PM25 24-hour 2012,2021-03-14,Micrograms/cubic meter (LC),,1,100.0,8.5,8.5,0,47.0,155.0,Thermo Electron Model RAAS2.5-300 Sequential w/VSCC - Gravimetric,WASHINGTON HS,3535 E. 114TH ST.,Illinois,Cook,Chicago,"Chicago-Naperville-Elgin, IL-IN-WI",2024-08-08,pm25
17,31,22,88101,1,41.687165,-87.539315,WGS84,PM2.5 - Local Conditions,24 HOUR,PM25 24-hour 2012,2021-03-17,Micrograms/cubic meter (LC),,1,100.0,15.6,15.6,0,63.0,155.0,Thermo Electron Model RAAS2.5-300 Sequential w/VSCC - Gravimetric,WASHINGTON HS,3535 E. 114TH ST.,Illinois,Cook,Chicago,"Chicago-Naperville-Elgin, IL-IN-WI",2024-08-08,pm25
17,31,22,88101,1,41.687165,-87.539315,WGS84,PM2.5 - Local Conditions,24 HOUR,PM25 24-hour 2012,2021-03-20,Micrograms/cubic meter (LC),,1,100.0,9.1,9.1,0,51.0,155.0,Thermo Electron Model RAAS2.5-300 Sequential w/VSCC - Gravimetric,WASHINGTON HS,3535 E. 114TH ST.,Illinois,Cook,Chicago,"Chicago-Naperville-Elgin, IL-IN-WI",2024-08-08,pm25
17,31,22,88101,1,41.687165,-87.539315,WGS84,PM2.5 - Local Conditions,24 HOUR,PM25 24-hour 2012,2021-03-23,Micrograms/cubic meter (LC),,1,100.0,9.3,9.3,0,51.0,155.0,Thermo Electron Model RAAS2.5-300 Sequential w/VSCC - Gravimetric,WASHINGTON HS,3535 E. 114TH ST.,Illinois,Cook,Chicago,"Chicago-Naperville-Elgin, IL-IN-WI",2024-08-08,pm25
17,31,22,88101,1,41.687165,-87.539315,WGS84,PM2.5 - Local Conditions,24 HOUR,PM25 24-hour 2012,2021-03-26,Micrograms/cubic meter (LC),,1,100.0,6.7,6.7,0,37.0,155.0,Thermo Electron Model RAAS2.5-300 Sequential w/VSCC - Gravimetric,WASHINGTON HS,3535 E. 114TH ST.,Illinois,Cook,Chicago,"Chicago-Naperville-Elgin, IL-IN-WI",2024-08-08,pm25
17,31,22,88101,1,41.687165,-87.539315,WGS84,PM2.5 - Local Conditions,24 HOUR,PM25 24-hour 2012,2021-04-01,Micrograms/cubic meter (LC),,1,100.0,3.5,3.5,0,19.0,155.0,Thermo Electron Model RAAS2.5-300 Sequential w/VSCC - Gravimetric,WASHINGTON HS,3535 E. 114TH ST.,Illinois,Cook,Chicago,"Chicago-Naperville-Elgin, IL-IN-WI",2024-08-08,pm25
17,31,22,88101,1,41.687165,-87.539315,WGS84,PM2.5 - Local Conditions,24 HOUR,PM25 24-hour 2012,2021-04-03,Micrograms/cubic meter (LC),,1,100.0,16.7,16.7,0,65.0,155.0,Thermo Electron Model RAAS2.5-300 Sequential w/VSCC - Gravimetric,WASHINGTON HS,3535 E. 114TH ST.,Illinois,Cook,Chicago,"Chicago-Naperville-Elgin, IL-IN-WI",2024-08-08,pm25
17,31,22,88101,1,41.687165,-87.539315,WGS84,PM2.5 - Local Conditions,24 HOUR,PM25 24-hour 2012,2021-04-06,Micrograms/cubic meter (LC),,1,100.0,15.5,15.5,0,63.0,155.0,Thermo Electron Model RAAS2.5-300 Sequential w/VSCC - Gravimetric,WASHINGTON HS,3535 E. 114TH ST.,Illinois,Cook,Chicago,"Chicago-Naperville-Elgin, IL-IN-WI",2024-08-08,pm25
17,31,22,88101,1,41.687165,-87.539315,WGS84,PM2.5 - Local Conditions,24 HOUR,PM25 24-hour 2012,2021-04-08,Micrograms/cubic meter (LC),,1,100.0,6.3,6.3,0,35.0,155.0,Thermo Electron Model RAAS2.5-300 Sequential w/VSCC - Gravimetric,WASHINGTON HS,3535 E. 114TH ST.,Illinois,Cook,Chicago,"Chicago-Naperville-Elgin, IL-IN-WI",2024-08-08,pm25
17,31,22,88101,1,41.687165,-87.539315,WGS84,PM2.5 - Local Conditions,24 HOUR,PM25 24-hour 2012,2021-04-10,Micrograms/cubic meter (LC),,1,100.0,9.9,9.9,0,52.0,155.0,Thermo Electron Model RAAS2.5-300 Sequential w/VSCC - Gravimetric,WASHINGTON HS,3535 E. 114TH ST.,Illinois,Cook,Chicago,"Chicago-Naperville-Elgin, IL-IN-WI",2024-08-08,pm25
17,31,22,88101,1,41.687165,-87.539315,WGS84,PM2.5 - Local Conditions,24 HOUR,PM25 24-hour 2012,2021-04-13,Micrograms/cubic meter (LC),,1,100.0,5.0,5.0,0,28.0,155.0,Thermo Electron Model RAAS2.5-300 Sequential w/VSCC - Gravimetric,WASHINGTON HS,3535 E. 114TH ST.,Illinois,Cook,Chicago,"Chicago-Naperville-Elgin, IL-IN-WI",2024-08-08,pm25
17,31,22,88101,1,41.687165,-87.539315,WGS84,PM2.5 - Local Conditions,24 HOUR,PM25 24-hour 2012,2021-04-16,Micrograms/cubic meter (LC),,1,100.0,3.8,3.8,0,21.0,155.0,Thermo Electron Model RAAS2.5-300 Sequential w/VSCC - Gravimetric,WASHINGTON HS,3535 E. 114TH ST.,Illinois,Cook,Chicago,"Chicago-Naperville-Elgin, IL-IN-WI",2024-08-08,pm25
17,31,22,88101,1,41.687165,-87.539315,WGS84,PM2.5 - Local Conditions,24 HOUR,PM25 24-hour 2012,2021-04-19,Micrograms/cubic meter (LC),,1,100.0,6.6,6.6,0,37.0,155.0,Thermo Electron Model RAAS2.5-300 Sequential w/VSCC - Gravimetric,WASHINGTON HS,3535 E. 114TH ST.,Illinois,Cook,Chicago,"Chicago-Naperville-Elgin, IL-IN-WI",2024-08-08,pm25
17,31,22,88101,1,41.687165,-87.539315,WGS84,PM2.5 - Local Conditions,24 HOUR,PM25 24-hour 2012,2021-04-22,Micrograms/cubic meter (LC),,1,100.0,12.8,12.8,0,58.0,155.0,Thermo Electron Model RAAS2.5-300 Sequential w/VSCC - Gravimetric,WASHINGTON HS,3535 E. 114TH ST.,Illinois,Cook,Chicago,"Chicago-Naperville-Elgin, IL-IN-WI",2024-08-08,pm25
17,31,22,88101,1,41.687165,-87.539315,WGS84,PM2.5 - Local Conditions,24 HOUR,PM25 24-hour 2012,2021-05-07,Micrograms/cubic meter (LC),,1,100.0,4.4,4.4,0,24.0,155.0,Thermo Electron Model RAAS2.5-300 Sequential w/VSCC - Gravimetric,WASHINGTON HS,3535 E. 114TH ST.,Illinois,Cook,Chicago,"Chicago-Naperville-Elgin, IL-IN-WI",2024-08-08,pm25
17,31,22,88101,1,41.687165,-87.539315,WGS84,PM2.5 - Local Conditions,24 HOUR,PM25 24-hour 2012,2021-05-10,Micrograms/cubic meter (LC),,1,100.0,2.6,2.6,0,14.0,155.0,Thermo Electron Model RAAS2.5-300 Sequential w/VSCC - Gravimetric,WASHINGTON HS,3535 E. 114TH ST.,Illinois,Cook,Chicago,"Chicago-Naperville-Elgin, IL-IN-WI",2024-08-08,pm25
17,31,22,88101,1,41.687165,-87.539315,WGS84,PM2.5 - Local Conditions,24 HOUR,PM25 24-hour 2012,2021-05-13,Micrograms/cubic meter (LC),,1,100.0,10.1,10.1,0,53.0,155.0,Thermo Electron Model RAAS2.5-300 Sequential w/VSCC - Gravimetric,WASHINGTON HS,3535 E. 114TH ST.,Illinois,Cook,Chicago,"Chicago-Naperville-Elgin, IL-IN-WI",2024-08-08,pm25
17,31,22,88101,1,41.687165,-87.539315,WGS84,PM2.5 - Local Conditions,24 HOUR,PM25 24-hour 2012,2021-05-16,Micrograms/cubic meter (LC),,1,100.0,12.1,12.1,0,57.0,155.0,Thermo Electron Model RAAS2.5-300 Sequential w/VSCC - Gravimetric,WASHINGTON HS,3535 E. 114TH ST.,Illinois,Cook,Chicago,"Chicago-Naperville-Elgin, IL-IN-WI",2024-08-08,pm25
17,31,22,88101,1,41.687165,-87.539315,WGS84,PM2.5 - Local Conditions,24 HOUR,PM25 24-hour 2012,2021-05-19,Micrograms/cubic meter (LC),,1,100.0,9.7,9.7,0,52.0,155.0,Thermo Electron Model RAAS2.5-300 Sequential w/VSCC - Gravimetric,WASHINGTON HS,3535 E. 114TH ST.,Illinois,Cook,Chicago,"Chicago-Naperville-Elgin, IL-IN-WI",2024-08-08,pm25
17,31,22,88101,1,41.687165,-87.539315,WGS84,PM2.5 - Local Conditions,24 HOUR,PM25 24-hour 2012,2021-05-22,Micrograms/cubic meter (LC),,1,100.0,13.3,13.3,0,59.0,155.0,Thermo Electron Model RAAS2.5-300 Sequential w/VSCC - Gravimetric,WASHINGTON HS,3535 E. 114TH ST.,Illinois,Cook,Chicago,"Chicago-Naperville-Elgin, IL-IN-WI",2024-08-08,pm25
17,31,22,88101,1,41.687165,-87.539315,WGS84,PM2.5 - Local Conditions,24 HOUR,PM25 24-hour 2012,2021-05-25,Micrograms/cubic meter (LC),,1,100.0,15.7,15.7,0,63.0,155.0,Thermo Electron Model RAAS2.5-300 Sequential w/VSCC - Gravimetric,WASHINGTON HS,3535 E. 114TH ST.,Illinois,Cook,Chicago,"Chicago-Naperville-Elgin, IL-IN-WI",2024-08-08,pm25
17,31,22,88101,1,41.687165,-87.539315,WGS84,PM2.5 - Local Conditions,24 HOUR,PM25 24-hour 2012,2021-05-28,Micrograms/cubic meter (LC),,1,100.0,3.0,3.0,0,17.0,155.0,Thermo Electron Model RAAS2.5-300 Sequential w/VSCC - Gravimetric,WASHINGTON HS,3535 E. 114TH ST.,Illinois,Cook,Chicago,"Chicago-Naperville-Elgin, IL-IN-WI",2024-08-08,pm25
17,31,22,88101,1,41.687165,-87.539315,WGS84,PM2.5 - Local Conditions,24 HOUR,PM25 24-hour 2012,2021-05-31,Micrograms/cubic meter (LC),,1,100.0,12.0,12.0,0,56.0,155.0,Thermo Electron Model RAAS2.5-300 Sequential w/VSCC - Gravimetric,WASHINGTON HS,3535 E. 114TH ST.,Illinois,Cook,Chicago,"Chicago-Naperville-Elgin, IL-IN-WI",2024-08-08,pm25
17,31,22,88101,1,41.687165,-87.539315,WGS84,PM2.5 - Local Conditions,24 HOUR,PM25 24-hour 2012,2021-06-03,Micrograms/cubic meter (LC),,1,100.0,14.5,14.5,0,61.0,155.0,Thermo Electron Model RAAS2.5-300 Sequential w/VSCC - Gravimetric,WASHINGTON HS,3535 E. 114TH ST.,Illinois,Cook,Chicago,"Chicago-Naperville-Elgin, IL-IN-WI",2024-08-08,pm25
17,31,22,88101,1,41.687165,-87.539315,WGS84,PM2.5 - Local Conditions,24 HOUR,PM25 24-hour 2012,2021-06-06,Micrograms/cubic meter (LC),,1,100.0,13.8,13.8,0,60.0,155.0,Thermo Electron Model RAAS2.5-300 Sequential w/VSCC - Gravimetric,WASHINGTON HS,3535 E. 114TH ST.,Illinois,Cook,Chicago,"Chicago-Naperville-Elgin, IL-IN-WI",2024-08-08,pm25
17,31,22,88101,1,41.687165,-87.539315,WGS84,PM2.5 - Local Conditions,24 HOUR,PM25 24-hour 2012,2021-06-09,Micrograms/cubic meter (LC),,1,100.0,13.9,13.9,0,60.0,155.0,Thermo Electron Model RAAS2.5-300 Sequential w/VSCC - Gravimetric,WASHINGTON HS,3535 E. 114TH ST.,Illinois,Cook,Chicago,"Chicago-Naperville-Elgin, IL-IN-WI",2024-08-08,pm25
17,31,22,88101,1,41.687165,-87.539315,WGS84,PM2.5 - Local Conditions,24 HOUR,PM25 24-hour 2012,2021-06-12,Micrograms/cubic meter (LC),,1,100.0,12.5,12.5,0,57.0,155.0,Thermo Electron Model RAAS2.5-300 Sequential w/VSCC - Gravimetric,WASHINGTON HS,3535 E. 114TH ST.,Illinois,Cook,Chicago,"Chicago-Naperville-Elgin, IL-IN-WI",2024-08-08,pm25
17,31,22,88101,1,41.687165,-87.539315,WGS84,PM2.5 - Local Conditions,24 HOUR,PM25 24-hour 2012,2021-06-15,Micrograms/cubic meter (LC),,1,100.0,6.5,6.5,0,36.0,155.0,Thermo Electron Model RAAS2.5-300 Sequential w/VSCC - Gravimetric,WASHINGTON HS,3535 E. 114TH ST.,Illinois,Cook,Chicago,"Chicago-Naperville-Elgin, IL-IN-WI",2024-08-08,pm25
17,31,22,88101,1,41.687165,-87.539315,WGS84,PM2.5 - Local Conditions,24 HOUR,PM25 24-hour 2012,2021-06-18,Micrograms/cubic meter (LC),,1,100.0,12.4,12.4,0,57.0,155.0,Thermo Electron Model RAAS2.5-300 Sequential w/VSCC - Gravimetric,WASHINGTON HS,3535 E. 114TH ST.,Illinois,Cook,Chicago,"Chicago-Naperville-Elgin, IL-IN-WI",2024-08-08,pm25
17,31,22,88101,1,41.687165,-87.539315,WGS84,PM2.5 - Local Conditions,24 HOUR,PM25 24-hour 2012,2021-06-21,Micrograms/cubic meter (LC),,1,100.0,3.4,3.4,0,19.0,155.0,Thermo Electron Model RAAS2.5-300 Sequential w/VSCC - Gravimetric,WASHINGTON HS,3535 E. 114TH ST.,Illinois,Cook,Chicago,"Chicago-Naperville-Elgin, IL-IN-WI",2024-08-08,pm25
17,31,22,88101,1,41.687165,-87.539315,WGS84,PM2.5 - Local Conditions,24 HOUR,PM25 24-hour 2012,2021-06-24,Micrograms/cubic meter (LC),,1,100.0,8.3,8.3,0,46.0,155.0,Thermo Electron Model RAAS2.5-300 Sequential w/VSCC - Gravimetric,WASHINGTON HS,3535 E. 114TH ST.,Illinois,Cook,Chicago,"Chicago-Naperville-Elgin, IL-IN-WI",2024-08-08,pm25
17,31,22,88101,1,41.687165,-87.539315,WGS84,PM2.5 - Local Conditions,24 HOUR,PM25 24-hour 2012,2021-06-27,Micrograms/cubic meter (LC),,1,100.0,8.9,8.9,0,49.0,155.0,Thermo Electron Model RAAS2.5-300 Sequential w/VSCC - Gravimetric,WASHINGTON HS,3535 E. 114TH ST.,Illinois,Cook,Chicago,"Chicago-Naperville-Elgin, IL-IN-WI",2024-08-08,pm25
17,31,22,88101,1,41.687165,-87.539315,WGS84,PM2.5 - Local Conditions,24 HOUR,PM25 24-hour 2012,2021-07-01,Micrograms/cubic meter (LC),,1,100.0,4.7,4.7,0,26.0,155.0,Thermo Electron Model RAAS2.5-300 Sequential w/VSCC - Gravimetric,WASHINGTON HS,3535 E. 114TH ST.,Illinois,Cook,Chicago,"Chicago-Naperville-Elgin, IL-IN-WI",2024-08-08,pm25
17,31,22,88101,1,41.687165,-87.539315,WGS84,PM2.5 - Local Conditions,24 HOUR,PM25 24-hour 2012,2021-07-06,Micrograms/cubic meter (LC),,1,100.0,18.4,18.4,0,68.0,155.0,Thermo Electron Model RAAS2.5-300 Sequential w/VSCC - Gravimetric,WASHINGTON HS,3535 E. 114TH ST.,Illinois,Cook,Chicago,"Chicago-Naperville-Elgin, IL-IN-WI",2024-08-08,pm25
17,31,22,88101,1,41.687165,-87.539315,WGS84,PM2.5 - Local Conditions,24 HOUR,PM25 24-hour 2012,2021-07-13,Micrograms/cubic meter (LC),,1,100.0,7.0,7.0,0,39.0,155.0,Thermo Electron Model RAAS2.5-300 Sequential w/VSCC - Gravimetric,WASHINGTON HS,3535 E. 114TH ST.,Illinois,Cook,Chicago,"Chicago-Naperville-Elgin, IL-IN-WI",2024-08-08,pm25
17,31,22,88101,1,41.687165,-87.539315,WGS84,PM2.5 - Local Conditions,24 HOUR,PM25 24-hour 2012,2021-07-14,Micrograms/cubic meter (LC),,1,100.0,9.3,9.3,0,51.0,155.0,Thermo Electron Model RAAS2.5-300 Sequential w/VSCC - Gravimetric,WASHINGTON HS,3535 E. 114TH ST.,Illinois,Cook,Chicago,"Chicago-Naperville-Elgin, IL-IN-WI",2024-08-08,pm25
17,31,22,88101,1,41.687165,-87.539315,WGS84,PM2.5 - Local Conditions,24 HOUR,PM25 24-hour 2012,2021-07-15,Micrograms/cubic meter (LC),,1,100.0,7.5,7.5,0,42.0,155.0,Thermo Electron Model RAAS2.5-300 Sequential w/VSCC - Gravimetric,WASHINGTON HS,3535 E. 114TH ST.,Illinois,Cook,Chicago,"Chicago-Naperville-Elgin, IL-IN-WI",2024-08-08,pm25
17,31,22,88101,1,41.687165,-87.539315,WGS84,PM2.5 - Local Conditions,24 HOUR,PM25 24-hour 2012,2021-07-18,Micrograms/cubic meter (LC),,1,100.0,9.6,9.6,0,52.0,155.0,Thermo Electron Model RAAS2.5-300 Sequential w/VSCC - Gravimetric,WASHINGTON HS,3535 E. 114TH ST.,Illinois,Cook,Chicago,"Chicago-Naperville-Elgin, IL-IN-WI",2024-08-08,pm25
17,31,22,88101,1,41.687165,-87.539315,WGS84,PM2.5 - Local Conditions,24 HOUR,PM25 24-hour 2012,2021-07-21,Micrograms/cubic meter (LC),,1,100.0,17.4,17.4,0,66.0,155.0,Thermo Electron Model RAAS2.5-300 Sequential w/VSCC - Gravimetric,WASHINGTON HS,3535 E. 114TH ST.,Illinois,Cook,Chicago,"Chicago-Naperville-Elgin, IL-IN-WI",2024-08-08,pm25
17,31,22,88101,1,41.687165,-87.539315,WGS84,PM2.5 - Local Conditions,24 HOUR,PM25 24-hour 2012,2021-07-24,Micrograms/cubic meter (LC),,1,100.0,22.0,22.0,0,75.0,155.0,Thermo Electron Model RAAS2.5-300 Sequential w/VSCC - Gravimetric,WASHINGTON HS,3535 E. 114TH ST.,Illinois,Cook,Chicago,"Chicago-Naperville-Elgin, IL-IN-WI",2024-08-08,pm25
17,31,22,88101,1,41.687165,-87.539315,WGS84,PM2.5 - Local Conditions,24 HOUR,PM25 24-hour 2012,2021-07-27,Micrograms/cubic meter (LC),,1,100.0,14.0,14.0,0,60.0,155.0,Thermo Electron Model RAAS2.5-300 Sequential w/VSCC - Gravimetric,WASHINGTON HS,3535 E. 114TH ST.,Illinois,Cook,Chicago,"Chicago-Naperville-Elgin, IL-IN-WI",2024-08-08,pm25
17,31,22,88101,1,41.687165,-87.539315,WGS84,PM2.5 - Local Conditions,24 HOUR,PM25 24-hour 2012,2021-07-30,Micrograms/cubic meter (LC),,1,100.0,4.0,4.0,0,22.0,155.0,Thermo Electron Model RAAS2.5-300 Sequential w/VSCC - Gravimetric,WASHINGTON HS,3535 E. 114TH ST.,Illinois,Cook,Chicago,"Chicago-Naperville-Elgin, IL-IN-WI",2024-08-08,pm25
17,31,22,88101,1,41.687165,-87.539315,WGS84,PM2.5 - Local Conditions,24 HOUR,PM25 24-hour 2012,2021-08-04,Micrograms/cubic meter (LC),,1,100.0,13.8,13.8,0,60.0,155.0,Thermo Electron Model RAAS2.5-300 Sequential w/VSCC - Gravimetric,WASHINGTON HS,3535 E. 114TH ST.,Illinois,Cook,Chicago,"Chicago-Naperville-Elgin, IL-IN-WI",2024-08-08,pm25
17,31,22,88101,1,41.687165,-87.539315,WGS84,PM2.5 - Local Conditions,24 HOUR,PM25 24-hour 2012,2021-08-11,Micrograms/cubic meter (LC),,1,100.0,10.7,10.7,0,54.0,155.0,Thermo Electron Model RAAS2.5-300 Sequential w/VSCC - Gravimetric,WASHINGTON HS,3535 E. 114TH ST.,Illinois,Cook,Chicago,"Chicago-Naperville-Elgin, IL-IN-WI",2024-08-08,pm25
17,31,22,88101,1,41.687165,-87.539315,WGS84,PM2.5 - Local Conditions,24 HOUR,PM25 24-hour 2012,2021-08-12,Micrograms/cubic meter (LC),,1,100.0,8.7,8.7,0,48.0,155.0,Thermo Electron Model RAAS2.5-300 Sequential w/VSCC - Gravimetric,WASHINGTON HS,3535 E. 114TH ST.,Illinois,Cook,Chicago,"Chicago-Naperville-Elgin, IL-IN-WI",2024-08-08,pm25
17,31,22,88101,1,41.687165,-87.539315,WGS84,PM2.5 - Local Conditions,24 HOUR,PM25 24-hour 2012,2021-08-13,Micrograms/cubic meter (LC),,1,100.0,7.6,7.6,0,42.0,155.0,Thermo Electron Model RAAS2.5-300 Sequential w/VSCC - Gravimetric,WASHINGTON HS,3535 E. 114TH ST.,Illinois,Cook,Chicago,"Chicago-Naperville-Elgin, IL-IN-WI",2024-08-08,pm25
17,31,22,88101,1,41.687165,-87.539315,WGS84,PM2.5 - Local Conditions,24 HOUR,PM25 24-hour 2012,2021-08-14,Micrograms/cubic meter (LC),,1,100.0,6.9,6.9,0,38.0,155.0,Thermo Electron Model RAAS2.5-300 Sequential w/VSCC - Gravimetric,WASHINGTON HS,3535 E. 114TH ST.,Illinois,Cook,Chicago,"Chicago-Naperville-Elgin, IL-IN-WI",2024-08-08,pm25
17,31,22,88101,1,41.687165,-87.539315,WGS84,PM2.5 - Local Conditions,24 HOUR,PM25 24-hour 2012,2021-08-17,Micrograms/cubic meter (LC),,1,100.0,10.4,10.4,0,53.0,155.0,Thermo Electron Model RAAS2.5-300 Sequential w/VSCC - Gravimetric,WASHINGTON HS,3535 E. 114TH ST.,Illinois,Cook,Chicago,"Chicago-Naperville-Elgin, IL-IN-WI",2024-08-08,pm25
17,31,22,88101,1,41.687165,-87.539315,WGS84,PM2.5 - Local Conditions,24 HOUR,PM25 24-hour 2012,2021-08-20,Micrograms/cubic meter (LC),,1,100.0,14.9,14.9,0,62.0,155.0,Thermo Electron Model RAAS2.5-300 Sequential w/VSCC - Gravimetric,WASHINGTON HS,3535 E. 114TH ST.,Illinois,Cook,Chicago,"Chicago-Naperville-Elgin, IL-IN-WI",2024-08-08,pm25
17,31,22,88101,1,41.687165,-87.539315,WGS84,PM2.5 - Local Conditions,24 HOUR,PM25 24-hour 2012,2021-08-28,Micrograms/cubic meter (LC),,1,100.0,12.9,12.9,0,58.0,155.0,Thermo Electron Model RAAS2.5-300 Sequential w/VSCC - Gravimetric,WASHINGTON HS,3535 E. 114TH ST.,Illinois,Cook,Chicago,"Chicago-Naperville-Elgin, IL-IN-WI",2024-08-08,pm25
17,31,22,88101,1,41.687165,-87.539315,WGS84,PM2.5 - Local Conditions,24 HOUR,PM25 24-hour 2012,2021-08-29,Micrograms/cubic meter (LC),,1,100.0,9.8,9.8,0,52.0,155.0,Thermo Electron Model RAAS2.5-300 Sequential w/VSCC - Gravimetric,WASHINGTON HS,3535 E. 114TH ST.,Illinois,Cook,Chicago,"Chicago-Naperville-Elgin, IL-IN-WI",2024-08-08,pm25
17,31,22,88101,1,41.687165,-87.539315,WGS84,PM2.5 - Local Conditions,24 HOUR,PM25 24-hour 2012,2021-09-01,Micrograms/cubic meter (LC),,1,100.0,4.3,4.3,0,24.0,155.0,Thermo Electron Model RAAS2.5-300 Sequential w/VSCC - Gravimetric,WASHINGTON HS,3535 E. 114TH ST.,Illinois,Cook,Chicago,"Chicago-Naperville-Elgin, IL-IN-WI",2024-08-08,pm25
17,31,22,88101,1,41.687165,-87.539315,WGS84,PM2.5 - Local Conditions,24 HOUR,PM25 24-hour 2012,2021-09-04,Micrograms/cubic meter (LC),,1,100.0,9.4,9.4,0,52.0,155.0,Thermo Electron Model RAAS2.5-300 Sequential w/VSCC - Gravimetric,WASHINGTON HS,3535 E. 114TH ST.,Illinois,Cook,Chicago,"Chicago-Naperville-Elgin, IL-IN-WI",2024-08-08,pm25
17,31,22,88101,1,41.687165,-87.539315,WGS84,PM2.5 - Local Conditions,24 HOUR,PM25 24-hour 2012,2021-09-07,Micrograms/cubic meter (LC),,1,100.0,11.6,11.6,0,56.0,155.0,Thermo Electron Model RAAS2.5-300 Sequential w/VSCC - Gravimetric,WASHINGTON HS,3535 E. 114TH ST.,Illinois,Cook,Chicago,"Chicago-Naperville-Elgin, IL-IN-WI",2024-08-08,pm25
17,31,22,88101,1,41.687165,-87.539315,WGS84,PM2.5 - Local Conditions,24 HOUR,PM25 24-hour 2012,2021-09-09,Micrograms/cubic meter (LC),,1,100.0,4.2,4.2,0,23.0,155.0,Thermo Electron Model RAAS2.5-300 Sequential w/VSCC - Gravimetric,WASHINGTON HS,3535 E. 114TH ST.,Illinois,Cook,Chicago,"Chicago-Naperville-Elgin, IL-IN-WI",2024-08-08,pm25
17,31,22,88101,1,41.687165,-87.539315,WGS84,PM2.5 - Local Conditions,24 HOUR,PM25 24-hour 2012,2021-09-10,Micrograms/cubic meter (LC),,1,100.0,6.5,6.5,0,36.0,155.0,Thermo Electron Model RAAS2.5-300 Sequential w/VSCC - Gravimetric,WASHINGTON HS,3535 E. 114TH ST.,Illinois,Cook,Chicago,"Chicago-Naperville-Elgin, IL-IN-WI",2024-08-08,pm25
17,31,22,88101,1,41.687165,-87.539315,WGS84,PM2.5 - Local Conditions,24 HOUR,PM25 24-hour 2012,2021-09-11,Micrograms/cubic meter (LC),,1,100.0,10.4,10.4,0,53.0,155.0,Thermo Electron Model RAAS2.5-300 Sequential w/VSCC - Gravimetric,WASHINGTON HS,3535 E. 114TH ST.,Illinois,Cook,Chicago,"Chicago-Naperville-Elgin, IL-IN-WI",2024-08-08,pm25
17,31,22,88101,1,41.687165,-87.539315,WGS84,PM2.5 - Local Conditions,24 HOUR,PM25 24-hour 2012,2021-09-13,Micrograms/cubic meter (LC),,1,100.0,13.5,13.5,0,59.0,155.0,Thermo Electron Model RAAS2.5-300 Sequential w/VSCC - Gravimetric,WASHINGTON HS,3535 E. 114TH ST.,Illinois,Cook,Chicago,"Chicago-Naperville-Elgin, IL-IN-WI",2024-08-08,pm25
17,31,22,88101,1,41.687165,-87.539315,WGS84,PM2.5 - Local Conditions,24 HOUR,PM25 24-hour 2012,2021-09-16,Micrograms/cubic meter (LC),,1,100.0,10.1,10.1,0,53.0,155.0,Thermo Electron Model RAAS2.5-300 Sequential w/VSCC - Gravimetric,WASHINGTON HS,3535 E. 114TH ST.,Illinois,Cook,Chicago,"Chicago-Naperville-Elgin, IL-IN-WI",2024-08-08,pm25
17,31,22,88101,1,41.687165,-87.539315,WGS84,PM2.5 - Local Conditions,24 HOUR,PM25 24-hour 2012,2021-09-19,Micrograms/cubic meter (LC),,1,100.0,11.8,11.8,0,56.0,155.0,Thermo Electron Model RAAS2.5-300 Sequential w/VSCC - Gravimetric,WASHINGTON HS,3535 E. 114TH ST.,Illinois,Cook,Chicago,"Chicago-Naperville-Elgin, IL-IN-WI",2024-08-08,pm25
17,31,22,88101,1,41.687165,-87.539315,WGS84,PM2.5 - Local Conditions,24 HOUR,PM25 24-hour 2012,2021-09-22,Micrograms/cubic meter (LC),,1,100.0,1.9,1.9,0,11.0,155.0,Thermo Electron Model RAAS2.5-300 Sequential w/VSCC - Gravimetric,WASHINGTON HS,3535 E. 114TH ST.,Illinois,Cook,Chicago,"Chicago-Naperville-Elgin, IL-IN-WI",2024-08-08,pm25
17,31,22,88101,1,41.687165,-87.539315,WGS84,PM2.5 - Local Conditions,24 HOUR,PM25 24-hour 2012,2021-09-25,Micrograms/cubic meter (LC),,1,100.0,4.4,4.4,0,24.0,155.0,Thermo Electron Model RAAS2.5-300 Sequential w/VSCC - Gravimetric,WASHINGTON HS,3535 E. 114TH ST.,Illinois,Cook,Chicago,"Chicago-Naperville-Elgin, IL-IN-WI",2024-08-08,pm25
17,31,22,88101,1,41.687165,-87.539315,WGS84,PM2.5 - Local Conditions,24 HOUR,PM25 24-hour 2012,2021-09-28,Micrograms/cubic meter (LC),,1,100.0,5.4,5.4,0,30.0,155.0,Thermo Electron Model RAAS2.5-300 Sequential w/VSCC - Gravimetric,WASHINGTON HS,3535 E. 114TH ST.,Illinois,Cook,Chicago,"Chicago-Naperville-Elgin, IL-IN-WI",2024-08-08,pm25
17,31,22,88101,1,41.687165,-87.539315,WGS84,PM2.5 - Local Conditions,24 HOUR,PM25 24-hour 2012,2021-10-01,Micrograms/cubic meter (LC),,1,100.0,12.7,12.7,0,58.0,155.0,Thermo Electron Model RAAS2.5-300 Sequential w/VSCC - Gravimetric,WASHINGTON HS,3535 E. 114TH ST.,Illinois,Cook,Chicago,"Chicago-Naperville-Elgin, IL-IN-WI",2024-08-08,pm25
17,31,22,88101,1,41.687165,-87.539315,WGS84,PM2.5 - Local Conditions,24 HOUR,PM25 24-hour 2012,2021-10-04,Micrograms/cubic meter (LC),,1,100.0,4.2,4.2,0,23.0,155.0,Thermo Electron Model RAAS2.5-300 Sequential w/VSCC - Gravimetric,WASHINGTON HS,3535 E. 114TH ST.,Illinois,Cook,Chicago,"Chicago-Naperville-Elgin, IL-IN-WI",2024-08-08,pm25
17,31,22,88101,1,41.687165,-87.539315,WGS84,PM2.5 - Local Conditions,24 HOUR,PM25 24-hour 2012,2021-10-07,Micrograms/cubic meter (LC),,1,100.0,6.6,6.6,0,37.0,155.0,Thermo Electron Model RAAS2.5-300 Sequential w/VSCC - Gravimetric,WASHINGTON HS,3535 E. 114TH ST.,Illinois,Cook,Chicago,"Chicago-Naperville-Elgin, IL-IN-WI",2024-08-08,pm25
17,31,22,88101,1,41.687165,-87.539315,WGS84,PM2.5 - Local Conditions,24 HOUR,PM25 24-hour 2012,2021-10-10,Micrograms/cubic meter (LC),,1,100.0,14.4,14.4,0,61.0,155.0,Thermo Electron Model RAAS2.5-300 Sequential w/VSCC - Gravimetric,WASHINGTON HS,3535 E. 114TH ST.,Illinois,Cook,Chicago,"Chicago-Naperville-Elgin, IL-IN-WI",2024-08-08,pm25
17,31,22,88101,1,41.687165,-87.539315,WGS84,PM2.5 - Local Conditions,24 HOUR,PM25 24-hour 2012,2021-10-13,Micrograms/cubic meter (LC),,1,100.0,9.7,9.7,0,52.0,155.0,Thermo Electron Model RAAS2.5-300 Sequential w/VSCC - Gravimetric,WASHINGTON HS,3535 E. 114TH ST.,Illinois,Cook,Chicago,"Chicago-Naperville-Elgin, IL-IN-WI",2024-08-08,pm25
17,31,22,88101,1,41.687165,-87.539315,WGS84,PM2.5 - Local Conditions,24 HOUR,PM25 24-hour 2012,2021-10-16,Micrograms/cubic meter (LC),,1,100.0,4.7,4.7,0,26.0,155.0,Thermo Electron Model RAAS2.5-300 Sequential w/VSCC - Gravimetric,WASHINGTON HS,3535 E. 114TH ST.,Illinois,Cook,Chicago,"Chicago-Naperville-Elgin, IL-IN-WI",2024-08-08,pm25
17,31,22,88101,1,41.687165,-87.539315,WGS84,PM2.5 - Local Conditions,24 HOUR,PM25 24-hour 2012,2021-10-19,Micrograms/cubic meter (LC),,1,100.0,12.3,12.3,0,57.0,155.0,Thermo Electron Model RAAS2.5-300 Sequential w/VSCC - Gravimetric,WASHINGTON HS,3535 E. 114TH ST.,Illinois,Cook,Chicago,"Chicago-Naperville-Elgin, IL-IN-WI",2024-08-08,pm25
17,31,22,88101,1,41.687165,-87.539315,WGS84,PM2.5 - Local Conditions,24 HOUR,PM25 24-hour 2012,2021-10-22,Micrograms/cubic meter (LC),,1,100.0,4.3,4.3,0,24.0,155.0,Thermo Electron Model RAAS2.5-300 Sequential w/VSCC - Gravimetric,WASHINGTON HS,3535 E. 114TH ST.,Illinois,Cook,Chicago,"Chicago-Naperville-Elgin, IL-IN-WI",2024-08-08,pm25
17,31,22,88101,1,41.687165,-87.539315,WGS84,PM2.5 - Local Conditions,24 HOUR,PM25 24-hour 2012,2021-11-09,Micrograms/cubic meter (LC),,1,100.0,17.2,17.2,0,66.0,545.0,Met One E-SEQ-FRM PM2.5 with VSCC - Gravimetric,WASHINGTON HS,3535 E. 114TH ST.,Illinois,Cook,Chicago,"Chicago-Naperville-Elgin, IL-IN-WI",2024-08-08,pm25
17,31,22,88101,1,41.687165,-87.539315,WGS84,PM2.5 - Local Conditions,24 HOUR,PM25 24-hour 2012,2021-11-12,Micrograms/cubic meter (LC),,1,100.0,3.4,3.4,0,19.0,545.0,Met One E-SEQ-FRM PM2.5 with VSCC - Gravimetric,WASHINGTON HS,3535 E. 114TH ST.,Illinois,Cook,Chicago,"Chicago-Naperville-Elgin, IL-IN-WI",2024-08-08,pm25
17,31,22,88101,1,41.687165,-87.539315,WGS84,PM2.5 - Local Conditions,24 HOUR,PM25 24-hour 2012,2021-11-15,Micrograms/cubic meter (LC),,1,100.0,7.1,7.1,0,39.0,545.0,Met One E-SEQ-FRM PM2.5 with VSCC - Gravimetric,WASHINGTON HS,3535 E. 114TH ST.,Illinois,Cook,Chicago,"Chicago-Naperville-Elgin, IL-IN-WI",2024-08-08,pm25
17,31,22,88101,1,41.687165,-87.539315,WGS84,PM2.5 - Local Conditions,24 HOUR,PM25 24-hour 2012,2021-11-18,Micrograms/cubic meter (LC),,1,100.0,4.8,4.8,0,27.0,545.0,Met One E-SEQ-FRM PM2.5 with VSCC - Gravimetric,WASHINGTON HS,3535 E. 114TH ST.,Illinois,Cook,Chicago,"Chicago-Naperville-Elgin, IL-IN-WI",2024-08-08,pm25
17,31,22,88101,1,41.687165,-87.539315,WGS84,PM2.5 - Local Conditions,24 HOUR,PM25 24-hour 2012,2021-11-21,Micrograms/cubic meter (LC),,1,100.0,9.9,9.9,0,52.0,545.0,Met One E-SEQ-FRM PM2.5 with VSCC - Gravimetric,WASHINGTON HS,3535 E. 114TH ST.,Illinois,Cook,Chicago,"Chicago-Naperville-Elgin, IL-IN-WI",2024-08-08,pm25
17,31,22,88101,1,41.687165,-87.539315,WGS84,PM2.5 - Local Conditions,24 HOUR,PM25 24-hour 2012,2021-11-24,Micrograms/cubic meter (LC),,1,100.0,6.3,6.3,0,35.0,545.0,Met One E-SEQ-FRM PM2.5 with VSCC - Gravimetric,WASHINGTON HS,3535 E. 114TH ST.,Illinois,Cook,Chicago,"Chicago-Naperville-Elgin, IL-IN-WI",2024-08-08,pm25
17,31,22,88101,1,41.687165,-87.539315,WGS84,PM2.5 - Local Conditions,24 HOUR,PM25 24-hour 2012,2021-11-27,Micrograms/cubic meter (LC),,1,100.0,5.9,5.9,0,33.0,545.0,Met One E-SEQ-FRM PM2.5 with VSCC - Gravimetric,WASHINGTON HS,3535 E. 114TH ST.,Illinois,Cook,Chicago,"Chicago-Naperville-Elgin, IL-IN-WI",2024-08-08,pm25
17,31,22,88101,1,41.687165,-87.539315,WGS84,PM2.5 - Local Conditions,24 HOUR,PM25 24-hour 2012,2021-11-30,Micrograms/cubic meter (LC),,1,100.0,8.8,8.8,0,49.0,545.0,Met One E-SEQ-FRM PM2.5 with VSCC - Gravimetric,WASHINGTON HS,3535 E. 114TH ST.,Illinois,Cook,Chicago,"Chicago-Naperville-Elgin, IL-IN-WI",2024-08-08,pm25
17,31,22,88101,1,41.687165,-87.539315,WGS84,PM2.5 - Local Conditions,24 HOUR,PM25 24-hour 2012,2021-12-03,Micrograms/cubic meter (LC),,1,100.0,7.9,7.9,0,44.0,545.0,Met One E-SEQ-FRM PM2.5 with VSCC - Gravimetric,WASHINGTON HS,3535 E. 114TH ST.,Illinois,Cook,Chicago,"Chicago-Naperville-Elgin, IL-IN-WI",2024-08-08,pm25
17,31,22,88101,1,41.687165,-87.539315,WGS84,PM2.5 - Local Conditions,24 HOUR,PM25 24-hour 2012,2021-12-06,Micrograms/cubic meter (LC),,1,100.0,4.0,4.0,0,22.0,545.0,Met One E-SEQ-FRM PM2.5 with VSCC - Gravimetric,WASHINGTON HS,3535 E. 114TH ST.,Illinois,Cook,Chicago,"Chicago-Naperville-Elgin, IL-IN-WI",2024-08-08,pm25
17,31,22,88101,1,41.687165,-87.539315,WGS84,PM2.5 - Local Conditions,24 HOUR,PM25 24-hour 2012,2021-12-15,Micrograms/cubic meter (LC),,1,100.0,8.9,8.9,0,49.0,545.0,Met One E-SEQ-FRM PM2.5 with VSCC - Gravimetric,WASHINGTON HS,3535 E. 114TH ST.,Illinois,Cook,Chicago,"Chicago-Naperville-Elgin, IL-IN-WI",2024-08-08,pm25
17,31,22,88101,1,41.687165,-87.539315,WGS84,PM2.5 - Local Conditions,24 HOUR,PM25 24-hour 2012,2021-12-22,Micrograms/cubic meter (LC),,1,100.0,4.7,4.7,0,26.0,545.0,Met One E-SEQ-FRM PM2.5 with VSCC - Gravimetric,WASHINGTON HS,3535 E. 114TH ST.,Illinois,Cook,Chicago,"Chicago-Naperville-Elgin, IL-IN-WI",2024-08-08,pm25
17,31,22,88101,1,41.687165,-87.539315,WGS84,PM2.5 - Local Conditions,24 HOUR,PM25 24-hour 2012,2021-12-24,Micrograms/cubic meter (LC),,1,100.0,9.0,9.0,0,50.0,545.0,Met One E-SEQ-FRM PM2.5 with VSCC - Gravimetric,WASHINGTON HS,3535 E. 114TH ST.,Illinois,Cook,Chicago,"Chicago-Naperville-Elgin, IL-IN-WI",2024-08-08,pm25
17,31,22,88101,1,41.687165,-87.539315,WGS84,PM2.5 - Local Conditions,24 HOUR,PM25 24-hour 2012,2021-12-25,Micrograms/cubic meter (LC),,1,100.0,7.1,7.1,0,39.0,545.0,Met One E-SEQ-FRM PM2.5 with VSCC - Gravimetric,WASHINGTON HS,3535 E. 114TH ST.,Illinois,Cook,Chicago,"Chicago-Naperville-Elgin, IL-IN-WI",2024-08-08,pm25
17,31,22,88101,1,41.687165,-87.539315,WGS84,PM2.5 - Local Conditions,24 HOUR,PM25 24-hour 2012,2021-12-27,Micrograms/cubic meter (LC),,1,100.0,10.8,10.8,0,54.0,545.0,Met One E-SEQ-FRM PM2.5 with VSCC - Gravimetric,WASHINGTON HS,3535 E. 114TH ST.,Illinois,Cook,Chicago,"Chicago-Naperville-Elgin, IL-IN-WI",2024-08-08,pm25
17,31,22,88101,1,41.687165,-87.539315,WGS84,PM2.5 - Local Conditions,24 HOUR,PM25 24-hour 2012,2021-12-30,Micrograms/cubic meter (LC),,1,100.0,11.7,11.7,0,56.0,545.0,Met One E-SEQ-FRM PM2.5 with VSCC - Gravimetric,WASHINGTON HS,3535 E. 114TH ST.,Illinois,Cook,Chicago,"Chicago-Naperville-Elgin, IL-IN-WI",2024-08-08,pm25
17,31,22,88101,9,41.687165,-87.539315,WGS84,PM2.5 - Local Conditions,24 HOUR,PM25 24-hour 2012,2021-01-04,Micrograms/cubic meter (LC),,1,100.0,12.8,12.8,0,58.0,155.0,Thermo Electron Model RAAS2.5-300 Sequential w/VSCC - Gravimetric,WASHINGTON HS,3535 E. 114TH ST.,Illinois,Cook,Chicago,"Chicago-Naperville-Elgin, IL-IN-WI",2024-08-08,pm25
17,31,22,88101,9,41.687165,-87.539315,WGS84,PM2.5 - Local Conditions,24 HOUR,PM25 24-hour 2012,2021-01-10,Micrograms/cubic meter (LC),,1,100.0,22.2,22.2,0,75.0,155.0,Thermo Electron Model RAAS2.5-300 Sequential w/VSCC - Gravimetric,WASHINGTON HS,3535 E. 114TH ST.,Illinois,Cook,Chicago,"Chicago-Naperville-Elgin, IL-IN-WI",2024-08-08,pm25
17,31,22,88101,9,41.687165,-87.539315,WGS84,PM2.5 - Local Conditions,24 HOUR,PM25 24-hour 2012,2021-01-22,Micrograms/cubic meter (LC),,1,100.0,5.1,5.1,0,28.0,155.0,Thermo Electron Model RAAS2.5-300 Sequential w/VSCC - Gravimetric,WASHINGTON HS,3535 E. 114TH ST.,Illinois,Cook,Chicago,"Chicago-Naperville-Elgin, IL-IN-WI",2024-08-08,pm25
17,31,22,88101,9,41.687165,-87.539315,WGS84,PM2.5 - Local Conditions,24 HOUR,PM25 24-hour 2012,2021-02-02,Micrograms/cubic meter (LC),,1,100.0,6.5,6.5,0,36.0,155.0,Thermo Electron Model RAAS2.5-300 Sequential w/VSCC - Gravimetric,WASHINGTON HS,3535 E. 114TH ST.,Illinois,Cook,Chicago,"Chicago-Naperville-Elgin, IL-IN-WI",2024-08-08,pm25
17,31,22,88101,9,41.687165,-87.539315,WGS84,PM2.5 - Local Conditions,24 HOUR,PM25 24-hour 2012,2021-02-18,Micrograms/cubic meter (LC),,1,100.0,14.7,14.7,0,61.0,155.0,Thermo Electron Model RAAS2.5-300 Sequential w/VSCC - Gravimetric,WASHINGTON HS,3535 E. 114TH ST.,Illinois,Cook,Chicago,"Chicago-Naperville-Elgin, IL-IN-WI",2024-08-08,pm25
17,31,22,88101,9,41.687165,-87.539315,WGS84,PM2.5 - Local Conditions,24 HOUR,PM25 24-hour 2012,2021-02-21,Micrograms/cubic meter (LC),,1,100.0,17.5,17.5,0,67.0,155.0,Thermo Electron Model RAAS2.5-300 Sequential w/VSCC - Gravimetric,WASHINGTON HS,3535 E. 114TH ST.,Illinois,Cook,Chicago,"Chicago-Naperville-Elgin, IL-IN-WI",2024-08-08,pm25
17,31,22,88101,9,41.687165,-87.539315,WGS84,PM2.5 - Local Conditions,24 HOUR,PM25 24-hour 2012,2021-02-27,Micrograms/cubic meter (LC),,1,100.0,17.8,17.8,0,67.0,155.0,Thermo Electron Model RAAS2.5-300 Sequential w/VSCC - Gravimetric,WASHINGTON HS,3535 E. 114TH ST.,Illinois,Cook,Chicago,"Chicago-Naperville-Elgin, IL-IN-WI",2024-08-08,pm25
17,31,22,88101,9,41.687165,-87.539315,WGS84,PM2.5 - Local Conditions,24 HOUR,PM25 24-hour 2012,2021-03-05,Micrograms/cubic meter (LC),,1,100.0,8.1,8.1,0,45.0,155.0,Thermo Electron Model RAAS2.5-300 Sequential w/VSCC - Gravimetric,WASHINGTON HS,3535 E. 114TH ST.,Illinois,Cook,Chicago,"Chicago-Naperville-Elgin, IL-IN-WI",2024-08-08,pm25
17,31,22,88101,9,41.687165,-87.539315,WGS84,PM2.5 - Local Conditions,24 HOUR,PM25 24-hour 2012,2021-03-11,Micrograms/cubic meter (LC),,1,100.0,5.3,5.3,0,29.0,155.0,Thermo Electron Model RAAS2.5-300 Sequential w/VSCC - Gravimetric,WASHINGTON HS,3535 E. 114TH ST.,Illinois,Cook,Chicago,"Chicago-Naperville-Elgin, IL-IN-WI",2024-08-08,pm25
17,31,22,88101,9,41.687165,-87.539315,WGS84,PM2.5 - Local Conditions,24 HOUR,PM25 24-hour 2012,2021-03-18,Micrograms/cubic meter (LC),,1,100.0,5.8,5.8,0,32.0,155.0,Thermo Electron Model RAAS2.5-300 Sequential w/VSCC - Gravimetric,WASHINGTON HS,3535 E. 114TH ST.,Illinois,Cook,Chicago,"Chicago-Naperville-Elgin, IL-IN-WI",2024-08-08,pm25
17,31,22,88101,9,41.687165,-87.539315,WGS84,PM2.5 - Local Conditions,24 HOUR,PM25 24-hour 2012,2021-03-23,Micrograms/cubic meter (LC),,1,100.0,9.8,9.8,0,52.0,155.0,Thermo Electron Model RAAS2.5-300 Sequential w/VSCC - Gravimetric,WASHINGTON HS,3535 E. 114TH ST.,Illinois,Cook,Chicago,"Chicago-Naperville-Elgin, IL-IN-WI",2024-08-08,pm25
17,31,22,88101,9,41.687165,-87.539315,WGS84,PM2.5 - Local Conditions,24 HOUR,PM25 24-hour 2012,2021-04-01,Micrograms/cubic meter (LC),,1,100.0,3.4,3.4,0,19.0,155.0,Thermo Electron Model RAAS2.5-300 Sequential w/VSCC - Gravimetric,WASHINGTON HS,3535 E. 114TH ST.,Illinois,Cook,Chicago,"Chicago-Naperville-Elgin, IL-IN-WI",2024-08-08,pm25
17,31,22,88101,9,41.687165,-87.539315,WGS84,PM2.5 - Local Conditions,24 HOUR,PM25 24-hour 2012,2021-04-04,Micrograms/cubic meter (LC),,1,100.0,21.5,21.5,0,74.0,155.0,Thermo Electron Model RAAS2.5-300 Sequential w/VSCC - Gravimetric,WASHINGTON HS,3535 E. 114TH ST.,Illinois,Cook,Chicago,"Chicago-Naperville-Elgin, IL-IN-WI",2024-08-08,pm25
17,31,22,88101,9,41.687165,-87.539315,WGS84,PM2.5 - Local Conditions,24 HOUR,PM25 24-hour 2012,2021-04-10,Micrograms/cubic meter (LC),,1,100.0,8.7,8.7,0,48.0,155.0,Thermo Electron Model RAAS2.5-300 Sequential w/VSCC - Gravimetric,WASHINGTON HS,3535 E. 114TH ST.,Illinois,Cook,Chicago,"Chicago-Naperville-Elgin, IL-IN-WI",2024-08-08,pm25
17,31,22,88101,9,41.687165,-87.539315,WGS84,PM2.5 - Local Conditions,24 HOUR,PM25 24-hour 2012,2021-04-16,Micrograms/cubic meter (LC),,1,100.0,3.3,3.3,0,18.0,155.0,Thermo Electron Model RAAS2.5-300 Sequential w/VSCC - Gravimetric,WASHINGTON HS,3535 E. 114TH ST.,Illinois,Cook,Chicago,"Chicago-Naperville-Elgin, IL-IN-WI",2024-08-08,pm25
17,31,22,88101,9,41.687165,-87.539315,WGS84,PM2.5 - Local Conditions,24 HOUR,PM25 24-hour 2012,2021-04-24,Micrograms/cubic meter (LC),,1,100.0,13.3,13.3,0,59.0,155.0,Thermo Electron Model RAAS2.5-300 Sequential w/VSCC - Gravimetric,WASHINGTON HS,3535 E. 114TH ST.,Illinois,Cook,Chicago,"Chicago-Naperville-Elgin, IL-IN-WI",2024-08-08,pm25
17,31,22,88101,9,41.687165,-87.539315,WGS84,PM2.5 - Local Conditions,24 HOUR,PM25 24-hour 2012,2021-04-28,Micrograms/cubic meter (LC),,1,100.0,6.2,6.2,0,34.0,155.0,Thermo Electron Model RAAS2.5-300 Sequential w/VSCC - Gravimetric,WASHINGTON HS,3535 E. 114TH ST.,Illinois,Cook,Chicago,"Chicago-Naperville-Elgin, IL-IN-WI",2024-08-08,pm25
17,31,22,88101,9,41.687165,-87.539315,WGS84,PM2.5 - Local Conditions,24 HOUR,PM25 24-hour 2012,2021-05-04,Micrograms/cubic meter (LC),,1,100.0,2.8,2.8,0,16.0,155.0,Thermo Electron Model RAAS2.5-300 Sequential w/VSCC - Gravimetric,WASHINGTON HS,3535 E. 114TH ST.,Illinois,Cook,Chicago,"Chicago-Naperville-Elgin, IL-IN-WI",2024-08-08,pm25
17,31,22,88101,9,41.687165,-87.539315,WGS84,PM2.5 - Local Conditions,24 HOUR,PM25 24-hour 2012,2021-06-08,Micrograms/cubic meter (LC),,1,100.0,8.9,8.9,0,49.0,155.0,Thermo Electron Model RAAS2.5-300 Sequential w/VSCC - Gravimetric,WASHINGTON HS,3535 E. 114TH ST.,Illinois,Cook,Chicago,"Chicago-Naperville-Elgin, IL-IN-WI",2024-08-08,pm25
17,31,22,88101,9,41.687165,-87.539315,WGS84,PM2.5 - Local Conditions,24 HOUR,PM25 24-hour 2012,2021-06-15,Micrograms/cubic meter (LC),,1,100.0,9.1,9.1,0,51.0,155.0,Thermo Electron Model RAAS2.5-300 Sequential w/VSCC - Gravimetric,WASHINGTON HS,3535 E. 114TH ST.,Illinois,Cook,Chicago,"Chicago-Naperville-Elgin, IL-IN-WI",2024-08-08,pm25
17,31,22,88101,9,41.687165,-87.539315,WGS84,PM2.5 - Local Conditions,24 HOUR,PM25 24-hour 2012,2021-06-21,Micrograms/cubic meter (LC),,1,100.0,3.3,3.3,0,18.0,155.0,Thermo Electron Model RAAS2.5-300 Sequential w/VSCC - Gravimetric,WASHINGTON HS,3535 E. 114TH ST.,Illinois,Cook,Chicago,"Chicago-Naperville-Elgin, IL-IN-WI",2024-08-08,pm25
17,31,22,88101,9,41.687165,-87.539315,WGS84,PM2.5 - Local Conditions,24 HOUR,PM25 24-hour 2012,2021-07-01,Micrograms/cubic meter (LC),,1,100.0,6.0,6.0,0,33.0,155.0,Thermo Electron Model RAAS2.5-300 Sequential w/VSCC - Gravimetric,WASHINGTON HS,3535 E. 114TH ST.,Illinois,Cook,Chicago,"Chicago-Naperville-Elgin, IL-IN-WI",2024-08-08,pm25
17,31,22,88101,9,41.687165,-87.539315,WGS84,PM2.5 - Local Conditions,24 HOUR,PM25 24-hour 2012,2021-07-09,Micrograms/cubic meter (LC),,1,100.0,4.4,4.4,0,24.0,155.0,Thermo Electron Model RAAS2.5-300 Sequential w/VSCC - Gravimetric,WASHINGTON HS,3535 E. 114TH ST.,Illinois,Cook,Chicago,"Chicago-Naperville-Elgin, IL-IN-WI",2024-08-08,pm25
17,31,22,88101,9,41.687165,-87.539315,WGS84,PM2.5 - Local Conditions,24 HOUR,PM25 24-hour 2012,2021-07-15,Micrograms/cubic meter (LC),,1,100.0,7.8,7.8,0,43.0,155.0,Thermo Electron Model RAAS2.5-300 Sequential w/VSCC - Gravimetric,WASHINGTON HS,3535 E. 114TH ST.,Illinois,Cook,Chicago,"Chicago-Naperville-Elgin, IL-IN-WI",2024-08-08,pm25
17,31,22,88101,9,41.687165,-87.539315,WGS84,PM2.5 - Local Conditions,24 HOUR,PM25 24-hour 2012,2021-07-21,Micrograms/cubic meter (LC),,1,100.0,18.2,18.2,0,68.0,155.0,Thermo Electron Model RAAS2.5-300 Sequential w/VSCC - Gravimetric,WASHINGTON HS,3535 E. 114TH ST.,Illinois,Cook,Chicago,"Chicago-Naperville-Elgin, IL-IN-WI",2024-08-08,pm25
17,31,22,88101,9,41.687165,-87.539315,WGS84,PM2.5 - Local Conditions,24 HOUR,PM25 24-hour 2012,2021-07-27,Micrograms/cubic meter (LC),,1,100.0,14.9,14.9,0,62.0,155.0,Thermo Electron Model RAAS2.5-300 Sequential w/VSCC - Gravimetric,WASHINGTON HS,3535 E. 114TH ST.,Illinois,Cook,Chicago,"Chicago-Naperville-Elgin, IL-IN-WI",2024-08-08,pm25
17,31,22,88101,9,41.687165,-87.539315,WGS84,PM2.5 - Local Conditions,24 HOUR,PM25 24-hour 2012,2021-08-02,Micrograms/cubic meter (LC),,1,100.0,8.5,8.5,0,47.0,155.0,Thermo Electron Model RAAS2.5-300 Sequential w/VSCC - Gravimetric,WASHINGTON HS,3535 E. 114TH ST.,Illinois,Cook,Chicago,"Chicago-Naperville-Elgin, IL-IN-WI",2024-08-08,pm25
17,31,22,88101,9,41.687165,-87.539315,WGS84,PM2.5 - Local Conditions,24 HOUR,PM25 24-hour 2012,2021-08-10,Micrograms/cubic meter (LC),,1,100.0,12.4,12.4,0,57.0,155.0,Thermo Electron Model RAAS2.5-300 Sequential w/VSCC - Gravimetric,WASHINGTON HS,3535 E. 114TH ST.,Illinois,Cook,Chicago,"Chicago-Naperville-Elgin, IL-IN-WI",2024-08-08,pm25
17,31,22,88101,9,41.687165,-87.539315,WGS84,PM2.5 - Local Conditions,24 HOUR,PM25 24-hour 2012,2021-08-14,Micrograms/cubic meter (LC),,1,100.0,5.9,5.9,0,33.0,155.0,Thermo Electron Model RAAS2.5-300 Sequential w/VSCC - Gravimetric,WASHINGTON HS,3535 E. 114TH ST.,Illinois,Cook,Chicago,"Chicago-Naperville-Elgin, IL-IN-WI",2024-08-08,pm25
17,31,22,88101,9,41.687165,-87.539315,WGS84,PM2.5 - Local Conditions,24 HOUR,PM25 24-hour 2012,2021-08-25,Micrograms/cubic meter (LC),,1,100.0,8.8,8.8,0,49.0,155.0,Thermo Electron Model RAAS2.5-300 Sequential w/VSCC - Gravimetric,WASHINGTON HS,3535 E. 114TH ST.,Illinois,Cook,Chicago,"Chicago-Naperville-Elgin, IL-IN-WI",2024-08-08,pm25
17,31,22,88101,9,41.687165,-87.539315,WGS84,PM2.5 - Local Conditions,24 HOUR,PM25 24-hour 2012,2021-08-26,Micrograms/cubic meter (LC),,1,100.0,8.7,8.7,0,48.0,155.0,Thermo Electron Model RAAS2.5-300 Sequential w/VSCC - Gravimetric,WASHINGTON HS,3535 E. 114TH ST.,Illinois,Cook,Chicago,"Chicago-Naperville-Elgin, IL-IN-WI",2024-08-08,pm25
17,31,22,88101,9,41.687165,-87.539315,WGS84,PM2.5 - Local Conditions,24 HOUR,PM25 24-hour 2012,2021-09-01,Micrograms/cubic meter (LC),,1,100.0,4.1,4.1,0,23.0,155.0,Thermo Electron Model RAAS2.5-300 Sequential w/VSCC - Gravimetric,WASHINGTON HS,3535 E. 114TH ST.,Illinois,Cook,Chicago,"Chicago-Naperville-Elgin, IL-IN-WI",2024-08-08,pm25
17,31,22,88101,9,41.687165,-87.539315,WGS84,PM2.5 - Local Conditions,24 HOUR,PM25 24-hour 2012,2021-09-07,Micrograms/cubic meter (LC),,1,100.0,12.6,12.6,0,58.0,155.0,Thermo Electron Model RAAS2.5-300 Sequential w/VSCC - Gravimetric,WASHINGTON HS,3535 E. 114TH ST.,Illinois,Cook,Chicago,"Chicago-Naperville-Elgin, IL-IN-WI",2024-08-08,pm25
17,31,22,88101,9,41.687165,-87.539315,WGS84,PM2.5 - Local Conditions,24 HOUR,PM25 24-hour 2012,2021-09-13,Micrograms/cubic meter (LC),,1,100.0,13.4,13.4,0,59.0,155.0,Thermo Electron Model RAAS2.5-300 Sequential w/VSCC - Gravimetric,WASHINGTON HS,3535 E. 114TH ST.,Illinois,Cook,Chicago,"Chicago-Naperville-Elgin, IL-IN-WI",2024-08-08,pm25
17,31,22,88101,9,41.687165,-87.539315,WGS84,PM2.5 - Local Conditions,24 HOUR,PM25 24-hour 2012,2021-09-21,Micrograms/cubic meter (LC),,1,100.0,6.0,6.0,0,33.0,155.0,Thermo Electron Model RAAS2.5-300 Sequential w/VSCC - Gravimetric,WASHINGTON HS,3535 E. 114TH ST.,Illinois,Cook,Chicago,"Chicago-Naperville-Elgin, IL-IN-WI",2024-08-08,pm25
17,31,22,88101,9,41.687165,-87.539315,WGS84,PM2.5 - Local Conditions,24 HOUR,PM25 24-hour 2012,2021-09-25,Micrograms/cubic meter (LC),,1,100.0,5.4,5.4,0,30.0,155.0,Thermo Electron Model RAAS2.5-300 Sequential w/VSCC - Gravimetric,WASHINGTON HS,3535 E. 114TH ST.,Illinois,Cook,Chicago,"Chicago-Naperville-Elgin, IL-IN-WI",2024-08-08,pm25
17,31,22,88101,9,41.687165,-87.539315,WGS84,PM2.5 - Local Conditions,24 HOUR,PM25 24-hour 2012,2021-10-01,Micrograms/cubic meter (LC),,1,100.0,12.6,12.6,0,58.0,155.0,Thermo Electron Model RAAS2.5-300 Sequential w/VSCC - Gravimetric,WASHINGTON HS,3535 E. 114TH ST.,Illinois,Cook,Chicago,"Chicago-Naperville-Elgin, IL-IN-WI",2024-08-08,pm25
17,31,22,88101,9,41.687165,-87.539315,WGS84,PM2.5 - Local Conditions,24 HOUR,PM25 24-hour 2012,2021-10-08,Micrograms/cubic meter (LC),,1,100.0,7.6,7.6,0,42.0,155.0,Thermo Electron Model RAAS2.5-300 Sequential w/VSCC - Gravimetric,WASHINGTON HS,3535 E. 114TH ST.,Illinois,Cook,Chicago,"Chicago-Naperville-Elgin, IL-IN-WI",2024-08-08,pm25
17,31,22,88101,9,41.687165,-87.539315,WGS84,PM2.5 - Local Conditions,24 HOUR,PM25 24-hour 2012,2021-10-16,Micrograms/cubic meter (LC),,1,100.0,4.5,4.5,0,25.0,155.0,Thermo Electron Model RAAS2.5-300 Sequential w/VSCC - Gravimetric,WASHINGTON HS,3535 E. 114TH ST.,Illinois,Cook,Chicago,"Chicago-Naperville-Elgin, IL-IN-WI",2024-08-08,pm25
17,31,22,88101,9,41.687165,-87.539315,WGS84,PM2.5 - Local Conditions,24 HOUR,PM25 24-hour 2012,2021-10-19,Micrograms/cubic meter (LC),,1,100.0,11.9,11.9,0,56.0,155.0,Thermo Electron Model RAAS2.5-300 Sequential w/VSCC - Gravimetric,WASHINGTON HS,3535 E. 114TH ST.,Illinois,Cook,Chicago,"Chicago-Naperville-Elgin, IL-IN-WI",2024-08-08,pm25
17,31,22,88101,9,41.687165,-87.539315,WGS84,PM2.5 - Local Conditions,24 HOUR,PM25 24-hour 2012,2021-10-27,Micrograms/cubic meter (LC),,1,100.0,4.0,4.0,0,22.0,155.0,Thermo Electron Model RAAS2.5-300 Sequential w/VSCC - Gravimetric,WASHINGTON HS,3535 E. 114TH ST.,Illinois,Cook,Chicago,"Chicago-Naperville-Elgin, IL-IN-WI",2024-08-08,pm25
17,31,22,88101,9,41.687165,-87.539315,WGS84,PM2.5 - Local Conditions,24 HOUR,PM25 24-hour 2012,2021-10-31,Micrograms/cubic meter (LC),,1,100.0,6.0,6.0,0,33.0,155.0,Thermo Electron Model RAAS2.5-300 Sequential w/VSCC - Gravimetric,WASHINGTON HS,3535 E. 114TH ST.,Illinois,Cook,Chicago,"Chicago-Naperville-Elgin, IL-IN-WI",2024-08-08,pm25
17,31,22,88101,9,41.687165,-87.539315,WGS84,PM2.5 - Local Conditions,24 HOUR,PM25 24-hour 2012,2021-11-06,Micrograms/cubic meter (LC),,1,100.0,10.7,10.7,0,54.0,155.0,Thermo Electron Model RAAS2.5-300 Sequential w/VSCC - Gravimetric,WASHINGTON HS,3535 E. 114TH ST.,Illinois,Cook,Chicago,"Chicago-Naperville-Elgin, IL-IN-WI",2024-08-08,pm25
17,31,52,88101,1,41.965485,-87.749928,WGS84,PM2.5 - Local Conditions,24 HOUR,PM25 24-hour 2012,2021-01-01,Micrograms/cubic meter (LC),,1,100.0,14.0,14.0,0,60.0,155.0,Thermo Electron Model RAAS2.5-300 Sequential w/VSCC - Gravimetric,MAYFAIR PUMP STATION,4850 WILSON AVE.,Illinois,Cook,Chicago,"Chicago-Naperville-Elgin, IL-IN-WI",2024-10-31,pm25
17,31,52,88101,1,41.965485,-87.749928,WGS84,PM2.5 - Local Conditions,24 HOUR,PM25 24-hour 2012,2021-01-21,Micrograms/cubic meter (LC),,1,100.0,9.3,9.3,0,51.0,155.0,Thermo Electron Model RAAS2.5-300 Sequential w/VSCC - Gravimetric,MAYFAIR PUMP STATION,4850 WILSON AVE.,Illinois,Cook,Chicago,"Chicago-Naperville-Elgin, IL-IN-WI",2024-10-31,pm25
17,31,52,88101,1,41.965485,-87.749928,WGS84,PM2.5 - Local Conditions,24 HOUR,PM25 24-hour 2012,2021-02-06,Micrograms/cubic meter (LC),,1,100.0,6.5,6.5,0,36.0,545.0,Met One E-SEQ-FRM PM2.5 with VSCC - Gravimetric,MAYFAIR PUMP STATION,4850 WILSON AVE.,Illinois,Cook,Chicago,"Chicago-Naperville-Elgin, IL-IN-WI",2024-10-31,pm25
17,31,52,88101,1,41.965485,-87.749928,WGS84,PM2.5 - Local Conditions,24 HOUR,PM25 24-hour 2012,2021-02-09,Micrograms/cubic meter (LC),,1,100.0,9.1,9.1,0,51.0,545.0,Met One E-SEQ-FRM PM2.5 with VSCC - Gravimetric,MAYFAIR PUMP STATION,4850 WILSON AVE.,Illinois,Cook,Chicago,"Chicago-Naperville-Elgin, IL-IN-WI",2024-10-31,pm25
17,31,52,88101,1,41.965485,-87.749928,WGS84,PM2.5 - Local Conditions,24 HOUR,PM25 24-hour 2012,2021-02-12,Micrograms/cubic meter (LC),,1,100.0,9.7,9.7,0,52.0,545.0,Met One E-SEQ-FRM PM2.5 with VSCC - Gravimetric,MAYFAIR PUMP STATION,4850 WILSON AVE.,Illinois,Cook,Chicago,"Chicago-Naperville-Elgin, IL-IN-WI",2024-10-31,pm25
17,31,52,88101,1,41.965485,-87.749928,WGS84,PM2.5 - Local Conditions,24 HOUR,PM25 24-hour 2012,2021-02-15,Micrograms/cubic meter (LC),,1,100.0,4.3,4.3,0,24.0,545.0,Met One E-SEQ-FRM PM2.5 with VSCC - Gravimetric,MAYFAIR PUMP STATION,4850 WILSON AVE.,Illinois,Cook,Chicago,"Chicago-Naperville-Elgin, IL-IN-WI",2024-10-31,pm25
17,31,52,88101,1,41.965485,-87.749928,WGS84,PM2.5 - Local Conditions,24 HOUR,PM25 24-hour 2012,2021-02-18,Micrograms/cubic meter (LC),,1,100.0,15.5,15.5,0,63.0,545.0,Met One E-SEQ-FRM PM2.5 with VSCC - Gravimetric,MAYFAIR PUMP STATION,4850 WILSON AVE.,Illinois,Cook,Chicago,"Chicago-Naperville-Elgin, IL-IN-WI",2024-10-31,pm25
17,31,52,88101,1,41.965485,-87.749928,WGS84,PM2.5 - Local Conditions,24 HOUR,PM25 24-hour 2012,2021-02-21,Micrograms/cubic meter (LC),,1,100.0,22.0,22.0,0,75.0,545.0,Met One E-SEQ-FRM PM2.5 with VSCC - Gravimetric,MAYFAIR PUMP STATION,4850 WILSON AVE.,Illinois,Cook,Chicago,"Chicago-Naperville-Elgin, IL-IN-WI",2024-10-31,pm25
17,31,52,88101,1,41.965485,-87.749928,WGS84,PM2.5 - Local Conditions,24 HOUR,PM25 24-hour 2012,2021-02-24,Micrograms/cubic meter (LC),,1,100.0,9.0,9.0,0,50.0,545.0,Met One E-SEQ-FRM PM2.5 with VSCC - Gravimetric,MAYFAIR PUMP STATION,4850 WILSON AVE.,Illinois,Cook,Chicago,"Chicago-Naperville-Elgin, IL-IN-WI",2024-10-31,pm25
17,31,52,88101,1,41.965485,-87.749928,WGS84,PM2.5 - Local Conditions,24 HOUR,PM25 24-hour 2012,2021-02-27,Micrograms/cubic meter (LC),,1,100.0,19.9,19.9,0,71.0,545.0,Met One E-SEQ-FRM PM2.5 with VSCC - Gravimetric,MAYFAIR PUMP STATION,4850 WILSON AVE.,Illinois,Cook,Chicago,"Chicago-Naperville-Elgin, IL-IN-WI",2024-10-31,pm25
17,31,52,88101,1,41.965485,-87.749928,WGS84,PM2.5 - Local Conditions,24 HOUR,PM25 24-hour 2012,2021-03-02,Micrograms/cubic meter (LC),,1,100.0,11.3,11.3,0,55.0,545.0,Met One E-SEQ-FRM PM2.5 with VSCC - Gravimetric,MAYFAIR PUMP STATION,4850 WILSON AVE.,Illinois,Cook,Chicago,"Chicago-Naperville-Elgin, IL-IN-WI",2024-10-31,pm25
17,31,52,88101,1,41.965485,-87.749928,WGS84,PM2.5 - Local Conditions,24 HOUR,PM25 24-hour 2012,2021-03-05,Micrograms/cubic meter (LC),,1,100.0,7.2,7.2,0,40.0,545.0,Met One E-SEQ-FRM PM2.5 with VSCC - Gravimetric,MAYFAIR PUMP STATION,4850 WILSON AVE.,Illinois,Cook,Chicago,"Chicago-Naperville-Elgin, IL-IN-WI",2024-10-31,pm25
17,31,52,88101,1,41.965485,-87.749928,WGS84,PM2.5 - Local Conditions,24 HOUR,PM25 24-hour 2012,2021-03-08,Micrograms/cubic meter (LC),,1,100.0,15.8,15.8,0,63.0,545.0,Met One E-SEQ-FRM PM2.5 with VSCC - Gravimetric,MAYFAIR PUMP STATION,4850 WILSON AVE.,Illinois,Cook,Chicago,"Chicago-Naperville-Elgin, IL-IN-WI",2024-10-31,pm25
17,31,52,88101,1,41.965485,-87.749928,WGS84,PM2.5 - Local Conditions,24 HOUR,PM25 24-hour 2012,2021-03-11,Micrograms/cubic meter (LC),,1,100.0,4.3,4.3,0,24.0,545.0,Met One E-SEQ-FRM PM2.5 with VSCC - Gravimetric,MAYFAIR PUMP STATION,4850 WILSON AVE.,Illinois,Cook,Chicago,"Chicago-Naperville-Elgin, IL-IN-WI",2024-10-31,pm25
17,31,52,88101,1,41.965485,-87.749928,WGS84,PM2.5 - Local Conditions,24 HOUR,PM25 24-hour 2012,2021-03-14,Micrograms/cubic meter (LC),,1,100.0,5.7,5.7,0,32.0,545.0,Met One E-SEQ-FRM PM2.5 with VSCC - Gravimetric,MAYFAIR PUMP STATION,4850 WILSON AVE.,Illinois,Cook,Chicago,"Chicago-Naperville-Elgin, IL-IN-WI",2024-10-31,pm25
17,31,52,88101,1,41.965485,-87.749928,WGS84,PM2.5 - Local Conditions,24 HOUR,PM25 24-hour 2012,2021-03-17,Micrograms/cubic meter (LC),,1,100.0,13.6,13.6,0,59.0,545.0,Met One E-SEQ-FRM PM2.5 with VSCC - Gravimetric,MAYFAIR PUMP STATION,4850 WILSON AVE.,Illinois,Cook,Chicago,"Chicago-Naperville-Elgin, IL-IN-WI",2024-10-31,pm25
17,31,52,88101,1,41.965485,-87.749928,WGS84,PM2.5 - Local Conditions,24 HOUR,PM25 24-hour 2012,2021-03-20,Micrograms/cubic meter (LC),,1,100.0,10.6,10.6,0,54.0,545.0,Met One E-SEQ-FRM PM2.5 with VSCC - Gravimetric,MAYFAIR PUMP STATION,4850 WILSON AVE.,Illinois,Cook,Chicago,"Chicago-Naperville-Elgin, IL-IN-WI",2024-10-31,pm25
17,31,52,88101,1,41.965485,-87.749928,WGS84,PM2.5 - Local Conditions,24 HOUR,PM25 24-hour 2012,2021-03-23,Micrograms/cubic meter (LC),,1,100.0,13.4,13.4,0,59.0,545.0,Met One E-SEQ-FRM PM2.5 with VSCC - Gravimetric,MAYFAIR PUMP STATION,4850 WILSON AVE.,Illinois,Cook,Chicago,"Chicago-Naperville-Elgin, IL-IN-WI",2024-10-31,pm25
17,31,52,88101,1,41.965485,-87.749928,WGS84,PM2.5 - Local Conditions,24 HOUR,PM25 24-hour 2012,2021-03-26,Micrograms/cubic meter (LC),,1,100.0,5.4,5.4,0,30.0,545.0,Met One E-SEQ-FRM PM2.5 with VSCC - Gravimetric,MAYFAIR PUMP STATION,4850 WILSON AVE.,Illinois,Cook,Chicago,"Chicago-Naperville-Elgin, IL-IN-WI",2024-10-31,pm25
17,31,52,88101,1,41.965485,-87.749928,WGS84,PM2.5 - Local Conditions,24 HOUR,PM25 24-hour 2012,2021-03-29,Micrograms/cubic meter (LC),,1,100.0,8.3,8.3,0,46.0,545.0,Met One E-SEQ-FRM PM2.5 with VSCC - Gravimetric,MAYFAIR PUMP STATION,4850 WILSON AVE.,Illinois,Cook,Chicago,"Chicago-Naperville-Elgin, IL-IN-WI",2024-10-31,pm25
17,31,52,88101,1,41.965485,-87.749928,WGS84,PM2.5 - Local Conditions,24 HOUR,PM25 24-hour 2012,2021-04-01,Micrograms/cubic meter (LC),,1,100.0,3.3,3.3,0,18.0,545.0,Met One E-SEQ-FRM PM2.5 with VSCC - Gravimetric,MAYFAIR PUMP STATION,4850 WILSON AVE.,Illinois,Cook,Chicago,"Chicago-Naperville-Elgin, IL-IN-WI",2024-10-31,pm25
17,31,52,88101,1,41.965485,-87.749928,WGS84,PM2.5 - Local Conditions,24 HOUR,PM25 24-hour 2012,2021-04-04,Micrograms/cubic meter (LC),,1,100.0,31.0,31.0,0,92.0,545.0,Met One E-SEQ-FRM PM2.5 with VSCC - Gravimetric,MAYFAIR PUMP STATION,4850 WILSON AVE.,Illinois,Cook,Chicago,"Chicago-Naperville-Elgin, IL-IN-WI",2024-10-31,pm25
17,31,52,88101,1,41.965485,-87.749928,WGS84,PM2.5 - Local Conditions,24 HOUR,PM25 24-hour 2012,2021-04-07,Micrograms/cubic meter (LC),,1,100.0,11.5,11.5,0,55.0,545.0,Met One E-SEQ-FRM PM2.5 with VSCC - Gravimetric,MAYFAIR PUMP STATION,4850 WILSON AVE.,Illinois,Cook,Chicago,"Chicago-Naperville-Elgin, IL-IN-WI",2024-10-31,pm25
17,31,52,88101,1,41.965485,-87.749928,WGS84,PM2.5 - Local Conditions,24 HOUR,PM25 24-hour 2012,2021-04-10,Micrograms/cubic meter (LC),,1,100.0,8.9,8.9,0,49.0,545.0,Met One E-SEQ-FRM PM2.5 with VSCC - Gravimetric,MAYFAIR PUMP STATION,4850 WILSON AVE.,Illinois,Cook,Chicago,"Chicago-Naperville-Elgin, IL-IN-WI",2024-10-31,pm25
17,31,52,88101,1,41.965485,-87.749928,WGS84,PM2.5 - Local Conditions,24 HOUR,PM25 24-hour 2012,2021-04-13,Micrograms/cubic meter (LC),,1,100.0,4.2,4.2,0,23.0,545.0,Met One E-SEQ-FRM PM2.5 with VSCC - Gravimetric,MAYFAIR PUMP STATION,4850 WILSON AVE.,Illinois,Cook,Chicago,"Chicago-Naperville-Elgin, IL-IN-WI",2024-10-31,pm25
17,31,52,88101,1,41.965485,-87.749928,WGS84,PM2.5 - Local Conditions,24 HOUR,PM25 24-hour 2012,2021-04-16,Micrograms/cubic meter (LC),,1,100.0,4.1,4.1,0,23.0,545.0,Met One E-SEQ-FRM PM2.5 with VSCC - Gravimetric,MAYFAIR PUMP STATION,4850 WILSON AVE.,Illinois,Cook,Chicago,"Chicago-Naperville-Elgin, IL-IN-WI",2024-10-31,pm25
17,31,52,88101,1,41.965485,-87.749928,WGS84,PM2.5 - Local Conditions,24 HOUR,PM25 24-hour 2012,2021-04-19,Micrograms/cubic meter (LC),,1,100.0,4.5,4.5,0,25.0,545.0,Met One E-SEQ-FRM PM2.5 with VSCC - Gravimetric,MAYFAIR PUMP STATION,4850 WILSON AVE.,Illinois,Cook,Chicago,"Chicago-Naperville-Elgin, IL-IN-WI",2024-10-31,pm25
17,31,52,88101,1,41.965485,-87.749928,WGS84,PM2.5 - Local Conditions,24 HOUR,PM25 24-hour 2012,2021-04-22,Micrograms/cubic meter (LC),,1,100.0,9.9,9.9,0,52.0,545.0,Met One E-SEQ-FRM PM2.5 with VSCC - Gravimetric,MAYFAIR PUMP STATION,4850 WILSON AVE.,Illinois,Cook,Chicago,"Chicago-Naperville-Elgin, IL-IN-WI",2024-10-31,pm25
17,31,52,88101,1,41.965485,-87.749928,WGS84,PM2.5 - Local Conditions,24 HOUR,PM25 24-hour 2012,2021-04-25,Micrograms/cubic meter (LC),,1,100.0,1.9,1.9,0,11.0,545.0,Met One E-SEQ-FRM PM2.5 with VSCC - Gravimetric,MAYFAIR PUMP STATION,4850 WILSON AVE.,Illinois,Cook,Chicago,"Chicago-Naperville-Elgin, IL-IN-WI",2024-10-31,pm25
17,31,52,88101,1,41.965485,-87.749928,WGS84,PM2.5 - Local Conditions,24 HOUR,PM25 24-hour 2012,2021-05-01,Micrograms/cubic meter (LC),,1,100.0,7.3,7.3,0,41.0,545.0,Met One E-SEQ-FRM PM2.5 with VSCC - Gravimetric,MAYFAIR PUMP STATION,4850 WILSON AVE.,Illinois,Cook,Chicago,"Chicago-Naperville-Elgin, IL-IN-WI",2024-10-31,pm25
17,31,52,88101,1,41.965485,-87.749928,WGS84,PM2.5 - Local Conditions,24 HOUR,PM25 24-hour 2012,2021-05-04,Micrograms/cubic meter (LC),,1,100.0,3.0,3.0,0,17.0,545.0,Met One E-SEQ-FRM PM2.5 with VSCC - Gravimetric,MAYFAIR PUMP STATION,4850 WILSON AVE.,Illinois,Cook,Chicago,"Chicago-Naperville-Elgin, IL-IN-WI",2024-10-31,pm25
17,31,52,88101,1,41.965485,-87.749928,WGS84,PM2.5 - Local Conditions,24 HOUR,PM25 24-hour 2012,2021-05-07,Micrograms/cubic meter (LC),,1,100.0,4.8,4.8,0,27.0,545.0,Met One E-SEQ-FRM PM2.5 with VSCC - Gravimetric,MAYFAIR PUMP STATION,4850 WILSON AVE.,Illinois,Cook,Chicago,"Chicago-Naperville-Elgin, IL-IN-WI",2024-10-31,pm25
17,31,52,88101,1,41.965485,-87.749928,WGS84,PM2.5 - Local Conditions,24 HOUR,PM25 24-hour 2012,2021-05-10,Micrograms/cubic meter (LC),,1,100.0,1.8,1.8,0,10.0,545.0,Met One E-SEQ-FRM PM2.5 with VSCC - Gravimetric,MAYFAIR PUMP STATION,4850 WILSON AVE.,Illinois,Cook,Chicago,"Chicago-Naperville-Elgin, IL-IN-WI",2024-10-31,pm25
17,31,52,88101,1,41.965485,-87.749928,WGS84,PM2.5 - Local Conditions,24 HOUR,PM25 24-hour 2012,2021-05-13,Micrograms/cubic meter (LC),,1,100.0,8.1,8.1,0,45.0,545.0,Met One E-SEQ-FRM PM2.5 with VSCC - Gravimetric,MAYFAIR PUMP STATION,4850 WILSON AVE.,Illinois,Cook,Chicago,"Chicago-Naperville-Elgin, IL-IN-WI",2024-10-31,pm25
17,31,52,88101,1,41.965485,-87.749928,WGS84,PM2.5 - Local Conditions,24 HOUR,PM25 24-hour 2012,2021-05-16,Micrograms/cubic meter (LC),,1,100.0,11.9,11.9,0,56.0,545.0,Met One E-SEQ-FRM PM2.5 with VSCC - Gravimetric,MAYFAIR PUMP STATION,4850 WILSON AVE.,Illinois,Cook,Chicago,"Chicago-Naperville-Elgin, IL-IN-WI",2024-10-31,pm25
17,31,52,88101,1,41.965485,-87.749928,WGS84,PM2.5 - Local Conditions,24 HOUR,PM25 24-hour 2012,2021-05-19,Micrograms/cubic meter (LC),,1,100.0,11.5,11.5,0,55.0,545.0,Met One E-SEQ-FRM PM2.5 with VSCC - Gravimetric,MAYFAIR PUMP STATION,4850 WILSON AVE.,Illinois,Cook,Chicago,"Chicago-Naperville-Elgin, IL-IN-WI",2024-10-31,pm25
17,31,52,88101,1,41.965485,-87.749928,WGS84,PM2.5 - Local Conditions,24 HOUR,PM25 24-hour 2012,2021-05-22,Micrograms/cubic meter (LC),,1,100.0,11.9,11.9,0,56.0,545.0,Met One E-SEQ-FRM PM2.5 with VSCC - Gravimetric,MAYFAIR PUMP STATION,4850 WILSON AVE.,Illinois,Cook,Chicago,"Chicago-Naperville-Elgin, IL-IN-WI",2024-10-31,pm25
17,31,52,88101,1,41.965485,-87.749928,WGS84,PM2.5 - Local Conditions,24 HOUR,PM25 24-hour 2012,2021-05-25,Micrograms/cubic meter (LC),,1,100.0,10.5,10.5,0,54.0,545.0,Met One E-SEQ-FRM PM2.5 with VSCC - Gravimetric,MAYFAIR PUMP STATION,4850 WILSON AVE.,Illinois,Cook,Chicago,"Chicago-Naperville-Elgin, IL-IN-WI",2024-10-31,pm25
17,31,52,88101,1,41.965485,-87.749928,WGS84,PM2.5 - Local Conditions,24 HOUR,PM25 24-hour 2012,2021-05-31,Micrograms/cubic meter (LC),,1,100.0,2.0,2.0,0,11.0,545.0,Met One E-SEQ-FRM PM2.5 with VSCC - Gravimetric,MAYFAIR PUMP STATION,4850 WILSON AVE.,Illinois,Cook,Chicago,"Chicago-Naperville-Elgin, IL-IN-WI",2024-10-31,pm25
17,31,52,88101,1,41.965485,-87.749928,WGS84,PM2.5 - Local Conditions,24 HOUR,PM25 24-hour 2012,2021-06-03,Micrograms/cubic meter (LC),,1,100.0,20.2,20.2,0,72.0,545.0,Met One E-SEQ-FRM PM2.5 with VSCC - Gravimetric,MAYFAIR PUMP STATION,4850 WILSON AVE.,Illinois,Cook,Chicago,"Chicago-Naperville-Elgin, IL-IN-WI",2024-10-31,pm25
17,31,52,88101,1,41.965485,-87.749928,WGS84,PM2.5 - Local Conditions,24 HOUR,PM25 24-hour 2012,2021-06-06,Micrograms/cubic meter (LC),,1,100.0,9.1,9.1,0,51.0,545.0,Met One E-SEQ-FRM PM2.5 with VSCC - Gravimetric,MAYFAIR PUMP STATION,4850 WILSON AVE.,Illinois,Cook,Chicago,"Chicago-Naperville-Elgin, IL-IN-WI",2024-10-31,pm25
17,31,52,88101,1,41.965485,-87.749928,WGS84,PM2.5 - Local Conditions,24 HOUR,PM25 24-hour 2012,2021-06-15,Micrograms/cubic meter (LC),,1,100.0,14.0,14.0,0,60.0,545.0,Met One E-SEQ-FRM PM2.5 with VSCC - Gravimetric,MAYFAIR PUMP STATION,4850 WILSON AVE.,Illinois,Cook,Chicago,"Chicago-Naperville-Elgin, IL-IN-WI",2024-10-31,pm25
17,31,52,88101,1,41.965485,-87.749928,WGS84,PM2.5 - Local Conditions,24 HOUR,PM25 24-hour 2012,2021-06-18,Micrograms/cubic meter (LC),,1,100.0,10.9,10.9,0,54.0,545.0,Met One E-SEQ-FRM PM2.5 with VSCC - Gravimetric,MAYFAIR PUMP STATION,4850 WILSON AVE.,Illinois,Cook,Chicago,"Chicago-Naperville-Elgin, IL-IN-WI",2024-10-31,pm25
17,31,52,88101,1,41.965485,-87.749928,WGS84,PM2.5 - Local Conditions,24 HOUR,PM25 24-hour 2012,2021-06-21,Micrograms/cubic meter (LC),,1,100.0,2.4,2.4,0,13.0,545.0,Met One E-SEQ-FRM PM2.5 with VSCC - Gravimetric,MAYFAIR PUMP STATION,4850 WILSON AVE.,Illinois,Cook,Chicago,"Chicago-Naperville-Elgin, IL-IN-WI",2024-10-31,pm25
17,31,52,88101,1,41.965485,-87.749928,WGS84,PM2.5 - Local Conditions,24 HOUR,PM25 24-hour 2012,2021-06-24,Micrograms/cubic meter (LC),,1,100.0,9.2,9.2,0,51.0,545.0,Met One E-SEQ-FRM PM2.5 with VSCC - Gravimetric,MAYFAIR PUMP STATION,4850 WILSON AVE.,Illinois,Cook,Chicago,"Chicago-Naperville-Elgin, IL-IN-WI",2024-10-31,pm25
17,31,52,88101,1,41.965485,-87.749928,WGS84,PM2.5 - Local Conditions,24 HOUR,PM25 24-hour 2012,2021-06-27,Micrograms/cubic meter (LC),,1,100.0,4.7,4.7,0,26.0,545.0,Met One E-SEQ-FRM PM2.5 with VSCC - Gravimetric,MAYFAIR PUMP STATION,4850 WILSON AVE.,Illinois,Cook,Chicago,"Chicago-Naperville-Elgin, IL-IN-WI",2024-10-31,pm25
17,31,52,88101,1,41.965485,-87.749928,WGS84,PM2.5 - Local Conditions,24 HOUR,PM25 24-hour 2012,2021-06-30,Micrograms/cubic meter (LC),,1,100.0,8.7,8.7,0,48.0,545.0,Met One E-SEQ-FRM PM2.5 with VSCC - Gravimetric,MAYFAIR PUMP STATION,4850 WILSON AVE.,Illinois,Cook,Chicago,"Chicago-Naperville-Elgin, IL-IN-WI",2024-10-31,pm25
17,31,52,88101,1,41.965485,-87.749928,WGS84,PM2.5 - Local Conditions,24 HOUR,PM25 24-hour 2012,2021-07-03,Micrograms/cubic meter (LC),,1,100.0,10.5,10.5,0,54.0,545.0,Met One E-SEQ-FRM PM2.5 with VSCC - Gravimetric,MAYFAIR PUMP STATION,4850 WILSON AVE.,Illinois,Cook,Chicago,"Chicago-Naperville-Elgin, IL-IN-WI",2024-10-31,pm25
17,31,52,88101,1,41.965485,-87.749928,WGS84,PM2.5 - Local Conditions,24 HOUR,PM25 24-hour 2012,2021-07-06,Micrograms/cubic meter (LC),,1,100.0,16.6,16.6,0,65.0,545.0,Met One E-SEQ-FRM PM2.5 with VSCC - Gravimetric,MAYFAIR PUMP STATION,4850 WILSON AVE.,Illinois,Cook,Chicago,"Chicago-Naperville-Elgin, IL-IN-WI",2024-10-31,pm25
17,31,52,88101,1,41.965485,-87.749928,WGS84,PM2.5 - Local Conditions,24 HOUR,PM25 24-hour 2012,2021-07-09,Micrograms/cubic meter (LC),,1,100.0,4.5,4.5,0,25.0,545.0,Met One E-SEQ-FRM PM2.5 with VSCC - Gravimetric,MAYFAIR PUMP STATION,4850 WILSON AVE.,Illinois,Cook,Chicago,"Chicago-Naperville-Elgin, IL-IN-WI",2024-10-31,pm25
17,31,52,88101,1,41.965485,-87.749928,WGS84,PM2.5 - Local Conditions,24 HOUR,PM25 24-hour 2012,2021-07-12,Micrograms/cubic meter (LC),,1,100.0,9.5,9.5,0,52.0,545.0,Met One E-SEQ-FRM PM2.5 with VSCC - Gravimetric,MAYFAIR PUMP STATION,4850 WILSON AVE.,Illinois,Cook,Chicago,"Chicago-Naperville-Elgin, IL-IN-WI",2024-10-31,pm25
17,31,52,88101,1,41.965485,-87.749928,WGS84,PM2.5 - Local Conditions,24 HOUR,PM25 24-hour 2012,2021-07-15,Micrograms/cubic meter (LC),,1,100.0,6.9,6.9,0,38.0,545.0,Met One E-SEQ-FRM PM2.5 with VSCC - Gravimetric,MAYFAIR PUMP STATION,4850 WILSON AVE.,Illinois,Cook,Chicago,"Chicago-Naperville-Elgin, IL-IN-WI",2024-10-31,pm25
17,31,52,88101,1,41.965485,-87.749928,WGS84,PM2.5 - Local Conditions,24 HOUR,PM25 24-hour 2012,2021-07-18,Micrograms/cubic meter (LC),,1,100.0,9.0,9.0,0,50.0,545.0,Met One E-SEQ-FRM PM2.5 with VSCC - Gravimetric,MAYFAIR PUMP STATION,4850 WILSON AVE.,Illinois,Cook,Chicago,"Chicago-Naperville-Elgin, IL-IN-WI",2024-10-31,pm25
17,31,52,88101,1,41.965485,-87.749928,WGS84,PM2.5 - Local Conditions,24 HOUR,PM25 24-hour 2012,2021-07-21,Micrograms/cubic meter (LC),,1,100.0,15.7,15.7,0,63.0,545.0,Met One E-SEQ-FRM PM2.5 with VSCC - Gravimetric,MAYFAIR PUMP STATION,4850 WILSON AVE.,Illinois,Cook,Chicago,"Chicago-Naperville-Elgin, IL-IN-WI",2024-10-31,pm25
17,31,52,88101,1,41.965485,-87.749928,WGS84,PM2.5 - Local Conditions,24 HOUR,PM25 24-hour 2012,2021-07-24,Micrograms/cubic meter (LC),,1,100.0,22.9,22.9,0,77.0,545.0,Met One E-SEQ-FRM PM2.5 with VSCC - Gravimetric,MAYFAIR PUMP STATION,4850 WILSON AVE.,Illinois,Cook,Chicago,"Chicago-Naperville-Elgin, IL-IN-WI",2024-10-31,pm25
17,31,52,88101,1,41.965485,-87.749928,WGS84,PM2.5 - Local Conditions,24 HOUR,PM25 24-hour 2012,2021-07-27,Micrograms/cubic meter (LC),,1,100.0,12.5,12.5,0,57.0,545.0,Met One E-SEQ-FRM PM2.5 with VSCC - Gravimetric,MAYFAIR PUMP STATION,4850 WILSON AVE.,Illinois,Cook,Chicago,"Chicago-Naperville-Elgin, IL-IN-WI",2024-10-31,pm25
17,31,52,88101,1,41.965485,-87.749928,WGS84,PM2.5 - Local Conditions,24 HOUR,PM25 24-hour 2012,2021-07-30,Micrograms/cubic meter (LC),,1,100.0,4.4,4.4,0,24.0,545.0,Met One E-SEQ-FRM PM2.5 with VSCC - Gravimetric,MAYFAIR PUMP STATION,4850 WILSON AVE.,Illinois,Cook,Chicago,"Chicago-Naperville-Elgin, IL-IN-WI",2024-10-31,pm25
17,31,52,88101,1,41.965485,-87.749928,WGS84,PM2.5 - Local Conditions,24 HOUR,PM25 24-hour 2012,2021-08-02,Micrograms/cubic meter (LC),,1,100.0,10.3,10.3,0,53.0,545.0,Met One E-SEQ-FRM PM2.5 with VSCC - Gravimetric,MAYFAIR PUMP STATION,4850 WILSON AVE.,Illinois,Cook,Chicago,"Chicago-Naperville-Elgin, IL-IN-WI",2024-10-31,pm25
17,31,52,88101,1,41.965485,-87.749928,WGS84,PM2.5 - Local Conditions,24 HOUR,PM25 24-hour 2012,2021-08-05,Micrograms/cubic meter (LC),,1,100.0,14.1,14.1,0,60.0,545.0,Met One E-SEQ-FRM PM2.5 with VSCC - Gravimetric,MAYFAIR PUMP STATION,4850 WILSON AVE.,Illinois,Cook,Chicago,"Chicago-Naperville-Elgin, IL-IN-WI",2024-10-31,pm25
17,31,52,88101,1,41.965485,-87.749928,WGS84,PM2.5 - Local Conditions,24 HOUR,PM25 24-hour 2012,2021-08-08,Micrograms/cubic meter (LC),,1,100.0,17.7,17.7,0,67.0,545.0,Met One E-SEQ-FRM PM2.5 with VSCC - Gravimetric,MAYFAIR PUMP STATION,4850 WILSON AVE.,Illinois,Cook,Chicago,"Chicago-Naperville-Elgin, IL-IN-WI",2024-10-31,pm25
17,31,52,88101,1,41.965485,-87.749928,WGS84,PM2.5 - Local Conditions,24 HOUR,PM25 24-hour 2012,2021-08-11,Micrograms/cubic meter (LC),,1,100.0,10.2,10.2,0,53.0,545.0,Met One E-SEQ-FRM PM2.5 with VSCC - Gravimetric,MAYFAIR PUMP STATION,4850 WILSON AVE.,Illinois,Cook,Chicago,"Chicago-Naperville-Elgin, IL-IN-WI",2024-10-31,pm25
17,31,52,88101,1,41.965485,-87.749928,WGS84,PM2.5 - Local Conditions,24 HOUR,PM25 24-hour 2012,2021-08-14,Micrograms/cubic meter (LC),,1,100.0,7.3,7.3,0,41.0,545.0,Met One E-SEQ-FRM PM2.5 with VSCC - Gravimetric,MAYFAIR PUMP STATION,4850 WILSON AVE.,Illinois,Cook,Chicago,"Chicago-Naperville-Elgin, IL-IN-WI",2024-10-31,pm25
17,31,52,88101,1,41.965485,-87.749928,WGS84,PM2.5 - Local Conditions,24 HOUR,PM25 24-hour 2012,2021-08-20,Micrograms/cubic meter (LC),,1,100.0,15.7,15.7,0,63.0,545.0,Met One E-SEQ-FRM PM2.5 with VSCC - Gravimetric,MAYFAIR PUMP STATION,4850 WILSON AVE.,Illinois,Cook,Chicago,"Chicago-Naperville-Elgin, IL-IN-WI",2024-10-31,pm25
17,31,52,88101,1,41.965485,-87.749928,WGS84,PM2.5 - Local Conditions,24 HOUR,PM25 24-hour 2012,2021-08-21,Micrograms/cubic meter (LC),,1,100.0,12.9,12.9,0,58.0,545.0,Met One E-SEQ-FRM PM2.5 with VSCC - Gravimetric,MAYFAIR PUMP STATION,4850 WILSON AVE.,Illinois,Cook,Chicago,"Chicago-Naperville-Elgin, IL-IN-WI",2024-10-31,pm25
17,31,52,88101,1,41.965485,-87.749928,WGS84,PM2.5 - Local Conditions,24 HOUR,PM25 24-hour 2012,2021-08-23,Micrograms/cubic meter (LC),,1,100.0,10.5,10.5,0,54.0,545.0,Met One E-SEQ-FRM PM2.5 with VSCC - Gravimetric,MAYFAIR PUMP STATION,4850 WILSON AVE.,Illinois,Cook,Chicago,"Chicago-Naperville-Elgin, IL-IN-WI",2024-10-31,pm25
17,31,52,88101,1,41.965485,-87.749928,WGS84,PM2.5 - Local Conditions,24 HOUR,PM25 24-hour 2012,2021-08-26,Micrograms/cubic meter (LC),,1,100.0,8.3,8.3,0,46.0,545.0,Met One E-SEQ-FRM PM2.5 with VSCC - Gravimetric,MAYFAIR PUMP STATION,4850 WILSON AVE.,Illinois,Cook,Chicago,"Chicago-Naperville-Elgin, IL-IN-WI",2024-10-31,pm25
17,31,52,88101,1,41.965485,-87.749928,WGS84,PM2.5 - Local Conditions,24 HOUR,PM25 24-hour 2012,2021-08-29,Micrograms/cubic meter (LC),,1,100.0,11.6,11.6,0,56.0,545.0,Met One E-SEQ-FRM PM2.5 with VSCC - Gravimetric,MAYFAIR PUMP STATION,4850 WILSON AVE.,Illinois,Cook,Chicago,"Chicago-Naperville-Elgin, IL-IN-WI",2024-10-31,pm25
17,31,52,88101,1,41.965485,-87.749928,WGS84,PM2.5 - Local Conditions,24 HOUR,PM25 24-hour 2012,2021-09-01,Micrograms/cubic meter (LC),,1,100.0,4.7,4.7,0,26.0,545.0,Met One E-SEQ-FRM PM2.5 with VSCC - Gravimetric,MAYFAIR PUMP STATION,4850 WILSON AVE.,Illinois,Cook,Chicago,"Chicago-Naperville-Elgin, IL-IN-WI",2024-10-31,pm25
17,31,52,88101,1,41.965485,-87.749928,WGS84,PM2.5 - Local Conditions,24 HOUR,PM25 24-hour 2012,2021-09-04,Micrograms/cubic meter (LC),,1,100.0,9.5,9.5,0,52.0,545.0,Met One E-SEQ-FRM PM2.5 with VSCC - Gravimetric,MAYFAIR PUMP STATION,4850 WILSON AVE.,Illinois,Cook,Chicago,"Chicago-Naperville-Elgin, IL-IN-WI",2024-10-31,pm25
17,31,52,88101,1,41.965485,-87.749928,WGS84,PM2.5 - Local Conditions,24 HOUR,PM25 24-hour 2012,2021-09-09,Micrograms/cubic meter (LC),,1,100.0,4.6,4.6,0,26.0,545.0,Met One E-SEQ-FRM PM2.5 with VSCC - Gravimetric,MAYFAIR PUMP STATION,4850 WILSON AVE.,Illinois,Cook,Chicago,"Chicago-Naperville-Elgin, IL-IN-WI",2024-10-31,pm25
17,31,52,88101,1,41.965485,-87.749928,WGS84,PM2.5 - Local Conditions,24 HOUR,PM25 24-hour 2012,2021-09-11,Micrograms/cubic meter (LC),,1,100.0,11.0,11.0,0,55.0,545.0,Met One E-SEQ-FRM PM2.5 with VSCC - Gravimetric,MAYFAIR PUMP STATION,4850 WILSON AVE.,Illinois,Cook,Chicago,"Chicago-Naperville-Elgin, IL-IN-WI",2024-10-31,pm25
17,31,52,88101,1,41.965485,-87.749928,WGS84,PM2.5 - Local Conditions,24 HOUR,PM25 24-hour 2012,2021-09-19,Micrograms/cubic meter (LC),,1,100.0,10.4,10.4,0,53.0,545.0,Met One E-SEQ-FRM PM2.5 with VSCC - Gravimetric,MAYFAIR PUMP STATION,4850 WILSON AVE.,Illinois,Cook,Chicago,"Chicago-Naperville-Elgin, IL-IN-WI",2024-10-31,pm25
17,31,52,88101,1,41.965485,-87.749928,WGS84,PM2.5 - Local Conditions,24 HOUR,PM25 24-hour 2012,2021-09-22,Micrograms/cubic meter (LC),,1,100.0,11.7,11.7,0,56.0,545.0,Met One E-SEQ-FRM PM2.5 with VSCC - Gravimetric,MAYFAIR PUMP STATION,4850 WILSON AVE.,Illinois,Cook,Chicago,"Chicago-Naperville-Elgin, IL-IN-WI",2024-10-31,pm25
17,31,52,88101,1,41.965485,-87.749928,WGS84,PM2.5 - Local Conditions,24 HOUR,PM25 24-hour 2012,2021-09-25,Micrograms/cubic meter (LC),,1,100.0,2.8,2.8,0,16.0,545.0,Met One E-SEQ-FRM PM2.5 with VSCC - Gravimetric,MAYFAIR PUMP STATION,4850 WILSON AVE.,Illinois,Cook,Chicago,"Chicago-Naperville-Elgin, IL-IN-WI",2024-10-31,pm25
17,31,52,88101,1,41.965485,-87.749928,WGS84,PM2.5 - Local Conditions,24 HOUR,PM25 24-hour 2012,2021-09-29,Micrograms/cubic meter (LC),,1,100.0,9.7,9.7,0,52.0,545.0,Met One E-SEQ-FRM PM2.5 with VSCC - Gravimetric,MAYFAIR PUMP STATION,4850 WILSON AVE.,Illinois,Cook,Chicago,"Chicago-Naperville-Elgin, IL-IN-WI",2024-10-31,pm25
17,31,52,88101,1,41.965485,-87.749928,WGS84,PM2.5 - Local Conditions,24 HOUR,PM25 24-hour 2012,2021-10-01,Micrograms/cubic meter (LC),,1,100.0,15.5,15.5,0,63.0,545.0,Met One E-SEQ-FRM PM2.5 with VSCC - Gravimetric,MAYFAIR PUMP STATION,4850 WILSON AVE.,Illinois,Cook,Chicago,"Chicago-Naperville-Elgin, IL-IN-WI",2024-10-31,pm25
17,31,52,88101,1,41.965485,-87.749928,WGS84,PM2.5 - Local Conditions,24 HOUR,PM25 24-hour 2012,2021-10-04,Micrograms/cubic meter (LC),,1,100.0,4.5,4.5,0,25.0,545.0,Met One E-SEQ-FRM PM2.5 with VSCC - Gravimetric,MAYFAIR PUMP STATION,4850 WILSON AVE.,Illinois,Cook,Chicago,"Chicago-Naperville-Elgin, IL-IN-WI",2024-10-31,pm25
17,31,52,88101,1,41.965485,-87.749928,WGS84,PM2.5 - Local Conditions,24 HOUR,PM25 24-hour 2012,2021-10-07,Micrograms/cubic meter (LC),,1,100.0,10.5,10.5,0,54.0,545.0,Met One E-SEQ-FRM PM2.5 with VSCC - Gravimetric,MAYFAIR PUMP STATION,4850 WILSON AVE.,Illinois,Cook,Chicago,"Chicago-Naperville-Elgin, IL-IN-WI",2024-10-31,pm25
17,31,52,88101,1,41.965485,-87.749928,WGS84,PM2.5 - Local Conditions,24 HOUR,PM25 24-hour 2012,2021-10-10,Micrograms/cubic meter (LC),,1,100.0,15.5,15.5,0,63.0,545.0,Met One E-SEQ-FRM PM2.5 with VSCC - Gravimetric,MAYFAIR PUMP STATION,4850 WILSON AVE.,Illinois,Cook,Chicago,"Chicago-Naperville-Elgin, IL-IN-WI",2024-10-31,pm25
17,31,52,88101,1,41.965485,-87.749928,WGS84,PM2.5 - Local Conditions,24 HOUR,PM25 24-hour 2012,2021-10-16,Micrograms/cubic meter (LC),,1,100.0,7.1,7.1,0,39.0,545.0,Met One E-SEQ-FRM PM2.5 with VSCC - Gravimetric,MAYFAIR PUMP STATION,4850 WILSON AVE.,Illinois,Cook,Chicago,"Chicago-Naperville-Elgin, IL-IN-WI",2024-10-31,pm25
17,31,52,88101,1,41.965485,-87.749928,WGS84,PM2.5 - Local Conditions,24 HOUR,PM25 24-hour 2012,2021-10-22,Micrograms/cubic meter (LC),,1,100.0,4.7,4.7,0,26.0,545.0,Met One E-SEQ-FRM PM2.5 with VSCC - Gravimetric,MAYFAIR PUMP STATION,4850 WILSON AVE.,Illinois,Cook,Chicago,"Chicago-Naperville-Elgin, IL-IN-WI",2024-10-31,pm25
17,31,52,88101,1,41.965485,-87.749928,WGS84,PM2.5 - Local Conditions,24 HOUR,PM25 24-hour 2012,2021-10-25,Micrograms/cubic meter (LC),,1,100.0,1.1,1.1,0,6.0,545.0,Met One E-SEQ-FRM PM2.5 with VSCC - Gravimetric,MAYFAIR PUMP STATION,4850 WILSON AVE.,Illinois,Cook,Chicago,"Chicago-Naperville-Elgin, IL-IN-WI",2024-10-31,pm25
17,31,52,88101,1,41.965485,-87.749928,WGS84,PM2.5 - Local Conditions,24 HOUR,PM25 24-hour 2012,2021-10-28,Micrograms/cubic meter (LC),,1,100.0,4.9,4.9,0,27.0,545.0,Met One E-SEQ-FRM PM2.5 with VSCC - Gravimetric,MAYFAIR PUMP STATION,4850 WILSON AVE.,Illinois,Cook,Chicago,"Chicago-Naperville-Elgin, IL-IN-WI",2024-10-31,pm25
17,31,52,88101,1,41.965485,-87.749928,WGS84,PM2.5 - Local Conditions,24 HOUR,PM25 24-hour 2012,2021-10-31,Micrograms/cubic meter (LC),,1,100.0,5.5,5.5,0,31.0,545.0,Met One E-SEQ-FRM PM2.5 with VSCC - Gravimetric,MAYFAIR PUMP STATION,4850 WILSON AVE.,Illinois,Cook,Chicago,"Chicago-Naperville-Elgin, IL-IN-WI",2024-10-31,pm25
17,31,52,88101,1,41.965485,-87.749928,WGS84,PM2.5 - Local Conditions,24 HOUR,PM25 24-hour 2012,2021-11-03,Micrograms/cubic meter (LC),,1,100.0,6.1,6.1,0,34.0,545.0,Met One E-SEQ-FRM PM2.5 with VSCC - Gravimetric,MAYFAIR PUMP STATION,4850 WILSON AVE.,Illinois,Cook,Chicago,"Chicago-Naperville-Elgin, IL-IN-WI",2024-10-31,pm25
17,31,52,88101,1,41.965485,-87.749928,WGS84,PM2.5 - Local Conditions,24 HOUR,PM25 24-hour 2012,2021-11-06,Micrograms/cubic meter (LC),,1,100.0,11.4,11.4,0,55.0,545.0,Met One E-SEQ-FRM PM2.5 with VSCC - Gravimetric,MAYFAIR PUMP STATION,4850 WILSON AVE.,Illinois,Cook,Chicago,"Chicago-Naperville-Elgin, IL-IN-WI",2024-10-31,pm25
17,31,52,88101,1,41.965485,-87.749928,WGS84,PM2.5 - Local Conditions,24 HOUR,PM25 24-hour 2012,2021-11-09,Micrograms/cubic meter (LC),,1,100.0,13.7,13.7,0,60.0,545.0,Met One E-SEQ-FRM PM2.5 with VSCC - Gravimetric,MAYFAIR PUMP STATION,4850 WILSON AVE.,Illinois,Cook,Chicago,"Chicago-Naperville-Elgin, IL-IN-WI",2024-10-31,pm25
17,31,52,88101,1,41.965485,-87.749928,WGS84,PM2.5 - Local Conditions,24 HOUR,PM25 24-hour 2012,2021-11-12,Micrograms/cubic meter (LC),,1,100.0,2.4,2.4,0,13.0,545.0,Met One E-SEQ-FRM PM2.5 with VSCC - Gravimetric,MAYFAIR PUMP STATION,4850 WILSON AVE.,Illinois,Cook,Chicago,"Chicago-Naperville-Elgin, IL-IN-WI",2024-10-31,pm25
17,31,52,88101,1,41.965485,-87.749928,WGS84,PM2.5 - Local Conditions,24 HOUR,PM25 24-hour 2012,2021-11-15,Micrograms/cubic meter (LC),,1,100.0,6.9,6.9,0,38.0,545.0,Met One E-SEQ-FRM PM2.5 with VSCC - Gravimetric,MAYFAIR PUMP STATION,4850 WILSON AVE.,Illinois,Cook,Chicago,"Chicago-Naperville-Elgin, IL-IN-WI",2024-10-31,pm25
17,31,52,88101,1,41.965485,-87.749928,WGS84,PM2.5 - Local Conditions,24 HOUR,PM25 24-hour 2012,2021-11-18,Micrograms/cubic meter (LC),,1,100.0,3.0,3.0,0,17.0,545.0,Met One E-SEQ-FRM PM2.5 with VSCC - Gravimetric,MAYFAIR PUMP STATION,4850 WILSON AVE.,Illinois,Cook,Chicago,"Chicago-Naperville-Elgin, IL-IN-WI",2024-10-31,pm25
17,31,52,88101,1,41.965485,-87.749928,WGS84,PM2.5 - Local Conditions,24 HOUR,PM25 24-hour 2012,2021-11-21,Micrograms/cubic meter (LC),,1,100.0,15.7,15.7,0,63.0,545.0,Met One E-SEQ-FRM PM2.5 with VSCC - Gravimetric,MAYFAIR PUMP STATION,4850 WILSON AVE.,Illinois,Cook,Chicago,"Chicago-Naperville-Elgin, IL-IN-WI",2024-10-31,pm25
17,31,52,88101,1,41.965485,-87.749928,WGS84,PM2.5 - Local Conditions,24 HOUR,PM25 24-hour 2012,2021-11-24,Micrograms/cubic meter (LC),,1,100.0,8.1,8.1,0,45.0,545.0,Met One E-SEQ-FRM PM2.5 with VSCC - Gravimetric,MAYFAIR PUMP STATION,4850 WILSON AVE.,Illinois,Cook,Chicago,"Chicago-Naperville-Elgin, IL-IN-WI",2024-10-31,pm25
17,31,52,88101,1,41.965485,-87.749928,WGS84,PM2.5 - Local Conditions,24 HOUR,PM25 24-hour 2012,2021-11-27,Micrograms/cubic meter (LC),,1,100.0,7.0,7.0,0,39.0,545.0,Met One E-SEQ-FRM PM2.5 with VSCC - Gravimetric,MAYFAIR PUMP STATION,4850 WILSON AVE.,Illinois,Cook,Chicago,"Chicago-Naperville-Elgin, IL-IN-WI",2024-10-31,pm25
17,31,52,88101,1,41.965485,-87.749928,WGS84,PM2.5 - Local Conditions,24 HOUR,PM25 24-hour 2012,2021-11-30,Micrograms/cubic meter (LC),,1,100.0,7.4,7.4,0,41.0,545.0,Met One E-SEQ-FRM PM2.5 with VSCC - Gravimetric,MAYFAIR PUMP STATION,4850 WILSON AVE.,Illinois,Cook,Chicago,"Chicago-Naperville-Elgin, IL-IN-WI",2024-10-31,pm25
17,31,52,88101,1,41.965485,-87.749928,WGS84,PM2.5 - Local Conditions,24 HOUR,PM25 24-hour 2012,2021-12-03,Micrograms/cubic meter (LC),,1,100.0,6.8,6.8,0,38.0,545.0,Met One E-SEQ-FRM PM2.5 with VSCC - Gravimetric,MAYFAIR PUMP STATION,4850 WILSON AVE.,Illinois,Cook,Chicago,"Chicago-Naperville-Elgin, IL-IN-WI",2024-10-31,pm25
17,31,52,88101,1,41.965485,-87.749928,WGS84,PM2.5 - Local Conditions,24 HOUR,PM25 24-hour 2012,2021-12-06,Micrograms/cubic meter (LC),,1,100.0,3.6,3.6,0,20.0,545.0,Met One E-SEQ-FRM PM2.5 with VSCC - Gravimetric,MAYFAIR PUMP STATION,4850 WILSON AVE.,Illinois,Cook,Chicago,"Chicago-Naperville-Elgin, IL-IN-WI",2024-10-31,pm25
17,31,52,88101,1,41.965485,-87.749928,WGS84,PM2.5 - Local Conditions,24 HOUR,PM25 24-hour 2012,2021-12-09,Micrograms/cubic meter (LC),,1,100.0,15.0,15.0,0,62.0,545.0,Met One E-SEQ-FRM PM2.5 with VSCC - Gravimetric,MAYFAIR PUMP STATION,4850 WILSON AVE.,Illinois,Cook,Chicago,"Chicago-Naperville-Elgin, IL-IN-WI",2024-10-31,pm25
17,31,52,88101,1,41.965485,-87.749928,WGS84,PM2.5 - Local Conditions,24 HOUR,PM25 24-hour 2012,2021-12-12,Micrograms/cubic meter (LC),,1,100.0,3.1,3.1,0,17.0,545.0,Met One E-SEQ-FRM PM2.5 with VSCC - Gravimetric,MAYFAIR PUMP STATION,4850 WILSON AVE.,Illinois,Cook,Chicago,"Chicago-Naperville-Elgin, IL-IN-WI",2024-10-31,pm25
17,31,52,88101,1,41.965485,-87.749928,WGS84,PM2.5 - Local Conditions,24 HOUR,PM25 24-hour 2012,2021-12-15,Micrograms/cubic meter (LC),,1,100.0,8.9,8.9,0,49.0,545.0,Met One E-SEQ-FRM PM2.5 with VSCC - Gravimetric,MAYFAIR PUMP STATION,4850 WILSON AVE.,Illinois,Cook,Chicago,"Chicago-Naperville-Elgin, IL-IN-WI",2024-10-31,pm25
17,31,52,88101,1,41.965485,-87.749928,WGS84,PM2.5 - Local Conditions,24 HOUR,PM25 24-hour 2012,2021-12-21,Micrograms/cubic meter (LC),,1,100.0,10.1,10.1,0,53.0,545.0,Met One E-SEQ-FRM PM2.5 with VSCC - Gravimetric,MAYFAIR PUMP STATION,4850 WILSON AVE.,Illinois,Cook,Chicago,"Chicago-Naperville-Elgin, IL-IN-WI",2024-10-31,pm25
17,31,52,88101,1,41.965485,-87.749928,WGS84,PM2.5 - Local Conditions,24 HOUR,PM25 24-hour 2012,2021-12-24,Micrograms/cubic meter (LC),,1,100.0,12.0,12.0,0,56.0,545.0,Met One E-SEQ-FRM PM2.5 with VSCC - Gravimetric,MAYFAIR PUMP STATION,4850 WILSON AVE.,Illinois,Cook,Chicago,"Chicago-Naperville-Elgin, IL-IN-WI",2024-10-31,pm25
17,31,52,88101,1,41.965485,-87.749928,WGS84,PM2.5 - Local Conditions,24 HOUR,PM25 24-hour 2012,2021-12-27,Micrograms/cubic meter (LC),,1,100.0,8.4,8.4,0,47.0,545.0,Met One E-SEQ-FRM PM2.5 with VSCC - Gravimetric,MAYFAIR PUMP STATION,4850 WILSON AVE.,Illinois,Cook,Chicago,"Chicago-Naperville-Elgin, IL-IN-WI",2024-10-31,pm25
17,31,52,88101,1,41.965485,-87.749928,WGS84,PM2.5 - Local Conditions,24 HOUR,PM25 24-hour 2012,2021-12-30,Micrograms/cubic meter (LC),,1,100.0,13.1,13.1,0,58.0,545.0,Met One E-SEQ-FRM PM2.5 with VSCC - Gravimetric,MAYFAIR PUMP STATION,4850 WILSON AVE.,Illinois,Cook,Chicago,"Chicago-Naperville-Elgin, IL-IN-WI",2024-10-31,pm25
17,31,57,88101,1,41.912739,-87.722673,NAD83,PM2.5 - Local Conditions,24 HOUR,PM25 24-hour 2012,2021-01-04,Micrograms/cubic meter (LC),,1,100.0,14.2,14.2,0,61.0,545.0,Met One E-SEQ-FRM PM2.5 with VSCC - Gravimetric,SPRINGFIELD PUMP STATION,1745 N. SPRINGFIELD,Illinois,Cook,Chicago,"Chicago-Naperville-Elgin, IL-IN-WI",2024-08-08,pm25
17,31,57,88101,1,41.912739,-87.722673,NAD83,PM2.5 - Local Conditions,24 HOUR,PM25 24-hour 2012,2021-01-10,Micrograms/cubic meter (LC),,1,100.0,12.2,12.2,0,57.0,545.0,Met One E-SEQ-FRM PM2.5 with VSCC - Gravimetric,SPRINGFIELD PUMP STATION,1745 N. SPRINGFIELD,Illinois,Cook,Chicago,"Chicago-Naperville-Elgin, IL-IN-WI",2024-08-08,pm25
17,31,57,88101,1,41.912739,-87.722673,NAD83,PM2.5 - Local Conditions,24 HOUR,PM25 24-hour 2012,2021-01-16,Micrograms/cubic meter (LC),,1,100.0,6.9,6.9,0,38.0,545.0,Met One E-SEQ-FRM PM2.5 with VSCC - Gravimetric,SPRINGFIELD PUMP STATION,1745 N. SPRINGFIELD,Illinois,Cook,Chicago,"Chicago-Naperville-Elgin, IL-IN-WI",2024-08-08,pm25
17,31,57,88101,1,41.912739,-87.722673,NAD83,PM2.5 - Local Conditions,24 HOUR,PM25 24-hour 2012,2021-01-22,Micrograms/cubic meter (LC),,1,100.0,4.2,4.2,0,23.0,545.0,Met One E-SEQ-FRM PM2.5 with VSCC - Gravimetric,SPRINGFIELD PUMP STATION,1745 N. SPRINGFIELD,Illinois,Cook,Chicago,"Chicago-Naperville-Elgin, IL-IN-WI",2024-08-08,pm25
17,31,57,88101,1,41.912739,-87.722673,NAD83,PM2.5 - Local Conditions,24 HOUR,PM25 24-hour 2012,2021-01-28,Micrograms/cubic meter (LC),,1,100.0,7.9,7.9,0,44.0,545.0,Met One E-SEQ-FRM PM2.5 with VSCC - Gravimetric,SPRINGFIELD PUMP STATION,1745 N. SPRINGFIELD,Illinois,Cook,Chicago,"Chicago-Naperville-Elgin, IL-IN-WI",2024-08-08,pm25
17,31,57,88101,1,41.912739,-87.722673,NAD83,PM2.5 - Local Conditions,24 HOUR,PM25 24-hour 2012,2021-02-09,Micrograms/cubic meter (LC),,1,100.0,12.7,12.7,0,58.0,545.0,Met One E-SEQ-FRM PM2.5 with VSCC - Gravimetric,SPRINGFIELD PUMP STATION,1745 N. SPRINGFIELD,Illinois,Cook,Chicago,"Chicago-Naperville-Elgin, IL-IN-WI",2024-08-08,pm25
17,31,57,88101,1,41.912739,-87.722673,NAD83,PM2.5 - Local Conditions,24 HOUR,PM25 24-hour 2012,2021-02-15,Micrograms/cubic meter (LC),,1,100.0,4.2,4.2,0,23.0,545.0,Met One E-SEQ-FRM PM2.5 with VSCC - Gravimetric,SPRINGFIELD PUMP STATION,1745 N. SPRINGFIELD,Illinois,Cook,Chicago,"Chicago-Naperville-Elgin, IL-IN-WI",2024-08-08,pm25
17,31,57,88101,1,41.912739,-87.722673,NAD83,PM2.5 - Local Conditions,24 HOUR,PM25 24-hour 2012,2021-02-21,Micrograms/cubic meter (LC),,1,100.0,20.0,20.0,0,71.0,545.0,Met One E-SEQ-FRM PM2.5 with VSCC - Gravimetric,SPRINGFIELD PUMP STATION,1745 N. SPRINGFIELD,Illinois,Cook,Chicago,"Chicago-Naperville-Elgin, IL-IN-WI",2024-08-08,pm25
17,31,57,88101,1,41.912739,-87.722673,NAD83,PM2.5 - Local Conditions,24 HOUR,PM25 24-hour 2012,2021-02-27,Micrograms/cubic meter (LC),,1,100.0,18.7,18.7,0,69.0,545.0,Met One E-SEQ-FRM PM2.5 with VSCC - Gravimetric,SPRINGFIELD PUMP STATION,1745 N. SPRINGFIELD,Illinois,Cook,Chicago,"Chicago-Naperville-Elgin, IL-IN-WI",2024-08-08,pm25
17,31,57,88101,1,41.912739,-87.722673,NAD83,PM2.5 - Local Conditions,24 HOUR,PM25 24-hour 2012,2021-03-05,Micrograms/cubic meter (LC),,1,100.0,6.2,6.2,0,34.0,545.0,Met One E-SEQ-FRM PM2.5 with VSCC - Gravimetric,SPRINGFIELD PUMP STATION,1745 N. SPRINGFIELD,Illinois,Cook,Chicago,"Chicago-Naperville-Elgin, IL-IN-WI",2024-08-08,pm25
17,31,57,88101,1,41.912739,-87.722673,NAD83,PM2.5 - Local Conditions,24 HOUR,PM25 24-hour 2012,2021-03-11,Micrograms/cubic meter (LC),,1,100.0,3.6,3.6,0,20.0,545.0,Met One E-SEQ-FRM PM2.5 with VSCC - Gravimetric,SPRINGFIELD PUMP STATION,1745 N. SPRINGFIELD,Illinois,Cook,Chicago,"Chicago-Naperville-Elgin, IL-IN-WI",2024-08-08,pm25
17,31,57,88101,1,41.912739,-87.722673,NAD83,PM2.5 - Local Conditions,24 HOUR,PM25 24-hour 2012,2021-03-17,Micrograms/cubic meter (LC),,1,100.0,15.7,15.7,0,63.0,545.0,Met One E-SEQ-FRM PM2.5 with VSCC - Gravimetric,SPRINGFIELD PUMP STATION,1745 N. SPRINGFIELD,Illinois,Cook,Chicago,"Chicago-Naperville-Elgin, IL-IN-WI",2024-08-08,pm25
17,31,57,88101,1,41.912739,-87.722673,NAD83,PM2.5 - Local Conditions,24 HOUR,PM25 24-hour 2012,2021-03-29,Micrograms/cubic meter (LC),,1,100.0,12.0,12.0,0,56.0,545.0,Met One E-SEQ-FRM PM2.5 with VSCC - Gravimetric,SPRINGFIELD PUMP STATION,1745 N. SPRINGFIELD,Illinois,Cook,Chicago,"Chicago-Naperville-Elgin, IL-IN-WI",2024-08-08,pm25
17,31,57,88101,1,41.912739,-87.722673,NAD83,PM2.5 - Local Conditions,24 HOUR,PM25 24-hour 2012,2021-04-04,Micrograms/cubic meter (LC),,1,100.0,32.5,32.5,0,95.0,545.0,Met One E-SEQ-FRM PM2.5 with VSCC - Gravimetric,SPRINGFIELD PUMP STATION,1745 N. SPRINGFIELD,Illinois,Cook,Chicago,"Chicago-Naperville-Elgin, IL-IN-WI",2024-08-08,pm25
17,31,57,88101,1,41.912739,-87.722673,NAD83,PM2.5 - Local Conditions,24 HOUR,PM25 24-hour 2012,2021-04-10,Micrograms/cubic meter (LC),,1,100.0,8.3,8.3,0,46.0,545.0,Met One E-SEQ-FRM PM2.5 with VSCC - Gravimetric,SPRINGFIELD PUMP STATION,1745 N. SPRINGFIELD,Illinois,Cook,Chicago,"Chicago-Naperville-Elgin, IL-IN-WI",2024-08-08,pm25
17,31,57,88101,1,41.912739,-87.722673,NAD83,PM2.5 - Local Conditions,24 HOUR,PM25 24-hour 2012,2021-04-16,Micrograms/cubic meter (LC),,1,100.0,4.0,4.0,0,22.0,545.0,Met One E-SEQ-FRM PM2.5 with VSCC - Gravimetric,SPRINGFIELD PUMP STATION,1745 N. SPRINGFIELD,Illinois,Cook,Chicago,"Chicago-Naperville-Elgin, IL-IN-WI",2024-08-08,pm25
17,31,57,88101,1,41.912739,-87.722673,NAD83,PM2.5 - Local Conditions,24 HOUR,PM25 24-hour 2012,2021-04-22,Micrograms/cubic meter (LC),,1,100.0,8.8,8.8,0,49.0,545.0,Met One E-SEQ-FRM PM2.5 with VSCC - Gravimetric,SPRINGFIELD PUMP STATION,1745 N. SPRINGFIELD,Illinois,Cook,Chicago,"Chicago-Naperville-Elgin, IL-IN-WI",2024-08-08,pm25
17,31,57,88101,1,41.912739,-87.722673,NAD83,PM2.5 - Local Conditions,24 HOUR,PM25 24-hour 2012,2021-04-28,Micrograms/cubic meter (LC),,1,100.0,6.8,6.8,0,38.0,545.0,Met One E-SEQ-FRM PM2.5 with VSCC - Gravimetric,SPRINGFIELD PUMP STATION,1745 N. SPRINGFIELD,Illinois,Cook,Chicago,"Chicago-Naperville-Elgin, IL-IN-WI",2024-08-08,pm25
17,31,57,88101,1,41.912739,-87.722673,NAD83,PM2.5 - Local Conditions,24 HOUR,PM25 24-hour 2012,2021-05-04,Micrograms/cubic meter (LC),,1,100.0,3.0,3.0,0,17.0,545.0,Met One E-SEQ-FRM PM2.5 with VSCC - Gravimetric,SPRINGFIELD PUMP STATION,1745 N. SPRINGFIELD,Illinois,Cook,Chicago,"Chicago-Naperville-Elgin, IL-IN-WI",2024-08-08,pm25
17,31,57,88101,1,41.912739,-87.722673,NAD83,PM2.5 - Local Conditions,24 HOUR,PM25 24-hour 2012,2021-05-10,Micrograms/cubic meter (LC),,1,100.0,2.4,2.4,0,13.0,545.0,Met One E-SEQ-FRM PM2.5 with VSCC - Gravimetric,SPRINGFIELD PUMP STATION,1745 N. SPRINGFIELD,Illinois,Cook,Chicago,"Chicago-Naperville-Elgin, IL-IN-WI",2024-08-08,pm25
17,31,57,88101,1,41.912739,-87.722673,NAD83,PM2.5 - Local Conditions,24 HOUR,PM25 24-hour 2012,2021-05-16,Micrograms/cubic meter (LC),,1,100.0,10.7,10.7,0,54.0,545.0,Met One E-SEQ-FRM PM2.5 with VSCC - Gravimetric,SPRINGFIELD PUMP STATION,1745 N. SPRINGFIELD,Illinois,Cook,Chicago,"Chicago-Naperville-Elgin, IL-IN-WI",2024-08-08,pm25
17,31,57,88101,1,41.912739,-87.722673,NAD83,PM2.5 - Local Conditions,24 HOUR,PM25 24-hour 2012,2021-05-22,Micrograms/cubic meter (LC),,1,100.0,11.9,11.9,0,56.0,545.0,Met One E-SEQ-FRM PM2.5 with VSCC - Gravimetric,SPRINGFIELD PUMP STATION,1745 N. SPRINGFIELD,Illinois,Cook,Chicago,"Chicago-Naperville-Elgin, IL-IN-WI",2024-08-08,pm25
17,31,57,88101,1,41.912739,-87.722673,NAD83,PM2.5 - Local Conditions,24 HOUR,PM25 24-hour 2012,2021-05-28,Micrograms/cubic meter (LC),,1,100.0,2.5,2.5,0,14.0,545.0,Met One E-SEQ-FRM PM2.5 with VSCC - Gravimetric,SPRINGFIELD PUMP STATION,1745 N. SPRINGFIELD,Illinois,Cook,Chicago,"Chicago-Naperville-Elgin, IL-IN-WI",2024-08-08,pm25
17,31,57,88101,1,41.912739,-87.722673,NAD83,PM2.5 - Local Conditions,24 HOUR,PM25 24-hour 2012,2021-06-03,Micrograms/cubic meter (LC),,1,100.0,10.9,10.9,0,54.0,545.0,Met One E-SEQ-FRM PM2.5 with VSCC - Gravimetric,SPRINGFIELD PUMP STATION,1745 N. SPRINGFIELD,Illinois,Cook,Chicago,"Chicago-Naperville-Elgin, IL-IN-WI",2024-08-08,pm25
17,31,57,88101,1,41.912739,-87.722673,NAD83,PM2.5 - Local Conditions,24 HOUR,PM25 24-hour 2012,2021-06-09,Micrograms/cubic meter (LC),,1,100.0,7.5,7.5,0,42.0,545.0,Met One E-SEQ-FRM PM2.5 with VSCC - Gravimetric,SPRINGFIELD PUMP STATION,1745 N. SPRINGFIELD,Illinois,Cook,Chicago,"Chicago-Naperville-Elgin, IL-IN-WI",2024-08-08,pm25
17,31,57,88101,1,41.912739,-87.722673,NAD83,PM2.5 - Local Conditions,24 HOUR,PM25 24-hour 2012,2021-06-15,Micrograms/cubic meter (LC),,1,100.0,5.2,5.2,0,29.0,545.0,Met One E-SEQ-FRM PM2.5 with VSCC - Gravimetric,SPRINGFIELD PUMP STATION,1745 N. SPRINGFIELD,Illinois,Cook,Chicago,"Chicago-Naperville-Elgin, IL-IN-WI",2024-08-08,pm25
17,31,57,88101,1,41.912739,-87.722673,NAD83,PM2.5 - Local Conditions,24 HOUR,PM25 24-hour 2012,2021-06-21,Micrograms/cubic meter (LC),,1,100.0,2.9,2.9,0,16.0,545.0,Met One E-SEQ-FRM PM2.5 with VSCC - Gravimetric,SPRINGFIELD PUMP STATION,1745 N. SPRINGFIELD,Illinois,Cook,Chicago,"Chicago-Naperville-Elgin, IL-IN-WI",2024-08-08,pm25
17,31,57,88101,1,41.912739,-87.722673,NAD83,PM2.5 - Local Conditions,24 HOUR,PM25 24-hour 2012,2021-06-27,Micrograms/cubic meter (LC),,1,100.0,4.8,4.8,0,27.0,545.0,Met One E-SEQ-FRM PM2.5 with VSCC - Gravimetric,SPRINGFIELD PUMP STATION,1745 N. SPRINGFIELD,Illinois,Cook,Chicago,"Chicago-Naperville-Elgin, IL-IN-WI",2024-08-08,pm25
17,31,57,88101,1,41.912739,-87.722673,NAD83,PM2.5 - Local Conditions,24 HOUR,PM25 24-hour 2012,2021-07-03,Micrograms/cubic meter (LC),,1,100.0,9.8,9.8,0,52.0,545.0,Met One E-SEQ-FRM PM2.5 with VSCC - Gravimetric,SPRINGFIELD PUMP STATION,1745 N. SPRINGFIELD,Illinois,Cook,Chicago,"Chicago-Naperville-Elgin, IL-IN-WI",2024-08-08,pm25
17,31,57,88101,1,41.912739,-87.722673,NAD83,PM2.5 - Local Conditions,24 HOUR,PM25 24-hour 2012,2021-07-09,Micrograms/cubic meter (LC),,1,100.0,4.5,4.5,0,25.0,545.0,Met One E-SEQ-FRM PM2.5 with VSCC - Gravimetric,SPRINGFIELD PUMP STATION,1745 N. SPRINGFIELD,Illinois,Cook,Chicago,"Chicago-Naperville-Elgin, IL-IN-WI",2024-08-08,pm25
17,31,57,88101,1,41.912739,-87.722673,NAD83,PM2.5 - Local Conditions,24 HOUR,PM25 24-hour 2012,2021-07-15,Micrograms/cubic meter (LC),,1,100.0,6.6,6.6,0,37.0,545.0,Met One E-SEQ-FRM PM2.5 with VSCC - Gravimetric,SPRINGFIELD PUMP STATION,1745 N. SPRINGFIELD,Illinois,Cook,Chicago,"Chicago-Naperville-Elgin, IL-IN-WI",2024-08-08,pm25
17,31,57,88101,1,41.912739,-87.722673,NAD83,PM2.5 - Local Conditions,24 HOUR,PM25 24-hour 2012,2021-07-21,Micrograms/cubic meter (LC),,1,100.0,15.4,15.4,0,63.0,545.0,Met One E-SEQ-FRM PM2.5 with VSCC - Gravimetric,SPRINGFIELD PUMP STATION,1745 N. SPRINGFIELD,Illinois,Cook,Chicago,"Chicago-Naperville-Elgin, IL-IN-WI",2024-08-08,pm25
17,31,57,88101,1,41.912739,-87.722673,NAD83,PM2.5 - Local Conditions,24 HOUR,PM25 24-hour 2012,2021-07-27,Micrograms/cubic meter (LC),,1,100.0,12.3,12.3,0,57.0,545.0,Met One E-SEQ-FRM PM2.5 with VSCC - Gravimetric,SPRINGFIELD PUMP STATION,1745 N. SPRINGFIELD,Illinois,Cook,Chicago,"Chicago-Naperville-Elgin, IL-IN-WI",2024-08-08,pm25
17,31,57,88101,1,41.912739,-87.722673,NAD83,PM2.5 - Local Conditions,24 HOUR,PM25 24-hour 2012,2021-08-02,Micrograms/cubic meter (LC),,1,100.0,10.0,10.0,0,53.0,545.0,Met One E-SEQ-FRM PM2.5 with VSCC - Gravimetric,SPRINGFIELD PUMP STATION,1745 N. SPRINGFIELD,Illinois,Cook,Chicago,"Chicago-Naperville-Elgin, IL-IN-WI",2024-08-08,pm25
17,31,57,88101,1,41.912739,-87.722673,NAD83,PM2.5 - Local Conditions,24 HOUR,PM25 24-hour 2012,2021-08-08,Micrograms/cubic meter (LC),,1,100.0,17.2,17.2,0,66.0,545.0,Met One E-SEQ-FRM PM2.5 with VSCC - Gravimetric,SPRINGFIELD PUMP STATION,1745 N. SPRINGFIELD,Illinois,Cook,Chicago,"Chicago-Naperville-Elgin, IL-IN-WI",2024-08-08,pm25
17,31,57,88101,1,41.912739,-87.722673,NAD83,PM2.5 - Local Conditions,24 HOUR,PM25 24-hour 2012,2021-08-14,Micrograms/cubic meter (LC),,1,100.0,6.5,6.5,0,36.0,545.0,Met One E-SEQ-FRM PM2.5 with VSCC - Gravimetric,SPRINGFIELD PUMP STATION,1745 N. SPRINGFIELD,Illinois,Cook,Chicago,"Chicago-Naperville-Elgin, IL-IN-WI",2024-08-08,pm25
17,31,57,88101,1,41.912739,-87.722673,NAD83,PM2.5 - Local Conditions,24 HOUR,PM25 24-hour 2012,2021-08-20,Micrograms/cubic meter (LC),,1,100.0,15.2,15.2,0,62.0,545.0,Met One E-SEQ-FRM PM2.5 with VSCC - Gravimetric,SPRINGFIELD PUMP STATION,1745 N. SPRINGFIELD,Illinois,Cook,Chicago,"Chicago-Naperville-Elgin, IL-IN-WI",2024-08-08,pm25
17,31,57,88101,1,41.912739,-87.722673,NAD83,PM2.5 - Local Conditions,24 HOUR,PM25 24-hour 2012,2021-08-26,Micrograms/cubic meter (LC),,1,100.0,8.0,8.0,0,44.0,545.0,Met One E-SEQ-FRM PM2.5 with VSCC - Gravimetric,SPRINGFIELD PUMP STATION,1745 N. SPRINGFIELD,Illinois,Cook,Chicago,"Chicago-Naperville-Elgin, IL-IN-WI",2024-08-08,pm25
17,31,57,88101,1,41.912739,-87.722673,NAD83,PM2.5 - Local Conditions,24 HOUR,PM25 24-hour 2012,2021-09-01,Micrograms/cubic meter (LC),,1,100.0,4.3,4.3,0,24.0,545.0,Met One E-SEQ-FRM PM2.5 with VSCC - Gravimetric,SPRINGFIELD PUMP STATION,1745 N. SPRINGFIELD,Illinois,Cook,Chicago,"Chicago-Naperville-Elgin, IL-IN-WI",2024-08-08,pm25
17,31,57,88101,1,41.912739,-87.722673,NAD83,PM2.5 - Local Conditions,24 HOUR,PM25 24-hour 2012,2021-09-07,Micrograms/cubic meter (LC),,1,100.0,10.6,10.6,0,54.0,545.0,Met One E-SEQ-FRM PM2.5 with VSCC - Gravimetric,SPRINGFIELD PUMP STATION,1745 N. SPRINGFIELD,Illinois,Cook,Chicago,"Chicago-Naperville-Elgin, IL-IN-WI",2024-08-08,pm25
17,31,57,88101,1,41.912739,-87.722673,NAD83,PM2.5 - Local Conditions,24 HOUR,PM25 24-hour 2012,2021-09-13,Micrograms/cubic meter (LC),,1,100.0,14.2,14.2,0,61.0,545.0,Met One E-SEQ-FRM PM2.5 with VSCC - Gravimetric,SPRINGFIELD PUMP STATION,1745 N. SPRINGFIELD,Illinois,Cook,Chicago,"Chicago-Naperville-Elgin, IL-IN-WI",2024-08-08,pm25
17,31,57,88101,1,41.912739,-87.722673,NAD83,PM2.5 - Local Conditions,24 HOUR,PM25 24-hour 2012,2021-09-19,Micrograms/cubic meter (LC),,1,100.0,11.6,11.6,0,56.0,545.0,Met One E-SEQ-FRM PM2.5 with VSCC - Gravimetric,SPRINGFIELD PUMP STATION,1745 N. SPRINGFIELD,Illinois,Cook,Chicago,"Chicago-Naperville-Elgin, IL-IN-WI",2024-08-08,pm25
17,31,57,88101,1,41.912739,-87.722673,NAD83,PM2.5 - Local Conditions,24 HOUR,PM25 24-hour 2012,2021-10-01,Micrograms/cubic meter (LC),,1,100.0,13.5,13.5,0,59.0,545.0,Met One E-SEQ-FRM PM2.5 with VSCC - Gravimetric,SPRINGFIELD PUMP STATION,1745 N. SPRINGFIELD,Illinois,Cook,Chicago,"Chicago-Naperville-Elgin, IL-IN-WI",2024-08-08,pm25
17,31,57,88101,1,41.912739,-87.722673,NAD83,PM2.5 - Local Conditions,24 HOUR,PM25 24-hour 2012,2021-10-07,Micrograms/cubic meter (LC),,1,100.0,8.0,8.0,0,44.0,545.0,Met One E-SEQ-FRM PM2.5 with VSCC - Gravimetric,SPRINGFIELD PUMP STATION,1745 N. SPRINGFIELD,Illinois,Cook,Chicago,"Chicago-Naperville-Elgin, IL-IN-WI",2024-08-08,pm25
17,31,57,88101,1,41.912739,-87.722673,NAD83,PM2.5 - Local Conditions,24 HOUR,PM25 24-hour 2012,2021-10-13,Micrograms/cubic meter (LC),,1,100.0,11.6,11.6,0,56.0,545.0,Met One E-SEQ-FRM PM2.5 with VSCC - Gravimetric,SPRINGFIELD PUMP STATION,1745 N. SPRINGFIELD,Illinois,Cook,Chicago,"Chicago-Naperville-Elgin, IL-IN-WI",2024-08-08,pm25
17,31,57,88101,1,41.912739,-87.722673,NAD83,PM2.5 - Local Conditions,24 HOUR,PM25 24-hour 2012,2021-10-19,Micrograms/cubic meter (LC),,1,100.0,8.5,8.5,0,47.0,545.0,Met One E-SEQ-FRM PM2.5 with VSCC - Gravimetric,SPRINGFIELD PUMP STATION,1745 N. SPRINGFIELD,Illinois,Cook,Chicago,"Chicago-Naperville-Elgin, IL-IN-WI",2024-08-08,pm25
17,31,57,88101,1,41.912739,-87.722673,NAD83,PM2.5 - Local Conditions,24 HOUR,PM25 24-hour 2012,2021-10-25,Micrograms/cubic meter (LC),,1,100.0,2.9,2.9,0,16.0,545.0,Met One E-SEQ-FRM PM2.5 with VSCC - Gravimetric,SPRINGFIELD PUMP STATION,1745 N. SPRINGFIELD,Illinois,Cook,Chicago,"Chicago-Naperville-Elgin, IL-IN-WI",2024-08-08,pm25
17,31,57,88101,1,41.912739,-87.722673,NAD83,PM2.5 - Local Conditions,24 HOUR,PM25 24-hour 2012,2021-10-31,Micrograms/cubic meter (LC),,1,100.0,4.5,4.5,0,25.0,545.0,Met One E-SEQ-FRM PM2.5 with VSCC - Gravimetric,SPRINGFIELD PUMP STATION,1745 N. SPRINGFIELD,Illinois,Cook,Chicago,"Chicago-Naperville-Elgin, IL-IN-WI",2024-08-08,pm25
17,31,57,88101,1,41.912739,-87.722673,NAD83,PM2.5 - Local Conditions,24 HOUR,PM25 24-hour 2012,2021-11-06,Micrograms/cubic meter (LC),,1,100.0,11.8,11.8,0,56.0,545.0,Met One E-SEQ-FRM PM2.5 with VSCC - Gravimetric,SPRINGFIELD PUMP STATION,1745 N. SPRINGFIELD,Illinois,Cook,Chicago,"Chicago-Naperville-Elgin, IL-IN-WI",2024-08-08,pm25
17,31,57,88101,1,41.912739,-87.722673,NAD83,PM2.5 - Local Conditions,24 HOUR,PM25 24-hour 2012,2021-11-12,Micrograms/cubic meter (LC),,1,100.0,3.4,3.4,0,19.0,545.0,Met One E-SEQ-FRM PM2.5 with VSCC - Gravimetric,SPRINGFIELD PUMP STATION,1745 N. SPRINGFIELD,Illinois,Cook,Chicago,"Chicago-Naperville-Elgin, IL-IN-WI",2024-08-08,pm25
17,31,57,88101,1,41.912739,-87.722673,NAD83,PM2.5 - Local Conditions,24 HOUR,PM25 24-hour 2012,2021-11-18,Micrograms/cubic meter (LC),,1,100.0,2.1,2.1,0,12.0,545.0,Met One E-SEQ-FRM PM2.5 with VSCC - Gravimetric,SPRINGFIELD PUMP STATION,1745 N. SPRINGFIELD,Illinois,Cook,Chicago,"Chicago-Naperville-Elgin, IL-IN-WI",2024-08-08,pm25
17,31,57,88101,1,41.912739,-87.722673,NAD83,PM2.5 - Local Conditions,24 HOUR,PM25 24-hour 2012,2021-11-24,Micrograms/cubic meter (LC),,1,100.0,8.5,8.5,0,47.0,545.0,Met One E-SEQ-FRM PM2.5 with VSCC - Gravimetric,SPRINGFIELD PUMP STATION,1745 N. SPRINGFIELD,Illinois,Cook,Chicago,"Chicago-Naperville-Elgin, IL-IN-WI",2024-08-08,pm25
17,31,57,88101,1,41.912739,-87.722673,NAD83,PM2.5 - Local Conditions,24 HOUR,PM25 24-hour 2012,2021-11-30,Micrograms/cubic meter (LC),,1,100.0,7.7,7.7,0,43.0,545.0,Met One E-SEQ-FRM PM2.5 with VSCC - Gravimetric,SPRINGFIELD PUMP STATION,1745 N. SPRINGFIELD,Illinois,Cook,Chicago,"Chicago-Naperville-Elgin, IL-IN-WI",2024-08-08,pm25
17,31,57,88101,1,41.912739,-87.722673,NAD83,PM2.5 - Local Conditions,24 HOUR,PM25 24-hour 2012,2021-12-06,Micrograms/cubic meter (LC),,1,100.0,3.2,3.2,0,18.0,545.0,Met One E-SEQ-FRM PM2.5 with VSCC - Gravimetric,SPRINGFIELD PUMP STATION,1745 N. SPRINGFIELD,Illinois,Cook,Chicago,"Chicago-Naperville-Elgin, IL-IN-WI",2024-08-08,pm25
17,31,57,88101,1,41.912739,-87.722673,NAD83,PM2.5 - Local Conditions,24 HOUR,PM25 24-hour 2012,2021-12-17,Micrograms/cubic meter (LC),,1,100.0,4.3,4.3,0,24.0,545.0,Met One E-SEQ-FRM PM2.5 with VSCC - Gravimetric,SPRINGFIELD PUMP STATION,1745 N. SPRINGFIELD,Illinois,Cook,Chicago,"Chicago-Naperville-Elgin, IL-IN-WI",2024-08-08,pm25
17,31,57,88101,1,41.912739,-87.722673,NAD83,PM2.5 - Local Conditions,24 HOUR,PM25 24-hour 2012,2021-12-18,Micrograms/cubic meter (LC),,1,100.0,4.3,4.3,0,24.0,545.0,Met One E-SEQ-FRM PM2.5 with VSCC - Gravimetric,SPRINGFIELD PUMP STATION,1745 N. SPRINGFIELD,Illinois,Cook,Chicago,"Chicago-Naperville-Elgin, IL-IN-WI",2024-08-08,pm25
17,31,57,88101,1,41.912739,-87.722673,NAD83,PM2.5 - Local Conditions,24 HOUR,PM25 24-hour 2012,2021-12-24,Micrograms/cubic meter (LC),,1,100.0,11.4,11.4,0,55.0,545.0,Met One E-SEQ-FRM PM2.5 with VSCC - Gravimetric,SPRINGFIELD PUMP STATION,1745 N. SPRINGFIELD,Illinois,Cook,Chicago,"Chicago-Naperville-Elgin, IL-IN-WI",2024-08-08,pm25
17,31,57,88101,1,41.912739,-87.722673,NAD83,PM2.5 - Local Conditions,24 HOUR,PM25 24-hour 2012,2021-12-30,Micrograms/cubic meter (LC),,1,100.0,11.2,11.2,0,55.0,545.0,Met One E-SEQ-FRM PM2.5 with VSCC - Gravimetric,SPRINGFIELD PUMP STATION,1745 N. SPRINGFIELD,Illinois,Cook,Chicago,"Chicago-Naperville-Elgin, IL-IN-WI",2024-08-08,pm25
17,31,76,88101,1,41.7514,-87.713488,WGS84,PM2.5 - Local Conditions,24 HOUR,PM25 24-hour 2012,2021-01-04,Micrograms/cubic meter (LC),,1,100.0,12.1,12.1,0,57.0,155.0,Thermo Electron Model RAAS2.5-300 Sequential w/VSCC - Gravimetric,COM ED MAINTENANCE BLDG,7801 LAWNDALE,Illinois,Cook,Chicago,"Chicago-Naperville-Elgin, IL-IN-WI",2024-08-08,pm25
17,31,76,88101,1,41.7514,-87.713488,WGS84,PM2.5 - Local Conditions,24 HOUR,PM25 24-hour 2012,2021-01-10,Micrograms/cubic meter (LC),,1,100.0,18.9,18.9,0,69.0,155.0,Thermo Electron Model RAAS2.5-300 Sequential w/VSCC - Gravimetric,COM ED MAINTENANCE BLDG,7801 LAWNDALE,Illinois,Cook,Chicago,"Chicago-Naperville-Elgin, IL-IN-WI",2024-08-08,pm25
17,31,76,88101,1,41.7514,-87.713488,WGS84,PM2.5 - Local Conditions,24 HOUR,PM25 24-hour 2012,2021-01-16,Micrograms/cubic meter (LC),,1,100.0,4.9,4.9,0,27.0,155.0,Thermo Electron Model RAAS2.5-300 Sequential w/VSCC - Gravimetric,COM ED MAINTENANCE BLDG,7801 LAWNDALE,Illinois,Cook,Chicago,"Chicago-Naperville-Elgin, IL-IN-WI",2024-08-08,pm25
17,31,76,88101,1,41.7514,-87.713488,WGS84,PM2.5 - Local Conditions,24 HOUR,PM25 24-hour 2012,2021-01-22,Micrograms/cubic meter (LC),,1,100.0,4.0,4.0,0,22.0,155.0,Thermo Electron Model RAAS2.5-300 Sequential w/VSCC - Gravimetric,COM ED MAINTENANCE BLDG,7801 LAWNDALE,Illinois,Cook,Chicago,"Chicago-Naperville-Elgin, IL-IN-WI",2024-08-08,pm25
17,31,76,88101,1,41.7514,-87.713488,WGS84,PM2.5 - Local Conditions,24 HOUR,PM25 24-hour 2012,2021-01-28,Micrograms/cubic meter (LC),,1,100.0,10.3,10.3,0,53.0,155.0,Thermo Electron Model RAAS2.5-300 Sequential w/VSCC - Gravimetric,COM ED MAINTENANCE BLDG,7801 LAWNDALE,Illinois,Cook,Chicago,"Chicago-Naperville-Elgin, IL-IN-WI",2024-08-08,pm25
17,31,76,88101,1,41.7514,-87.713488,WGS84,PM2.5 - Local Conditions,24 HOUR,PM25 24-hour 2012,2021-02-04,Micrograms/cubic meter (LC),,1,100.0,8.5,8.5,0,47.0,155.0,Thermo Electron Model RAAS2.5-300 Sequential w/VSCC - Gravimetric,COM ED MAINTENANCE BLDG,7801 LAWNDALE,Illinois,Cook,Chicago,"Chicago-Naperville-Elgin, IL-IN-WI",2024-08-08,pm25
17,31,76,88101,1,41.7514,-87.713488,WGS84,PM2.5 - Local Conditions,24 HOUR,PM25 24-hour 2012,2021-02-09,Micrograms/cubic meter (LC),,1,100.0,12.3,12.3,0,57.0,155.0,Thermo Electron Model RAAS2.5-300 Sequential w/VSCC - Gravimetric,COM ED MAINTENANCE BLDG,7801 LAWNDALE,Illinois,Cook,Chicago,"Chicago-Naperville-Elgin, IL-IN-WI",2024-08-08,pm25
17,31,76,88101,1,41.7514,-87.713488,WGS84,PM2.5 - Local Conditions,24 HOUR,PM25 24-hour 2012,2021-02-17,Micrograms/cubic meter (LC),,1,100.0,18.7,18.7,0,69.0,155.0,Thermo Electron Model RAAS2.5-300 Sequential w/VSCC - Gravimetric,COM ED MAINTENANCE BLDG,7801 LAWNDALE,Illinois,Cook,Chicago,"Chicago-Naperville-Elgin, IL-IN-WI",2024-08-08,pm25
17,31,76,88101,1,41.7514,-87.713488,WGS84,PM2.5 - Local Conditions,24 HOUR,PM25 24-hour 2012,2021-02-21,Micrograms/cubic meter (LC),,1,100.0,17.1,17.1,0,66.0,155.0,Thermo Electron Model RAAS2.5-300 Sequential w/VSCC - Gravimetric,COM ED MAINTENANCE BLDG,7801 LAWNDALE,Illinois,Cook,Chicago,"Chicago-Naperville-Elgin, IL-IN-WI",2024-08-08,pm25
17,31,76,88101,1,41.7514,-87.713488,WGS84,PM2.5 - Local Conditions,24 HOUR,PM25 24-hour 2012,2021-02-27,Micrograms/cubic meter (LC),,1,100.0,16.0,16.0,0,64.0,155.0,Thermo Electron Model RAAS2.5-300 Sequential w/VSCC - Gravimetric,COM ED MAINTENANCE BLDG,7801 LAWNDALE,Illinois,Cook,Chicago,"Chicago-Naperville-Elgin, IL-IN-WI",2024-08-08,pm25
17,31,76,88101,1,41.7514,-87.713488,WGS84,PM2.5 - Local Conditions,24 HOUR,PM25 24-hour 2012,2021-03-06,Micrograms/cubic meter (LC),,1,100.0,11.3,11.3,0,55.0,155.0,Thermo Electron Model RAAS2.5-300 Sequential w/VSCC - Gravimetric,COM ED MAINTENANCE BLDG,7801 LAWNDALE,Illinois,Cook,Chicago,"Chicago-Naperville-Elgin, IL-IN-WI",2024-08-08,pm25
17,31,76,88101,1,41.7514,-87.713488,WGS84,PM2.5 - Local Conditions,24 HOUR,PM25 24-hour 2012,2021-03-11,Micrograms/cubic meter (LC),,1,100.0,3.3,3.3,0,18.0,155.0,Thermo Electron Model RAAS2.5-300 Sequential w/VSCC - Gravimetric,COM ED MAINTENANCE BLDG,7801 LAWNDALE,Illinois,Cook,Chicago,"Chicago-Naperville-Elgin, IL-IN-WI",2024-08-08,pm25
17,31,76,88101,1,41.7514,-87.713488,WGS84,PM2.5 - Local Conditions,24 HOUR,PM25 24-hour 2012,2021-03-18,Micrograms/cubic meter (LC),,1,100.0,5.2,5.2,0,29.0,155.0,Thermo Electron Model RAAS2.5-300 Sequential w/VSCC - Gravimetric,COM ED MAINTENANCE BLDG,7801 LAWNDALE,Illinois,Cook,Chicago,"Chicago-Naperville-Elgin, IL-IN-WI",2024-08-08,pm25
17,31,76,88101,1,41.7514,-87.713488,WGS84,PM2.5 - Local Conditions,24 HOUR,PM25 24-hour 2012,2021-03-23,Micrograms/cubic meter (LC),,1,100.0,9.8,9.8,0,52.0,155.0,Thermo Electron Model RAAS2.5-300 Sequential w/VSCC - Gravimetric,COM ED MAINTENANCE BLDG,7801 LAWNDALE,Illinois,Cook,Chicago,"Chicago-Naperville-Elgin, IL-IN-WI",2024-08-08,pm25
17,31,76,88101,1,41.7514,-87.713488,WGS84,PM2.5 - Local Conditions,24 HOUR,PM25 24-hour 2012,2021-03-29,Micrograms/cubic meter (LC),,1,100.0,5.6,5.6,0,31.0,155.0,Thermo Electron Model RAAS2.5-300 Sequential w/VSCC - Gravimetric,COM ED MAINTENANCE BLDG,7801 LAWNDALE,Illinois,Cook,Chicago,"Chicago-Naperville-Elgin, IL-IN-WI",2024-08-08,pm25
17,31,76,88101,1,41.7514,-87.713488,WGS84,PM2.5 - Local Conditions,24 HOUR,PM25 24-hour 2012,2021-04-04,Micrograms/cubic meter (LC),,1,100.0,21.2,21.2,0,74.0,155.0,Thermo Electron Model RAAS2.5-300 Sequential w/VSCC - Gravimetric,COM ED MAINTENANCE BLDG,7801 LAWNDALE,Illinois,Cook,Chicago,"Chicago-Naperville-Elgin, IL-IN-WI",2024-08-08,pm25
17,31,76,88101,1,41.7514,-87.713488,WGS84,PM2.5 - Local Conditions,24 HOUR,PM25 24-hour 2012,2021-04-10,Micrograms/cubic meter (LC),,1,100.0,9.6,9.6,0,52.0,155.0,Thermo Electron Model RAAS2.5-300 Sequential w/VSCC - Gravimetric,COM ED MAINTENANCE BLDG,7801 LAWNDALE,Illinois,Cook,Chicago,"Chicago-Naperville-Elgin, IL-IN-WI",2024-08-08,pm25
17,31,76,88101,1,41.7514,-87.713488,WGS84,PM2.5 - Local Conditions,24 HOUR,PM25 24-hour 2012,2021-04-16,Micrograms/cubic meter (LC),,1,100.0,4.9,4.9,0,27.0,155.0,Thermo Electron Model RAAS2.5-300 Sequential w/VSCC - Gravimetric,COM ED MAINTENANCE BLDG,7801 LAWNDALE,Illinois,Cook,Chicago,"Chicago-Naperville-Elgin, IL-IN-WI",2024-08-08,pm25
17,31,76,88101,1,41.7514,-87.713488,WGS84,PM2.5 - Local Conditions,24 HOUR,PM25 24-hour 2012,2021-04-22,Micrograms/cubic meter (LC),,1,100.0,10.1,10.1,0,53.0,155.0,Thermo Electron Model RAAS2.5-300 Sequential w/VSCC - Gravimetric,COM ED MAINTENANCE BLDG,7801 LAWNDALE,Illinois,Cook,Chicago,"Chicago-Naperville-Elgin, IL-IN-WI",2024-08-08,pm25
17,31,76,88101,1,41.7514,-87.713488,WGS84,PM2.5 - Local Conditions,24 HOUR,PM25 24-hour 2012,2021-04-28,Micrograms/cubic meter (LC),,1,100.0,7.0,7.0,0,39.0,155.0,Thermo Electron Model RAAS2.5-300 Sequential w/VSCC - Gravimetric,COM ED MAINTENANCE BLDG,7801 LAWNDALE,Illinois,Cook,Chicago,"Chicago-Naperville-Elgin, IL-IN-WI",2024-08-08,pm25
17,31,76,88101,1,41.7514,-87.713488,WGS84,PM2.5 - Local Conditions,24 HOUR,PM25 24-hour 2012,2021-05-05,Micrograms/cubic meter (LC),,1,100.0,2.8,2.8,0,16.0,155.0,Thermo Electron Model RAAS2.5-300 Sequential w/VSCC - Gravimetric,COM ED MAINTENANCE BLDG,7801 LAWNDALE,Illinois,Cook,Chicago,"Chicago-Naperville-Elgin, IL-IN-WI",2024-08-08,pm25
17,31,76,88101,1,41.7514,-87.713488,WGS84,PM2.5 - Local Conditions,24 HOUR,PM25 24-hour 2012,2021-05-10,Micrograms/cubic meter (LC),,1,100.0,3.1,3.1,0,17.0,155.0,Thermo Electron Model RAAS2.5-300 Sequential w/VSCC - Gravimetric,COM ED MAINTENANCE BLDG,7801 LAWNDALE,Illinois,Cook,Chicago,"Chicago-Naperville-Elgin, IL-IN-WI",2024-08-08,pm25
17,31,76,88101,1,41.7514,-87.713488,WGS84,PM2.5 - Local Conditions,24 HOUR,PM25 24-hour 2012,2021-05-16,Micrograms/cubic meter (LC),,1,100.0,11.1,11.1,0,55.0,155.0,Thermo Electron Model RAAS2.5-300 Sequential w/VSCC - Gravimetric,COM ED MAINTENANCE BLDG,7801 LAWNDALE,Illinois,Cook,Chicago,"Chicago-Naperville-Elgin, IL-IN-WI",2024-08-08,pm25
17,31,76,88101,1,41.7514,-87.713488,WGS84,PM2.5 - Local Conditions,24 HOUR,PM25 24-hour 2012,2021-05-22,Micrograms/cubic meter (LC),,1,100.0,10.6,10.6,0,54.0,155.0,Thermo Electron Model RAAS2.5-300 Sequential w/VSCC - Gravimetric,COM ED MAINTENANCE BLDG,7801 LAWNDALE,Illinois,Cook,Chicago,"Chicago-Naperville-Elgin, IL-IN-WI",2024-08-08,pm25
17,31,76,88101,1,41.7514,-87.713488,WGS84,PM2.5 - Local Conditions,24 HOUR,PM25 24-hour 2012,2021-05-28,Micrograms/cubic meter (LC),,1,100.0,2.2,2.2,0,12.0,155.0,Thermo Electron Model RAAS2.5-300 Sequential w/VSCC - Gravimetric,COM ED MAINTENANCE BLDG,7801 LAWNDALE,Illinois,Cook,Chicago,"Chicago-Naperville-Elgin, IL-IN-WI",2024-08-08,pm25
17,31,76,88101,1,41.7514,-87.713488,WGS84,PM2.5 - Local Conditions,24 HOUR,PM25 24-hour 2012,2021-06-03,Micrograms/cubic meter (LC),,1,100.0,10.5,10.5,0,54.0,545.0,Met One E-SEQ-FRM PM2.5 with VSCC - Gravimetric,COM ED MAINTENANCE BLDG,7801 LAWNDALE,Illinois,Cook,Chicago,"Chicago-Naperville-Elgin, IL-IN-WI",2024-08-08,pm25
17,31,76,88101,1,41.7514,-87.713488,WGS84,PM2.5 - Local Conditions,24 HOUR,PM25 24-hour 2012,2021-06-09,Micrograms/cubic meter (LC),,1,100.0,8.7,8.7,0,48.0,545.0,Met One E-SEQ-FRM PM2.5 with VSCC - Gravimetric,COM ED MAINTENANCE BLDG,7801 LAWNDALE,Illinois,Cook,Chicago,"Chicago-Naperville-Elgin, IL-IN-WI",2024-08-08,pm25
17,31,76,88101,1,41.7514,-87.713488,WGS84,PM2.5 - Local Conditions,24 HOUR,PM25 24-hour 2012,2021-06-15,Micrograms/cubic meter (LC),,1,100.0,6.5,6.5,0,36.0,545.0,Met One E-SEQ-FRM PM2.5 with VSCC - Gravimetric,COM ED MAINTENANCE BLDG,7801 LAWNDALE,Illinois,Cook,Chicago,"Chicago-Naperville-Elgin, IL-IN-WI",2024-08-08,pm25
17,31,76,88101,1,41.7514,-87.713488,WGS84,PM2.5 - Local Conditions,24 HOUR,PM25 24-hour 2012,2021-06-21,Micrograms/cubic meter (LC),,1,100.0,3.4,3.4,0,19.0,545.0,Met One E-SEQ-FRM PM2.5 with VSCC - Gravimetric,COM ED MAINTENANCE BLDG,7801 LAWNDALE,Illinois,Cook,Chicago,"Chicago-Naperville-Elgin, IL-IN-WI",2024-08-08,pm25
17,31,76,88101,1,41.7514,-87.713488,WGS84,PM2.5 - Local Conditions,24 HOUR,PM25 24-hour 2012,2021-06-27,Micrograms/cubic meter (LC),,1,100.0,4.9,4.9,0,27.0,545.0,Met One E-SEQ-FRM PM2.5 with VSCC - Gravimetric,COM ED MAINTENANCE BLDG,7801 LAWNDALE,Illinois,Cook,Chicago,"Chicago-Naperville-Elgin, IL-IN-WI",2024-08-08,pm25
17,31,76,88101,1,41.7514,-87.713488,WGS84,PM2.5 - Local Conditions,24 HOUR,PM25 24-hour 2012,2021-07-03,Micrograms/cubic meter (LC),,1,100.0,10.7,10.7,0,54.0,545.0,Met One E-SEQ-FRM PM2.5 with VSCC - Gravimetric,COM ED MAINTENANCE BLDG,7801 LAWNDALE,Illinois,Cook,Chicago,"Chicago-Naperville-Elgin, IL-IN-WI",2024-08-08,pm25
17,31,76,88101,1,41.7514,-87.713488,WGS84,PM2.5 - Local Conditions,24 HOUR,PM25 24-hour 2012,2021-07-09,Micrograms/cubic meter (LC),,1,100.0,4.9,4.9,0,27.0,545.0,Met One E-SEQ-FRM PM2.5 with VSCC - Gravimetric,COM ED MAINTENANCE BLDG,7801 LAWNDALE,Illinois,Cook,Chicago,"Chicago-Naperville-Elgin, IL-IN-WI",2024-08-08,pm25
17,31,76,88101,1,41.7514,-87.713488,WGS84,PM2.5 - Local Conditions,24 HOUR,PM25 24-hour 2012,2021-07-15,Micrograms/cubic meter (LC),,1,100.0,6.6,6.6,0,37.0,545.0,Met One E-SEQ-FRM PM2.5 with VSCC - Gravimetric,COM ED MAINTENANCE BLDG,7801 LAWNDALE,Illinois,Cook,Chicago,"Chicago-Naperville-Elgin, IL-IN-WI",2024-08-08,pm25
17,31,76,88101,1,41.7514,-87.713488,WGS84,PM2.5 - Local Conditions,24 HOUR,PM25 24-hour 2012,2021-07-21,Micrograms/cubic meter (LC),,1,100.0,19.3,19.3,0,70.0,545.0,Met One E-SEQ-FRM PM2.5 with VSCC - Gravimetric,COM ED MAINTENANCE BLDG,7801 LAWNDALE,Illinois,Cook,Chicago,"Chicago-Naperville-Elgin, IL-IN-WI",2024-08-08,pm25
17,31,76,88101,1,41.7514,-87.713488,WGS84,PM2.5 - Local Conditions,24 HOUR,PM25 24-hour 2012,2021-07-27,Micrograms/cubic meter (LC),,1,100.0,12.8,12.8,0,58.0,545.0,Met One E-SEQ-FRM PM2.5 with VSCC - Gravimetric,COM ED MAINTENANCE BLDG,7801 LAWNDALE,Illinois,Cook,Chicago,"Chicago-Naperville-Elgin, IL-IN-WI",2024-08-08,pm25
17,31,76,88101,1,41.7514,-87.713488,WGS84,PM2.5 - Local Conditions,24 HOUR,PM25 24-hour 2012,2021-08-02,Micrograms/cubic meter (LC),,1,100.0,10.5,10.5,0,54.0,545.0,Met One E-SEQ-FRM PM2.5 with VSCC - Gravimetric,COM ED MAINTENANCE BLDG,7801 LAWNDALE,Illinois,Cook,Chicago,"Chicago-Naperville-Elgin, IL-IN-WI",2024-08-08,pm25
17,31,76,88101,1,41.7514,-87.713488,WGS84,PM2.5 - Local Conditions,24 HOUR,PM25 24-hour 2012,2021-08-08,Micrograms/cubic meter (LC),,1,100.0,17.1,17.1,0,66.0,545.0,Met One E-SEQ-FRM PM2.5 with VSCC - Gravimetric,COM ED MAINTENANCE BLDG,7801 LAWNDALE,Illinois,Cook,Chicago,"Chicago-Naperville-Elgin, IL-IN-WI",2024-08-08,pm25
17,31,76,88101,1,41.7514,-87.713488,WGS84,PM2.5 - Local Conditions,24 HOUR,PM25 24-hour 2012,2021-08-14,Micrograms/cubic meter (LC),,1,100.0,7.2,7.2,0,40.0,545.0,Met One E-SEQ-FRM PM2.5 with VSCC - Gravimetric,COM ED MAINTENANCE BLDG,7801 LAWNDALE,Illinois,Cook,Chicago,"Chicago-Naperville-Elgin, IL-IN-WI",2024-08-08,pm25
17,31,76,88101,1,41.7514,-87.713488,WGS84,PM2.5 - Local Conditions,24 HOUR,PM25 24-hour 2012,2021-08-20,Micrograms/cubic meter (LC),,1,100.0,16.5,16.5,0,65.0,545.0,Met One E-SEQ-FRM PM2.5 with VSCC - Gravimetric,COM ED MAINTENANCE BLDG,7801 LAWNDALE,Illinois,Cook,Chicago,"Chicago-Naperville-Elgin, IL-IN-WI",2024-08-08,pm25
17,31,76,88101,1,41.7514,-87.713488,WGS84,PM2.5 - Local Conditions,24 HOUR,PM25 24-hour 2012,2021-08-26,Micrograms/cubic meter (LC),,1,100.0,7.4,7.4,0,41.0,545.0,Met One E-SEQ-FRM PM2.5 with VSCC - Gravimetric,COM ED MAINTENANCE BLDG,7801 LAWNDALE,Illinois,Cook,Chicago,"Chicago-Naperville-Elgin, IL-IN-WI",2024-08-08,pm25
17,31,76,88101,1,41.7514,-87.713488,WGS84,PM2.5 - Local Conditions,24 HOUR,PM25 24-hour 2012,2021-09-01,Micrograms/cubic meter (LC),,1,100.0,5.2,5.2,0,29.0,545.0,Met One E-SEQ-FRM PM2.5 with VSCC - Gravimetric,COM ED MAINTENANCE BLDG,7801 LAWNDALE,Illinois,Cook,Chicago,"Chicago-Naperville-Elgin, IL-IN-WI",2024-08-08,pm25
17,31,76,88101,1,41.7514,-87.713488,WGS84,PM2.5 - Local Conditions,24 HOUR,PM25 24-hour 2012,2021-09-07,Micrograms/cubic meter (LC),,1,100.0,11.0,11.0,0,55.0,545.0,Met One E-SEQ-FRM PM2.5 with VSCC - Gravimetric,COM ED MAINTENANCE BLDG,7801 LAWNDALE,Illinois,Cook,Chicago,"Chicago-Naperville-Elgin, IL-IN-WI",2024-08-08,pm25
17,31,76,88101,1,41.7514,-87.713488,WGS84,PM2.5 - Local Conditions,24 HOUR,PM25 24-hour 2012,2021-09-13,Micrograms/cubic meter (LC),,1,100.0,12.3,12.3,0,57.0,545.0,Met One E-SEQ-FRM PM2.5 with VSCC - Gravimetric,COM ED MAINTENANCE BLDG,7801 LAWNDALE,Illinois,Cook,Chicago,"Chicago-Naperville-Elgin, IL-IN-WI",2024-08-08,pm25
17,31,76,88101,1,41.7514,-87.713488,WGS84,PM2.5 - Local Conditions,24 HOUR,PM25 24-hour 2012,2021-09-19,Micrograms/cubic meter (LC),,1,100.0,4.0,4.0,0,22.0,545.0,Met One E-SEQ-FRM PM2.5 with VSCC - Gravimetric,COM ED MAINTENANCE BLDG,7801 LAWNDALE,Illinois,Cook,Chicago,"Chicago-Naperville-Elgin, IL-IN-WI",2024-08-08,pm25
17,31,76,88101,1,41.7514,-87.713488,WGS84,PM2.5 - Local Conditions,24 HOUR,PM25 24-hour 2012,2021-09-25,Micrograms/cubic meter (LC),,1,100.0,3.2,3.2,0,18.0,545.0,Met One E-SEQ-FRM PM2.5 with VSCC - Gravimetric,COM ED MAINTENANCE BLDG,7801 LAWNDALE,Illinois,Cook,Chicago,"Chicago-Naperville-Elgin, IL-IN-WI",2024-08-08,pm25
17,31,76,88101,1,41.7514,-87.713488,WGS84,PM2.5 - Local Conditions,24 HOUR,PM25 24-hour 2012,2021-10-01,Micrograms/cubic meter (LC),,1,100.0,13.2,13.2,0,59.0,545.0,Met One E-SEQ-FRM PM2.5 with VSCC - Gravimetric,COM ED MAINTENANCE BLDG,7801 LAWNDALE,Illinois,Cook,Chicago,"Chicago-Naperville-Elgin, IL-IN-WI",2024-08-08,pm25
17,31,76,88101,1,41.7514,-87.713488,WGS84,PM2.5 - Local Conditions,24 HOUR,PM25 24-hour 2012,2021-10-07,Micrograms/cubic meter (LC),,1,100.0,7.8,7.8,0,43.0,545.0,Met One E-SEQ-FRM PM2.5 with VSCC - Gravimetric,COM ED MAINTENANCE BLDG,7801 LAWNDALE,Illinois,Cook,Chicago,"Chicago-Naperville-Elgin, IL-IN-WI",2024-08-08,pm25
17,31,76,88101,1,41.7514,-87.713488,WGS84,PM2.5 - Local Conditions,24 HOUR,PM25 24-hour 2012,2021-10-13,Micrograms/cubic meter (LC),,1,100.0,10.2,10.2,0,53.0,545.0,Met One E-SEQ-FRM PM2.5 with VSCC - Gravimetric,COM ED MAINTENANCE BLDG,7801 LAWNDALE,Illinois,Cook,Chicago,"Chicago-Naperville-Elgin, IL-IN-WI",2024-08-08,pm25
17,31,76,88101,1,41.7514,-87.713488,WGS84,PM2.5 - Local Conditions,24 HOUR,PM25 24-hour 2012,2021-10-19,Micrograms/cubic meter (LC),,1,100.0,9.2,9.2,0,51.0,545.0,Met One E-SEQ-FRM PM2.5 with VSCC - Gravimetric,COM ED MAINTENANCE BLDG,7801 LAWNDALE,Illinois,Cook,Chicago,"Chicago-Naperville-Elgin, IL-IN-WI",2024-08-08,pm25
17,31,76,88101,1,41.7514,-87.713488,WGS84,PM2.5 - Local Conditions,24 HOUR,PM25 24-hour 2012,2021-10-25,Micrograms/cubic meter (LC),,1,100.0,1.4,1.4,0,8.0,545.0,Met One E-SEQ-FRM PM2.5 with VSCC - Gravimetric,COM ED MAINTENANCE BLDG,7801 LAWNDALE,Illinois,Cook,Chicago,"Chicago-Naperville-Elgin, IL-IN-WI",2024-08-08,pm25
17,31,76,88101,1,41.7514,-87.713488,WGS84,PM2.5 - Local Conditions,24 HOUR,PM25 24-hour 2012,2021-10-31,Micrograms/cubic meter (LC),,1,100.0,6.7,6.7,0,37.0,545.0,Met One E-SEQ-FRM PM2.5 with VSCC - Gravimetric,COM ED MAINTENANCE BLDG,7801 LAWNDALE,Illinois,Cook,Chicago,"Chicago-Naperville-Elgin, IL-IN-WI",2024-08-08,pm25
17,31,76,88101,1,41.7514,-87.713488,WGS84,PM2.5 - Local Conditions,24 HOUR,PM25 24-hour 2012,2021-11-06,Micrograms/cubic meter (LC),,1,100.0,10.5,10.5,0,54.0,545.0,Met One E-SEQ-FRM PM2.5 with VSCC - Gravimetric,COM ED MAINTENANCE BLDG,7801 LAWNDALE,Illinois,Cook,Chicago,"Chicago-Naperville-Elgin, IL-IN-WI",2024-08-08,pm25
17,31,76,88101,1,41.7514,-87.713488,WGS84,PM2.5 - Local Conditions,24 HOUR,PM25 24-hour 2012,2021-11-12,Micrograms/cubic meter (LC),,1,100.0,2.3,2.3,0,13.0,545.0,Met One E-SEQ-FRM PM2.5 with VSCC - Gravimetric,COM ED MAINTENANCE BLDG,7801 LAWNDALE,Illinois,Cook,Chicago,"Chicago-Naperville-Elgin, IL-IN-WI",2024-08-08,pm25
17,31,76,88101,1,41.7514,-87.713488,WGS84,PM2.5 - Local Conditions,24 HOUR,PM25 24-hour 2012,2021-11-18,Micrograms/cubic meter (LC),,1,100.0,2.1,2.1,0,12.0,545.0,Met One E-SEQ-FRM PM2.5 with VSCC - Gravimetric,COM ED MAINTENANCE BLDG,7801 LAWNDALE,Illinois,Cook,Chicago,"Chicago-Naperville-Elgin, IL-IN-WI",2024-08-08,pm25
17,31,76,88101,1,41.7514,-87.713488,WGS84,PM2.5 - Local Conditions,24 HOUR,PM25 24-hour 2012,2021-11-24,Micrograms/cubic meter (LC),,1,100.0,8.6,8.6,0,48.0,545.0,Met One E-SEQ-FRM PM2.5 with VSCC - Gravimetric,COM ED MAINTENANCE BLDG,7801 LAWNDALE,Illinois,Cook,Chicago,"Chicago-Naperville-Elgin, IL-IN-WI",2024-08-08,pm25
17,31,76,88101,1,41.7514,-87.713488,WGS84,PM2.5 - Local Conditions,24 HOUR,PM25 24-hour 2012,2021-11-30,Micrograms/cubic meter (LC),,1,100.0,5.5,5.5,0,31.0,545.0,Met One E-SEQ-FRM PM2.5 with VSCC - Gravimetric,COM ED MAINTENANCE BLDG,7801 LAWNDALE,Illinois,Cook,Chicago,"Chicago-Naperville-Elgin, IL-IN-WI",2024-08-08,pm25
17,31,76,88101,1,41.7514,-87.713488,WGS84,PM2.5 - Local Conditions,24 HOUR,PM25 24-hour 2012,2021-12-06,Micrograms/cubic meter (LC),,1,100.0,3.4,3.4,0,19.0,545.0,Met One E-SEQ-FRM PM2.5 with VSCC - Gravimetric,COM ED MAINTENANCE BLDG,7801 LAWNDALE,Illinois,Cook,Chicago,"Chicago-Naperville-Elgin, IL-IN-WI",2024-08-08,pm25
17,31,76,88101,1,41.7514,-87.713488,WGS84,PM2.5 - Local Conditions,24 HOUR,PM25 24-hour 2012,2021-12-12,Micrograms/cubic meter (LC),,1,100.0,2.8,2.8,0,16.0,545.0,Met One E-SEQ-FRM PM2.5 with VSCC - Gravimetric,COM ED MAINTENANCE BLDG,7801 LAWNDALE,Illinois,Cook,Chicago,"Chicago-Naperville-Elgin, IL-IN-WI",2024-08-08,pm25
17,31,76,88101,1,41.7514,-87.713488,WGS84,PM2.5 - Local Conditions,24 HOUR,PM25 24-hour 2012,2021-12-18,Micrograms/cubic meter (LC),,1,100.0,4.8,4.8,0,27.0,545.0,Met One E-SEQ-FRM PM2.5 with VSCC - Gravimetric,COM ED MAINTENANCE BLDG,7801 LAWNDALE,Illinois,Cook,Chicago,"Chicago-Naperville-Elgin, IL-IN-WI",2024-08-08,pm25
17,31,76,88101,1,41.7514,-87.713488,WGS84,PM2.5 - Local Conditions,24 HOUR,PM25 24-hour 2012,2021-12-24,Micrograms/cubic meter (LC),,1,100.0,7.8,7.8,0,43.0,545.0,Met One E-SEQ-FRM PM2.5 with VSCC - Gravimetric,COM ED MAINTENANCE BLDG,7801 LAWNDALE,Illinois,Cook,Chicago,"Chicago-Naperville-Elgin, IL-IN-WI",2024-08-08,pm25
17,31,76,88101,1,41.7514,-87.713488,WGS84,PM2.5 - Local Conditions,24 HOUR,PM25 24-hour 2012,2021-12-30,Micrograms/cubic meter (LC),,1,100.0,10.2,10.2,0,53.0,545.0,Met One E-SEQ-FRM PM2.5 with VSCC - Gravimetric,COM ED MAINTENANCE BLDG,7801 LAWNDALE,Illinois,Cook,Chicago,"Chicago-Naperville-Elgin, IL-IN-WI",2024-08-08,pm25
17,31,22,88101,1,41.687165,-87.539315,WGS84,PM2.5 - Local Conditions,24 HOUR,PM25 24-hour 2012,2022-01-02,Micrograms/cubic meter (LC),,1,100.0,3.8,3.8,0,21.0,545.0,Met One E-SEQ-FRM PM2.5 with VSCC - Gravimetric,WASHINGTON HS,3535 E. 114TH ST.,Illinois,Cook,Chicago,"Chicago-Naperville-Elgin, IL-IN-WI",2024-08-08,pm25
17,31,22,88101,1,41.687165,-87.539315,WGS84,PM2.5 - Local Conditions,24 HOUR,PM25 24-hour 2012,2022-01-05,Micrograms/cubic meter (LC),,1,100.0,8.4,8.4,0,47.0,545.0,Met One E-SEQ-FRM PM2.5 with VSCC - Gravimetric,WASHINGTON HS,3535 E. 114TH ST.,Illinois,Cook,Chicago,"Chicago-Naperville-Elgin, IL-IN-WI",2024-08-08,pm25
17,31,22,88101,1,41.687165,-87.539315,WGS84,PM2.5 - Local Conditions,24 HOUR,PM25 24-hour 2012,2022-01-08,Micrograms/cubic meter (LC),,1,100.0,7.8,7.8,0,43.0,545.0,Met One E-SEQ-FRM PM2.5 with VSCC - Gravimetric,WASHINGTON HS,3535 E. 114TH ST.,Illinois,Cook,Chicago,"Chicago-Naperville-Elgin, IL-IN-WI",2024-08-08,pm25
17,31,22,88101,1,41.687165,-87.539315,WGS84,PM2.5 - Local Conditions,24 HOUR,PM25 24-hour 2012,2022-01-14,Micrograms/cubic meter (LC),,1,100.0,4.0,4.0,0,22.0,545.0,Met One E-SEQ-FRM PM2.5 with VSCC - Gravimetric,WASHINGTON HS,3535 E. 114TH ST.,Illinois,Cook,Chicago,"Chicago-Naperville-Elgin, IL-IN-WI",2024-08-08,pm25
17,31,22,88101,1,41.687165,-87.539315,WGS84,PM2.5 - Local Conditions,24 HOUR,PM25 24-hour 2012,2022-01-17,Micrograms/cubic meter (LC),,1,100.0,10.5,10.5,0,54.0,545.0,Met One E-SEQ-FRM PM2.5 with VSCC - Gravimetric,WASHINGTON HS,3535 E. 114TH ST.,Illinois,Cook,Chicago,"Chicago-Naperville-Elgin, IL-IN-WI",2024-08-08,pm25
17,31,22,88101,1,41.687165,-87.539315,WGS84,PM2.5 - Local Conditions,24 HOUR,PM25 24-hour 2012,2022-01-20,Micrograms/cubic meter (LC),,1,100.0,5.7,5.7,0,32.0,545.0,Met One E-SEQ-FRM PM2.5 with VSCC - Gravimetric,WASHINGTON HS,3535 E. 114TH ST.,Illinois,Cook,Chicago,"Chicago-Naperville-Elgin, IL-IN-WI",2024-08-08,pm25
17,31,22,88101,1,41.687165,-87.539315,WGS84,PM2.5 - Local Conditions,24 HOUR,PM25 24-hour 2012,2022-01-23,Micrograms/cubic meter (LC),,1,100.0,6.1,6.1,0,34.0,545.0,Met One E-SEQ-FRM PM2.5 with VSCC - Gravimetric,WASHINGTON HS,3535 E. 114TH ST.,Illinois,Cook,Chicago,"Chicago-Naperville-Elgin, IL-IN-WI",2024-08-08,pm25
17,31,22,88101,1,41.687165,-87.539315,WGS84,PM2.5 - Local Conditions,24 HOUR,PM25 24-hour 2012,2022-01-26,Micrograms/cubic meter (LC),,1,100.0,13.7,13.7,0,60.0,545.0,Met One E-SEQ-FRM PM2.5 with VSCC - Gravimetric,WASHINGTON HS,3535 E. 114TH ST.,Illinois,Cook,Chicago,"Chicago-Naperville-Elgin, IL-IN-WI",2024-08-08,pm25
17,31,22,88101,1,41.687165,-87.539315,WGS84,PM2.5 - Local Conditions,24 HOUR,PM25 24-hour 2012,2022-01-29,Micrograms/cubic meter (LC),,1,100.0,12.0,12.0,0,56.0,545.0,Met One E-SEQ-FRM PM2.5 with VSCC - Gravimetric,WASHINGTON HS,3535 E. 114TH ST.,Illinois,Cook,Chicago,"Chicago-Naperville-Elgin, IL-IN-WI",2024-08-08,pm25
17,31,22,88101,1,41.687165,-87.539315,WGS84,PM2.5 - Local Conditions,24 HOUR,PM25 24-hour 2012,2022-02-01,Micrograms/cubic meter (LC),,1,100.0,18.3,18.3,0,68.0,545.0,Met One E-SEQ-FRM PM2.5 with VSCC - Gravimetric,WASHINGTON HS,3535 E. 114TH ST.,Illinois,Cook,Chicago,"Chicago-Naperville-Elgin, IL-IN-WI",2024-08-08,pm25
17,31,22,88101,1,41.687165,-87.539315,WGS84,PM2.5 - Local Conditions,24 HOUR,PM25 24-hour 2012,2022-02-04,Micrograms/cubic meter (LC),,1,100.0,11.6,11.6,0,56.0,545.0,Met One E-SEQ-FRM PM2.5 with VSCC - Gravimetric,WASHINGTON HS,3535 E. 114TH ST.,Illinois,Cook,Chicago,"Chicago-Naperville-Elgin, IL-IN-WI",2024-08-08,pm25
17,31,22,88101,1,41.687165,-87.539315,WGS84,PM2.5 - Local Conditions,24 HOUR,PM25 24-hour 2012,2022-02-07,Micrograms/cubic meter (LC),,1,100.0,15.4,15.4,0,63.0,545.0,Met One E-SEQ-FRM PM2.5 with VSCC - Gravimetric,WASHINGTON HS,3535 E. 114TH ST.,Illinois,Cook,Chicago,"Chicago-Naperville-Elgin, IL-IN-WI",2024-08-08,pm25
17,31,22,88101,1,41.687165,-87.539315,WGS84,PM2.5 - Local Conditions,24 HOUR,PM25 24-hour 2012,2022-02-10,Micrograms/cubic meter (LC),,1,100.0,5.0,5.0,0,28.0,545.0,Met One E-SEQ-FRM PM2.5 with VSCC - Gravimetric,WASHINGTON HS,3535 E. 114TH ST.,Illinois,Cook,Chicago,"Chicago-Naperville-Elgin, IL-IN-WI",2024-08-08,pm25
17,31,22,88101,1,41.687165,-87.539315,WGS84,PM2.5 - Local Conditions,24 HOUR,PM25 24-hour 2012,2022-02-13,Micrograms/cubic meter (LC),,1,100.0,6.0,6.0,0,33.0,545.0,Met One E-SEQ-FRM PM2.5 with VSCC - Gravimetric,WASHINGTON HS,3535 E. 114TH ST.,Illinois,Cook,Chicago,"Chicago-Naperville-Elgin, IL-IN-WI",2024-08-08,pm25
17,31,22,88101,1,41.687165,-87.539315,WGS84,PM2.5 - Local Conditions,24 HOUR,PM25 24-hour 2012,2022-02-17,Micrograms/cubic meter (LC),,1,100.0,7.9,7.9,0,44.0,545.0,Met One E-SEQ-FRM PM2.5 with VSCC - Gravimetric,WASHINGTON HS,3535 E. 114TH ST.,Illinois,Cook,Chicago,"Chicago-Naperville-Elgin, IL-IN-WI",2024-08-08,pm25
17,31,22,88101,1,41.687165,-87.539315,WGS84,PM2.5 - Local Conditions,24 HOUR,PM25 24-hour 2012,2022-02-19,Micrograms/cubic meter (LC),,1,100.0,5.2,5.2,0,29.0,545.0,Met One E-SEQ-FRM PM2.5 with VSCC - Gravimetric,WASHINGTON HS,3535 E. 114TH ST.,Illinois,Cook,Chicago,"Chicago-Naperville-Elgin, IL-IN-WI",2024-08-08,pm25
17,31,22,88101,1,41.687165,-87.539315,WGS84,PM2.5 - Local Conditions,24 HOUR,PM25 24-hour 2012,2022-02-22,Micrograms/cubic meter (LC),,1,100.0,4.4,4.4,0,24.0,545.0,Met One E-SEQ-FRM PM2.5 with VSCC - Gravimetric,WASHINGTON HS,3535 E. 114TH ST.,Illinois,Cook,Chicago,"Chicago-Naperville-Elgin, IL-IN-WI",2024-08-08,pm25
17,31,22,88101,1,41.687165,-87.539315,WGS84,PM2.5 - Local Conditions,24 HOUR,PM25 24-hour 2012,2022-02-25,Micrograms/cubic meter (LC),,1,100.0,5.6,5.6,0,31.0,545.0,Met One E-SEQ-FRM PM2.5 with VSCC - Gravimetric,WASHINGTON HS,3535 E. 114TH ST.,Illinois,Cook,Chicago,"Chicago-Naperville-Elgin, IL-IN-WI",2024-08-08,pm25
17,31,22,88101,1,41.687165,-87.539315,WGS84,PM2.5 - Local Conditions,24 HOUR,PM25 24-hour 2012,2022-02-28,Micrograms/cubic meter (LC),,1,100.0,12.5,12.5,0,57.0,545.0,Met One E-SEQ-FRM PM2.5 with VSCC - Gravimetric,WASHINGTON HS,3535 E. 114TH ST.,Illinois,Cook,Chicago,"Chicago-Naperville-Elgin, IL-IN-WI",2024-08-08,pm25
17,31,22,88101,1,41.687165,-87.539315,WGS84,PM2.5 - Local Conditions,24 HOUR,PM25 24-hour 2012,2022-03-03,Micrograms/cubic meter (LC),,1,100.0,2.0,2.0,0,11.0,545.0,Met One E-SEQ-FRM PM2.5 with VSCC - Gravimetric,WASHINGTON HS,3535 E. 114TH ST.,Illinois,Cook,Chicago,"Chicago-Naperville-Elgin, IL-IN-WI",2024-08-08,pm25
17,31,22,88101,1,41.687165,-87.539315,WGS84,PM2.5 - Local Conditions,24 HOUR,PM25 24-hour 2012,2022-03-06,Micrograms/cubic meter (LC),,1,100.0,6.7,6.7,0,37.0,545.0,Met One E-SEQ-FRM PM2.5 with VSCC - Gravimetric,WASHINGTON HS,3535 E. 114TH ST.,Illinois,Cook,Chicago,"Chicago-Naperville-Elgin, IL-IN-WI",2024-08-08,pm25
17,31,22,88101,1,41.687165,-87.539315,WGS84,PM2.5 - Local Conditions,24 HOUR,PM25 24-hour 2012,2022-03-09,Micrograms/cubic meter (LC),,1,100.0,10.2,10.2,0,53.0,545.0,Met One E-SEQ-FRM PM2.5 with VSCC - Gravimetric,WASHINGTON HS,3535 E. 114TH ST.,Illinois,Cook,Chicago,"Chicago-Naperville-Elgin, IL-IN-WI",2024-08-08,pm25
17,31,22,88101,1,41.687165,-87.539315,WGS84,PM2.5 - Local Conditions,24 HOUR,PM25 24-hour 2012,2022-03-12,Micrograms/cubic meter (LC),,1,100.0,4.1,4.1,0,23.0,545.0,Met One E-SEQ-FRM PM2.5 with VSCC - Gravimetric,WASHINGTON HS,3535 E. 114TH ST.,Illinois,Cook,Chicago,"Chicago-Naperville-Elgin, IL-IN-WI",2024-08-08,pm25
17,31,22,88101,1,41.687165,-87.539315,WGS84,PM2.5 - Local Conditions,24 HOUR,PM25 24-hour 2012,2022-03-15,Micrograms/cubic meter (LC),,1,100.0,8.4,8.4,0,47.0,545.0,Met One E-SEQ-FRM PM2.5 with VSCC - Gravimetric,WASHINGTON HS,3535 E. 114TH ST.,Illinois,Cook,Chicago,"Chicago-Naperville-Elgin, IL-IN-WI",2024-08-08,pm25
17,31,22,88101,1,41.687165,-87.539315,WGS84,PM2.5 - Local Conditions,24 HOUR,PM25 24-hour 2012,2022-03-21,Micrograms/cubic meter (LC),,1,100.0,9.3,9.3,0,51.0,545.0,Met One E-SEQ-FRM PM2.5 with VSCC - Gravimetric,WASHINGTON HS,3535 E. 114TH ST.,Illinois,Cook,Chicago,"Chicago-Naperville-Elgin, IL-IN-WI",2024-08-08,pm25
17,31,22,88101,1,41.687165,-87.539315,WGS84,PM2.5 - Local Conditions,24 HOUR,PM25 24-hour 2012,2022-03-24,Micrograms/cubic meter (LC),,1,100.0,3.4,3.4,0,19.0,545.0,Met One E-SEQ-FRM PM2.5 with VSCC - Gravimetric,WASHINGTON HS,3535 E. 114TH ST.,Illinois,Cook,Chicago,"Chicago-Naperville-Elgin, IL-IN-WI",2024-08-08,pm25
17,31,22,88101,1,41.687165,-87.539315,WGS84,PM2.5 - Local Conditions,24 HOUR,PM25 24-hour 2012,2022-03-27,Micrograms/cubic meter (LC),,1,100.0,3.0,3.0,0,17.0,545.0,Met One E-SEQ-FRM PM2.5 with VSCC - Gravimetric,WASHINGTON HS,3535 E. 114TH ST.,Illinois,Cook,Chicago,"Chicago-Naperville-Elgin, IL-IN-WI",2024-08-08,pm25
17,31,22,88101,1,41.687165,-87.539315,WGS84,PM2.5 - Local Conditions,24 HOUR,PM25 24-hour 2012,2022-03-30,Micrograms/cubic meter (LC),,1,100.0,6.8,6.8,0,38.0,545.0,Met One E-SEQ-FRM PM2.5 with VSCC - Gravimetric,WASHINGTON HS,3535 E. 114TH ST.,Illinois,Cook,Chicago,"Chicago-Naperville-Elgin, IL-IN-WI",2024-08-08,pm25
17,31,22,88101,1,41.687165,-87.539315,WGS84,PM2.5 - Local Conditions,24 HOUR,PM25 24-hour 2012,2022-04-02,Micrograms/cubic meter (LC),,1,100.0,7.6,7.6,0,42.0,545.0,Met One E-SEQ-FRM PM2.5 with VSCC - Gravimetric,WASHINGTON HS,3535 E. 114TH ST.,Illinois,Cook,Chicago,"Chicago-Naperville-Elgin, IL-IN-WI",2024-08-08,pm25
17,31,22,88101,1,41.687165,-87.539315,WGS84,PM2.5 - Local Conditions,24 HOUR,PM25 24-hour 2012,2022-04-05,Micrograms/cubic meter (LC),,1,100.0,20.7,20.7,0,73.0,545.0,Met One E-SEQ-FRM PM2.5 with VSCC - Gravimetric,WASHINGTON HS,3535 E. 114TH ST.,Illinois,Cook,Chicago,"Chicago-Naperville-Elgin, IL-IN-WI",2024-08-08,pm25
17,31,22,88101,1,41.687165,-87.539315,WGS84,PM2.5 - Local Conditions,24 HOUR,PM25 24-hour 2012,2022-04-08,Micrograms/cubic meter (LC),,1,100.0,2.4,2.4,0,13.0,545.0,Met One E-SEQ-FRM PM2.5 with VSCC - Gravimetric,WASHINGTON HS,3535 E. 114TH ST.,Illinois,Cook,Chicago,"Chicago-Naperville-Elgin, IL-IN-WI",2024-08-08,pm25
17,31,22,88101,1,41.687165,-87.539315,WGS84,PM2.5 - Local Conditions,24 HOUR,PM25 24-hour 2012,2022-04-11,Micrograms/cubic meter (LC),,1,100.0,9.2,9.2,0,51.0,545.0,Met One E-SEQ-FRM PM2.5 with VSCC - Gravimetric,WASHINGTON HS,3535 E. 114TH ST.,Illinois,Cook,Chicago,"Chicago-Naperville-Elgin, IL-IN-WI",2024-08-08,pm25
17,31,22,88101,1,41.687165,-87.539315,WGS84,PM2.5 - Local Conditions,24 HOUR,PM25 24-hour 2012,2022-04-14,Micrograms/cubic meter (LC),,1,100.0,5.5,5.5,0,31.0,545.0,Met One E-SEQ-FRM PM2.5 with VSCC - Gravimetric,WASHINGTON HS,3535 E. 114TH ST.,Illinois,Cook,Chicago,"Chicago-Naperville-Elgin, IL-IN-WI",2024-08-08,pm25
17,31,22,88101,1,41.687165,-87.539315,WGS84,PM2.5 - Local Conditions,24 HOUR,PM25 24-hour 2012,2022-04-17,Micrograms/cubic meter (LC),,1,100.0,2.5,2.5,0,14.0,545.0,Met One E-SEQ-FRM PM2.5 with VSCC - Gravimetric,WASHINGTON HS,3535 E. 114TH ST.,Illinois,Cook,Chicago,"Chicago-Naperville-Elgin, IL-IN-WI",2024-08-08,pm25
17,31,22,88101,1,41.687165,-87.539315,WGS84,PM2.5 - Local Conditions,24 HOUR,PM25 24-hour 2012,2022-04-20,Micrograms/cubic meter (LC),,1,100.0,7.7,7.7,0,43.0,545.0,Met One E-SEQ-FRM PM2.5 with VSCC - Gravimetric,WASHINGTON HS,3535 E. 114TH ST.,Illinois,Cook,Chicago,"Chicago-Naperville-Elgin, IL-IN-WI",2024-08-08,pm25
17,31,22,88101,1,41.687165,-87.539315,WGS84,PM2.5 - Local Conditions,24 HOUR,PM25 24-hour 2012,2022-04-26,Micrograms/cubic meter (LC),,1,100.0,15.0,15.0,0,62.0,545.0,Met One E-SEQ-FRM PM2.5 with VSCC - Gravimetric,WASHINGTON HS,3535 E. 114TH ST.,Illinois,Cook,Chicago,"Chicago-Naperville-Elgin, IL-IN-WI",2024-08-08,pm25
17,31,22,88101,1,41.687165,-87.539315,WGS84,PM2.5 - Local Conditions,24 HOUR,PM25 24-hour 2012,2022-04-29,Micrograms/cubic meter (LC),,1,100.0,7.6,7.6,0,42.0,545.0,Met One E-SEQ-FRM PM2.5 with VSCC - Gravimetric,WASHINGTON HS,3535 E. 114TH ST.,Illinois,Cook,Chicago,"Chicago-Naperville-Elgin, IL-IN-WI",2024-08-08,pm25
17,31,22,88101,1,41.687165,-87.539315,WGS84,PM2.5 - Local Conditions,24 HOUR,PM25 24-hour 2012,2022-05-02,Micrograms/cubic meter (LC),,1,100.0,6.8,6.8,0,38.0,545.0,Met One E-SEQ-FRM PM2.5 with VSCC - Gravimetric,WASHINGTON HS,3535 E. 114TH ST.,Illinois,Cook,Chicago,"Chicago-Naperville-Elgin, IL-IN-WI",2024-08-08,pm25
17,31,22,88101,1,41.687165,-87.539315,WGS84,PM2.5 - Local Conditions,24 HOUR,PM25 24-hour 2012,2022-05-08,Micrograms/cubic meter (LC),,1,100.0,4.8,4.8,0,27.0,545.0,Met One E-SEQ-FRM PM2.5 with VSCC - Gravimetric,WASHINGTON HS,3535 E. 114TH ST.,Illinois,Cook,Chicago,"Chicago-Naperville-Elgin, IL-IN-WI",2024-08-08,pm25
17,31,22,88101,1,41.687165,-87.539315,WGS84,PM2.5 - Local Conditions,24 HOUR,PM25 24-hour 2012,2022-05-11,Micrograms/cubic meter (LC),,1,100.0,23.1,23.1,0,77.0,545.0,Met One E-SEQ-FRM PM2.5 with VSCC - Gravimetric,WASHINGTON HS,3535 E. 114TH ST.,Illinois,Cook,Chicago,"Chicago-Naperville-Elgin, IL-IN-WI",2024-08-08,pm25
17,31,22,88101,1,41.687165,-87.539315,WGS84,PM2.5 - Local Conditions,24 HOUR,PM25 24-hour 2012,2022-05-12,Micrograms/cubic meter (LC),,1,100.0,13.0,13.0,0,58.0,545.0,Met One E-SEQ-FRM PM2.5 with VSCC - Gravimetric,WASHINGTON HS,3535 E. 114TH ST.,Illinois,Cook,Chicago,"Chicago-Naperville-Elgin, IL-IN-WI",2024-08-08,pm25
17,31,22,88101,1,41.687165,-87.539315,WGS84,PM2.5 - Local Conditions,24 HOUR,PM25 24-hour 2012,2022-05-14,Micrograms/cubic meter (LC),,1,100.0,12.4,12.4,0,57.0,545.0,Met One E-SEQ-FRM PM2.5 with VSCC - Gravimetric,WASHINGTON HS,3535 E. 114TH ST.,Illinois,Cook,Chicago,"Chicago-Naperville-Elgin, IL-IN-WI",2024-08-08,pm25
17,31,22,88101,1,41.687165,-87.539315,WGS84,PM2.5 - Local Conditions,24 HOUR,PM25 24-hour 2012,2022-05-17,Micrograms/cubic meter (LC),,1,100.0,4.1,4.1,0,23.0,545.0,Met One E-SEQ-FRM PM2.5 with VSCC - Gravimetric,WASHINGTON HS,3535 E. 114TH ST.,Illinois,Cook,Chicago,"Chicago-Naperville-Elgin, IL-IN-WI",2024-08-08,pm25
17,31,22,88101,1,41.687165,-87.539315,WGS84,PM2.5 - Local Conditions,24 HOUR,PM25 24-hour 2012,2022-05-20,Micrograms/cubic meter (LC),,1,100.0,10.4,10.4,0,53.0,545.0,Met One E-SEQ-FRM PM2.5 with VSCC - Gravimetric,WASHINGTON HS,3535 E. 114TH ST.,Illinois,Cook,Chicago,"Chicago-Naperville-Elgin, IL-IN-WI",2024-08-08,pm25
17,31,22,88101,1,41.687165,-87.539315,WGS84,PM2.5 - Local Conditions,24 HOUR,PM25 24-hour 2012,2022-05-23,Micrograms/cubic meter (LC),,1,100.0,3.4,3.4,0,19.0,545.0,Met One E-SEQ-FRM PM2.5 with VSCC - Gravimetric,WASHINGTON HS,3535 E. 114TH ST.,Illinois,Cook,Chicago,"Chicago-Naperville-Elgin, IL-IN-WI",2024-08-08,pm25
17,31,22,88101,1,41.687165,-87.539315,WGS84,PM2.5 - Local Conditions,24 HOUR,PM25 24-hour 2012,2022-05-26,Micrograms/cubic meter (LC),,1,100.0,5.5,5.5,0,31.0,545.0,Met One E-SEQ-FRM PM2.5 with VSCC - Gravimetric,WASHINGTON HS,3535 E. 114TH ST.,Illinois,Cook,Chicago,"Chicago-Naperville-Elgin, IL-IN-WI",2024-08-08,pm25
17,31,22,88101,1,41.687165,-87.539315,WGS84,PM2.5 - Local Conditions,24 HOUR,PM25 24-hour 2012,2022-05-29,Micrograms/cubic meter (LC),,1,100.0,7.5,7.5,0,42.0,545.0,Met One E-SEQ-FRM PM2.5 with VSCC - Gravimetric,WASHINGTON HS,3535 E. 114TH ST.,Illinois,Cook,Chicago,"Chicago-Naperville-Elgin, IL-IN-WI",2024-08-08,pm25
17,31,22,88101,1,41.687165,-87.539315,WGS84,PM2.5 - Local Conditions,24 HOUR,PM25 24-hour 2012,2022-06-01,Micrograms/cubic meter (LC),,1,100.0,4.8,4.8,0,27.0,545.0,Met One E-SEQ-FRM PM2.5 with VSCC - Gravimetric,WASHINGTON HS,3535 E. 114TH ST.,Illinois,Cook,Chicago,"Chicago-Naperville-Elgin, IL-IN-WI",2024-08-08,pm25
17,31,22,88101,1,41.687165,-87.539315,WGS84,PM2.5 - Local Conditions,24 HOUR,PM25 24-hour 2012,2022-06-04,Micrograms/cubic meter (LC),,1,100.0,6.8,6.8,0,38.0,545.0,Met One E-SEQ-FRM PM2.5 with VSCC - Gravimetric,WASHINGTON HS,3535 E. 114TH ST.,Illinois,Cook,Chicago,"Chicago-Naperville-Elgin, IL-IN-WI",2024-08-08,pm25
17,31,22,88101,1,41.687165,-87.539315,WGS84,PM2.5 - Local Conditions,24 HOUR,PM25 24-hour 2012,2022-06-07,Micrograms/cubic meter (LC),,1,100.0,2.4,2.4,0,13.0,545.0,Met One E-SEQ-FRM PM2.5 with VSCC - Gravimetric,WASHINGTON HS,3535 E. 114TH ST.,Illinois,Cook,Chicago,"Chicago-Naperville-Elgin, IL-IN-WI",2024-08-08,pm25
17,31,22,88101,1,41.687165,-87.539315,WGS84,PM2.5 - Local Conditions,24 HOUR,PM25 24-hour 2012,2022-06-10,Micrograms/cubic meter (LC),,1,100.0,8.0,8.0,0,44.0,545.0,Met One E-SEQ-FRM PM2.5 with VSCC - Gravimetric,WASHINGTON HS,3535 E. 114TH ST.,Illinois,Cook,Chicago,"Chicago-Naperville-Elgin, IL-IN-WI",2024-08-08,pm25
17,31,22,88101,1,41.687165,-87.539315,WGS84,PM2.5 - Local Conditions,24 HOUR,PM25 24-hour 2012,2022-06-13,Micrograms/cubic meter (LC),,1,100.0,10.0,10.0,0,53.0,545.0,Met One E-SEQ-FRM PM2.5 with VSCC - Gravimetric,WASHINGTON HS,3535 E. 114TH ST.,Illinois,Cook,Chicago,"Chicago-Naperville-Elgin, IL-IN-WI",2024-08-08,pm25
17,31,22,88101,1,41.687165,-87.539315,WGS84,PM2.5 - Local Conditions,24 HOUR,PM25 24-hour 2012,2022-06-16,Micrograms/cubic meter (LC),,1,100.0,13.0,13.0,0,58.0,545.0,Met One E-SEQ-FRM PM2.5 with VSCC - Gravimetric,WASHINGTON HS,3535 E. 114TH ST.,Illinois,Cook,Chicago,"Chicago-Naperville-Elgin, IL-IN-WI",2024-08-08,pm25
17,31,22,88101,1,41.687165,-87.539315,WGS84,PM2.5 - Local Conditions,24 HOUR,PM25 24-hour 2012,2022-06-19,Micrograms/cubic meter (LC),,1,100.0,6.2,6.2,0,34.0,545.0,Met One E-SEQ-FRM PM2.5 with VSCC - Gravimetric,WASHINGTON HS,3535 E. 114TH ST.,Illinois,Cook,Chicago,"Chicago-Naperville-Elgin, IL-IN-WI",2024-08-08,pm25
17,31,22,88101,1,41.687165,-87.539315,WGS84,PM2.5 - Local Conditions,24 HOUR,PM25 24-hour 2012,2022-06-22,Micrograms/cubic meter (LC),,1,100.0,5.8,5.8,0,32.0,545.0,Met One E-SEQ-FRM PM2.5 with VSCC - Gravimetric,WASHINGTON HS,3535 E. 114TH ST.,Illinois,Cook,Chicago,"Chicago-Naperville-Elgin, IL-IN-WI",2024-08-08,pm25
17,31,22,88101,1,41.687165,-87.539315,WGS84,PM2.5 - Local Conditions,24 HOUR,PM25 24-hour 2012,2022-06-25,Micrograms/cubic meter (LC),,1,100.0,10.4,10.4,0,53.0,545.0,Met One E-SEQ-FRM PM2.5 with VSCC - Gravimetric,WASHINGTON HS,3535 E. 114TH ST.,Illinois,Cook,Chicago,"Chicago-Naperville-Elgin, IL-IN-WI",2024-08-08,pm25
17,31,22,88101,1,41.687165,-87.539315,WGS84,PM2.5 - Local Conditions,24 HOUR,PM25 24-hour 2012,2022-06-28,Micrograms/cubic meter (LC),,1,100.0,10.0,10.0,0,53.0,545.0,Met One E-SEQ-FRM PM2.5 with VSCC - Gravimetric,WASHINGTON HS,3535 E. 114TH ST.,Illinois,Cook,Chicago,"Chicago-Naperville-Elgin, IL-IN-WI",2024-08-08,pm25
17,31,22,88101,1,41.687165,-87.539315,WGS84,PM2.5 - Local Conditions,24 HOUR,PM25 24-hour 2012,2022-07-01,Micrograms/cubic meter (LC),,1,100.0,12.1,12.1,0,57.0,545.0,Met One E-SEQ-FRM PM2.5 with VSCC - Gravimetric,WASHINGTON HS,3535 E. 114TH ST.,Illinois,Cook,Chicago,"Chicago-Naperville-Elgin, IL-IN-WI",2024-08-08,pm25
17,31,22,88101,1,41.687165,-87.539315,WGS84,PM2.5 - Local Conditions,24 HOUR,PM25 24-hour 2012,2022-07-04,Micrograms/cubic meter (LC),,1,100.0,15.0,15.0,0,62.0,545.0,Met One E-SEQ-FRM PM2.5 with VSCC - Gravimetric,WASHINGTON HS,3535 E. 114TH ST.,Illinois,Cook,Chicago,"Chicago-Naperville-Elgin, IL-IN-WI",2024-08-08,pm25
17,31,22,88101,1,41.687165,-87.539315,WGS84,PM2.5 - Local Conditions,24 HOUR,PM25 24-hour 2012,2022-07-07,Micrograms/cubic meter (LC),,1,100.0,10.3,10.3,0,53.0,545.0,Met One E-SEQ-FRM PM2.5 with VSCC - Gravimetric,WASHINGTON HS,3535 E. 114TH ST.,Illinois,Cook,Chicago,"Chicago-Naperville-Elgin, IL-IN-WI",2024-08-08,pm25
17,31,22,88101,1,41.687165,-87.539315,WGS84,PM2.5 - Local Conditions,24 HOUR,PM25 24-hour 2012,2022-07-10,Micrograms/cubic meter (LC),,1,100.0,8.0,8.0,0,44.0,545.0,Met One E-SEQ-FRM PM2.5 with VSCC - Gravimetric,WASHINGTON HS,3535 E. 114TH ST.,Illinois,Cook,Chicago,"Chicago-Naperville-Elgin, IL-IN-WI",2024-08-08,pm25
17,31,22,88101,1,41.687165,-87.539315,WGS84,PM2.5 - Local Conditions,24 HOUR,PM25 24-hour 2012,2022-07-13,Micrograms/cubic meter (LC),,1,100.0,7.3,7.3,0,41.0,545.0,Met One E-SEQ-FRM PM2.5 with VSCC - Gravimetric,WASHINGTON HS,3535 E. 114TH ST.,Illinois,Cook,Chicago,"Chicago-Naperville-Elgin, IL-IN-WI",2024-08-08,pm25
17,31,22,88101,1,41.687165,-87.539315,WGS84,PM2.5 - Local Conditions,24 HOUR,PM25 24-hour 2012,2022-07-16,Micrograms/cubic meter (LC),,1,100.0,8.1,8.1,0,45.0,545.0,Met One E-SEQ-FRM PM2.5 with VSCC - Gravimetric,WASHINGTON HS,3535 E. 114TH ST.,Illinois,Cook,Chicago,"Chicago-Naperville-Elgin, IL-IN-WI",2024-08-08,pm25
17,31,22,88101,1,41.687165,-87.539315,WGS84,PM2.5 - Local Conditions,24 HOUR,PM25 24-hour 2012,2022-07-19,Micrograms/cubic meter (LC),,1,100.0,11.0,11.0,0,55.0,545.0,Met One E-SEQ-FRM PM2.5 with VSCC - Gravimetric,WASHINGTON HS,3535 E. 114TH ST.,Illinois,Cook,Chicago,"Chicago-Naperville-Elgin, IL-IN-WI",2024-08-08,pm25
17,31,22,88101,1,41.687165,-87.539315,WGS84,PM2.5 - Local Conditions,24 HOUR,PM25 24-hour 2012,2022-07-22,Micrograms/cubic meter (LC),,1,100.0,7.4,7.4,0,41.0,545.0,Met One E-SEQ-FRM PM2.5 with VSCC - Gravimetric,WASHINGTON HS,3535 E. 114TH ST.,Illinois,Cook,Chicago,"Chicago-Naperville-Elgin, IL-IN-WI",2024-08-08,pm25
17,31,22,88101,1,41.687165,-87.539315,WGS84,PM2.5 - Local Conditions,24 HOUR,PM25 24-hour 2012,2022-07-25,Micrograms/cubic meter (LC),,1,100.0,4.0,4.0,0,22.0,545.0,Met One E-SEQ-FRM PM2.5 with VSCC - Gravimetric,WASHINGTON HS,3535 E. 114TH ST.,Illinois,Cook,Chicago,"Chicago-Naperville-Elgin, IL-IN-WI",2024-08-08,pm25
17,31,22,88101,1,41.687165,-87.539315,WGS84,PM2.5 - Local Conditions,24 HOUR,PM25 24-hour 2012,2022-07-28,Micrograms/cubic meter (LC),,1,100.0,7.7,7.7,0,43.0,545.0,Met One E-SEQ-FRM PM2.5 with VSCC - Gravimetric,WASHINGTON HS,3535 E. 114TH ST.,Illinois,Cook,Chicago,"Chicago-Naperville-Elgin, IL-IN-WI",2024-08-08,pm25
17,31,22,88101,1,41.687165,-87.539315,WGS84,PM2.5 - Local Conditions,24 HOUR,PM25 24-hour 2012,2022-07-31,Micrograms/cubic meter (LC),,1,100.0,7.1,7.1,0,39.0,545.0,Met One E-SEQ-FRM PM2.5 with VSCC - Gravimetric,WASHINGTON HS,3535 E. 114TH ST.,Illinois,Cook,Chicago,"Chicago-Naperville-Elgin, IL-IN-WI",2024-08-08,pm25
17,31,22,88101,1,41.687165,-87.539315,WGS84,PM2.5 - Local Conditions,24 HOUR,PM25 24-hour 2012,2022-08-03,Micrograms/cubic meter (LC),,1,100.0,8.9,8.9,0,49.0,545.0,Met One E-SEQ-FRM PM2.5 with VSCC - Gravimetric,WASHINGTON HS,3535 E. 114TH ST.,Illinois,Cook,Chicago,"Chicago-Naperville-Elgin, IL-IN-WI",2024-08-08,pm25
17,31,22,88101,1,41.687165,-87.539315,WGS84,PM2.5 - Local Conditions,24 HOUR,PM25 24-hour 2012,2022-08-06,Micrograms/cubic meter (LC),,1,100.0,11.4,11.4,0,55.0,545.0,Met One E-SEQ-FRM PM2.5 with VSCC - Gravimetric,WASHINGTON HS,3535 E. 114TH ST.,Illinois,Cook,Chicago,"Chicago-Naperville-Elgin, IL-IN-WI",2024-08-08,pm25
17,31,22,88101,1,41.687165,-87.539315,WGS84,PM2.5 - Local Conditions,24 HOUR,PM25 24-hour 2012,2022-08-09,Micrograms/cubic meter (LC),,1,100.0,2.6,2.6,0,14.0,545.0,Met One E-SEQ-FRM PM2.5 with VSCC - Gravimetric,WASHINGTON HS,3535 E. 114TH ST.,Illinois,Cook,Chicago,"Chicago-Naperville-Elgin, IL-IN-WI",2024-08-08,pm25
17,31,22,88101,1,41.687165,-87.539315,WGS84,PM2.5 - Local Conditions,24 HOUR,PM25 24-hour 2012,2022-08-12,Micrograms/cubic meter (LC),,1,100.0,8.1,8.1,0,45.0,545.0,Met One E-SEQ-FRM PM2.5 with VSCC - Gravimetric,WASHINGTON HS,3535 E. 114TH ST.,Illinois,Cook,Chicago,"Chicago-Naperville-Elgin, IL-IN-WI",2024-08-08,pm25
17,31,22,88101,1,41.687165,-87.539315,WGS84,PM2.5 - Local Conditions,24 HOUR,PM25 24-hour 2012,2022-08-15,Micrograms/cubic meter (LC),,1,100.0,8.6,8.6,0,48.0,545.0,Met One E-SEQ-FRM PM2.5 with VSCC - Gravimetric,WASHINGTON HS,3535 E. 114TH ST.,Illinois,Cook,Chicago,"Chicago-Naperville-Elgin, IL-IN-WI",2024-08-08,pm25
17,31,22,88101,1,41.687165,-87.539315,WGS84,PM2.5 - Local Conditions,24 HOUR,PM25 24-hour 2012,2022-08-18,Micrograms/cubic meter (LC),,1,100.0,11.7,11.7,0,56.0,545.0,Met One E-SEQ-FRM PM2.5 with VSCC - Gravimetric,WASHINGTON HS,3535 E. 114TH ST.,Illinois,Cook,Chicago,"Chicago-Naperville-Elgin, IL-IN-WI",2024-08-08,pm25
17,31,22,88101,1,41.687165,-87.539315,WGS84,PM2.5 - Local Conditions,24 HOUR,PM25 24-hour 2012,2022-08-21,Micrograms/cubic meter (LC),,1,100.0,7.7,7.7,0,43.0,545.0,Met One E-SEQ-FRM PM2.5 with VSCC - Gravimetric,WASHINGTON HS,3535 E. 114TH ST.,Illinois,Cook,Chicago,"Chicago-Naperville-Elgin, IL-IN-WI",2024-08-08,pm25
17,31,22,88101,1,41.687165,-87.539315,WGS84,PM2.5 - Local Conditions,24 HOUR,PM25 24-hour 2012,2022-08-24,Micrograms/cubic meter (LC),,1,100.0,13.5,13.5,0,59.0,545.0,Met One E-SEQ-FRM PM2.5 with VSCC - Gravimetric,WASHINGTON HS,3535 E. 114TH ST.,Illinois,Cook,Chicago,"Chicago-Naperville-Elgin, IL-IN-WI",2024-08-08,pm25
17,31,22,88101,1,41.687165,-87.539315,WGS84,PM2.5 - Local Conditions,24 HOUR,PM25 24-hour 2012,2022-08-27,Micrograms/cubic meter (LC),,1,100.0,9.2,9.2,0,51.0,545.0,Met One E-SEQ-FRM PM2.5 with VSCC - Gravimetric,WASHINGTON HS,3535 E. 114TH ST.,Illinois,Cook,Chicago,"Chicago-Naperville-Elgin, IL-IN-WI",2024-08-08,pm25
17,31,22,88101,1,41.687165,-87.539315,WGS84,PM2.5 - Local Conditions,24 HOUR,PM25 24-hour 2012,2022-08-30,Micrograms/cubic meter (LC),,1,100.0,7.5,7.5,0,42.0,545.0,Met One E-SEQ-FRM PM2.5 with VSCC - Gravimetric,WASHINGTON HS,3535 E. 114TH ST.,Illinois,Cook,Chicago,"Chicago-Naperville-Elgin, IL-IN-WI",2024-08-08,pm25
17,31,22,88101,1,41.687165,-87.539315,WGS84,PM2.5 - Local Conditions,24 HOUR,PM25 24-hour 2012,2022-09-02,Micrograms/cubic meter (LC),,1,100.0,10.5,10.5,0,54.0,545.0,Met One E-SEQ-FRM PM2.5 with VSCC - Gravimetric,WASHINGTON HS,3535 E. 114TH ST.,Illinois,Cook,Chicago,"Chicago-Naperville-Elgin, IL-IN-WI",2024-08-08,pm25
17,31,22,88101,1,41.687165,-87.539315,WGS84,PM2.5 - Local Conditions,24 HOUR,PM25 24-hour 2012,2022-09-05,Micrograms/cubic meter (LC),,1,100.0,6.5,6.5,0,36.0,545.0,Met One E-SEQ-FRM PM2.5 with VSCC - Gravimetric,WASHINGTON HS,3535 E. 114TH ST.,Illinois,Cook,Chicago,"Chicago-Naperville-Elgin, IL-IN-WI",2024-08-08,pm25
17,31,22,88101,1,41.687165,-87.539315,WGS84,PM2.5 - Local Conditions,24 HOUR,PM25 24-hour 2012,2022-09-08,Micrograms/cubic meter (LC),,1,100.0,12.7,12.7,0,58.0,545.0,Met One E-SEQ-FRM PM2.5 with VSCC - Gravimetric,WASHINGTON HS,3535 E. 114TH ST.,Illinois,Cook,Chicago,"Chicago-Naperville-Elgin, IL-IN-WI",2024-08-08,pm25
17,31,22,88101,1,41.687165,-87.539315,WGS84,PM2.5 - Local Conditions,24 HOUR,PM25 24-hour 2012,2022-09-11,Micrograms/cubic meter (LC),,1,100.0,6.7,6.7,0,37.0,545.0,Met One E-SEQ-FRM PM2.5 with VSCC - Gravimetric,WASHINGTON HS,3535 E. 114TH ST.,Illinois,Cook,Chicago,"Chicago-Naperville-Elgin, IL-IN-WI",2024-08-08,pm25
17,31,22,88101,1,41.687165,-87.539315,WGS84,PM2.5 - Local Conditions,24 HOUR,PM25 24-hour 2012,2022-09-14,Micrograms/cubic meter (LC),,1,100.0,10.5,10.5,0,54.0,545.0,Met One E-SEQ-FRM PM2.5 with VSCC - Gravimetric,WASHINGTON HS,3535 E. 114TH ST.,Illinois,Cook,Chicago,"Chicago-Naperville-Elgin, IL-IN-WI",2024-08-08,pm25
17,31,22,88101,1,41.687165,-87.539315,WGS84,PM2.5 - Local Conditions,24 HOUR,PM25 24-hour 2012,2022-09-17,Micrograms/cubic meter (LC),,1,100.0,13.5,13.5,0,59.0,545.0,Met One E-SEQ-FRM PM2.5 with VSCC - Gravimetric,WASHINGTON HS,3535 E. 114TH ST.,Illinois,Cook,Chicago,"Chicago-Naperville-Elgin, IL-IN-WI",2024-08-08,pm25
17,31,22,88101,1,41.687165,-87.539315,WGS84,PM2.5 - Local Conditions,24 HOUR,PM25 24-hour 2012,2022-09-20,Micrograms/cubic meter (LC),,1,100.0,10.5,10.5,0,54.0,545.0,Met One E-SEQ-FRM PM2.5 with VSCC - Gravimetric,WASHINGTON HS,3535 E. 114TH ST.,Illinois,Cook,Chicago,"Chicago-Naperville-Elgin, IL-IN-WI",2024-08-08,pm25
17,31,22,88101,1,41.687165,-87.539315,WGS84,PM2.5 - Local Conditions,24 HOUR,PM25 24-hour 2012,2022-09-23,Micrograms/cubic meter (LC),,1,100.0,4.0,4.0,0,22.0,545.0,Met One E-SEQ-FRM PM2.5 with VSCC - Gravimetric,WASHINGTON HS,3535 E. 114TH ST.,Illinois,Cook,Chicago,"Chicago-Naperville-Elgin, IL-IN-WI",2024-08-08,pm25
17,31,22,88101,1,41.687165,-87.539315,WGS84,PM2.5 - Local Conditions,24 HOUR,PM25 24-hour 2012,2022-09-26,Micrograms/cubic meter (LC),,1,100.0,4.6,4.6,0,26.0,545.0,Met One E-SEQ-FRM PM2.5 with VSCC - Gravimetric,WASHINGTON HS,3535 E. 114TH ST.,Illinois,Cook,Chicago,"Chicago-Naperville-Elgin, IL-IN-WI",2024-08-08,pm25
17,31,22,88101,1,41.687165,-87.539315,WGS84,PM2.5 - Local Conditions,24 HOUR,PM25 24-hour 2012,2022-09-29,Micrograms/cubic meter (LC),,1,100.0,4.8,4.8,0,27.0,545.0,Met One E-SEQ-FRM PM2.5 with VSCC - Gravimetric,WASHINGTON HS,3535 E. 114TH ST.,Illinois,Cook,Chicago,"Chicago-Naperville-Elgin, IL-IN-WI",2024-08-08,pm25
17,31,22,88101,1,41.687165,-87.539315,WGS84,PM2.5 - Local Conditions,24 HOUR,PM25 24-hour 2012,2022-10-02,Micrograms/cubic meter (LC),,1,100.0,3.7,3.7,0,21.0,545.0,Met One E-SEQ-FRM PM2.5 with VSCC - Gravimetric,WASHINGTON HS,3535 E. 114TH ST.,Illinois,Cook,Chicago,"Chicago-Naperville-Elgin, IL-IN-WI",2024-08-08,pm25
17,31,22,88101,1,41.687165,-87.539315,WGS84,PM2.5 - Local Conditions,24 HOUR,PM25 24-hour 2012,2022-10-05,Micrograms/cubic meter (LC),,1,100.0,12.4,12.4,0,57.0,545.0,Met One E-SEQ-FRM PM2.5 with VSCC - Gravimetric,WASHINGTON HS,3535 E. 114TH ST.,Illinois,Cook,Chicago,"Chicago-Naperville-Elgin, IL-IN-WI",2024-08-08,pm25
17,31,22,88101,1,41.687165,-87.539315,WGS84,PM2.5 - Local Conditions,24 HOUR,PM25 24-hour 2012,2022-10-08,Micrograms/cubic meter (LC),,1,100.0,5.9,5.9,0,33.0,545.0,Met One E-SEQ-FRM PM2.5 with VSCC - Gravimetric,WASHINGTON HS,3535 E. 114TH ST.,Illinois,Cook,Chicago,"Chicago-Naperville-Elgin, IL-IN-WI",2024-08-08,pm25
17,31,22,88101,1,41.687165,-87.539315,WGS84,PM2.5 - Local Conditions,24 HOUR,PM25 24-hour 2012,2022-10-11,Micrograms/cubic meter (LC),,1,100.0,10.4,10.4,0,53.0,545.0,Met One E-SEQ-FRM PM2.5 with VSCC - Gravimetric,WASHINGTON HS,3535 E. 114TH ST.,Illinois,Cook,Chicago,"Chicago-Naperville-Elgin, IL-IN-WI",2024-08-08,pm25
17,31,22,88101,1,41.687165,-87.539315,WGS84,PM2.5 - Local Conditions,24 HOUR,PM25 24-hour 2012,2022-10-17,Micrograms/cubic meter (LC),,1,100.0,7.5,7.5,0,42.0,545.0,Met One E-SEQ-FRM PM2.5 with VSCC - Gravimetric,WASHINGTON HS,3535 E. 114TH ST.,Illinois,Cook,Chicago,"Chicago-Naperville-Elgin, IL-IN-WI",2024-08-08,pm25
17,31,22,88101,1,41.687165,-87.539315,WGS84,PM2.5 - Local Conditions,24 HOUR,PM25 24-hour 2012,2022-10-20,Micrograms/cubic meter (LC),,1,100.0,1.9,1.9,0,11.0,545.0,Met One E-SEQ-FRM PM2.5 with VSCC - Gravimetric,WASHINGTON HS,3535 E. 114TH ST.,Illinois,Cook,Chicago,"Chicago-Naperville-Elgin, IL-IN-WI",2024-08-08,pm25
17,31,22,88101,1,41.687165,-87.539315,WGS84,PM2.5 - Local Conditions,24 HOUR,PM25 24-hour 2012,2022-10-23,Micrograms/cubic meter (LC),,1,100.0,10.3,10.3,0,53.0,545.0,Met One E-SEQ-FRM PM2.5 with VSCC - Gravimetric,WASHINGTON HS,3535 E. 114TH ST.,Illinois,Cook,Chicago,"Chicago-Naperville-Elgin, IL-IN-WI",2024-08-08,pm25
17,31,22,88101,1,41.687165,-87.539315,WGS84,PM2.5 - Local Conditions,24 HOUR,PM25 24-hour 2012,2022-10-26,Micrograms/cubic meter (LC),,1,100.0,10.1,10.1,0,53.0,545.0,Met One E-SEQ-FRM PM2.5 with VSCC - Gravimetric,WASHINGTON HS,3535 E. 114TH ST.,Illinois,Cook,Chicago,"Chicago-Naperville-Elgin, IL-IN-WI",2024-08-08,pm25
17,31,22,88101,1,41.687165,-87.539315,WGS84,PM2.5 - Local Conditions,24 HOUR,PM25 24-hour 2012,2022-10-29,Micrograms/cubic meter (LC),,1,100.0,3.2,3.2,0,18.0,545.0,Met One E-SEQ-FRM PM2.5 with VSCC - Gravimetric,WASHINGTON HS,3535 E. 114TH ST.,Illinois,Cook,Chicago,"Chicago-Naperville-Elgin, IL-IN-WI",2024-08-08,pm25
17,31,22,88101,1,41.687165,-87.539315,WGS84,PM2.5 - Local Conditions,24 HOUR,PM25 24-hour 2012,2022-11-01,Micrograms/cubic meter (LC),,1,100.0,14.7,14.7,0,61.0,545.0,Met One E-SEQ-FRM PM2.5 with VSCC - Gravimetric,WASHINGTON HS,3535 E. 114TH ST.,Illinois,Cook,Chicago,"Chicago-Naperville-Elgin, IL-IN-WI",2024-08-08,pm25
17,31,22,88101,1,41.687165,-87.539315,WGS84,PM2.5 - Local Conditions,24 HOUR,PM25 24-hour 2012,2022-11-04,Micrograms/cubic meter (LC),,1,100.0,27.3,27.3,0,85.0,545.0,Met One E-SEQ-FRM PM2.5 with VSCC - Gravimetric,WASHINGTON HS,3535 E. 114TH ST.,Illinois,Cook,Chicago,"Chicago-Naperville-Elgin, IL-IN-WI",2024-08-08,pm25
17,31,22,88101,1,41.687165,-87.539315,WGS84,PM2.5 - Local Conditions,24 HOUR,PM25 24-hour 2012,2022-11-07,Micrograms/cubic meter (LC),,1,100.0,4.0,4.0,0,22.0,545.0,Met One E-SEQ-FRM PM2.5 with VSCC - Gravimetric,WASHINGTON HS,3535 E. 114TH ST.,Illinois,Cook,Chicago,"Chicago-Naperville-Elgin, IL-IN-WI",2024-08-08,pm25
17,31,22,88101,1,41.687165,-87.539315,WGS84,PM2.5 - Local Conditions,24 HOUR,PM25 24-hour 2012,2022-11-10,Micrograms/cubic meter (LC),,1,100.0,10.0,10.0,0,53.0,545.0,Met One E-SEQ-FRM PM2.5 with VSCC - Gravimetric,WASHINGTON HS,3535 E. 114TH ST.,Illinois,Cook,Chicago,"Chicago-Naperville-Elgin, IL-IN-WI",2024-08-08,pm25
17,31,22,88101,1,41.687165,-87.539315,WGS84,PM2.5 - Local Conditions,24 HOUR,PM25 24-hour 2012,2022-11-13,Micrograms/cubic meter (LC),,1,100.0,3.7,3.7,0,21.0,545.0,Met One E-SEQ-FRM PM2.5 with VSCC - Gravimetric,WASHINGTON HS,3535 E. 114TH ST.,Illinois,Cook,Chicago,"Chicago-Naperville-Elgin, IL-IN-WI",2024-08-08,pm25
17,31,22,88101,1,41.687165,-87.539315,WGS84,PM2.5 - Local Conditions,24 HOUR,PM25 24-hour 2012,2022-11-16,Micrograms/cubic meter (LC),,1,100.0,9.2,9.2,0,51.0,545.0,Met One E-SEQ-FRM PM2.5 with VSCC - Gravimetric,WASHINGTON HS,3535 E. 114TH ST.,Illinois,Cook,Chicago,"Chicago-Naperville-Elgin, IL-IN-WI",2024-08-08,pm25
17,31,22,88101,1,41.687165,-87.539315,WGS84,PM2.5 - Local Conditions,24 HOUR,PM25 24-hour 2012,2022-11-19,Micrograms/cubic meter (LC),,1,100.0,5.6,5.6,0,31.0,545.0,Met One E-SEQ-FRM PM2.5 with VSCC - Gravimetric,WASHINGTON HS,3535 E. 114TH ST.,Illinois,Cook,Chicago,"Chicago-Naperville-Elgin, IL-IN-WI",2024-08-08,pm25
17,31,22,88101,1,41.687165,-87.539315,WGS84,PM2.5 - Local Conditions,24 HOUR,PM25 24-hour 2012,2022-11-22,Micrograms/cubic meter (LC),,1,100.0,21.2,21.2,0,74.0,545.0,Met One E-SEQ-FRM PM2.5 with VSCC - Gravimetric,WASHINGTON HS,3535 E. 114TH ST.,Illinois,Cook,Chicago,"Chicago-Naperville-Elgin, IL-IN-WI",2024-08-08,pm25
17,31,22,88101,1,41.687165,-87.539315,WGS84,PM2.5 - Local Conditions,24 HOUR,PM25 24-hour 2012,2022-11-25,Micrograms/cubic meter (LC),,1,100.0,13.7,13.7,0,60.0,545.0,Met One E-SEQ-FRM PM2.5 with VSCC - Gravimetric,WASHINGTON HS,3535 E. 114TH ST.,Illinois,Cook,Chicago,"Chicago-Naperville-Elgin, IL-IN-WI",2024-08-08,pm25
17,31,22,88101,1,41.687165,-87.539315,WGS84,PM2.5 - Local Conditions,24 HOUR,PM25 24-hour 2012,2022-11-28,Micrograms/cubic meter (LC),,1,100.0,9.9,9.9,0,52.0,545.0,Met One E-SEQ-FRM PM2.5 with VSCC - Gravimetric,WASHINGTON HS,3535 E. 114TH ST.,Illinois,Cook,Chicago,"Chicago-Naperville-Elgin, IL-IN-WI",2024-08-08,pm25
17,31,22,88101,1,41.687165,-87.539315,WGS84,PM2.5 - Local Conditions,24 HOUR,PM25 24-hour 2012,2022-12-01,Micrograms/cubic meter (LC),,1,100.0,6.2,6.2,0,34.0,545.0,Met One E-SEQ-FRM PM2.5 with VSCC - Gravimetric,WASHINGTON HS,3535 E. 114TH ST.,Illinois,Cook,Chicago,"Chicago-Naperville-Elgin, IL-IN-WI",2024-08-08,pm25
17,31,22,88101,1,41.687165,-87.539315,WGS84,PM2.5 - Local Conditions,24 HOUR,PM25 24-hour 2012,2022-12-04,Micrograms/cubic meter (LC),,1,100.0,7.2,7.2,0,40.0,545.0,Met One E-SEQ-FRM PM2.5 with VSCC - Gravimetric,WASHINGTON HS,3535 E. 114TH ST.,Illinois,Cook,Chicago,"Chicago-Naperville-Elgin, IL-IN-WI",2024-08-08,pm25
17,31,22,88101,1,41.687165,-87.539315,WGS84,PM2.5 - Local Conditions,24 HOUR,PM25 24-hour 2012,2022-12-07,Micrograms/cubic meter (LC),,1,100.0,30.1,30.1,0,90.0,545.0,Met One E-SEQ-FRM PM2.5 with VSCC - Gravimetric,WASHINGTON HS,3535 E. 114TH ST.,Illinois,Cook,Chicago,"Chicago-Naperville-Elgin, IL-IN-WI",2024-08-08,pm25
17,31,22,88101,1,41.687165,-87.539315,WGS84,PM2.5 - Local Conditions,24 HOUR,PM25 24-hour 2012,2022-12-10,Micrograms/cubic meter (LC),,1,100.0,13.4,13.4,0,59.0,545.0,Met One E-SEQ-FRM PM2.5 with VSCC - Gravimetric,WASHINGTON HS,3535 E. 114TH ST.,Illinois,Cook,Chicago,"Chicago-Naperville-Elgin, IL-IN-WI",2024-08-08,pm25
17,31,22,88101,1,41.687165,-87.539315,WGS84,PM2.5 - Local Conditions,24 HOUR,PM25 24-hour 2012,2022-12-13,Micrograms/cubic meter (LC),,1,100.0,12.3,12.3,0,57.0,545.0,Met One E-SEQ-FRM PM2.5 with VSCC - Gravimetric,WASHINGTON HS,3535 E. 114TH ST.,Illinois,Cook,Chicago,"Chicago-Naperville-Elgin, IL-IN-WI",2024-08-08,pm25
17,31,22,88101,1,41.687165,-87.539315,WGS84,PM2.5 - Local Conditions,24 HOUR,PM25 24-hour 2012,2022-12-20,Micrograms/cubic meter (LC),,1,100.0,17.5,17.5,0,67.0,545.0,Met One E-SEQ-FRM PM2.5 with VSCC - Gravimetric,WASHINGTON HS,3535 E. 114TH ST.,Illinois,Cook,Chicago,"Chicago-Naperville-Elgin, IL-IN-WI",2024-08-08,pm25
17,31,22,88101,1,41.687165,-87.539315,WGS84,PM2.5 - Local Conditions,24 HOUR,PM25 24-hour 2012,2022-12-22,Micrograms/cubic meter (LC),,1,100.0,19.7,19.7,0,71.0,545.0,Met One E-SEQ-FRM PM2.5 with VSCC - Gravimetric,WASHINGTON HS,3535 E. 114TH ST.,Illinois,Cook,Chicago,"Chicago-Naperville-Elgin, IL-IN-WI",2024-08-08,pm25
17,31,22,88101,1,41.687165,-87.539315,WGS84,PM2.5 - Local Conditions,24 HOUR,PM25 24-hour 2012,2022-12-23,Micrograms/cubic meter (LC),,1,100.0,6.5,6.5,0,36.0,545.0,Met One E-SEQ-FRM PM2.5 with VSCC - Gravimetric,WASHINGTON HS,3535 E. 114TH ST.,Illinois,Cook,Chicago,"Chicago-Naperville-Elgin, IL-IN-WI",2024-08-08,pm25
17,31,22,88101,1,41.687165,-87.539315,WGS84,PM2.5 - Local Conditions,24 HOUR,PM25 24-hour 2012,2022-12-25,Micrograms/cubic meter (LC),,1,100.0,2.8,2.8,0,16.0,545.0,Met One E-SEQ-FRM PM2.5 with VSCC - Gravimetric,WASHINGTON HS,3535 E. 114TH ST.,Illinois,Cook,Chicago,"Chicago-Naperville-Elgin, IL-IN-WI",2024-08-08,pm25
17,31,22,88101,1,41.687165,-87.539315,WGS84,PM2.5 - Local Conditions,24 HOUR,PM25 24-hour 2012,2022-12-28,Micrograms/cubic meter (LC),,1,100.0,12.5,12.5,0,57.0,545.0,Met One E-SEQ-FRM PM2.5 with VSCC - Gravimetric,WASHINGTON HS,3535 E. 114TH ST.,Illinois,Cook,Chicago,"Chicago-Naperville-Elgin, IL-IN-WI",2024-08-08,pm25
17,31,22,88101,1,41.687165,-87.539315,WGS84,PM2.5 - Local Conditions,24 HOUR,PM25 24-hour 2012,2022-12-31,Micrograms/cubic meter (LC),,1,100.0,19.7,19.7,0,71.0,545.0,Met One E-SEQ-FRM PM2.5 with VSCC - Gravimetric,WASHINGTON HS,3535 E. 114TH ST.,Illinois,Cook,Chicago,"Chicago-Naperville-Elgin, IL-IN-WI",2024-08-08,pm25
17,31,52,88101,1,41.965485,-87.749928,WGS84,PM2.5 - Local Conditions,24 HOUR,PM25 24-hour 2012,2022-01-02,Micrograms/cubic meter (LC),,1,100.0,3.3,3.3,0,18.0,545.0,Met One E-SEQ-FRM PM2.5 with VSCC - Gravimetric,MAYFAIR PUMP STATION,4850 WILSON AVE.,Illinois,Cook,Chicago,"Chicago-Naperville-Elgin, IL-IN-WI",2024-10-31,pm25
17,31,52,88101,1,41.965485,-87.749928,WGS84,PM2.5 - Local Conditions,24 HOUR,PM25 24-hour 2012,2022-01-05,Micrograms/cubic meter (LC),,1,100.0,8.4,8.4,0,47.0,545.0,Met One E-SEQ-FRM PM2.5 with VSCC - Gravimetric,MAYFAIR PUMP STATION,4850 WILSON AVE.,Illinois,Cook,Chicago,"Chicago-Naperville-Elgin, IL-IN-WI",2024-10-31,pm25
17,31,52,88101,1,41.965485,-87.749928,WGS84,PM2.5 - Local Conditions,24 HOUR,PM25 24-hour 2012,2022-01-11,Micrograms/cubic meter (LC),,1,100.0,8.9,8.9,0,49.0,545.0,Met One E-SEQ-FRM PM2.5 with VSCC - Gravimetric,MAYFAIR PUMP STATION,4850 WILSON AVE.,Illinois,Cook,Chicago,"Chicago-Naperville-Elgin, IL-IN-WI",2024-10-31,pm25
17,31,52,88101,1,41.965485,-87.749928,WGS84,PM2.5 - Local Conditions,24 HOUR,PM25 24-hour 2012,2022-01-14,Micrograms/cubic meter (LC),,1,100.0,3.7,3.7,0,21.0,545.0,Met One E-SEQ-FRM PM2.5 with VSCC - Gravimetric,MAYFAIR PUMP STATION,4850 WILSON AVE.,Illinois,Cook,Chicago,"Chicago-Naperville-Elgin, IL-IN-WI",2024-10-31,pm25
17,31,52,88101,1,41.965485,-87.749928,WGS84,PM2.5 - Local Conditions,24 HOUR,PM25 24-hour 2012,2022-01-17,Micrograms/cubic meter (LC),,1,100.0,9.5,9.5,0,52.0,545.0,Met One E-SEQ-FRM PM2.5 with VSCC - Gravimetric,MAYFAIR PUMP STATION,4850 WILSON AVE.,Illinois,Cook,Chicago,"Chicago-Naperville-Elgin, IL-IN-WI",2024-10-31,pm25
17,31,52,88101,1,41.965485,-87.749928,WGS84,PM2.5 - Local Conditions,24 HOUR,PM25 24-hour 2012,2022-01-20,Micrograms/cubic meter (LC),,1,100.0,5.3,5.3,0,29.0,545.0,Met One E-SEQ-FRM PM2.5 with VSCC - Gravimetric,MAYFAIR PUMP STATION,4850 WILSON AVE.,Illinois,Cook,Chicago,"Chicago-Naperville-Elgin, IL-IN-WI",2024-10-31,pm25
17,31,52,88101,1,41.965485,-87.749928,WGS84,PM2.5 - Local Conditions,24 HOUR,PM25 24-hour 2012,2022-01-23,Micrograms/cubic meter (LC),,1,100.0,6.7,6.7,0,37.0,545.0,Met One E-SEQ-FRM PM2.5 with VSCC - Gravimetric,MAYFAIR PUMP STATION,4850 WILSON AVE.,Illinois,Cook,Chicago,"Chicago-Naperville-Elgin, IL-IN-WI",2024-10-31,pm25
17,31,52,88101,1,41.965485,-87.749928,WGS84,PM2.5 - Local Conditions,24 HOUR,PM25 24-hour 2012,2022-01-26,Micrograms/cubic meter (LC),,1,100.0,13.1,13.1,0,58.0,545.0,Met One E-SEQ-FRM PM2.5 with VSCC - Gravimetric,MAYFAIR PUMP STATION,4850 WILSON AVE.,Illinois,Cook,Chicago,"Chicago-Naperville-Elgin, IL-IN-WI",2024-10-31,pm25
17,31,52,88101,1,41.965485,-87.749928,WGS84,PM2.5 - Local Conditions,24 HOUR,PM25 24-hour 2012,2022-01-29,Micrograms/cubic meter (LC),,1,100.0,11.2,11.2,0,55.0,545.0,Met One E-SEQ-FRM PM2.5 with VSCC - Gravimetric,MAYFAIR PUMP STATION,4850 WILSON AVE.,Illinois,Cook,Chicago,"Chicago-Naperville-Elgin, IL-IN-WI",2024-10-31,pm25
17,31,52,88101,1,41.965485,-87.749928,WGS84,PM2.5 - Local Conditions,24 HOUR,PM25 24-hour 2012,2022-02-01,Micrograms/cubic meter (LC),,1,100.0,19.3,19.3,0,70.0,545.0,Met One E-SEQ-FRM PM2.5 with VSCC - Gravimetric,MAYFAIR PUMP STATION,4850 WILSON AVE.,Illinois,Cook,Chicago,"Chicago-Naperville-Elgin, IL-IN-WI",2024-10-31,pm25
17,31,52,88101,1,41.965485,-87.749928,WGS84,PM2.5 - Local Conditions,24 HOUR,PM25 24-hour 2012,2022-02-04,Micrograms/cubic meter (LC),,1,100.0,8.6,8.6,0,48.0,545.0,Met One E-SEQ-FRM PM2.5 with VSCC - Gravimetric,MAYFAIR PUMP STATION,4850 WILSON AVE.,Illinois,Cook,Chicago,"Chicago-Naperville-Elgin, IL-IN-WI",2024-10-31,pm25
17,31,52,88101,1,41.965485,-87.749928,WGS84,PM2.5 - Local Conditions,24 HOUR,PM25 24-hour 2012,2022-02-07,Micrograms/cubic meter (LC),,1,100.0,14.0,14.0,0,60.0,545.0,Met One E-SEQ-FRM PM2.5 with VSCC - Gravimetric,MAYFAIR PUMP STATION,4850 WILSON AVE.,Illinois,Cook,Chicago,"Chicago-Naperville-Elgin, IL-IN-WI",2024-10-31,pm25
17,31,52,88101,1,41.965485,-87.749928,WGS84,PM2.5 - Local Conditions,24 HOUR,PM25 24-hour 2012,2022-02-10,Micrograms/cubic meter (LC),,1,100.0,3.8,3.8,0,21.0,545.0,Met One E-SEQ-FRM PM2.5 with VSCC - Gravimetric,MAYFAIR PUMP STATION,4850 WILSON AVE.,Illinois,Cook,Chicago,"Chicago-Naperville-Elgin, IL-IN-WI",2024-10-31,pm25
17,31,52,88101,1,41.965485,-87.749928,WGS84,PM2.5 - Local Conditions,24 HOUR,PM25 24-hour 2012,2022-02-13,Micrograms/cubic meter (LC),,1,100.0,5.8,5.8,0,32.0,545.0,Met One E-SEQ-FRM PM2.5 with VSCC - Gravimetric,MAYFAIR PUMP STATION,4850 WILSON AVE.,Illinois,Cook,Chicago,"Chicago-Naperville-Elgin, IL-IN-WI",2024-10-31,pm25
17,31,52,88101,1,41.965485,-87.749928,WGS84,PM2.5 - Local Conditions,24 HOUR,PM25 24-hour 2012,2022-02-19,Micrograms/cubic meter (LC),,1,100.0,6.5,6.5,0,36.0,545.0,Met One E-SEQ-FRM PM2.5 with VSCC - Gravimetric,MAYFAIR PUMP STATION,4850 WILSON AVE.,Illinois,Cook,Chicago,"Chicago-Naperville-Elgin, IL-IN-WI",2024-10-31,pm25
17,31,52,88101,1,41.965485,-87.749928,WGS84,PM2.5 - Local Conditions,24 HOUR,PM25 24-hour 2012,2022-02-22,Micrograms/cubic meter (LC),,1,100.0,5.3,5.3,0,29.0,545.0,Met One E-SEQ-FRM PM2.5 with VSCC - Gravimetric,MAYFAIR PUMP STATION,4850 WILSON AVE.,Illinois,Cook,Chicago,"Chicago-Naperville-Elgin, IL-IN-WI",2024-10-31,pm25
17,31,52,88101,1,41.965485,-87.749928,WGS84,PM2.5 - Local Conditions,24 HOUR,PM25 24-hour 2012,2022-02-23,Micrograms/cubic meter (LC),,1,100.0,7.0,7.0,0,39.0,545.0,Met One E-SEQ-FRM PM2.5 with VSCC - Gravimetric,MAYFAIR PUMP STATION,4850 WILSON AVE.,Illinois,Cook,Chicago,"Chicago-Naperville-Elgin, IL-IN-WI",2024-10-31,pm25
17,31,52,88101,1,41.965485,-87.749928,WGS84,PM2.5 - Local Conditions,24 HOUR,PM25 24-hour 2012,2022-02-25,Micrograms/cubic meter (LC),,1,100.0,5.5,5.5,0,31.0,545.0,Met One E-SEQ-FRM PM2.5 with VSCC - Gravimetric,MAYFAIR PUMP STATION,4850 WILSON AVE.,Illinois,Cook,Chicago,"Chicago-Naperville-Elgin, IL-IN-WI",2024-10-31,pm25
17,31,52,88101,1,41.965485,-87.749928,WGS84,PM2.5 - Local Conditions,24 HOUR,PM25 24-hour 2012,2022-02-28,Micrograms/cubic meter (LC),,1,100.0,11.2,11.2,0,55.0,545.0,Met One E-SEQ-FRM PM2.5 with VSCC - Gravimetric,MAYFAIR PUMP STATION,4850 WILSON AVE.,Illinois,Cook,Chicago,"Chicago-Naperville-Elgin, IL-IN-WI",2024-10-31,pm25
17,31,52,88101,1,41.965485,-87.749928,WGS84,PM2.5 - Local Conditions,24 HOUR,PM25 24-hour 2012,2022-03-03,Micrograms/cubic meter (LC),,1,100.0,2.7,2.7,0,15.0,545.0,Met One E-SEQ-FRM PM2.5 with VSCC - Gravimetric,MAYFAIR PUMP STATION,4850 WILSON AVE.,Illinois,Cook,Chicago,"Chicago-Naperville-Elgin, IL-IN-WI",2024-10-31,pm25
17,31,52,88101,1,41.965485,-87.749928,WGS84,PM2.5 - Local Conditions,24 HOUR,PM25 24-hour 2012,2022-03-06,Micrograms/cubic meter (LC),,1,100.0,5.8,5.8,0,32.0,545.0,Met One E-SEQ-FRM PM2.5 with VSCC - Gravimetric,MAYFAIR PUMP STATION,4850 WILSON AVE.,Illinois,Cook,Chicago,"Chicago-Naperville-Elgin, IL-IN-WI",2024-10-31,pm25
17,31,52,88101,1,41.965485,-87.749928,WGS84,PM2.5 - Local Conditions,24 HOUR,PM25 24-hour 2012,2022-03-09,Micrograms/cubic meter (LC),,1,100.0,9.5,9.5,0,52.0,545.0,Met One E-SEQ-FRM PM2.5 with VSCC - Gravimetric,MAYFAIR PUMP STATION,4850 WILSON AVE.,Illinois,Cook,Chicago,"Chicago-Naperville-Elgin, IL-IN-WI",2024-10-31,pm25
17,31,52,88101,1,41.965485,-87.749928,WGS84,PM2.5 - Local Conditions,24 HOUR,PM25 24-hour 2012,2022-03-12,Micrograms/cubic meter (LC),,1,100.0,3.8,3.8,0,21.0,545.0,Met One E-SEQ-FRM PM2.5 with VSCC - Gravimetric,MAYFAIR PUMP STATION,4850 WILSON AVE.,Illinois,Cook,Chicago,"Chicago-Naperville-Elgin, IL-IN-WI",2024-10-31,pm25
17,31,52,88101,1,41.965485,-87.749928,WGS84,PM2.5 - Local Conditions,24 HOUR,PM25 24-hour 2012,2022-03-15,Micrograms/cubic meter (LC),,1,100.0,9.9,9.9,0,52.0,545.0,Met One E-SEQ-FRM PM2.5 with VSCC - Gravimetric,MAYFAIR PUMP STATION,4850 WILSON AVE.,Illinois,Cook,Chicago,"Chicago-Naperville-Elgin, IL-IN-WI",2024-10-31,pm25
17,31,52,88101,1,41.965485,-87.749928,WGS84,PM2.5 - Local Conditions,24 HOUR,PM25 24-hour 2012,2022-03-18,Micrograms/cubic meter (LC),,1,100.0,8.0,8.0,0,44.0,545.0,Met One E-SEQ-FRM PM2.5 with VSCC - Gravimetric,MAYFAIR PUMP STATION,4850 WILSON AVE.,Illinois,Cook,Chicago,"Chicago-Naperville-Elgin, IL-IN-WI",2024-10-31,pm25
17,31,52,88101,1,41.965485,-87.749928,WGS84,PM2.5 - Local Conditions,24 HOUR,PM25 24-hour 2012,2022-03-21,Micrograms/cubic meter (LC),,1,100.0,12.2,12.2,0,57.0,545.0,Met One E-SEQ-FRM PM2.5 with VSCC - Gravimetric,MAYFAIR PUMP STATION,4850 WILSON AVE.,Illinois,Cook,Chicago,"Chicago-Naperville-Elgin, IL-IN-WI",2024-10-31,pm25
17,31,52,88101,1,41.965485,-87.749928,WGS84,PM2.5 - Local Conditions,24 HOUR,PM25 24-hour 2012,2022-03-24,Micrograms/cubic meter (LC),,1,100.0,2.7,2.7,0,15.0,545.0,Met One E-SEQ-FRM PM2.5 with VSCC - Gravimetric,MAYFAIR PUMP STATION,4850 WILSON AVE.,Illinois,Cook,Chicago,"Chicago-Naperville-Elgin, IL-IN-WI",2024-10-31,pm25
17,31,52,88101,1,41.965485,-87.749928,WGS84,PM2.5 - Local Conditions,24 HOUR,PM25 24-hour 2012,2022-03-27,Micrograms/cubic meter (LC),,1,100.0,3.1,3.1,0,17.0,545.0,Met One E-SEQ-FRM PM2.5 with VSCC - Gravimetric,MAYFAIR PUMP STATION,4850 WILSON AVE.,Illinois,Cook,Chicago,"Chicago-Naperville-Elgin, IL-IN-WI",2024-10-31,pm25
17,31,52,88101,1,41.965485,-87.749928,WGS84,PM2.5 - Local Conditions,24 HOUR,PM25 24-hour 2012,2022-03-30,Micrograms/cubic meter (LC),,1,100.0,9.3,9.3,0,51.0,545.0,Met One E-SEQ-FRM PM2.5 with VSCC - Gravimetric,MAYFAIR PUMP STATION,4850 WILSON AVE.,Illinois,Cook,Chicago,"Chicago-Naperville-Elgin, IL-IN-WI",2024-10-31,pm25
17,31,52,88101,1,41.965485,-87.749928,WGS84,PM2.5 - Local Conditions,24 HOUR,PM25 24-hour 2012,2022-04-02,Micrograms/cubic meter (LC),,1,100.0,10.1,10.1,0,53.0,545.0,Met One E-SEQ-FRM PM2.5 with VSCC - Gravimetric,MAYFAIR PUMP STATION,4850 WILSON AVE.,Illinois,Cook,Chicago,"Chicago-Naperville-Elgin, IL-IN-WI",2024-10-31,pm25
17,31,52,88101,1,41.965485,-87.749928,WGS84,PM2.5 - Local Conditions,24 HOUR,PM25 24-hour 2012,2022-04-05,Micrograms/cubic meter (LC),,1,100.0,16.1,16.1,0,64.0,545.0,Met One E-SEQ-FRM PM2.5 with VSCC - Gravimetric,MAYFAIR PUMP STATION,4850 WILSON AVE.,Illinois,Cook,Chicago,"Chicago-Naperville-Elgin, IL-IN-WI",2024-10-31,pm25
17,31,52,88101,1,41.965485,-87.749928,WGS84,PM2.5 - Local Conditions,24 HOUR,PM25 24-hour 2012,2022-04-08,Micrograms/cubic meter (LC),,1,100.0,2.7,2.7,0,15.0,545.0,Met One E-SEQ-FRM PM2.5 with VSCC - Gravimetric,MAYFAIR PUMP STATION,4850 WILSON AVE.,Illinois,Cook,Chicago,"Chicago-Naperville-Elgin, IL-IN-WI",2024-10-31,pm25
17,31,52,88101,1,41.965485,-87.749928,WGS84,PM2.5 - Local Conditions,24 HOUR,PM25 24-hour 2012,2022-04-11,Micrograms/cubic meter (LC),,1,100.0,7.7,7.7,0,43.0,545.0,Met One E-SEQ-FRM PM2.5 with VSCC - Gravimetric,MAYFAIR PUMP STATION,4850 WILSON AVE.,Illinois,Cook,Chicago,"Chicago-Naperville-Elgin, IL-IN-WI",2024-10-31,pm25
17,31,52,88101,1,41.965485,-87.749928,WGS84,PM2.5 - Local Conditions,24 HOUR,PM25 24-hour 2012,2022-04-14,Micrograms/cubic meter (LC),,1,100.0,2.8,2.8,0,16.0,545.0,Met One E-SEQ-FRM PM2.5 with VSCC - Gravimetric,MAYFAIR PUMP STATION,4850 WILSON AVE.,Illinois,Cook,Chicago,"Chicago-Naperville-Elgin, IL-IN-WI",2024-10-31,pm25
17,31,52,88101,1,41.965485,-87.749928,WGS84,PM2.5 - Local Conditions,24 HOUR,PM25 24-hour 2012,2022-04-17,Micrograms/cubic meter (LC),,1,100.0,3.7,3.7,0,21.0,545.0,Met One E-SEQ-FRM PM2.5 with VSCC - Gravimetric,MAYFAIR PUMP STATION,4850 WILSON AVE.,Illinois,Cook,Chicago,"Chicago-Naperville-Elgin, IL-IN-WI",2024-10-31,pm25
17,31,52,88101,1,41.965485,-87.749928,WGS84,PM2.5 - Local Conditions,24 HOUR,PM25 24-hour 2012,2022-04-20,Micrograms/cubic meter (LC),,1,100.0,8.0,8.0,0,44.0,545.0,Met One E-SEQ-FRM PM2.5 with VSCC - Gravimetric,MAYFAIR PUMP STATION,4850 WILSON AVE.,Illinois,Cook,Chicago,"Chicago-Naperville-Elgin, IL-IN-WI",2024-10-31,pm25
17,31,52,88101,1,41.965485,-87.749928,WGS84,PM2.5 - Local Conditions,24 HOUR,PM25 24-hour 2012,2022-04-23,Micrograms/cubic meter (LC),,1,100.0,11.7,11.7,0,56.0,545.0,Met One E-SEQ-FRM PM2.5 with VSCC - Gravimetric,MAYFAIR PUMP STATION,4850 WILSON AVE.,Illinois,Cook,Chicago,"Chicago-Naperville-Elgin, IL-IN-WI",2024-10-31,pm25
17,31,52,88101,1,41.965485,-87.749928,WGS84,PM2.5 - Local Conditions,24 HOUR,PM25 24-hour 2012,2022-04-26,Micrograms/cubic meter (LC),,1,100.0,3.2,3.2,0,18.0,545.0,Met One E-SEQ-FRM PM2.5 with VSCC - Gravimetric,MAYFAIR PUMP STATION,4850 WILSON AVE.,Illinois,Cook,Chicago,"Chicago-Naperville-Elgin, IL-IN-WI",2024-10-31,pm25
17,31,52,88101,1,41.965485,-87.749928,WGS84,PM2.5 - Local Conditions,24 HOUR,PM25 24-hour 2012,2022-04-29,Micrograms/cubic meter (LC),,1,100.0,8.6,8.6,0,48.0,545.0,Met One E-SEQ-FRM PM2.5 with VSCC - Gravimetric,MAYFAIR PUMP STATION,4850 WILSON AVE.,Illinois,Cook,Chicago,"Chicago-Naperville-Elgin, IL-IN-WI",2024-10-31,pm25
17,31,52,88101,1,41.965485,-87.749928,WGS84,PM2.5 - Local Conditions,24 HOUR,PM25 24-hour 2012,2022-05-02,Micrograms/cubic meter (LC),,1,100.0,4.6,4.6,0,26.0,545.0,Met One E-SEQ-FRM PM2.5 with VSCC - Gravimetric,MAYFAIR PUMP STATION,4850 WILSON AVE.,Illinois,Cook,Chicago,"Chicago-Naperville-Elgin, IL-IN-WI",2024-10-31,pm25
17,31,52,88101,1,41.965485,-87.749928,WGS84,PM2.5 - Local Conditions,24 HOUR,PM25 24-hour 2012,2022-05-05,Micrograms/cubic meter (LC),,1,100.0,6.3,6.3,0,35.0,545.0,Met One E-SEQ-FRM PM2.5 with VSCC - Gravimetric,MAYFAIR PUMP STATION,4850 WILSON AVE.,Illinois,Cook,Chicago,"Chicago-Naperville-Elgin, IL-IN-WI",2024-10-31,pm25
17,31,52,88101,1,41.965485,-87.749928,WGS84,PM2.5 - Local Conditions,24 HOUR,PM25 24-hour 2012,2022-05-08,Micrograms/cubic meter (LC),,1,100.0,7.0,7.0,0,39.0,545.0,Met One E-SEQ-FRM PM2.5 with VSCC - Gravimetric,MAYFAIR PUMP STATION,4850 WILSON AVE.,Illinois,Cook,Chicago,"Chicago-Naperville-Elgin, IL-IN-WI",2024-10-31,pm25
17,31,52,88101,1,41.965485,-87.749928,WGS84,PM2.5 - Local Conditions,24 HOUR,PM25 24-hour 2012,2022-05-11,Micrograms/cubic meter (LC),,1,100.0,23.5,23.5,0,78.0,545.0,Met One E-SEQ-FRM PM2.5 with VSCC - Gravimetric,MAYFAIR PUMP STATION,4850 WILSON AVE.,Illinois,Cook,Chicago,"Chicago-Naperville-Elgin, IL-IN-WI",2024-10-31,pm25
17,31,52,88101,1,41.965485,-87.749928,WGS84,PM2.5 - Local Conditions,24 HOUR,PM25 24-hour 2012,2022-05-14,Micrograms/cubic meter (LC),,1,100.0,11.8,11.8,0,56.0,545.0,Met One E-SEQ-FRM PM2.5 with VSCC - Gravimetric,MAYFAIR PUMP STATION,4850 WILSON AVE.,Illinois,Cook,Chicago,"Chicago-Naperville-Elgin, IL-IN-WI",2024-10-31,pm25
17,31,52,88101,1,41.965485,-87.749928,WGS84,PM2.5 - Local Conditions,24 HOUR,PM25 24-hour 2012,2022-05-17,Micrograms/cubic meter (LC),,1,100.0,2.7,2.7,0,15.0,545.0,Met One E-SEQ-FRM PM2.5 with VSCC - Gravimetric,MAYFAIR PUMP STATION,4850 WILSON AVE.,Illinois,Cook,Chicago,"Chicago-Naperville-Elgin, IL-IN-WI",2024-10-31,pm25
17,31,52,88101,1,41.965485,-87.749928,WGS84,PM2.5 - Local Conditions,24 HOUR,PM25 24-hour 2012,2022-05-20,Micrograms/cubic meter (LC),,1,100.0,10.8,10.8,0,54.0,545.0,Met One E-SEQ-FRM PM2.5 with VSCC - Gravimetric,MAYFAIR PUMP STATION,4850 WILSON AVE.,Illinois,Cook,Chicago,"Chicago-Naperville-Elgin, IL-IN-WI",2024-10-31,pm25
17,31,52,88101,1,41.965485,-87.749928,WGS84,PM2.5 - Local Conditions,24 HOUR,PM25 24-hour 2012,2022-05-23,Micrograms/cubic meter (LC),,1,100.0,3.0,3.0,0,17.0,545.0,Met One E-SEQ-FRM PM2.5 with VSCC - Gravimetric,MAYFAIR PUMP STATION,4850 WILSON AVE.,Illinois,Cook,Chicago,"Chicago-Naperville-Elgin, IL-IN-WI",2024-10-31,pm25
17,31,52,88101,1,41.965485,-87.749928,WGS84,PM2.5 - Local Conditions,24 HOUR,PM25 24-hour 2012,2022-05-26,Micrograms/cubic meter (LC),,1,100.0,7.7,7.7,0,43.0,545.0,Met One E-SEQ-FRM PM2.5 with VSCC - Gravimetric,MAYFAIR PUMP STATION,4850 WILSON AVE.,Illinois,Cook,Chicago,"Chicago-Naperville-Elgin, IL-IN-WI",2024-10-31,pm25
17,31,52,88101,1,41.965485,-87.749928,WGS84,PM2.5 - Local Conditions,24 HOUR,PM25 24-hour 2012,2022-05-29,Micrograms/cubic meter (LC),,1,100.0,7.8,7.8,0,43.0,545.0,Met One E-SEQ-FRM PM2.5 with VSCC - Gravimetric,MAYFAIR PUMP STATION,4850 WILSON AVE.,Illinois,Cook,Chicago,"Chicago-Naperville-Elgin, IL-IN-WI",2024-10-31,pm25
17,31,52,88101,1,41.965485,-87.749928,WGS84,PM2.5 - Local Conditions,24 HOUR,PM25 24-hour 2012,2022-06-01,Micrograms/cubic meter (LC),,1,100.0,5.3,5.3,0,29.0,545.0,Met One E-SEQ-FRM PM2.5 with VSCC - Gravimetric,MAYFAIR PUMP STATION,4850 WILSON AVE.,Illinois,Cook,Chicago,"Chicago-Naperville-Elgin, IL-IN-WI",2024-10-31,pm25
17,31,52,88101,1,41.965485,-87.749928,WGS84,PM2.5 - Local Conditions,24 HOUR,PM25 24-hour 2012,2022-06-04,Micrograms/cubic meter (LC),,1,100.0,6.0,6.0,0,33.0,545.0,Met One E-SEQ-FRM PM2.5 with VSCC - Gravimetric,MAYFAIR PUMP STATION,4850 WILSON AVE.,Illinois,Cook,Chicago,"Chicago-Naperville-Elgin, IL-IN-WI",2024-10-31,pm25
17,31,52,88101,1,41.965485,-87.749928,WGS84,PM2.5 - Local Conditions,24 HOUR,PM25 24-hour 2012,2022-06-07,Micrograms/cubic meter (LC),,1,100.0,3.9,3.9,0,22.0,545.0,Met One E-SEQ-FRM PM2.5 with VSCC - Gravimetric,MAYFAIR PUMP STATION,4850 WILSON AVE.,Illinois,Cook,Chicago,"Chicago-Naperville-Elgin, IL-IN-WI",2024-10-31,pm25
17,31,52,88101,1,41.965485,-87.749928,WGS84,PM2.5 - Local Conditions,24 HOUR,PM25 24-hour 2012,2022-06-10,Micrograms/cubic meter (LC),,1,100.0,8.6,8.6,0,48.0,545.0,Met One E-SEQ-FRM PM2.5 with VSCC - Gravimetric,MAYFAIR PUMP STATION,4850 WILSON AVE.,Illinois,Cook,Chicago,"Chicago-Naperville-Elgin, IL-IN-WI",2024-10-31,pm25
17,31,52,88101,1,41.965485,-87.749928,WGS84,PM2.5 - Local Conditions,24 HOUR,PM25 24-hour 2012,2022-06-13,Micrograms/cubic meter (LC),,1,100.0,9.9,9.9,0,52.0,545.0,Met One E-SEQ-FRM PM2.5 with VSCC - Gravimetric,MAYFAIR PUMP STATION,4850 WILSON AVE.,Illinois,Cook,Chicago,"Chicago-Naperville-Elgin, IL-IN-WI",2024-10-31,pm25
17,31,52,88101,1,41.965485,-87.749928,WGS84,PM2.5 - Local Conditions,24 HOUR,PM25 24-hour 2012,2022-06-16,Micrograms/cubic meter (LC),,1,100.0,8.4,8.4,0,47.0,545.0,Met One E-SEQ-FRM PM2.5 with VSCC - Gravimetric,MAYFAIR PUMP STATION,4850 WILSON AVE.,Illinois,Cook,Chicago,"Chicago-Naperville-Elgin, IL-IN-WI",2024-10-31,pm25
17,31,52,88101,1,41.965485,-87.749928,WGS84,PM2.5 - Local Conditions,24 HOUR,PM25 24-hour 2012,2022-06-19,Micrograms/cubic meter (LC),,1,100.0,6.7,6.7,0,37.0,545.0,Met One E-SEQ-FRM PM2.5 with VSCC - Gravimetric,MAYFAIR PUMP STATION,4850 WILSON AVE.,Illinois,Cook,Chicago,"Chicago-Naperville-Elgin, IL-IN-WI",2024-10-31,pm25
17,31,52,88101,1,41.965485,-87.749928,WGS84,PM2.5 - Local Conditions,24 HOUR,PM25 24-hour 2012,2022-06-22,Micrograms/cubic meter (LC),,1,100.0,5.8,5.8,0,32.0,545.0,Met One E-SEQ-FRM PM2.5 with VSCC - Gravimetric,MAYFAIR PUMP STATION,4850 WILSON AVE.,Illinois,Cook,Chicago,"Chicago-Naperville-Elgin, IL-IN-WI",2024-10-31,pm25
17,31,52,88101,1,41.965485,-87.749928,WGS84,PM2.5 - Local Conditions,24 HOUR,PM25 24-hour 2012,2022-06-25,Micrograms/cubic meter (LC),,1,100.0,12.0,12.0,0,56.0,545.0,Met One E-SEQ-FRM PM2.5 with VSCC - Gravimetric,MAYFAIR PUMP STATION,4850 WILSON AVE.,Illinois,Cook,Chicago,"Chicago-Naperville-Elgin, IL-IN-WI",2024-10-31,pm25
17,31,52,88101,1,41.965485,-87.749928,WGS84,PM2.5 - Local Conditions,24 HOUR,PM25 24-hour 2012,2022-06-28,Micrograms/cubic meter (LC),,1,100.0,9.2,9.2,0,51.0,545.0,Met One E-SEQ-FRM PM2.5 with VSCC - Gravimetric,MAYFAIR PUMP STATION,4850 WILSON AVE.,Illinois,Cook,Chicago,"Chicago-Naperville-Elgin, IL-IN-WI",2024-10-31,pm25
17,31,52,88101,1,41.965485,-87.749928,WGS84,PM2.5 - Local Conditions,24 HOUR,PM25 24-hour 2012,2022-07-01,Micrograms/cubic meter (LC),,1,100.0,23.2,23.2,0,77.0,545.0,Met One E-SEQ-FRM PM2.5 with VSCC - Gravimetric,MAYFAIR PUMP STATION,4850 WILSON AVE.,Illinois,Cook,Chicago,"Chicago-Naperville-Elgin, IL-IN-WI",2024-10-31,pm25
17,31,52,88101,1,41.965485,-87.749928,WGS84,PM2.5 - Local Conditions,24 HOUR,PM25 24-hour 2012,2022-07-04,Micrograms/cubic meter (LC),,1,100.0,9.2,9.2,0,51.0,545.0,Met One E-SEQ-FRM PM2.5 with VSCC - Gravimetric,MAYFAIR PUMP STATION,4850 WILSON AVE.,Illinois,Cook,Chicago,"Chicago-Naperville-Elgin, IL-IN-WI",2024-10-31,pm25
17,31,52,88101,1,41.965485,-87.749928,WGS84,PM2.5 - Local Conditions,24 HOUR,PM25 24-hour 2012,2022-07-07,Micrograms/cubic meter (LC),,1,100.0,9.3,9.3,0,51.0,545.0,Met One E-SEQ-FRM PM2.5 with VSCC - Gravimetric,MAYFAIR PUMP STATION,4850 WILSON AVE.,Illinois,Cook,Chicago,"Chicago-Naperville-Elgin, IL-IN-WI",2024-10-31,pm25
17,31,52,88101,1,41.965485,-87.749928,WGS84,PM2.5 - Local Conditions,24 HOUR,PM25 24-hour 2012,2022-07-10,Micrograms/cubic meter (LC),,1,100.0,7.7,7.7,0,43.0,545.0,Met One E-SEQ-FRM PM2.5 with VSCC - Gravimetric,MAYFAIR PUMP STATION,4850 WILSON AVE.,Illinois,Cook,Chicago,"Chicago-Naperville-Elgin, IL-IN-WI",2024-10-31,pm25
17,31,52,88101,1,41.965485,-87.749928,WGS84,PM2.5 - Local Conditions,24 HOUR,PM25 24-hour 2012,2022-07-13,Micrograms/cubic meter (LC),,1,100.0,6.4,6.4,0,36.0,545.0,Met One E-SEQ-FRM PM2.5 with VSCC - Gravimetric,MAYFAIR PUMP STATION,4850 WILSON AVE.,Illinois,Cook,Chicago,"Chicago-Naperville-Elgin, IL-IN-WI",2024-10-31,pm25
17,31,52,88101,1,41.965485,-87.749928,WGS84,PM2.5 - Local Conditions,24 HOUR,PM25 24-hour 2012,2022-07-16,Micrograms/cubic meter (LC),,1,100.0,5.9,5.9,0,33.0,545.0,Met One E-SEQ-FRM PM2.5 with VSCC - Gravimetric,MAYFAIR PUMP STATION,4850 WILSON AVE.,Illinois,Cook,Chicago,"Chicago-Naperville-Elgin, IL-IN-WI",2024-10-31,pm25
17,31,52,88101,1,41.965485,-87.749928,WGS84,PM2.5 - Local Conditions,24 HOUR,PM25 24-hour 2012,2022-07-19,Micrograms/cubic meter (LC),,1,100.0,9.9,9.9,0,52.0,545.0,Met One E-SEQ-FRM PM2.5 with VSCC - Gravimetric,MAYFAIR PUMP STATION,4850 WILSON AVE.,Illinois,Cook,Chicago,"Chicago-Naperville-Elgin, IL-IN-WI",2024-10-31,pm25
17,31,52,88101,1,41.965485,-87.749928,WGS84,PM2.5 - Local Conditions,24 HOUR,PM25 24-hour 2012,2022-07-22,Micrograms/cubic meter (LC),,1,100.0,6.9,6.9,0,38.0,545.0,Met One E-SEQ-FRM PM2.5 with VSCC - Gravimetric,MAYFAIR PUMP STATION,4850 WILSON AVE.,Illinois,Cook,Chicago,"Chicago-Naperville-Elgin, IL-IN-WI",2024-10-31,pm25
17,31,52,88101,1,41.965485,-87.749928,WGS84,PM2.5 - Local Conditions,24 HOUR,PM25 24-hour 2012,2022-07-25,Micrograms/cubic meter (LC),,1,100.0,4.5,4.5,0,25.0,545.0,Met One E-SEQ-FRM PM2.5 with VSCC - Gravimetric,MAYFAIR PUMP STATION,4850 WILSON AVE.,Illinois,Cook,Chicago,"Chicago-Naperville-Elgin, IL-IN-WI",2024-10-31,pm25
17,31,52,88101,1,41.965485,-87.749928,WGS84,PM2.5 - Local Conditions,24 HOUR,PM25 24-hour 2012,2022-07-28,Micrograms/cubic meter (LC),,1,100.0,6.3,6.3,0,35.0,545.0,Met One E-SEQ-FRM PM2.5 with VSCC - Gravimetric,MAYFAIR PUMP STATION,4850 WILSON AVE.,Illinois,Cook,Chicago,"Chicago-Naperville-Elgin, IL-IN-WI",2024-10-31,pm25
17,31,52,88101,1,41.965485,-87.749928,WGS84,PM2.5 - Local Conditions,24 HOUR,PM25 24-hour 2012,2022-07-31,Micrograms/cubic meter (LC),,1,100.0,7.3,7.3,0,41.0,545.0,Met One E-SEQ-FRM PM2.5 with VSCC - Gravimetric,MAYFAIR PUMP STATION,4850 WILSON AVE.,Illinois,Cook,Chicago,"Chicago-Naperville-Elgin, IL-IN-WI",2024-10-31,pm25
17,31,52,88101,1,41.965485,-87.749928,WGS84,PM2.5 - Local Conditions,24 HOUR,PM25 24-hour 2012,2022-08-03,Micrograms/cubic meter (LC),,1,100.0,7.8,7.8,0,43.0,545.0,Met One E-SEQ-FRM PM2.5 with VSCC - Gravimetric,MAYFAIR PUMP STATION,4850 WILSON AVE.,Illinois,Cook,Chicago,"Chicago-Naperville-Elgin, IL-IN-WI",2024-10-31,pm25
17,31,52,88101,1,41.965485,-87.749928,WGS84,PM2.5 - Local Conditions,24 HOUR,PM25 24-hour 2012,2022-08-06,Micrograms/cubic meter (LC),,1,100.0,11.0,11.0,0,55.0,545.0,Met One E-SEQ-FRM PM2.5 with VSCC - Gravimetric,MAYFAIR PUMP STATION,4850 WILSON AVE.,Illinois,Cook,Chicago,"Chicago-Naperville-Elgin, IL-IN-WI",2024-10-31,pm25
17,31,52,88101,1,41.965485,-87.749928,WGS84,PM2.5 - Local Conditions,24 HOUR,PM25 24-hour 2012,2022-08-09,Micrograms/cubic meter (LC),,1,100.0,3.7,3.7,0,21.0,545.0,Met One E-SEQ-FRM PM2.5 with VSCC - Gravimetric,MAYFAIR PUMP STATION,4850 WILSON AVE.,Illinois,Cook,Chicago,"Chicago-Naperville-Elgin, IL-IN-WI",2024-10-31,pm25
17,31,52,88101,1,41.965485,-87.749928,WGS84,PM2.5 - Local Conditions,24 HOUR,PM25 24-hour 2012,2022-08-12,Micrograms/cubic meter (LC),,1,100.0,6.6,6.6,0,37.0,545.0,Met One E-SEQ-FRM PM2.5 with VSCC - Gravimetric,MAYFAIR PUMP STATION,4850 WILSON AVE.,Illinois,Cook,Chicago,"Chicago-Naperville-Elgin, IL-IN-WI",2024-10-31,pm25
17,31,52,88101,1,41.965485,-87.749928,WGS84,PM2.5 - Local Conditions,24 HOUR,PM25 24-hour 2012,2022-08-15,Micrograms/cubic meter (LC),,1,100.0,8.4,8.4,0,47.0,545.0,Met One E-SEQ-FRM PM2.5 with VSCC - Gravimetric,MAYFAIR PUMP STATION,4850 WILSON AVE.,Illinois,Cook,Chicago,"Chicago-Naperville-Elgin, IL-IN-WI",2024-10-31,pm25
17,31,52,88101,1,41.965485,-87.749928,WGS84,PM2.5 - Local Conditions,24 HOUR,PM25 24-hour 2012,2022-08-18,Micrograms/cubic meter (LC),,1,100.0,11.3,11.3,0,55.0,545.0,Met One E-SEQ-FRM PM2.5 with VSCC - Gravimetric,MAYFAIR PUMP STATION,4850 WILSON AVE.,Illinois,Cook,Chicago,"Chicago-Naperville-Elgin, IL-IN-WI",2024-10-31,pm25
17,31,52,88101,1,41.965485,-87.749928,WGS84,PM2.5 - Local Conditions,24 HOUR,PM25 24-hour 2012,2022-08-21,Micrograms/cubic meter (LC),,1,100.0,8.3,8.3,0,46.0,545.0,Met One E-SEQ-FRM PM2.5 with VSCC - Gravimetric,MAYFAIR PUMP STATION,4850 WILSON AVE.,Illinois,Cook,Chicago,"Chicago-Naperville-Elgin, IL-IN-WI",2024-10-31,pm25
17,31,52,88101,1,41.965485,-87.749928,WGS84,PM2.5 - Local Conditions,24 HOUR,PM25 24-hour 2012,2022-08-24,Micrograms/cubic meter (LC),,1,100.0,10.2,10.2,0,53.0,545.0,Met One E-SEQ-FRM PM2.5 with VSCC - Gravimetric,MAYFAIR PUMP STATION,4850 WILSON AVE.,Illinois,Cook,Chicago,"Chicago-Naperville-Elgin, IL-IN-WI",2024-10-31,pm25
17,31,52,88101,1,41.965485,-87.749928,WGS84,PM2.5 - Local Conditions,24 HOUR,PM25 24-hour 2012,2022-08-27,Micrograms/cubic meter (LC),,1,100.0,10.5,10.5,0,54.0,545.0,Met One E-SEQ-FRM PM2.5 with VSCC - Gravimetric,MAYFAIR PUMP STATION,4850 WILSON AVE.,Illinois,Cook,Chicago,"Chicago-Naperville-Elgin, IL-IN-WI",2024-10-31,pm25
17,31,52,88101,1,41.965485,-87.749928,WGS84,PM2.5 - Local Conditions,24 HOUR,PM25 24-hour 2012,2022-08-30,Micrograms/cubic meter (LC),,1,100.0,6.8,6.8,0,38.0,545.0,Met One E-SEQ-FRM PM2.5 with VSCC - Gravimetric,MAYFAIR PUMP STATION,4850 WILSON AVE.,Illinois,Cook,Chicago,"Chicago-Naperville-Elgin, IL-IN-WI",2024-10-31,pm25
17,31,52,88101,1,41.965485,-87.749928,WGS84,PM2.5 - Local Conditions,24 HOUR,PM25 24-hour 2012,2022-09-02,Micrograms/cubic meter (LC),,1,100.0,9.8,9.8,0,52.0,545.0,Met One E-SEQ-FRM PM2.5 with VSCC - Gravimetric,MAYFAIR PUMP STATION,4850 WILSON AVE.,Illinois,Cook,Chicago,"Chicago-Naperville-Elgin, IL-IN-WI",2024-10-31,pm25
17,31,52,88101,1,41.965485,-87.749928,WGS84,PM2.5 - Local Conditions,24 HOUR,PM25 24-hour 2012,2022-09-05,Micrograms/cubic meter (LC),,1,100.0,5.8,5.8,0,32.0,545.0,Met One E-SEQ-FRM PM2.5 with VSCC - Gravimetric,MAYFAIR PUMP STATION,4850 WILSON AVE.,Illinois,Cook,Chicago,"Chicago-Naperville-Elgin, IL-IN-WI",2024-10-31,pm25
17,31,52,88101,1,41.965485,-87.749928,WGS84,PM2.5 - Local Conditions,24 HOUR,PM25 24-hour 2012,2022-09-08,Micrograms/cubic meter (LC),,1,100.0,11.0,11.0,0,55.0,545.0,Met One E-SEQ-FRM PM2.5 with VSCC - Gravimetric,MAYFAIR PUMP STATION,4850 WILSON AVE.,Illinois,Cook,Chicago,"Chicago-Naperville-Elgin, IL-IN-WI",2024-10-31,pm25
17,31,52,88101,1,41.965485,-87.749928,WGS84,PM2.5 - Local Conditions,24 HOUR,PM25 24-hour 2012,2022-09-11,Micrograms/cubic meter (LC),,1,100.0,5.3,5.3,0,29.0,545.0,Met One E-SEQ-FRM PM2.5 with VSCC - Gravimetric,MAYFAIR PUMP STATION,4850 WILSON AVE.,Illinois,Cook,Chicago,"Chicago-Naperville-Elgin, IL-IN-WI",2024-10-31,pm25
17,31,52,88101,1,41.965485,-87.749928,WGS84,PM2.5 - Local Conditions,24 HOUR,PM25 24-hour 2012,2022-09-14,Micrograms/cubic meter (LC),,1,100.0,9.2,9.2,0,51.0,545.0,Met One E-SEQ-FRM PM2.5 with VSCC - Gravimetric,MAYFAIR PUMP STATION,4850 WILSON AVE.,Illinois,Cook,Chicago,"Chicago-Naperville-Elgin, IL-IN-WI",2024-10-31,pm25
17,31,52,88101,1,41.965485,-87.749928,WGS84,PM2.5 - Local Conditions,24 HOUR,PM25 24-hour 2012,2022-09-17,Micrograms/cubic meter (LC),,1,100.0,14.4,14.4,0,61.0,545.0,Met One E-SEQ-FRM PM2.5 with VSCC - Gravimetric,MAYFAIR PUMP STATION,4850 WILSON AVE.,Illinois,Cook,Chicago,"Chicago-Naperville-Elgin, IL-IN-WI",2024-10-31,pm25
17,31,52,88101,1,41.965485,-87.749928,WGS84,PM2.5 - Local Conditions,24 HOUR,PM25 24-hour 2012,2022-09-20,Micrograms/cubic meter (LC),,1,100.0,10.5,10.5,0,54.0,545.0,Met One E-SEQ-FRM PM2.5 with VSCC - Gravimetric,MAYFAIR PUMP STATION,4850 WILSON AVE.,Illinois,Cook,Chicago,"Chicago-Naperville-Elgin, IL-IN-WI",2024-10-31,pm25
17,31,52,88101,1,41.965485,-87.749928,WGS84,PM2.5 - Local Conditions,24 HOUR,PM25 24-hour 2012,2022-09-23,Micrograms/cubic meter (LC),,1,100.0,5.5,5.5,0,31.0,545.0,Met One E-SEQ-FRM PM2.5 with VSCC - Gravimetric,MAYFAIR PUMP STATION,4850 WILSON AVE.,Illinois,Cook,Chicago,"Chicago-Naperville-Elgin, IL-IN-WI",2024-10-31,pm25
17,31,52,88101,1,41.965485,-87.749928,WGS84,PM2.5 - Local Conditions,24 HOUR,PM25 24-hour 2012,2022-09-26,Micrograms/cubic meter (LC),,1,100.0,3.7,3.7,0,21.0,545.0,Met One E-SEQ-FRM PM2.5 with VSCC - Gravimetric,MAYFAIR PUMP STATION,4850 WILSON AVE.,Illinois,Cook,Chicago,"Chicago-Naperville-Elgin, IL-IN-WI",2024-10-31,pm25
17,31,52,88101,1,41.965485,-87.749928,WGS84,PM2.5 - Local Conditions,24 HOUR,PM25 24-hour 2012,2022-09-29,Micrograms/cubic meter (LC),,1,100.0,5.0,5.0,0,28.0,545.0,Met One E-SEQ-FRM PM2.5 with VSCC - Gravimetric,MAYFAIR PUMP STATION,4850 WILSON AVE.,Illinois,Cook,Chicago,"Chicago-Naperville-Elgin, IL-IN-WI",2024-10-31,pm25
17,31,52,88101,1,41.965485,-87.749928,WGS84,PM2.5 - Local Conditions,24 HOUR,PM25 24-hour 2012,2022-10-02,Micrograms/cubic meter (LC),,1,100.0,3.8,3.8,0,21.0,545.0,Met One E-SEQ-FRM PM2.5 with VSCC - Gravimetric,MAYFAIR PUMP STATION,4850 WILSON AVE.,Illinois,Cook,Chicago,"Chicago-Naperville-Elgin, IL-IN-WI",2024-10-31,pm25
17,31,52,88101,1,41.965485,-87.749928,WGS84,PM2.5 - Local Conditions,24 HOUR,PM25 24-hour 2012,2022-10-05,Micrograms/cubic meter (LC),,1,100.0,14.0,14.0,0,60.0,545.0,Met One E-SEQ-FRM PM2.5 with VSCC - Gravimetric,MAYFAIR PUMP STATION,4850 WILSON AVE.,Illinois,Cook,Chicago,"Chicago-Naperville-Elgin, IL-IN-WI",2024-10-31,pm25
17,31,52,88101,1,41.965485,-87.749928,WGS84,PM2.5 - Local Conditions,24 HOUR,PM25 24-hour 2012,2022-10-08,Micrograms/cubic meter (LC),,1,100.0,5.4,5.4,0,30.0,545.0,Met One E-SEQ-FRM PM2.5 with VSCC - Gravimetric,MAYFAIR PUMP STATION,4850 WILSON AVE.,Illinois,Cook,Chicago,"Chicago-Naperville-Elgin, IL-IN-WI",2024-10-31,pm25
17,31,52,88101,1,41.965485,-87.749928,WGS84,PM2.5 - Local Conditions,24 HOUR,PM25 24-hour 2012,2022-10-11,Micrograms/cubic meter (LC),,1,100.0,12.3,12.3,0,57.0,545.0,Met One E-SEQ-FRM PM2.5 with VSCC - Gravimetric,MAYFAIR PUMP STATION,4850 WILSON AVE.,Illinois,Cook,Chicago,"Chicago-Naperville-Elgin, IL-IN-WI",2024-10-31,pm25
17,31,52,88101,1,41.965485,-87.749928,WGS84,PM2.5 - Local Conditions,24 HOUR,PM25 24-hour 2012,2022-10-14,Micrograms/cubic meter (LC),,1,100.0,7.1,7.1,0,39.0,545.0,Met One E-SEQ-FRM PM2.5 with VSCC - Gravimetric,MAYFAIR PUMP STATION,4850 WILSON AVE.,Illinois,Cook,Chicago,"Chicago-Naperville-Elgin, IL-IN-WI",2024-10-31,pm25
17,31,52,88101,1,41.965485,-87.749928,WGS84,PM2.5 - Local Conditions,24 HOUR,PM25 24-hour 2012,2022-10-17,Micrograms/cubic meter (LC),,1,100.0,1.5,1.5,0,8.0,545.0,Met One E-SEQ-FRM PM2.5 with VSCC - Gravimetric,MAYFAIR PUMP STATION,4850 WILSON AVE.,Illinois,Cook,Chicago,"Chicago-Naperville-Elgin, IL-IN-WI",2024-10-31,pm25
17,31,52,88101,1,41.965485,-87.749928,WGS84,PM2.5 - Local Conditions,24 HOUR,PM25 24-hour 2012,2022-10-20,Micrograms/cubic meter (LC),,1,100.0,10.4,10.4,0,53.0,545.0,Met One E-SEQ-FRM PM2.5 with VSCC - Gravimetric,MAYFAIR PUMP STATION,4850 WILSON AVE.,Illinois,Cook,Chicago,"Chicago-Naperville-Elgin, IL-IN-WI",2024-10-31,pm25
17,31,52,88101,1,41.965485,-87.749928,WGS84,PM2.5 - Local Conditions,24 HOUR,PM25 24-hour 2012,2022-10-23,Micrograms/cubic meter (LC),,1,100.0,11.0,11.0,0,55.0,545.0,Met One E-SEQ-FRM PM2.5 with VSCC - Gravimetric,MAYFAIR PUMP STATION,4850 WILSON AVE.,Illinois,Cook,Chicago,"Chicago-Naperville-Elgin, IL-IN-WI",2024-10-31,pm25
17,31,52,88101,1,41.965485,-87.749928,WGS84,PM2.5 - Local Conditions,24 HOUR,PM25 24-hour 2012,2022-10-26,Micrograms/cubic meter (LC),,1,100.0,5.1,5.1,0,28.0,545.0,Met One E-SEQ-FRM PM2.5 with VSCC - Gravimetric,MAYFAIR PUMP STATION,4850 WILSON AVE.,Illinois,Cook,Chicago,"Chicago-Naperville-Elgin, IL-IN-WI",2024-10-31,pm25
17,31,52,88101,1,41.965485,-87.749928,WGS84,PM2.5 - Local Conditions,24 HOUR,PM25 24-hour 2012,2022-10-29,Micrograms/cubic meter (LC),,1,100.0,21.0,21.0,0,73.0,545.0,Met One E-SEQ-FRM PM2.5 with VSCC - Gravimetric,MAYFAIR PUMP STATION,4850 WILSON AVE.,Illinois,Cook,Chicago,"Chicago-Naperville-Elgin, IL-IN-WI",2024-10-31,pm25
17,31,52,88101,1,41.965485,-87.749928,WGS84,PM2.5 - Local Conditions,24 HOUR,PM25 24-hour 2012,2022-11-01,Micrograms/cubic meter (LC),,1,100.0,13.1,13.1,0,58.0,545.0,Met One E-SEQ-FRM PM2.5 with VSCC - Gravimetric,MAYFAIR PUMP STATION,4850 WILSON AVE.,Illinois,Cook,Chicago,"Chicago-Naperville-Elgin, IL-IN-WI",2024-10-31,pm25
17,31,52,88101,1,41.965485,-87.749928,WGS84,PM2.5 - Local Conditions,24 HOUR,PM25 24-hour 2012,2022-11-04,Micrograms/cubic meter (LC),,1,100.0,12.7,12.7,0,58.0,545.0,Met One E-SEQ-FRM PM2.5 with VSCC - Gravimetric,MAYFAIR PUMP STATION,4850 WILSON AVE.,Illinois,Cook,Chicago,"Chicago-Naperville-Elgin, IL-IN-WI",2024-10-31,pm25
17,31,52,88101,1,41.965485,-87.749928,WGS84,PM2.5 - Local Conditions,24 HOUR,PM25 24-hour 2012,2022-11-07,Micrograms/cubic meter (LC),,1,100.0,4.5,4.5,0,25.0,545.0,Met One E-SEQ-FRM PM2.5 with VSCC - Gravimetric,MAYFAIR PUMP STATION,4850 WILSON AVE.,Illinois,Cook,Chicago,"Chicago-Naperville-Elgin, IL-IN-WI",2024-10-31,pm25
17,31,52,88101,1,41.965485,-87.749928,WGS84,PM2.5 - Local Conditions,24 HOUR,PM25 24-hour 2012,2022-11-10,Micrograms/cubic meter (LC),,1,100.0,11.1,11.1,0,55.0,545.0,Met One E-SEQ-FRM PM2.5 with VSCC - Gravimetric,MAYFAIR PUMP STATION,4850 WILSON AVE.,Illinois,Cook,Chicago,"Chicago-Naperville-Elgin, IL-IN-WI",2024-10-31,pm25
17,31,52,88101,1,41.965485,-87.749928,WGS84,PM2.5 - Local Conditions,24 HOUR,PM25 24-hour 2012,2022-11-13,Micrograms/cubic meter (LC),,1,100.0,3.8,3.8,0,21.0,545.0,Met One E-SEQ-FRM PM2.5 with VSCC - Gravimetric,MAYFAIR PUMP STATION,4850 WILSON AVE.,Illinois,Cook,Chicago,"Chicago-Naperville-Elgin, IL-IN-WI",2024-10-31,pm25
17,31,52,88101,1,41.965485,-87.749928,WGS84,PM2.5 - Local Conditions,24 HOUR,PM25 24-hour 2012,2022-11-16,Micrograms/cubic meter (LC),,1,100.0,6.3,6.3,0,35.0,545.0,Met One E-SEQ-FRM PM2.5 with VSCC - Gravimetric,MAYFAIR PUMP STATION,4850 WILSON AVE.,Illinois,Cook,Chicago,"Chicago-Naperville-Elgin, IL-IN-WI",2024-10-31,pm25
17,31,52,88101,1,41.965485,-87.749928,WGS84,PM2.5 - Local Conditions,24 HOUR,PM25 24-hour 2012,2022-11-19,Micrograms/cubic meter (LC),,1,100.0,4.9,4.9,0,27.0,545.0,Met One E-SEQ-FRM PM2.5 with VSCC - Gravimetric,MAYFAIR PUMP STATION,4850 WILSON AVE.,Illinois,Cook,Chicago,"Chicago-Naperville-Elgin, IL-IN-WI",2024-10-31,pm25
17,31,52,88101,1,41.965485,-87.749928,WGS84,PM2.5 - Local Conditions,24 HOUR,PM25 24-hour 2012,2022-11-22,Micrograms/cubic meter (LC),,1,100.0,15.7,15.7,0,63.0,545.0,Met One E-SEQ-FRM PM2.5 with VSCC - Gravimetric,MAYFAIR PUMP STATION,4850 WILSON AVE.,Illinois,Cook,Chicago,"Chicago-Naperville-Elgin, IL-IN-WI",2024-10-31,pm25
17,31,52,88101,1,41.965485,-87.749928,WGS84,PM2.5 - Local Conditions,24 HOUR,PM25 24-hour 2012,2022-11-25,Micrograms/cubic meter (LC),,1,100.0,12.7,12.7,0,58.0,545.0,Met One E-SEQ-FRM PM2.5 with VSCC - Gravimetric,MAYFAIR PUMP STATION,4850 WILSON AVE.,Illinois,Cook,Chicago,"Chicago-Naperville-Elgin, IL-IN-WI",2024-10-31,pm25
17,31,52,88101,1,41.965485,-87.749928,WGS84,PM2.5 - Local Conditions,24 HOUR,PM25 24-hour 2012,2022-11-28,Micrograms/cubic meter (LC),,1,100.0,10.2,10.2,0,53.0,545.0,Met One E-SEQ-FRM PM2.5 with VSCC - Gravimetric,MAYFAIR PUMP STATION,4850 WILSON AVE.,Illinois,Cook,Chicago,"Chicago-Naperville-Elgin, IL-IN-WI",2024-10-31,pm25
17,31,52,88101,1,41.965485,-87.749928,WGS84,PM2.5 - Local Conditions,24 HOUR,PM25 24-hour 2012,2022-12-01,Micrograms/cubic meter (LC),,1,100.0,7.1,7.1,0,39.0,545.0,Met One E-SEQ-FRM PM2.5 with VSCC - Gravimetric,MAYFAIR PUMP STATION,4850 WILSON AVE.,Illinois,Cook,Chicago,"Chicago-Naperville-Elgin, IL-IN-WI",2024-10-31,pm25
17,31,52,88101,1,41.965485,-87.749928,WGS84,PM2.5 - Local Conditions,24 HOUR,PM25 24-hour 2012,2022-12-04,Micrograms/cubic meter (LC),,1,100.0,6.5,6.5,0,36.0,545.0,Met One E-SEQ-FRM PM2.5 with VSCC - Gravimetric,MAYFAIR PUMP STATION,4850 WILSON AVE.,Illinois,Cook,Chicago,"Chicago-Naperville-Elgin, IL-IN-WI",2024-10-31,pm25
17,31,52,88101,1,41.965485,-87.749928,WGS84,PM2.5 - Local Conditions,24 HOUR,PM25 24-hour 2012,2022-12-07,Micrograms/cubic meter (LC),,1,100.0,27.1,27.1,0,85.0,545.0,Met One E-SEQ-FRM PM2.5 with VSCC - Gravimetric,MAYFAIR PUMP STATION,4850 WILSON AVE.,Illinois,Cook,Chicago,"Chicago-Naperville-Elgin, IL-IN-WI",2024-10-31,pm25
17,31,52,88101,1,41.965485,-87.749928,WGS84,PM2.5 - Local Conditions,24 HOUR,PM25 24-hour 2012,2022-12-13,Micrograms/cubic meter (LC),,1,100.0,13.1,13.1,0,58.0,545.0,Met One E-SEQ-FRM PM2.5 with VSCC - Gravimetric,MAYFAIR PUMP STATION,4850 WILSON AVE.,Illinois,Cook,Chicago,"Chicago-Naperville-Elgin, IL-IN-WI",2024-10-31,pm25
17,31,52,88101,1,41.965485,-87.749928,WGS84,PM2.5 - Local Conditions,24 HOUR,PM25 24-hour 2012,2022-12-16,Micrograms/cubic meter (LC),,1,100.0,7.4,7.4,0,41.0,545.0,Met One E-SEQ-FRM PM2.5 with VSCC - Gravimetric,MAYFAIR PUMP STATION,4850 WILSON AVE.,Illinois,Cook,Chicago,"Chicago-Naperville-Elgin, IL-IN-WI",2024-10-31,pm25
17,31,52,88101,1,41.965485,-87.749928,WGS84,PM2.5 - Local Conditions,24 HOUR,PM25 24-hour 2012,2022-12-19,Micrograms/cubic meter (LC),,1,100.0,14.2,14.2,0,61.0,545.0,Met One E-SEQ-FRM PM2.5 with VSCC - Gravimetric,MAYFAIR PUMP STATION,4850 WILSON AVE.,Illinois,Cook,Chicago,"Chicago-Naperville-Elgin, IL-IN-WI",2024-10-31,pm25
17,31,52,88101,1,41.965485,-87.749928,WGS84,PM2.5 - Local Conditions,24 HOUR,PM25 24-hour 2012,2022-12-22,Micrograms/cubic meter (LC),,1,100.0,20.5,20.5,0,72.0,545.0,Met One E-SEQ-FRM PM2.5 with VSCC - Gravimetric,MAYFAIR PUMP STATION,4850 WILSON AVE.,Illinois,Cook,Chicago,"Chicago-Naperville-Elgin, IL-IN-WI",2024-10-31,pm25
17,31,52,88101,1,41.965485,-87.749928,WGS84,PM2.5 - Local Conditions,24 HOUR,PM25 24-hour 2012,2022-12-25,Micrograms/cubic meter (LC),,1,100.0,4.3,4.3,0,24.0,545.0,Met One E-SEQ-FRM PM2.5 with VSCC - Gravimetric,MAYFAIR PUMP STATION,4850 WILSON AVE.,Illinois,Cook,Chicago,"Chicago-Naperville-Elgin, IL-IN-WI",2024-10-31,pm25
17,31,52,88101,1,41.965485,-87.749928,WGS84,PM2.5 - Local Conditions,24 HOUR,PM25 24-hour 2012,2022-12-28,Micrograms/cubic meter (LC),,1,100.0,12.3,12.3,0,57.0,545.0,Met One E-SEQ-FRM PM2.5 with VSCC - Gravimetric,MAYFAIR PUMP STATION,4850 WILSON AVE.,Illinois,Cook,Chicago,"Chicago-Naperville-Elgin, IL-IN-WI",2024-10-31,pm25
17,31,52,88101,1,41.965485,-87.749928,WGS84,PM2.5 - Local Conditions,24 HOUR,PM25 24-hour 2012,2022-12-31,Micrograms/cubic meter (LC),,1,100.0,17.7,17.7,0,67.0,545.0,Met One E-SEQ-FRM PM2.5 with VSCC - Gravimetric,MAYFAIR PUMP STATION,4850 WILSON AVE.,Illinois,Cook,Chicago,"Chicago-Naperville-Elgin, IL-IN-WI",2024-10-31,pm25
17,31,57,88101,1,41.912739,-87.722673,NAD83,PM2.5 - Local Conditions,24 HOUR,PM25 24-hour 2012,2022-01-05,Micrograms/cubic meter (LC),,1,100.0,7.6,7.6,0,42.0,545.0,Met One E-SEQ-FRM PM2.5 with VSCC - Gravimetric,SPRINGFIELD PUMP STATION,1745 N. SPRINGFIELD,Illinois,Cook,Chicago,"Chicago-Naperville-Elgin, IL-IN-WI",2024-08-08,pm25
17,31,57,88101,1,41.912739,-87.722673,NAD83,PM2.5 - Local Conditions,24 HOUR,PM25 24-hour 2012,2022-01-11,Micrograms/cubic meter (LC),,1,100.0,8.5,8.5,0,47.0,545.0,Met One E-SEQ-FRM PM2.5 with VSCC - Gravimetric,SPRINGFIELD PUMP STATION,1745 N. SPRINGFIELD,Illinois,Cook,Chicago,"Chicago-Naperville-Elgin, IL-IN-WI",2024-08-08,pm25
17,31,57,88101,1,41.912739,-87.722673,NAD83,PM2.5 - Local Conditions,24 HOUR,PM25 24-hour 2012,2022-01-17,Micrograms/cubic meter (LC),,1,100.0,11.0,11.0,0,55.0,545.0,Met One E-SEQ-FRM PM2.5 with VSCC - Gravimetric,SPRINGFIELD PUMP STATION,1745 N. SPRINGFIELD,Illinois,Cook,Chicago,"Chicago-Naperville-Elgin, IL-IN-WI",2024-08-08,pm25
17,31,57,88101,1,41.912739,-87.722673,NAD83,PM2.5 - Local Conditions,24 HOUR,PM25 24-hour 2012,2022-01-29,Micrograms/cubic meter (LC),,1,100.0,10.8,10.8,0,54.0,545.0,Met One E-SEQ-FRM PM2.5 with VSCC - Gravimetric,SPRINGFIELD PUMP STATION,1745 N. SPRINGFIELD,Illinois,Cook,Chicago,"Chicago-Naperville-Elgin, IL-IN-WI",2024-08-08,pm25
17,31,57,88101,1,41.912739,-87.722673,NAD83,PM2.5 - Local Conditions,24 HOUR,PM25 24-hour 2012,2022-02-05,Micrograms/cubic meter (LC),,1,100.0,14.3,14.3,0,61.0,545.0,Met One E-SEQ-FRM PM2.5 with VSCC - Gravimetric,SPRINGFIELD PUMP STATION,1745 N. SPRINGFIELD,Illinois,Cook,Chicago,"Chicago-Naperville-Elgin, IL-IN-WI",2024-08-08,pm25
17,31,57,88101,1,41.912739,-87.722673,NAD83,PM2.5 - Local Conditions,24 HOUR,PM25 24-hour 2012,2022-02-10,Micrograms/cubic meter (LC),,1,100.0,4.1,4.1,0,23.0,545.0,Met One E-SEQ-FRM PM2.5 with VSCC - Gravimetric,SPRINGFIELD PUMP STATION,1745 N. SPRINGFIELD,Illinois,Cook,Chicago,"Chicago-Naperville-Elgin, IL-IN-WI",2024-08-08,pm25
17,31,57,88101,1,41.912739,-87.722673,NAD83,PM2.5 - Local Conditions,24 HOUR,PM25 24-hour 2012,2022-02-16,Micrograms/cubic meter (LC),,1,100.0,9.9,9.9,0,52.0,545.0,Met One E-SEQ-FRM PM2.5 with VSCC - Gravimetric,SPRINGFIELD PUMP STATION,1745 N. SPRINGFIELD,Illinois,Cook,Chicago,"Chicago-Naperville-Elgin, IL-IN-WI",2024-08-08,pm25
17,31,57,88101,1,41.912739,-87.722673,NAD83,PM2.5 - Local Conditions,24 HOUR,PM25 24-hour 2012,2022-02-22,Micrograms/cubic meter (LC),,1,100.0,7.3,7.3,0,41.0,545.0,Met One E-SEQ-FRM PM2.5 with VSCC - Gravimetric,SPRINGFIELD PUMP STATION,1745 N. SPRINGFIELD,Illinois,Cook,Chicago,"Chicago-Naperville-Elgin, IL-IN-WI",2024-08-08,pm25
17,31,57,88101,1,41.912739,-87.722673,NAD83,PM2.5 - Local Conditions,24 HOUR,PM25 24-hour 2012,2022-03-06,Micrograms/cubic meter (LC),,1,100.0,5.1,5.1,0,28.0,545.0,Met One E-SEQ-FRM PM2.5 with VSCC - Gravimetric,SPRINGFIELD PUMP STATION,1745 N. SPRINGFIELD,Illinois,Cook,Chicago,"Chicago-Naperville-Elgin, IL-IN-WI",2024-08-08,pm25
17,31,57,88101,1,41.912739,-87.722673,NAD83,PM2.5 - Local Conditions,24 HOUR,PM25 24-hour 2012,2022-03-12,Micrograms/cubic meter (LC),,1,100.0,3.6,3.6,0,20.0,545.0,Met One E-SEQ-FRM PM2.5 with VSCC - Gravimetric,SPRINGFIELD PUMP STATION,1745 N. SPRINGFIELD,Illinois,Cook,Chicago,"Chicago-Naperville-Elgin, IL-IN-WI",2024-08-08,pm25
17,31,57,88101,1,41.912739,-87.722673,NAD83,PM2.5 - Local Conditions,24 HOUR,PM25 24-hour 2012,2022-03-18,Micrograms/cubic meter (LC),,1,100.0,6.6,6.6,0,37.0,545.0,Met One E-SEQ-FRM PM2.5 with VSCC - Gravimetric,SPRINGFIELD PUMP STATION,1745 N. SPRINGFIELD,Illinois,Cook,Chicago,"Chicago-Naperville-Elgin, IL-IN-WI",2024-08-08,pm25
17,31,57,88101,1,41.912739,-87.722673,NAD83,PM2.5 - Local Conditions,24 HOUR,PM25 24-hour 2012,2022-03-24,Micrograms/cubic meter (LC),,1,100.0,3.5,3.5,0,19.0,545.0,Met One E-SEQ-FRM PM2.5 with VSCC - Gravimetric,SPRINGFIELD PUMP STATION,1745 N. SPRINGFIELD,Illinois,Cook,Chicago,"Chicago-Naperville-Elgin, IL-IN-WI",2024-08-08,pm25
17,31,57,88101,1,41.912739,-87.722673,NAD83,PM2.5 - Local Conditions,24 HOUR,PM25 24-hour 2012,2022-03-30,Micrograms/cubic meter (LC),,1,100.0,8.1,8.1,0,45.0,545.0,Met One E-SEQ-FRM PM2.5 with VSCC - Gravimetric,SPRINGFIELD PUMP STATION,1745 N. SPRINGFIELD,Illinois,Cook,Chicago,"Chicago-Naperville-Elgin, IL-IN-WI",2024-08-08,pm25
17,31,57,88101,1,41.912739,-87.722673,NAD83,PM2.5 - Local Conditions,24 HOUR,PM25 24-hour 2012,2022-04-05,Micrograms/cubic meter (LC),,1,100.0,15.4,15.4,0,63.0,545.0,Met One E-SEQ-FRM PM2.5 with VSCC - Gravimetric,SPRINGFIELD PUMP STATION,1745 N. SPRINGFIELD,Illinois,Cook,Chicago,"Chicago-Naperville-Elgin, IL-IN-WI",2024-08-08,pm25
17,31,57,88101,1,41.912739,-87.722673,NAD83,PM2.5 - Local Conditions,24 HOUR,PM25 24-hour 2012,2022-04-11,Micrograms/cubic meter (LC),,1,100.0,6.5,6.5,0,36.0,545.0,Met One E-SEQ-FRM PM2.5 with VSCC - Gravimetric,SPRINGFIELD PUMP STATION,1745 N. SPRINGFIELD,Illinois,Cook,Chicago,"Chicago-Naperville-Elgin, IL-IN-WI",2024-08-08,pm25
17,31,57,88101,1,41.912739,-87.722673,NAD83,PM2.5 - Local Conditions,24 HOUR,PM25 24-hour 2012,2022-04-17,Micrograms/cubic meter (LC),,1,100.0,3.5,3.5,0,19.0,545.0,Met One E-SEQ-FRM PM2.5 with VSCC - Gravimetric,SPRINGFIELD PUMP STATION,1745 N. SPRINGFIELD,Illinois,Cook,Chicago,"Chicago-Naperville-Elgin, IL-IN-WI",2024-08-08,pm25
17,31,57,88101,1,41.912739,-87.722673,NAD83,PM2.5 - Local Conditions,24 HOUR,PM25 24-hour 2012,2022-04-23,Micrograms/cubic meter (LC),,1,100.0,11.0,11.0,0,55.0,545.0,Met One E-SEQ-FRM PM2.5 with VSCC - Gravimetric,SPRINGFIELD PUMP STATION,1745 N. SPRINGFIELD,Illinois,Cook,Chicago,"Chicago-Naperville-Elgin, IL-IN-WI",2024-08-08,pm25
17,31,57,88101,1,41.912739,-87.722673,NAD83,PM2.5 - Local Conditions,24 HOUR,PM25 24-hour 2012,2022-04-29,Micrograms/cubic meter (LC),,1,100.0,8.8,8.8,0,49.0,545.0,Met One E-SEQ-FRM PM2.5 with VSCC - Gravimetric,SPRINGFIELD PUMP STATION,1745 N. SPRINGFIELD,Illinois,Cook,Chicago,"Chicago-Naperville-Elgin, IL-IN-WI",2024-08-08,pm25
17,31,57,88101,1,41.912739,-87.722673,NAD83,PM2.5 - Local Conditions,24 HOUR,PM25 24-hour 2012,2022-05-05,Micrograms/cubic meter (LC),,1,100.0,5.9,5.9,0,33.0,545.0,Met One E-SEQ-FRM PM2.5 with VSCC - Gravimetric,SPRINGFIELD PUMP STATION,1745 N. SPRINGFIELD,Illinois,Cook,Chicago,"Chicago-Naperville-Elgin, IL-IN-WI",2024-08-08,pm25
17,31,57,88101,1,41.912739,-87.722673,NAD83,PM2.5 - Local Conditions,24 HOUR,PM25 24-hour 2012,2022-05-11,Micrograms/cubic meter (LC),,1,100.0,23.7,23.7,0,78.0,545.0,Met One E-SEQ-FRM PM2.5 with VSCC - Gravimetric,SPRINGFIELD PUMP STATION,1745 N. SPRINGFIELD,Illinois,Cook,Chicago,"Chicago-Naperville-Elgin, IL-IN-WI",2024-08-08,pm25
17,31,57,88101,1,41.912739,-87.722673,NAD83,PM2.5 - Local Conditions,24 HOUR,PM25 24-hour 2012,2022-05-17,Micrograms/cubic meter (LC),,1,100.0,2.2,2.2,0,12.0,545.0,Met One E-SEQ-FRM PM2.5 with VSCC - Gravimetric,SPRINGFIELD PUMP STATION,1745 N. SPRINGFIELD,Illinois,Cook,Chicago,"Chicago-Naperville-Elgin, IL-IN-WI",2024-08-08,pm25
17,31,57,88101,1,41.912739,-87.722673,NAD83,PM2.5 - Local Conditions,24 HOUR,PM25 24-hour 2012,2022-05-23,Micrograms/cubic meter (LC),,1,100.0,3.2,3.2,0,18.0,545.0,Met One E-SEQ-FRM PM2.5 with VSCC - Gravimetric,SPRINGFIELD PUMP STATION,1745 N. SPRINGFIELD,Illinois,Cook,Chicago,"Chicago-Naperville-Elgin, IL-IN-WI",2024-08-08,pm25
17,31,57,88101,1,41.912739,-87.722673,NAD83,PM2.5 - Local Conditions,24 HOUR,PM25 24-hour 2012,2022-05-29,Micrograms/cubic meter (LC),,1,100.0,6.5,6.5,0,36.0,545.0,Met One E-SEQ-FRM PM2.5 with VSCC - Gravimetric,SPRINGFIELD PUMP STATION,1745 N. SPRINGFIELD,Illinois,Cook,Chicago,"Chicago-Naperville-Elgin, IL-IN-WI",2024-08-08,pm25
17,31,57,88101,1,41.912739,-87.722673,NAD83,PM2.5 - Local Conditions,24 HOUR,PM25 24-hour 2012,2022-06-04,Micrograms/cubic meter (LC),,1,100.0,5.3,5.3,0,29.0,545.0,Met One E-SEQ-FRM PM2.5 with VSCC - Gravimetric,SPRINGFIELD PUMP STATION,1745 N. SPRINGFIELD,Illinois,Cook,Chicago,"Chicago-Naperville-Elgin, IL-IN-WI",2024-08-08,pm25
17,31,57,88101,1,41.912739,-87.722673,NAD83,PM2.5 - Local Conditions,24 HOUR,PM25 24-hour 2012,2022-06-10,Micrograms/cubic meter (LC),,1,100.0,9.3,9.3,0,51.0,545.0,Met One E-SEQ-FRM PM2.5 with VSCC - Gravimetric,SPRINGFIELD PUMP STATION,1745 N. SPRINGFIELD,Illinois,Cook,Chicago,"Chicago-Naperville-Elgin, IL-IN-WI",2024-08-08,pm25
17,31,57,88101,1,41.912739,-87.722673,NAD83,PM2.5 - Local Conditions,24 HOUR,PM25 24-hour 2012,2022-06-16,Micrograms/cubic meter (LC),,1,100.0,8.0,8.0,0,44.0,545.0,Met One E-SEQ-FRM PM2.5 with VSCC - Gravimetric,SPRINGFIELD PUMP STATION,1745 N. SPRINGFIELD,Illinois,Cook,Chicago,"Chicago-Naperville-Elgin, IL-IN-WI",2024-08-08,pm25
17,31,57,88101,1,41.912739,-87.722673,NAD83,PM2.5 - Local Conditions,24 HOUR,PM25 24-hour 2012,2022-06-22,Micrograms/cubic meter (LC),,1,100.0,5.0,5.0,0,28.0,545.0,Met One E-SEQ-FRM PM2.5 with VSCC - Gravimetric,SPRINGFIELD PUMP STATION,1745 N. SPRINGFIELD,Illinois,Cook,Chicago,"Chicago-Naperville-Elgin, IL-IN-WI",2024-08-08,pm25
17,31,57,88101,1,41.912739,-87.722673,NAD83,PM2.5 - Local Conditions,24 HOUR,PM25 24-hour 2012,2022-06-28,Micrograms/cubic meter (LC),,1,100.0,9.0,9.0,0,50.0,545.0,Met One E-SEQ-FRM PM2.5 with VSCC - Gravimetric,SPRINGFIELD PUMP STATION,1745 N. SPRINGFIELD,Illinois,Cook,Chicago,"Chicago-Naperville-Elgin, IL-IN-WI",2024-08-08,pm25
17,31,57,88101,1,41.912739,-87.722673,NAD83,PM2.5 - Local Conditions,24 HOUR,PM25 24-hour 2012,2022-07-04,Micrograms/cubic meter (LC),,1,100.0,28.3,28.3,0,87.0,545.0,Met One E-SEQ-FRM PM2.5 with VSCC - Gravimetric,SPRINGFIELD PUMP STATION,1745 N. SPRINGFIELD,Illinois,Cook,Chicago,"Chicago-Naperville-Elgin, IL-IN-WI",2024-08-08,pm25
17,31,57,88101,1,41.912739,-87.722673,NAD83,PM2.5 - Local Conditions,24 HOUR,PM25 24-hour 2012,2022-07-10,Micrograms/cubic meter (LC),,1,100.0,7.8,7.8,0,43.0,545.0,Met One E-SEQ-FRM PM2.5 with VSCC - Gravimetric,SPRINGFIELD PUMP STATION,1745 N. SPRINGFIELD,Illinois,Cook,Chicago,"Chicago-Naperville-Elgin, IL-IN-WI",2024-08-08,pm25
17,31,57,88101,1,41.912739,-87.722673,NAD83,PM2.5 - Local Conditions,24 HOUR,PM25 24-hour 2012,2022-07-16,Micrograms/cubic meter (LC),,1,100.0,6.2,6.2,0,34.0,545.0,Met One E-SEQ-FRM PM2.5 with VSCC - Gravimetric,SPRINGFIELD PUMP STATION,1745 N. SPRINGFIELD,Illinois,Cook,Chicago,"Chicago-Naperville-Elgin, IL-IN-WI",2024-08-08,pm25
17,31,57,88101,1,41.912739,-87.722673,NAD83,PM2.5 - Local Conditions,24 HOUR,PM25 24-hour 2012,2022-07-22,Micrograms/cubic meter (LC),,1,100.0,7.5,7.5,0,42.0,545.0,Met One E-SEQ-FRM PM2.5 with VSCC - Gravimetric,SPRINGFIELD PUMP STATION,1745 N. SPRINGFIELD,Illinois,Cook,Chicago,"Chicago-Naperville-Elgin, IL-IN-WI",2024-08-08,pm25
17,31,57,88101,1,41.912739,-87.722673,NAD83,PM2.5 - Local Conditions,24 HOUR,PM25 24-hour 2012,2022-07-28,Micrograms/cubic meter (LC),,1,100.0,6.1,6.1,0,34.0,545.0,Met One E-SEQ-FRM PM2.5 with VSCC - Gravimetric,SPRINGFIELD PUMP STATION,1745 N. SPRINGFIELD,Illinois,Cook,Chicago,"Chicago-Naperville-Elgin, IL-IN-WI",2024-08-08,pm25
17,31,57,88101,1,41.912739,-87.722673,NAD83,PM2.5 - Local Conditions,24 HOUR,PM25 24-hour 2012,2022-08-03,Micrograms/cubic meter (LC),,1,100.0,8.5,8.5,0,47.0,545.0,Met One E-SEQ-FRM PM2.5 with VSCC - Gravimetric,SPRINGFIELD PUMP STATION,1745 N. SPRINGFIELD,Illinois,Cook,Chicago,"Chicago-Naperville-Elgin, IL-IN-WI",2024-08-08,pm25
17,31,57,88101,1,41.912739,-87.722673,NAD83,PM2.5 - Local Conditions,24 HOUR,PM25 24-hour 2012,2022-08-09,Micrograms/cubic meter (LC),,1,100.0,2.7,2.7,0,15.0,545.0,Met One E-SEQ-FRM PM2.5 with VSCC - Gravimetric,SPRINGFIELD PUMP STATION,1745 N. SPRINGFIELD,Illinois,Cook,Chicago,"Chicago-Naperville-Elgin, IL-IN-WI",2024-08-08,pm25
17,31,57,88101,1,41.912739,-87.722673,NAD83,PM2.5 - Local Conditions,24 HOUR,PM25 24-hour 2012,2022-08-15,Micrograms/cubic meter (LC),,1,100.0,9.0,9.0,0,50.0,545.0,Met One E-SEQ-FRM PM2.5 with VSCC - Gravimetric,SPRINGFIELD PUMP STATION,1745 N. SPRINGFIELD,Illinois,Cook,Chicago,"Chicago-Naperville-Elgin, IL-IN-WI",2024-08-08,pm25
17,31,57,88101,1,41.912739,-87.722673,NAD83,PM2.5 - Local Conditions,24 HOUR,PM25 24-hour 2012,2022-08-21,Micrograms/cubic meter (LC),,1,100.0,8.1,8.1,0,45.0,545.0,Met One E-SEQ-FRM PM2.5 with VSCC - Gravimetric,SPRINGFIELD PUMP STATION,1745 N. SPRINGFIELD,Illinois,Cook,Chicago,"Chicago-Naperville-Elgin, IL-IN-WI",2024-08-08,pm25
17,31,57,88101,1,41.912739,-87.722673,NAD83,PM2.5 - Local Conditions,24 HOUR,PM25 24-hour 2012,2022-08-27,Micrograms/cubic meter (LC),,1,100.0,10.5,10.5,0,54.0,545.0,Met One E-SEQ-FRM PM2.5 with VSCC - Gravimetric,SPRINGFIELD PUMP STATION,1745 N. SPRINGFIELD,Illinois,Cook,Chicago,"Chicago-Naperville-Elgin, IL-IN-WI",2024-08-08,pm25
17,31,57,88101,1,41.912739,-87.722673,NAD83,PM2.5 - Local Conditions,24 HOUR,PM25 24-hour 2012,2022-09-02,Micrograms/cubic meter (LC),,1,100.0,9.5,9.5,0,52.0,545.0,Met One E-SEQ-FRM PM2.5 with VSCC - Gravimetric,SPRINGFIELD PUMP STATION,1745 N. SPRINGFIELD,Illinois,Cook,Chicago,"Chicago-Naperville-Elgin, IL-IN-WI",2024-08-08,pm25
17,31,57,88101,1,41.912739,-87.722673,NAD83,PM2.5 - Local Conditions,24 HOUR,PM25 24-hour 2012,2022-09-08,Micrograms/cubic meter (LC),,1,100.0,10.6,10.6,0,54.0,545.0,Met One E-SEQ-FRM PM2.5 with VSCC - Gravimetric,SPRINGFIELD PUMP STATION,1745 N. SPRINGFIELD,Illinois,Cook,Chicago,"Chicago-Naperville-Elgin, IL-IN-WI",2024-08-08,pm25
17,31,57,88101,1,41.912739,-87.722673,NAD83,PM2.5 - Local Conditions,24 HOUR,PM25 24-hour 2012,2022-09-14,Micrograms/cubic meter (LC),,1,100.0,9.0,9.0,0,50.0,545.0,Met One E-SEQ-FRM PM2.5 with VSCC - Gravimetric,SPRINGFIELD PUMP STATION,1745 N. SPRINGFIELD,Illinois,Cook,Chicago,"Chicago-Naperville-Elgin, IL-IN-WI",2024-08-08,pm25
17,31,57,88101,1,41.912739,-87.722673,NAD83,PM2.5 - Local Conditions,24 HOUR,PM25 24-hour 2012,2022-09-20,Micrograms/cubic meter (LC),,1,100.0,10.5,10.5,0,54.0,545.0,Met One E-SEQ-FRM PM2.5 with VSCC - Gravimetric,SPRINGFIELD PUMP STATION,1745 N. SPRINGFIELD,Illinois,Cook,Chicago,"Chicago-Naperville-Elgin, IL-IN-WI",2024-08-08,pm25
17,31,57,88101,1,41.912739,-87.722673,NAD83,PM2.5 - Local Conditions,24 HOUR,PM25 24-hour 2012,2022-09-26,Micrograms/cubic meter (LC),,1,100.0,4.3,4.3,0,24.0,545.0,Met One E-SEQ-FRM PM2.5 with VSCC - Gravimetric,SPRINGFIELD PUMP STATION,1745 N. SPRINGFIELD,Illinois,Cook,Chicago,"Chicago-Naperville-Elgin, IL-IN-WI",2024-08-08,pm25
17,31,57,88101,1,41.912739,-87.722673,NAD83,PM2.5 - Local Conditions,24 HOUR,PM25 24-hour 2012,2022-10-02,Micrograms/cubic meter (LC),,1,100.0,3.8,3.8,0,21.0,545.0,Met One E-SEQ-FRM PM2.5 with VSCC - Gravimetric,SPRINGFIELD PUMP STATION,1745 N. SPRINGFIELD,Illinois,Cook,Chicago,"Chicago-Naperville-Elgin, IL-IN-WI",2024-08-08,pm25
17,31,57,88101,1,41.912739,-87.722673,NAD83,PM2.5 - Local Conditions,24 HOUR,PM25 24-hour 2012,2022-10-08,Micrograms/cubic meter (LC),,1,100.0,5.2,5.2,0,29.0,545.0,Met One E-SEQ-FRM PM2.5 with VSCC - Gravimetric,SPRINGFIELD PUMP STATION,1745 N. SPRINGFIELD,Illinois,Cook,Chicago,"Chicago-Naperville-Elgin, IL-IN-WI",2024-08-08,pm25
17,31,57,88101,1,41.912739,-87.722673,NAD83,PM2.5 - Local Conditions,24 HOUR,PM25 24-hour 2012,2022-10-14,Micrograms/cubic meter (LC),,1,100.0,7.4,7.4,0,41.0,545.0,Met One E-SEQ-FRM PM2.5 with VSCC - Gravimetric,SPRINGFIELD PUMP STATION,1745 N. SPRINGFIELD,Illinois,Cook,Chicago,"Chicago-Naperville-Elgin, IL-IN-WI",2024-08-08,pm25
17,31,57,88101,1,41.912739,-87.722673,NAD83,PM2.5 - Local Conditions,24 HOUR,PM25 24-hour 2012,2022-10-20,Micrograms/cubic meter (LC),,1,100.0,10.4,10.4,0,53.0,545.0,Met One E-SEQ-FRM PM2.5 with VSCC - Gravimetric,SPRINGFIELD PUMP STATION,1745 N. SPRINGFIELD,Illinois,Cook,Chicago,"Chicago-Naperville-Elgin, IL-IN-WI",2024-08-08,pm25
17,31,57,88101,1,41.912739,-87.722673,NAD83,PM2.5 - Local Conditions,24 HOUR,PM25 24-hour 2012,2022-10-26,Micrograms/cubic meter (LC),,1,100.0,3.5,3.5,0,19.0,545.0,Met One E-SEQ-FRM PM2.5 with VSCC - Gravimetric,SPRINGFIELD PUMP STATION,1745 N. SPRINGFIELD,Illinois,Cook,Chicago,"Chicago-Naperville-Elgin, IL-IN-WI",2024-08-08,pm25
17,31,57,88101,1,41.912739,-87.722673,NAD83,PM2.5 - Local Conditions,24 HOUR,PM25 24-hour 2012,2022-11-01,Micrograms/cubic meter (LC),,1,100.0,19.2,19.2,0,70.0,545.0,Met One E-SEQ-FRM PM2.5 with VSCC - Gravimetric,SPRINGFIELD PUMP STATION,1745 N. SPRINGFIELD,Illinois,Cook,Chicago,"Chicago-Naperville-Elgin, IL-IN-WI",2024-08-08,pm25
17,31,57,88101,1,41.912739,-87.722673,NAD83,PM2.5 - Local Conditions,24 HOUR,PM25 24-hour 2012,2022-11-07,Micrograms/cubic meter (LC),,1,100.0,4.6,4.6,0,26.0,545.0,Met One E-SEQ-FRM PM2.5 with VSCC - Gravimetric,SPRINGFIELD PUMP STATION,1745 N. SPRINGFIELD,Illinois,Cook,Chicago,"Chicago-Naperville-Elgin, IL-IN-WI",2024-08-08,pm25
17,31,57,88101,1,41.912739,-87.722673,NAD83,PM2.5 - Local Conditions,24 HOUR,PM25 24-hour 2012,2022-11-13,Micrograms/cubic meter (LC),,1,100.0,3.5,3.5,0,19.0,545.0,Met One E-SEQ-FRM PM2.5 with VSCC - Gravimetric,SPRINGFIELD PUMP STATION,1745 N. SPRINGFIELD,Illinois,Cook,Chicago,"Chicago-Naperville-Elgin, IL-IN-WI",2024-08-08,pm25
17,31,57,88101,1,41.912739,-87.722673,NAD83,PM2.5 - Local Conditions,24 HOUR,PM25 24-hour 2012,2022-11-19,Micrograms/cubic meter (LC),,1,100.0,4.6,4.6,0,26.0,545.0,Met One E-SEQ-FRM PM2.5 with VSCC - Gravimetric,SPRINGFIELD PUMP STATION,1745 N. SPRINGFIELD,Illinois,Cook,Chicago,"Chicago-Naperville-Elgin, IL-IN-WI",2024-08-08,pm25
17,31,57,88101,1,41.912739,-87.722673,NAD83,PM2.5 - Local Conditions,24 HOUR,PM25 24-hour 2012,2022-11-25,Micrograms/cubic meter (LC),,1,100.0,11.2,11.2,0,55.0,545.0,Met One E-SEQ-FRM PM2.5 with VSCC - Gravimetric,SPRINGFIELD PUMP STATION,1745 N. SPRINGFIELD,Illinois,Cook,Chicago,"Chicago-Naperville-Elgin, IL-IN-WI",2024-08-08,pm25
17,31,57,88101,1,41.912739,-87.722673,NAD83,PM2.5 - Local Conditions,24 HOUR,PM25 24-hour 2012,2022-12-01,Micrograms/cubic meter (LC),,1,100.0,6.3,6.3,0,35.0,545.0,Met One E-SEQ-FRM PM2.5 with VSCC - Gravimetric,SPRINGFIELD PUMP STATION,1745 N. SPRINGFIELD,Illinois,Cook,Chicago,"Chicago-Naperville-Elgin, IL-IN-WI",2024-08-08,pm25
17,31,57,88101,1,41.912739,-87.722673,NAD83,PM2.5 - Local Conditions,24 HOUR,PM25 24-hour 2012,2022-12-07,Micrograms/cubic meter (LC),,1,100.0,28.9,28.9,0,88.0,545.0,Met One E-SEQ-FRM PM2.5 with VSCC - Gravimetric,SPRINGFIELD PUMP STATION,1745 N. SPRINGFIELD,Illinois,Cook,Chicago,"Chicago-Naperville-Elgin, IL-IN-WI",2024-08-08,pm25
17,31,57,88101,1,41.912739,-87.722673,NAD83,PM2.5 - Local Conditions,24 HOUR,PM25 24-hour 2012,2022-12-13,Micrograms/cubic meter (LC),,1,100.0,12.7,12.7,0,58.0,545.0,Met One E-SEQ-FRM PM2.5 with VSCC - Gravimetric,SPRINGFIELD PUMP STATION,1745 N. SPRINGFIELD,Illinois,Cook,Chicago,"Chicago-Naperville-Elgin, IL-IN-WI",2024-08-08,pm25
17,31,57,88101,1,41.912739,-87.722673,NAD83,PM2.5 - Local Conditions,24 HOUR,PM25 24-hour 2012,2022-12-19,Micrograms/cubic meter (LC),,1,100.0,9.7,9.7,0,52.0,545.0,Met One E-SEQ-FRM PM2.5 with VSCC - Gravimetric,SPRINGFIELD PUMP STATION,1745 N. SPRINGFIELD,Illinois,Cook,Chicago,"Chicago-Naperville-Elgin, IL-IN-WI",2024-08-08,pm25
17,31,57,88101,1,41.912739,-87.722673,NAD83,PM2.5 - Local Conditions,24 HOUR,PM25 24-hour 2012,2022-12-25,Micrograms/cubic meter (LC),,1,100.0,2.8,2.8,0,16.0,545.0,Met One E-SEQ-FRM PM2.5 with VSCC - Gravimetric,SPRINGFIELD PUMP STATION,1745 N. SPRINGFIELD,Illinois,Cook,Chicago,"Chicago-Naperville-Elgin, IL-IN-WI",2024-08-08,pm25
17,31,57,88101,1,41.912739,-87.722673,NAD83,PM2.5 - Local Conditions,24 HOUR,PM25 24-hour 2012,2022-12-31,Micrograms/cubic meter (LC),,1,100.0,17.1,17.1,0,66.0,545.0,Met One E-SEQ-FRM PM2.5 with VSCC - Gravimetric,SPRINGFIELD PUMP STATION,1745 N. SPRINGFIELD,Illinois,Cook,Chicago,"Chicago-Naperville-Elgin, IL-IN-WI",2024-08-08,pm25
17,31,76,88101,1,41.7514,-87.713488,WGS84,PM2.5 - Local Conditions,24 HOUR,PM25 24-hour 2012,2022-01-05,Micrograms/cubic meter (LC),,1,100.0,7.8,7.8,0,43.0,545.0,Met One E-SEQ-FRM PM2.5 with VSCC - Gravimetric,COM ED MAINTENANCE BLDG,7801 LAWNDALE,Illinois,Cook,Chicago,"Chicago-Naperville-Elgin, IL-IN-WI",2024-08-08,pm25
17,31,76,88101,1,41.7514,-87.713488,WGS84,PM2.5 - Local Conditions,24 HOUR,PM25 24-hour 2012,2022-01-11,Micrograms/cubic meter (LC),,1,100.0,7.7,7.7,0,43.0,545.0,Met One E-SEQ-FRM PM2.5 with VSCC - Gravimetric,COM ED MAINTENANCE BLDG,7801 LAWNDALE,Illinois,Cook,Chicago,"Chicago-Naperville-Elgin, IL-IN-WI",2024-08-08,pm25
17,31,76,88101,1,41.7514,-87.713488,WGS84,PM2.5 - Local Conditions,24 HOUR,PM25 24-hour 2012,2022-01-17,Micrograms/cubic meter (LC),,1,100.0,10.2,10.2,0,53.0,545.0,Met One E-SEQ-FRM PM2.5 with VSCC - Gravimetric,COM ED MAINTENANCE BLDG,7801 LAWNDALE,Illinois,Cook,Chicago,"Chicago-Naperville-Elgin, IL-IN-WI",2024-08-08,pm25
17,31,76,88101,1,41.7514,-87.713488,WGS84,PM2.5 - Local Conditions,24 HOUR,PM25 24-hour 2012,2022-01-23,Micrograms/cubic meter (LC),,1,100.0,6.2,6.2,0,34.0,545.0,Met One E-SEQ-FRM PM2.5 with VSCC - Gravimetric,COM ED MAINTENANCE BLDG,7801 LAWNDALE,Illinois,Cook,Chicago,"Chicago-Naperville-Elgin, IL-IN-WI",2024-08-08,pm25
17,31,76,88101,1,41.7514,-87.713488,WGS84,PM2.5 - Local Conditions,24 HOUR,PM25 24-hour 2012,2022-01-29,Micrograms/cubic meter (LC),,1,100.0,9.3,9.3,0,51.0,545.0,Met One E-SEQ-FRM PM2.5 with VSCC - Gravimetric,COM ED MAINTENANCE BLDG,7801 LAWNDALE,Illinois,Cook,Chicago,"Chicago-Naperville-Elgin, IL-IN-WI",2024-08-08,pm25
17,31,76,88101,1,41.7514,-87.713488,WGS84,PM2.5 - Local Conditions,24 HOUR,PM25 24-hour 2012,2022-02-04,Micrograms/cubic meter (LC),,1,100.0,11.6,11.6,0,56.0,545.0,Met One E-SEQ-FRM PM2.5 with VSCC - Gravimetric,COM ED MAINTENANCE BLDG,7801 LAWNDALE,Illinois,Cook,Chicago,"Chicago-Naperville-Elgin, IL-IN-WI",2024-08-08,pm25
17,31,76,88101,1,41.7514,-87.713488,WGS84,PM2.5 - Local Conditions,24 HOUR,PM25 24-hour 2012,2022-02-10,Micrograms/cubic meter (LC),,1,100.0,4.1,4.1,0,23.0,545.0,Met One E-SEQ-FRM PM2.5 with VSCC - Gravimetric,COM ED MAINTENANCE BLDG,7801 LAWNDALE,Illinois,Cook,Chicago,"Chicago-Naperville-Elgin, IL-IN-WI",2024-08-08,pm25
17,31,76,88101,1,41.7514,-87.713488,WGS84,PM2.5 - Local Conditions,24 HOUR,PM25 24-hour 2012,2022-02-16,Micrograms/cubic meter (LC),,1,100.0,9.9,9.9,0,52.0,545.0,Met One E-SEQ-FRM PM2.5 with VSCC - Gravimetric,COM ED MAINTENANCE BLDG,7801 LAWNDALE,Illinois,Cook,Chicago,"Chicago-Naperville-Elgin, IL-IN-WI",2024-08-08,pm25
17,31,76,88101,1,41.7514,-87.713488,WGS84,PM2.5 - Local Conditions,24 HOUR,PM25 24-hour 2012,2022-02-22,Micrograms/cubic meter (LC),,1,100.0,5.1,5.1,0,28.0,545.0,Met One E-SEQ-FRM PM2.5 with VSCC - Gravimetric,COM ED MAINTENANCE BLDG,7801 LAWNDALE,Illinois,Cook,Chicago,"Chicago-Naperville-Elgin, IL-IN-WI",2024-08-08,pm25
17,31,76,88101,1,41.7514,-87.713488,WGS84,PM2.5 - Local Conditions,24 HOUR,PM25 24-hour 2012,2022-02-28,Micrograms/cubic meter (LC),,1,100.0,10.6,10.6,0,54.0,545.0,Met One E-SEQ-FRM PM2.5 with VSCC - Gravimetric,COM ED MAINTENANCE BLDG,7801 LAWNDALE,Illinois,Cook,Chicago,"Chicago-Naperville-Elgin, IL-IN-WI",2024-08-08,pm25
17,31,76,88101,1,41.7514,-87.713488,WGS84,PM2.5 - Local Conditions,24 HOUR,PM25 24-hour 2012,2022-03-06,Micrograms/cubic meter (LC),,1,100.0,5.9,5.9,0,33.0,545.0,Met One E-SEQ-FRM PM2.5 with VSCC - Gravimetric,COM ED MAINTENANCE BLDG,7801 LAWNDALE,Illinois,Cook,Chicago,"Chicago-Naperville-Elgin, IL-IN-WI",2024-08-08,pm25
17,31,76,88101,1,41.7514,-87.713488,WGS84,PM2.5 - Local Conditions,24 HOUR,PM25 24-hour 2012,2022-03-12,Micrograms/cubic meter (LC),,1,100.0,4.2,4.2,0,23.0,545.0,Met One E-SEQ-FRM PM2.5 with VSCC - Gravimetric,COM ED MAINTENANCE BLDG,7801 LAWNDALE,Illinois,Cook,Chicago,"Chicago-Naperville-Elgin, IL-IN-WI",2024-08-08,pm25
17,31,76,88101,1,41.7514,-87.713488,WGS84,PM2.5 - Local Conditions,24 HOUR,PM25 24-hour 2012,2022-03-18,Micrograms/cubic meter (LC),,1,100.0,8.6,8.6,0,48.0,545.0,Met One E-SEQ-FRM PM2.5 with VSCC - Gravimetric,COM ED MAINTENANCE BLDG,7801 LAWNDALE,Illinois,Cook,Chicago,"Chicago-Naperville-Elgin, IL-IN-WI",2024-08-08,pm25
17,31,76,88101,1,41.7514,-87.713488,WGS84,PM2.5 - Local Conditions,24 HOUR,PM25 24-hour 2012,2022-03-30,Micrograms/cubic meter (LC),,1,100.0,6.1,6.1,0,34.0,545.0,Met One E-SEQ-FRM PM2.5 with VSCC - Gravimetric,COM ED MAINTENANCE BLDG,7801 LAWNDALE,Illinois,Cook,Chicago,"Chicago-Naperville-Elgin, IL-IN-WI",2024-08-08,pm25
17,31,76,88101,1,41.7514,-87.713488,WGS84,PM2.5 - Local Conditions,24 HOUR,PM25 24-hour 2012,2022-04-05,Micrograms/cubic meter (LC),,1,100.0,20.0,20.0,0,71.0,545.0,Met One E-SEQ-FRM PM2.5 with VSCC - Gravimetric,COM ED MAINTENANCE BLDG,7801 LAWNDALE,Illinois,Cook,Chicago,"Chicago-Naperville-Elgin, IL-IN-WI",2024-08-08,pm25
17,31,76,88101,1,41.7514,-87.713488,WGS84,PM2.5 - Local Conditions,24 HOUR,PM25 24-hour 2012,2022-04-11,Micrograms/cubic meter (LC),,1,100.0,7.7,7.7,0,43.0,545.0,Met One E-SEQ-FRM PM2.5 with VSCC - Gravimetric,COM ED MAINTENANCE BLDG,7801 LAWNDALE,Illinois,Cook,Chicago,"Chicago-Naperville-Elgin, IL-IN-WI",2024-08-08,pm25
17,31,76,88101,1,41.7514,-87.713488,WGS84,PM2.5 - Local Conditions,24 HOUR,PM25 24-hour 2012,2022-04-17,Micrograms/cubic meter (LC),,1,100.0,2.8,2.8,0,16.0,545.0,Met One E-SEQ-FRM PM2.5 with VSCC - Gravimetric,COM ED MAINTENANCE BLDG,7801 LAWNDALE,Illinois,Cook,Chicago,"Chicago-Naperville-Elgin, IL-IN-WI",2024-08-08,pm25
17,31,76,88101,1,41.7514,-87.713488,WGS84,PM2.5 - Local Conditions,24 HOUR,PM25 24-hour 2012,2022-04-23,Micrograms/cubic meter (LC),,1,100.0,10.0,10.0,0,53.0,545.0,Met One E-SEQ-FRM PM2.5 with VSCC - Gravimetric,COM ED MAINTENANCE BLDG,7801 LAWNDALE,Illinois,Cook,Chicago,"Chicago-Naperville-Elgin, IL-IN-WI",2024-08-08,pm25
17,31,76,88101,1,41.7514,-87.713488,WGS84,PM2.5 - Local Conditions,24 HOUR,PM25 24-hour 2012,2022-04-29,Micrograms/cubic meter (LC),,1,100.0,8.8,8.8,0,49.0,545.0,Met One E-SEQ-FRM PM2.5 with VSCC - Gravimetric,COM ED MAINTENANCE BLDG,7801 LAWNDALE,Illinois,Cook,Chicago,"Chicago-Naperville-Elgin, IL-IN-WI",2024-08-08,pm25
17,31,76,88101,1,41.7514,-87.713488,WGS84,PM2.5 - Local Conditions,24 HOUR,PM25 24-hour 2012,2022-05-05,Micrograms/cubic meter (LC),,1,100.0,7.3,7.3,0,41.0,545.0,Met One E-SEQ-FRM PM2.5 with VSCC - Gravimetric,COM ED MAINTENANCE BLDG,7801 LAWNDALE,Illinois,Cook,Chicago,"Chicago-Naperville-Elgin, IL-IN-WI",2024-08-08,pm25
17,31,76,88101,1,41.7514,-87.713488,WGS84,PM2.5 - Local Conditions,24 HOUR,PM25 24-hour 2012,2022-05-11,Micrograms/cubic meter (LC),,1,100.0,22.3,22.3,0,76.0,545.0,Met One E-SEQ-FRM PM2.5 with VSCC - Gravimetric,COM ED MAINTENANCE BLDG,7801 LAWNDALE,Illinois,Cook,Chicago,"Chicago-Naperville-Elgin, IL-IN-WI",2024-08-08,pm25
17,31,76,88101,1,41.7514,-87.713488,WGS84,PM2.5 - Local Conditions,24 HOUR,PM25 24-hour 2012,2022-05-17,Micrograms/cubic meter (LC),,1,100.0,2.5,2.5,0,14.0,545.0,Met One E-SEQ-FRM PM2.5 with VSCC - Gravimetric,COM ED MAINTENANCE BLDG,7801 LAWNDALE,Illinois,Cook,Chicago,"Chicago-Naperville-Elgin, IL-IN-WI",2024-08-08,pm25
17,31,76,88101,1,41.7514,-87.713488,WGS84,PM2.5 - Local Conditions,24 HOUR,PM25 24-hour 2012,2022-05-23,Micrograms/cubic meter (LC),,1,100.0,3.6,3.6,0,20.0,545.0,Met One E-SEQ-FRM PM2.5 with VSCC - Gravimetric,COM ED MAINTENANCE BLDG,7801 LAWNDALE,Illinois,Cook,Chicago,"Chicago-Naperville-Elgin, IL-IN-WI",2024-08-08,pm25
17,31,76,88101,1,41.7514,-87.713488,WGS84,PM2.5 - Local Conditions,24 HOUR,PM25 24-hour 2012,2022-05-29,Micrograms/cubic meter (LC),,1,100.0,6.9,6.9,0,38.0,545.0,Met One E-SEQ-FRM PM2.5 with VSCC - Gravimetric,COM ED MAINTENANCE BLDG,7801 LAWNDALE,Illinois,Cook,Chicago,"Chicago-Naperville-Elgin, IL-IN-WI",2024-08-08,pm25
17,31,76,88101,1,41.7514,-87.713488,WGS84,PM2.5 - Local Conditions,24 HOUR,PM25 24-hour 2012,2022-06-04,Micrograms/cubic meter (LC),,1,100.0,7.1,7.1,0,39.0,545.0,Met One E-SEQ-FRM PM2.5 with VSCC - Gravimetric,COM ED MAINTENANCE BLDG,7801 LAWNDALE,Illinois,Cook,Chicago,"Chicago-Naperville-Elgin, IL-IN-WI",2024-08-08,pm25
17,31,76,88101,1,41.7514,-87.713488,WGS84,PM2.5 - Local Conditions,24 HOUR,PM25 24-hour 2012,2022-06-10,Micrograms/cubic meter (LC),,1,100.0,7.4,7.4,0,41.0,545.0,Met One E-SEQ-FRM PM2.5 with VSCC - Gravimetric,COM ED MAINTENANCE BLDG,7801 LAWNDALE,Illinois,Cook,Chicago,"Chicago-Naperville-Elgin, IL-IN-WI",2024-08-08,pm25
17,31,76,88101,1,41.7514,-87.713488,WGS84,PM2.5 - Local Conditions,24 HOUR,PM25 24-hour 2012,2022-06-18,Micrograms/cubic meter (LC),,1,100.0,3.6,3.6,0,20.0,545.0,Met One E-SEQ-FRM PM2.5 with VSCC - Gravimetric,COM ED MAINTENANCE BLDG,7801 LAWNDALE,Illinois,Cook,Chicago,"Chicago-Naperville-Elgin, IL-IN-WI",2024-08-08,pm25
17,31,76,88101,1,41.7514,-87.713488,WGS84,PM2.5 - Local Conditions,24 HOUR,PM25 24-hour 2012,2022-06-22,Micrograms/cubic meter (LC),,1,100.0,6.7,6.7,0,37.0,545.0,Met One E-SEQ-FRM PM2.5 with VSCC - Gravimetric,COM ED MAINTENANCE BLDG,7801 LAWNDALE,Illinois,Cook,Chicago,"Chicago-Naperville-Elgin, IL-IN-WI",2024-08-08,pm25
17,31,76,88101,1,41.7514,-87.713488,WGS84,PM2.5 - Local Conditions,24 HOUR,PM25 24-hour 2012,2022-06-28,Micrograms/cubic meter (LC),,1,100.0,8.3,8.3,0,46.0,545.0,Met One E-SEQ-FRM PM2.5 with VSCC - Gravimetric,COM ED MAINTENANCE BLDG,7801 LAWNDALE,Illinois,Cook,Chicago,"Chicago-Naperville-Elgin, IL-IN-WI",2024-08-08,pm25
17,31,76,88101,1,41.7514,-87.713488,WGS84,PM2.5 - Local Conditions,24 HOUR,PM25 24-hour 2012,2022-07-04,Micrograms/cubic meter (LC),,1,100.0,22.3,22.3,0,76.0,545.0,Met One E-SEQ-FRM PM2.5 with VSCC - Gravimetric,COM ED MAINTENANCE BLDG,7801 LAWNDALE,Illinois,Cook,Chicago,"Chicago-Naperville-Elgin, IL-IN-WI",2024-08-08,pm25
17,31,76,88101,1,41.7514,-87.713488,WGS84,PM2.5 - Local Conditions,24 HOUR,PM25 24-hour 2012,2022-07-10,Micrograms/cubic meter (LC),,1,100.0,6.4,6.4,0,36.0,545.0,Met One E-SEQ-FRM PM2.5 with VSCC - Gravimetric,COM ED MAINTENANCE BLDG,7801 LAWNDALE,Illinois,Cook,Chicago,"Chicago-Naperville-Elgin, IL-IN-WI",2024-08-08,pm25
17,31,76,88101,1,41.7514,-87.713488,WGS84,PM2.5 - Local Conditions,24 HOUR,PM25 24-hour 2012,2022-07-16,Micrograms/cubic meter (LC),,1,100.0,8.8,8.8,0,49.0,545.0,Met One E-SEQ-FRM PM2.5 with VSCC - Gravimetric,COM ED MAINTENANCE BLDG,7801 LAWNDALE,Illinois,Cook,Chicago,"Chicago-Naperville-Elgin, IL-IN-WI",2024-08-08,pm25
17,31,76,88101,1,41.7514,-87.713488,WGS84,PM2.5 - Local Conditions,24 HOUR,PM25 24-hour 2012,2022-07-22,Micrograms/cubic meter (LC),,1,100.0,7.4,7.4,0,41.0,545.0,Met One E-SEQ-FRM PM2.5 with VSCC - Gravimetric,COM ED MAINTENANCE BLDG,7801 LAWNDALE,Illinois,Cook,Chicago,"Chicago-Naperville-Elgin, IL-IN-WI",2024-08-08,pm25
17,31,76,88101,1,41.7514,-87.713488,WGS84,PM2.5 - Local Conditions,24 HOUR,PM25 24-hour 2012,2022-07-28,Micrograms/cubic meter (LC),,1,100.0,6.3,6.3,0,35.0,545.0,Met One E-SEQ-FRM PM2.5 with VSCC - Gravimetric,COM ED MAINTENANCE BLDG,7801 LAWNDALE,Illinois,Cook,Chicago,"Chicago-Naperville-Elgin, IL-IN-WI",2024-08-08,pm25
17,31,76,88101,1,41.7514,-87.713488,WGS84,PM2.5 - Local Conditions,24 HOUR,PM25 24-hour 2012,2022-08-03,Micrograms/cubic meter (LC),,1,100.0,7.3,7.3,0,41.0,545.0,Met One E-SEQ-FRM PM2.5 with VSCC - Gravimetric,COM ED MAINTENANCE BLDG,7801 LAWNDALE,Illinois,Cook,Chicago,"Chicago-Naperville-Elgin, IL-IN-WI",2024-08-08,pm25
17,31,76,88101,1,41.7514,-87.713488,WGS84,PM2.5 - Local Conditions,24 HOUR,PM25 24-hour 2012,2022-08-09,Micrograms/cubic meter (LC),,1,100.0,4.0,4.0,0,22.0,545.0,Met One E-SEQ-FRM PM2.5 with VSCC - Gravimetric,COM ED MAINTENANCE BLDG,7801 LAWNDALE,Illinois,Cook,Chicago,"Chicago-Naperville-Elgin, IL-IN-WI",2024-08-08,pm25
17,31,76,88101,1,41.7514,-87.713488,WGS84,PM2.5 - Local Conditions,24 HOUR,PM25 24-hour 2012,2022-08-15,Micrograms/cubic meter (LC),,1,100.0,9.3,9.3,0,51.0,545.0,Met One E-SEQ-FRM PM2.5 with VSCC - Gravimetric,COM ED MAINTENANCE BLDG,7801 LAWNDALE,Illinois,Cook,Chicago,"Chicago-Naperville-Elgin, IL-IN-WI",2024-08-08,pm25
17,31,76,88101,1,41.7514,-87.713488,WGS84,PM2.5 - Local Conditions,24 HOUR,PM25 24-hour 2012,2022-08-21,Micrograms/cubic meter (LC),,1,100.0,9.2,9.2,0,51.0,545.0,Met One E-SEQ-FRM PM2.5 with VSCC - Gravimetric,COM ED MAINTENANCE BLDG,7801 LAWNDALE,Illinois,Cook,Chicago,"Chicago-Naperville-Elgin, IL-IN-WI",2024-08-08,pm25
17,31,76,88101,1,41.7514,-87.713488,WGS84,PM2.5 - Local Conditions,24 HOUR,PM25 24-hour 2012,2022-08-27,Micrograms/cubic meter (LC),,1,100.0,9.5,9.5,0,52.0,545.0,Met One E-SEQ-FRM PM2.5 with VSCC - Gravimetric,COM ED MAINTENANCE BLDG,7801 LAWNDALE,Illinois,Cook,Chicago,"Chicago-Naperville-Elgin, IL-IN-WI",2024-08-08,pm25
17,31,76,88101,1,41.7514,-87.713488,WGS84,PM2.5 - Local Conditions,24 HOUR,PM25 24-hour 2012,2022-09-02,Micrograms/cubic meter (LC),,1,100.0,8.8,8.8,0,49.0,545.0,Met One E-SEQ-FRM PM2.5 with VSCC - Gravimetric,COM ED MAINTENANCE BLDG,7801 LAWNDALE,Illinois,Cook,Chicago,"Chicago-Naperville-Elgin, IL-IN-WI",2024-08-08,pm25
17,31,76,88101,1,41.7514,-87.713488,WGS84,PM2.5 - Local Conditions,24 HOUR,PM25 24-hour 2012,2022-09-08,Micrograms/cubic meter (LC),,1,100.0,9.1,9.1,0,51.0,545.0,Met One E-SEQ-FRM PM2.5 with VSCC - Gravimetric,COM ED MAINTENANCE BLDG,7801 LAWNDALE,Illinois,Cook,Chicago,"Chicago-Naperville-Elgin, IL-IN-WI",2024-08-08,pm25
17,31,76,88101,1,41.7514,-87.713488,WGS84,PM2.5 - Local Conditions,24 HOUR,PM25 24-hour 2012,2022-09-14,Micrograms/cubic meter (LC),,1,100.0,9.9,9.9,0,52.0,545.0,Met One E-SEQ-FRM PM2.5 with VSCC - Gravimetric,COM ED MAINTENANCE BLDG,7801 LAWNDALE,Illinois,Cook,Chicago,"Chicago-Naperville-Elgin, IL-IN-WI",2024-08-08,pm25
17,31,76,88101,1,41.7514,-87.713488,WGS84,PM2.5 - Local Conditions,24 HOUR,PM25 24-hour 2012,2022-09-20,Micrograms/cubic meter (LC),,1,100.0,9.8,9.8,0,52.0,545.0,Met One E-SEQ-FRM PM2.5 with VSCC - Gravimetric,COM ED MAINTENANCE BLDG,7801 LAWNDALE,Illinois,Cook,Chicago,"Chicago-Naperville-Elgin, IL-IN-WI",2024-08-08,pm25
17,31,76,88101,1,41.7514,-87.713488,WGS84,PM2.5 - Local Conditions,24 HOUR,PM25 24-hour 2012,2022-09-26,Micrograms/cubic meter (LC),,1,100.0,4.6,4.6,0,26.0,545.0,Met One E-SEQ-FRM PM2.5 with VSCC - Gravimetric,COM ED MAINTENANCE BLDG,7801 LAWNDALE,Illinois,Cook,Chicago,"Chicago-Naperville-Elgin, IL-IN-WI",2024-08-08,pm25
17,31,76,88101,1,41.7514,-87.713488,WGS84,PM2.5 - Local Conditions,24 HOUR,PM25 24-hour 2012,2022-10-02,Micrograms/cubic meter (LC),,1,100.0,4.2,4.2,0,23.0,545.0,Met One E-SEQ-FRM PM2.5 with VSCC - Gravimetric,COM ED MAINTENANCE BLDG,7801 LAWNDALE,Illinois,Cook,Chicago,"Chicago-Naperville-Elgin, IL-IN-WI",2024-08-08,pm25
17,31,76,88101,1,41.7514,-87.713488,WGS84,PM2.5 - Local Conditions,24 HOUR,PM25 24-hour 2012,2022-10-08,Micrograms/cubic meter (LC),,1,100.0,6.2,6.2,0,34.0,545.0,Met One E-SEQ-FRM PM2.5 with VSCC - Gravimetric,COM ED MAINTENANCE BLDG,7801 LAWNDALE,Illinois,Cook,Chicago,"Chicago-Naperville-Elgin, IL-IN-WI",2024-08-08,pm25
17,31,76,88101,1,41.7514,-87.713488,WGS84,PM2.5 - Local Conditions,24 HOUR,PM25 24-hour 2012,2022-10-19,Micrograms/cubic meter (LC),,1,100.0,3.5,3.5,0,19.0,545.0,Met One E-SEQ-FRM PM2.5 with VSCC - Gravimetric,COM ED MAINTENANCE BLDG,7801 LAWNDALE,Illinois,Cook,Chicago,"Chicago-Naperville-Elgin, IL-IN-WI",2024-08-08,pm25
17,31,76,88101,1,41.7514,-87.713488,WGS84,PM2.5 - Local Conditions,24 HOUR,PM25 24-hour 2012,2022-10-20,Micrograms/cubic meter (LC),,1,100.0,9.5,9.5,0,52.0,545.0,Met One E-SEQ-FRM PM2.5 with VSCC - Gravimetric,COM ED MAINTENANCE BLDG,7801 LAWNDALE,Illinois,Cook,Chicago,"Chicago-Naperville-Elgin, IL-IN-WI",2024-08-08,pm25
17,31,76,88101,1,41.7514,-87.713488,WGS84,PM2.5 - Local Conditions,24 HOUR,PM25 24-hour 2012,2022-10-26,Micrograms/cubic meter (LC),,1,100.0,4.0,4.0,0,22.0,545.0,Met One E-SEQ-FRM PM2.5 with VSCC - Gravimetric,COM ED MAINTENANCE BLDG,7801 LAWNDALE,Illinois,Cook,Chicago,"Chicago-Naperville-Elgin, IL-IN-WI",2024-08-08,pm25
17,31,76,88101,1,41.7514,-87.713488,WGS84,PM2.5 - Local Conditions,24 HOUR,PM25 24-hour 2012,2022-11-01,Micrograms/cubic meter (LC),,1,100.0,19.3,19.3,0,70.0,545.0,Met One E-SEQ-FRM PM2.5 with VSCC - Gravimetric,COM ED MAINTENANCE BLDG,7801 LAWNDALE,Illinois,Cook,Chicago,"Chicago-Naperville-Elgin, IL-IN-WI",2024-08-08,pm25
17,31,76,88101,1,41.7514,-87.713488,WGS84,PM2.5 - Local Conditions,24 HOUR,PM25 24-hour 2012,2022-11-07,Micrograms/cubic meter (LC),,1,100.0,4.9,4.9,0,27.0,545.0,Met One E-SEQ-FRM PM2.5 with VSCC - Gravimetric,COM ED MAINTENANCE BLDG,7801 LAWNDALE,Illinois,Cook,Chicago,"Chicago-Naperville-Elgin, IL-IN-WI",2024-08-08,pm25
17,31,76,88101,1,41.7514,-87.713488,WGS84,PM2.5 - Local Conditions,24 HOUR,PM25 24-hour 2012,2022-11-13,Micrograms/cubic meter (LC),,1,100.0,6.2,6.2,0,34.0,545.0,Met One E-SEQ-FRM PM2.5 with VSCC - Gravimetric,COM ED MAINTENANCE BLDG,7801 LAWNDALE,Illinois,Cook,Chicago,"Chicago-Naperville-Elgin, IL-IN-WI",2024-08-08,pm25
17,31,76,88101,1,41.7514,-87.713488,WGS84,PM2.5 - Local Conditions,24 HOUR,PM25 24-hour 2012,2022-11-19,Micrograms/cubic meter (LC),,1,100.0,4.3,4.3,0,24.0,545.0,Met One E-SEQ-FRM PM2.5 with VSCC - Gravimetric,COM ED MAINTENANCE BLDG,7801 LAWNDALE,Illinois,Cook,Chicago,"Chicago-Naperville-Elgin, IL-IN-WI",2024-08-08,pm25
17,31,76,88101,1,41.7514,-87.713488,WGS84,PM2.5 - Local Conditions,24 HOUR,PM25 24-hour 2012,2022-11-25,Micrograms/cubic meter (LC),,1,100.0,13.4,13.4,0,59.0,545.0,Met One E-SEQ-FRM PM2.5 with VSCC - Gravimetric,COM ED MAINTENANCE BLDG,7801 LAWNDALE,Illinois,Cook,Chicago,"Chicago-Naperville-Elgin, IL-IN-WI",2024-08-08,pm25
17,31,76,88101,1,41.7514,-87.713488,WGS84,PM2.5 - Local Conditions,24 HOUR,PM25 24-hour 2012,2022-12-01,Micrograms/cubic meter (LC),,1,100.0,5.5,5.5,0,31.0,545.0,Met One E-SEQ-FRM PM2.5 with VSCC - Gravimetric,COM ED MAINTENANCE BLDG,7801 LAWNDALE,Illinois,Cook,Chicago,"Chicago-Naperville-Elgin, IL-IN-WI",2024-08-08,pm25
17,31,76,88101,1,41.7514,-87.713488,WGS84,PM2.5 - Local Conditions,24 HOUR,PM25 24-hour 2012,2022-12-07,Micrograms/cubic meter (LC),,1,100.0,29.5,29.5,0,89.0,545.0,Met One E-SEQ-FRM PM2.5 with VSCC - Gravimetric,COM ED MAINTENANCE BLDG,7801 LAWNDALE,Illinois,Cook,Chicago,"Chicago-Naperville-Elgin, IL-IN-WI",2024-08-08,pm25
17,31,76,88101,1,41.7514,-87.713488,WGS84,PM2.5 - Local Conditions,24 HOUR,PM25 24-hour 2012,2022-12-13,Micrograms/cubic meter (LC),,1,100.0,11.8,11.8,0,56.0,545.0,Met One E-SEQ-FRM PM2.5 with VSCC - Gravimetric,COM ED MAINTENANCE BLDG,7801 LAWNDALE,Illinois,Cook,Chicago,"Chicago-Naperville-Elgin, IL-IN-WI",2024-08-08,pm25
17,31,76,88101,1,41.7514,-87.713488,WGS84,PM2.5 - Local Conditions,24 HOUR,PM25 24-hour 2012,2022-12-19,Micrograms/cubic meter (LC),,1,100.0,10.3,10.3,0,53.0,545.0,Met One E-SEQ-FRM PM2.5 with VSCC - Gravimetric,COM ED MAINTENANCE BLDG,7801 LAWNDALE,Illinois,Cook,Chicago,"Chicago-Naperville-Elgin, IL-IN-WI",2024-08-08,pm25
17,31,76,88101,1,41.7514,-87.713488,WGS84,PM2.5 - Local Conditions,24 HOUR,PM25 24-hour 2012,2022-12-28,Micrograms/cubic meter (LC),,1,100.0,11.7,11.7,0,56.0,545.0,Met One E-SEQ-FRM PM2.5 with VSCC - Gravimetric,COM ED MAINTENANCE BLDG,7801 LAWNDALE,Illinois,Cook,Chicago,"Chicago-Naperville-Elgin, IL-IN-WI",2024-08-08,pm25
17,31,76,88101,1,41.7514,-87.713488,WGS84,PM2.5 - Local Conditions,24 HOUR,PM25 24-hour 2012,2022-12-31,Micrograms/cubic meter (LC),,1,100.0,18.3,18.3,0,68.0,545.0,Met One E-SEQ-FRM PM2.5 with VSCC - Gravimetric,COM ED MAINTENANCE BLDG,7801 LAWNDALE,Illinois,Cook,Chicago,"Chicago-Naperville-Elgin, IL-IN-WI",2024-08-08,pm25
17,31,22,88101,1,41.687165,-87.539315,WGS84,PM2.5 - Local Conditions,24 HOUR,PM25 24-hour 2012,2023-01-03,Micrograms/cubic meter (LC),,1,100.0,6.9,6.9,0,38.0,545.0,Met One E-SEQ-FRM PM2.5 with VSCC - Gravimetric,WASHINGTON HS,3535 E. 114TH ST.,Illinois,Cook,Chicago,"Chicago-Naperville-Elgin, IL-IN-WI",2024-08-08,pm25
17,31,22,88101,1,41.687165,-87.539315,WGS84,PM2.5 - Local Conditions,24 HOUR,PM25 24-hour 2012,2023-01-06,Micrograms/cubic meter (LC),,1,100.0,11.2,11.2,0,55.0,545.0,Met One E-SEQ-FRM PM2.5 with VSCC - Gravimetric,WASHINGTON HS,3535 E. 114TH ST.,Illinois,Cook,Chicago,"Chicago-Naperville-Elgin, IL-IN-WI",2024-08-08,pm25
17,31,22,88101,1,41.687165,-87.539315,WGS84,PM2.5 - Local Conditions,24 HOUR,PM25 24-hour 2012,2023-01-09,Micrograms/cubic meter (LC),,1,100.0,20.0,20.0,0,71.0,545.0,Met One E-SEQ-FRM PM2.5 with VSCC - Gravimetric,WASHINGTON HS,3535 E. 114TH ST.,Illinois,Cook,Chicago,"Chicago-Naperville-Elgin, IL-IN-WI",2024-08-08,pm25
17,31,22,88101,1,41.687165,-87.539315,WGS84,PM2.5 - Local Conditions,24 HOUR,PM25 24-hour 2012,2023-01-12,Micrograms/cubic meter (LC),,1,100.0,11.3,11.3,0,55.0,545.0,Met One E-SEQ-FRM PM2.5 with VSCC - Gravimetric,WASHINGTON HS,3535 E. 114TH ST.,Illinois,Cook,Chicago,"Chicago-Naperville-Elgin, IL-IN-WI",2024-08-08,pm25
17,31,22,88101,1,41.687165,-87.539315,WGS84,PM2.5 - Local Conditions,24 HOUR,PM25 24-hour 2012,2023-01-15,Micrograms/cubic meter (LC),,1,100.0,7.8,7.8,0,43.0,545.0,Met One E-SEQ-FRM PM2.5 with VSCC - Gravimetric,WASHINGTON HS,3535 E. 114TH ST.,Illinois,Cook,Chicago,"Chicago-Naperville-Elgin, IL-IN-WI",2024-08-08,pm25
17,31,22,88101,1,41.687165,-87.539315,WGS84,PM2.5 - Local Conditions,24 HOUR,PM25 24-hour 2012,2023-01-18,Micrograms/cubic meter (LC),,1,100.0,6.7,6.7,0,37.0,545.0,Met One E-SEQ-FRM PM2.5 with VSCC - Gravimetric,WASHINGTON HS,3535 E. 114TH ST.,Illinois,Cook,Chicago,"Chicago-Naperville-Elgin, IL-IN-WI",2024-08-08,pm25
17,31,22,88101,1,41.687165,-87.539315,WGS84,PM2.5 - Local Conditions,24 HOUR,PM25 24-hour 2012,2023-01-21,Micrograms/cubic meter (LC),,1,100.0,5.8,5.8,0,32.0,545.0,Met One E-SEQ-FRM PM2.5 with VSCC - Gravimetric,WASHINGTON HS,3535 E. 114TH ST.,Illinois,Cook,Chicago,"Chicago-Naperville-Elgin, IL-IN-WI",2024-08-08,pm25
17,31,22,88101,1,41.687165,-87.539315,WGS84,PM2.5 - Local Conditions,24 HOUR,PM25 24-hour 2012,2023-01-24,Micrograms/cubic meter (LC),,1,100.0,16.9,16.9,0,66.0,545.0,Met One E-SEQ-FRM PM2.5 with VSCC - Gravimetric,WASHINGTON HS,3535 E. 114TH ST.,Illinois,Cook,Chicago,"Chicago-Naperville-Elgin, IL-IN-WI",2024-08-08,pm25
17,31,22,88101,1,41.687165,-87.539315,WGS84,PM2.5 - Local Conditions,24 HOUR,PM25 24-hour 2012,2023-01-27,Micrograms/cubic meter (LC),,1,100.0,6.5,6.5,0,36.0,545.0,Met One E-SEQ-FRM PM2.5 with VSCC - Gravimetric,WASHINGTON HS,3535 E. 114TH ST.,Illinois,Cook,Chicago,"Chicago-Naperville-Elgin, IL-IN-WI",2024-08-08,pm25
17,31,22,88101,1,41.687165,-87.539315,WGS84,PM2.5 - Local Conditions,24 HOUR,PM25 24-hour 2012,2023-01-30,Micrograms/cubic meter (LC),,1,100.0,7.3,7.3,0,41.0,545.0,Met One E-SEQ-FRM PM2.5 with VSCC - Gravimetric,WASHINGTON HS,3535 E. 114TH ST.,Illinois,Cook,Chicago,"Chicago-Naperville-Elgin, IL-IN-WI",2024-08-08,pm25
17,31,22,88101,1,41.687165,-87.539315,WGS84,PM2.5 - Local Conditions,24 HOUR,PM25 24-hour 2012,2023-02-02,Micrograms/cubic meter (LC),,1,100.0,13.4,13.4,0,59.0,545.0,Met One E-SEQ-FRM PM2.5 with VSCC - Gravimetric,WASHINGTON HS,3535 E. 114TH ST.,Illinois,Cook,Chicago,"Chicago-Naperville-Elgin, IL-IN-WI",2024-08-08,pm25
17,31,22,88101,1,41.687165,-87.539315,WGS84,PM2.5 - Local Conditions,24 HOUR,PM25 24-hour 2012,2023-02-05,Micrograms/cubic meter (LC),,1,100.0,11.3,11.3,0,55.0,545.0,Met One E-SEQ-FRM PM2.5 with VSCC - Gravimetric,WASHINGTON HS,3535 E. 114TH ST.,Illinois,Cook,Chicago,"Chicago-Naperville-Elgin, IL-IN-WI",2024-08-08,pm25
17,31,22,88101,1,41.687165,-87.539315,WGS84,PM2.5 - Local Conditions,24 HOUR,PM25 24-hour 2012,2023-02-08,Micrograms/cubic meter (LC),,1,100.0,18.6,18.6,0,69.0,545.0,Met One E-SEQ-FRM PM2.5 with VSCC - Gravimetric,WASHINGTON HS,3535 E. 114TH ST.,Illinois,Cook,Chicago,"Chicago-Naperville-Elgin, IL-IN-WI",2024-08-08,pm25
17,31,22,88101,1,41.687165,-87.539315,WGS84,PM2.5 - Local Conditions,24 HOUR,PM25 24-hour 2012,2023-02-11,Micrograms/cubic meter (LC),,1,100.0,6.5,6.5,0,36.0,545.0,Met One E-SEQ-FRM PM2.5 with VSCC - Gravimetric,WASHINGTON HS,3535 E. 114TH ST.,Illinois,Cook,Chicago,"Chicago-Naperville-Elgin, IL-IN-WI",2024-08-08,pm25
17,31,22,88101,1,41.687165,-87.539315,WGS84,PM2.5 - Local Conditions,24 HOUR,PM25 24-hour 2012,2023-02-14,Micrograms/cubic meter (LC),,1,100.0,5.5,5.5,0,31.0,545.0,Met One E-SEQ-FRM PM2.5 with VSCC - Gravimetric,WASHINGTON HS,3535 E. 114TH ST.,Illinois,Cook,Chicago,"Chicago-Naperville-Elgin, IL-IN-WI",2024-08-08,pm25
17,31,22,88101,1,41.687165,-87.539315,WGS84,PM2.5 - Local Conditions,24 HOUR,PM25 24-hour 2012,2023-02-17,Micrograms/cubic meter (LC),,1,100.0,3.6,3.6,0,20.0,545.0,Met One E-SEQ-FRM PM2.5 with VSCC - Gravimetric,WASHINGTON HS,3535 E. 114TH ST.,Illinois,Cook,Chicago,"Chicago-Naperville-Elgin, IL-IN-WI",2024-08-08,pm25
17,31,22,88101,1,41.687165,-87.539315,WGS84,PM2.5 - Local Conditions,24 HOUR,PM25 24-hour 2012,2023-02-20,Micrograms/cubic meter (LC),,1,100.0,12.1,12.1,0,57.0,545.0,Met One E-SEQ-FRM PM2.5 with VSCC - Gravimetric,WASHINGTON HS,3535 E. 114TH ST.,Illinois,Cook,Chicago,"Chicago-Naperville-Elgin, IL-IN-WI",2024-08-08,pm25
17,31,22,88101,1,41.687165,-87.539315,WGS84,PM2.5 - Local Conditions,24 HOUR,PM25 24-hour 2012,2023-02-23,Micrograms/cubic meter (LC),,1,100.0,6.3,6.3,0,35.0,545.0,Met One E-SEQ-FRM PM2.5 with VSCC - Gravimetric,WASHINGTON HS,3535 E. 114TH ST.,Illinois,Cook,Chicago,"Chicago-Naperville-Elgin, IL-IN-WI",2024-08-08,pm25
17,31,22,88101,1,41.687165,-87.539315,WGS84,PM2.5 - Local Conditions,24 HOUR,PM25 24-hour 2012,2023-02-26,Micrograms/cubic meter (LC),,1,100.0,16.9,16.9,0,66.0,545.0,Met One E-SEQ-FRM PM2.5 with VSCC - Gravimetric,WASHINGTON HS,3535 E. 114TH ST.,Illinois,Cook,Chicago,"Chicago-Naperville-Elgin, IL-IN-WI",2024-08-08,pm25
17,31,22,88101,1,41.687165,-87.539315,WGS84,PM2.5 - Local Conditions,24 HOUR,PM25 24-hour 2012,2023-03-02,Micrograms/cubic meter (LC),,1,100.0,2.8,2.8,0,16.0,545.0,Met One E-SEQ-FRM PM2.5 with VSCC - Gravimetric,WASHINGTON HS,3535 E. 114TH ST.,Illinois,Cook,Chicago,"Chicago-Naperville-Elgin, IL-IN-WI",2024-08-08,pm25
17,31,22,88101,1,41.687165,-87.539315,WGS84,PM2.5 - Local Conditions,24 HOUR,PM25 24-hour 2012,2023-03-04,Micrograms/cubic meter (LC),,1,100.0,17.5,17.5,0,67.0,545.0,Met One E-SEQ-FRM PM2.5 with VSCC - Gravimetric,WASHINGTON HS,3535 E. 114TH ST.,Illinois,Cook,Chicago,"Chicago-Naperville-Elgin, IL-IN-WI",2024-08-08,pm25
17,31,22,88101,1,41.687165,-87.539315,WGS84,PM2.5 - Local Conditions,24 HOUR,PM25 24-hour 2012,2023-03-07,Micrograms/cubic meter (LC),,1,100.0,3.4,3.4,0,19.0,545.0,Met One E-SEQ-FRM PM2.5 with VSCC - Gravimetric,WASHINGTON HS,3535 E. 114TH ST.,Illinois,Cook,Chicago,"Chicago-Naperville-Elgin, IL-IN-WI",2024-08-08,pm25
17,31,22,88101,1,41.687165,-87.539315,WGS84,PM2.5 - Local Conditions,24 HOUR,PM25 24-hour 2012,2023-03-10,Micrograms/cubic meter (LC),,1,100.0,3.3,3.3,0,18.0,545.0,Met One E-SEQ-FRM PM2.5 with VSCC - Gravimetric,WASHINGTON HS,3535 E. 114TH ST.,Illinois,Cook,Chicago,"Chicago-Naperville-Elgin, IL-IN-WI",2024-08-08,pm25
17,31,22,88101,1,41.687165,-87.539315,WGS84,PM2.5 - Local Conditions,24 HOUR,PM25 24-hour 2012,2023-03-13,Micrograms/cubic meter (LC),,1,100.0,5.6,5.6,0,31.0,545.0,Met One E-SEQ-FRM PM2.5 with VSCC - Gravimetric,WASHINGTON HS,3535 E. 114TH ST.,Illinois,Cook,Chicago,"Chicago-Naperville-Elgin, IL-IN-WI",2024-08-08,pm25
17,31,22,88101,1,41.687165,-87.539315,WGS84,PM2.5 - Local Conditions,24 HOUR,PM25 24-hour 2012,2023-03-16,Micrograms/cubic meter (LC),,1,100.0,10.1,10.1,0,53.0,545.0,Met One E-SEQ-FRM PM2.5 with VSCC - Gravimetric,WASHINGTON HS,3535 E. 114TH ST.,Illinois,Cook,Chicago,"Chicago-Naperville-Elgin, IL-IN-WI",2024-08-08,pm25
17,31,22,88101,1,41.687165,-87.539315,WGS84,PM2.5 - Local Conditions,24 HOUR,PM25 24-hour 2012,2023-03-19,Micrograms/cubic meter (LC),,1,100.0,4.5,4.5,0,25.0,545.0,Met One E-SEQ-FRM PM2.5 with VSCC - Gravimetric,WASHINGTON HS,3535 E. 114TH ST.,Illinois,Cook,Chicago,"Chicago-Naperville-Elgin, IL-IN-WI",2024-08-08,pm25
17,31,22,88101,1,41.687165,-87.539315,WGS84,PM2.5 - Local Conditions,24 HOUR,PM25 24-hour 2012,2023-03-24,Micrograms/cubic meter (LC),,1,100.0,6.8,6.8,0,38.0,545.0,Met One E-SEQ-FRM PM2.5 with VSCC - Gravimetric,WASHINGTON HS,3535 E. 114TH ST.,Illinois,Cook,Chicago,"Chicago-Naperville-Elgin, IL-IN-WI",2024-08-08,pm25
17,31,22,88101,1,41.687165,-87.539315,WGS84,PM2.5 - Local Conditions,24 HOUR,PM25 24-hour 2012,2023-03-25,Micrograms/cubic meter (LC),,1,100.0,5.2,5.2,0,29.0,545.0,Met One E-SEQ-FRM PM2.5 with VSCC - Gravimetric,WASHINGTON HS,3535 E. 114TH ST.,Illinois,Cook,Chicago,"Chicago-Naperville-Elgin, IL-IN-WI",2024-08-08,pm25
17,31,22,88101,1,41.687165,-87.539315,WGS84,PM2.5 - Local Conditions,24 HOUR,PM25 24-hour 2012,2023-03-28,Micrograms/cubic meter (LC),,1,100.0,12.9,12.9,0,58.0,545.0,Met One E-SEQ-FRM PM2.5 with VSCC - Gravimetric,WASHINGTON HS,3535 E. 114TH ST.,Illinois,Cook,Chicago,"Chicago-Naperville-Elgin, IL-IN-WI",2024-08-08,pm25
17,31,22,88101,1,41.687165,-87.539315,WGS84,PM2.5 - Local Conditions,24 HOUR,PM25 24-hour 2012,2023-03-31,Micrograms/cubic meter (LC),,1,100.0,11.4,11.4,0,55.0,545.0,Met One E-SEQ-FRM PM2.5 with VSCC - Gravimetric,WASHINGTON HS,3535 E. 114TH ST.,Illinois,Cook,Chicago,"Chicago-Naperville-Elgin, IL-IN-WI",2024-08-08,pm25
17,31,22,88101,1,41.687165,-87.539315,WGS84,PM2.5 - Local Conditions,24 HOUR,PM25 24-hour 2012,2023-04-03,Micrograms/cubic meter (LC),,1,100.0,5.7,5.7,0,32.0,545.0,Met One E-SEQ-FRM PM2.5 with VSCC - Gravimetric,WASHINGTON HS,3535 E. 114TH ST.,Illinois,Cook,Chicago,"Chicago-Naperville-Elgin, IL-IN-WI",2024-08-08,pm25
17,31,22,88101,1,41.687165,-87.539315,WGS84,PM2.5 - Local Conditions,24 HOUR,PM25 24-hour 2012,2023-04-06,Micrograms/cubic meter (LC),,1,100.0,4.8,4.8,0,27.0,545.0,Met One E-SEQ-FRM PM2.5 with VSCC - Gravimetric,WASHINGTON HS,3535 E. 114TH ST.,Illinois,Cook,Chicago,"Chicago-Naperville-Elgin, IL-IN-WI",2024-08-08,pm25
17,31,22,88101,1,41.687165,-87.539315,WGS84,PM2.5 - Local Conditions,24 HOUR,PM25 24-hour 2012,2023-04-09,Micrograms/cubic meter (LC),,1,100.0,12.8,12.8,0,58.0,545.0,Met One E-SEQ-FRM PM2.5 with VSCC - Gravimetric,WASHINGTON HS,3535 E. 114TH ST.,Illinois,Cook,Chicago,"Chicago-Naperville-Elgin, IL-IN-WI",2024-08-08,pm25
17,31,22,88101,1,41.687165,-87.539315,WGS84,PM2.5 - Local Conditions,24 HOUR,PM25 24-hour 2012,2023-04-12,Micrograms/cubic meter (LC),,1,100.0,16.4,16.4,0,65.0,545.0,Met One E-SEQ-FRM PM2.5 with VSCC - Gravimetric,WASHINGTON HS,3535 E. 114TH ST.,Illinois,Cook,Chicago,"Chicago-Naperville-Elgin, IL-IN-WI",2024-08-08,pm25
17,31,22,88101,1,41.687165,-87.539315,WGS84,PM2.5 - Local Conditions,24 HOUR,PM25 24-hour 2012,2023-04-15,Micrograms/cubic meter (LC),,1,100.0,11.5,11.5,0,55.0,545.0,Met One E-SEQ-FRM PM2.5 with VSCC - Gravimetric,WASHINGTON HS,3535 E. 114TH ST.,Illinois,Cook,Chicago,"Chicago-Naperville-Elgin, IL-IN-WI",2024-08-08,pm25
17,31,22,88101,1,41.687165,-87.539315,WGS84,PM2.5 - Local Conditions,24 HOUR,PM25 24-hour 2012,2023-04-18,Micrograms/cubic meter (LC),,1,100.0,11.4,11.4,0,55.0,545.0,Met One E-SEQ-FRM PM2.5 with VSCC - Gravimetric,WASHINGTON HS,3535 E. 114TH ST.,Illinois,Cook,Chicago,"Chicago-Naperville-Elgin, IL-IN-WI",2024-08-08,pm25
17,31,22,88101,1,41.687165,-87.539315,WGS84,PM2.5 - Local Conditions,24 HOUR,PM25 24-hour 2012,2023-04-21,Micrograms/cubic meter (LC),,1,100.0,7.0,7.0,0,39.0,545.0,Met One E-SEQ-FRM PM2.5 with VSCC - Gravimetric,WASHINGTON HS,3535 E. 114TH ST.,Illinois,Cook,Chicago,"Chicago-Naperville-Elgin, IL-IN-WI",2024-08-08,pm25
17,31,22,88101,1,41.687165,-87.539315,WGS84,PM2.5 - Local Conditions,24 HOUR,PM25 24-hour 2012,2023-04-24,Micrograms/cubic meter (LC),,1,100.0,10.1,10.1,0,53.0,545.0,Met One E-SEQ-FRM PM2.5 with VSCC - Gravimetric,WASHINGTON HS,3535 E. 114TH ST.,Illinois,Cook,Chicago,"Chicago-Naperville-Elgin, IL-IN-WI",2024-08-08,pm25
17,31,22,88101,1,41.687165,-87.539315,WGS84,PM2.5 - Local Conditions,24 HOUR,PM25 24-hour 2012,2023-04-27,Micrograms/cubic meter (LC),,1,100.0,9.5,9.5,0,52.0,545.0,Met One E-SEQ-FRM PM2.5 with VSCC - Gravimetric,WASHINGTON HS,3535 E. 114TH ST.,Illinois,Cook,Chicago,"Chicago-Naperville-Elgin, IL-IN-WI",2024-08-08,pm25
17,31,22,88101,1,41.687165,-87.539315,WGS84,PM2.5 - Local Conditions,24 HOUR,PM25 24-hour 2012,2023-04-30,Micrograms/cubic meter (LC),,1,100.0,2.4,2.4,0,13.0,545.0,Met One E-SEQ-FRM PM2.5 with VSCC - Gravimetric,WASHINGTON HS,3535 E. 114TH ST.,Illinois,Cook,Chicago,"Chicago-Naperville-Elgin, IL-IN-WI",2024-08-08,pm25
17,31,22,88101,1,41.687165,-87.539315,WGS84,PM2.5 - Local Conditions,24 HOUR,PM25 24-hour 2012,2023-05-03,Micrograms/cubic meter (LC),,1,100.0,4.0,4.0,0,22.0,545.0,Met One E-SEQ-FRM PM2.5 with VSCC - Gravimetric,WASHINGTON HS,3535 E. 114TH ST.,Illinois,Cook,Chicago,"Chicago-Naperville-Elgin, IL-IN-WI",2024-08-08,pm25
17,31,22,88101,1,41.687165,-87.539315,WGS84,PM2.5 - Local Conditions,24 HOUR,PM25 24-hour 2012,2023-05-06,Micrograms/cubic meter (LC),,1,100.0,8.4,8.4,0,47.0,545.0,Met One E-SEQ-FRM PM2.5 with VSCC - Gravimetric,WASHINGTON HS,3535 E. 114TH ST.,Illinois,Cook,Chicago,"Chicago-Naperville-Elgin, IL-IN-WI",2024-08-08,pm25
17,31,22,88101,1,41.687165,-87.539315,WGS84,PM2.5 - Local Conditions,24 HOUR,PM25 24-hour 2012,2023-05-09,Micrograms/cubic meter (LC),,1,100.0,4.9,4.9,0,27.0,545.0,Met One E-SEQ-FRM PM2.5 with VSCC - Gravimetric,WASHINGTON HS,3535 E. 114TH ST.,Illinois,Cook,Chicago,"Chicago-Naperville-Elgin, IL-IN-WI",2024-08-08,pm25
17,31,22,88101,1,41.687165,-87.539315,WGS84,PM2.5 - Local Conditions,24 HOUR,PM25 24-hour 2012,2023-05-12,Micrograms/cubic meter (LC),,1,100.0,16.1,16.1,0,64.0,545.0,Met One E-SEQ-FRM PM2.5 with VSCC - Gravimetric,WASHINGTON HS,3535 E. 114TH ST.,Illinois,Cook,Chicago,"Chicago-Naperville-Elgin, IL-IN-WI",2024-08-08,pm25
17,31,22,88101,1,41.687165,-87.539315,WGS84,PM2.5 - Local Conditions,24 HOUR,PM25 24-hour 2012,2023-05-15,Micrograms/cubic meter (LC),,1,100.0,4.8,4.8,0,27.0,545.0,Met One E-SEQ-FRM PM2.5 with VSCC - Gravimetric,WASHINGTON HS,3535 E. 114TH ST.,Illinois,Cook,Chicago,"Chicago-Naperville-Elgin, IL-IN-WI",2024-08-08,pm25
17,31,22,88101,1,41.687165,-87.539315,WGS84,PM2.5 - Local Conditions,24 HOUR,PM25 24-hour 2012,2023-05-18,Micrograms/cubic meter (LC),,1,100.0,7.7,7.7,0,43.0,545.0,Met One E-SEQ-FRM PM2.5 with VSCC - Gravimetric,WASHINGTON HS,3535 E. 114TH ST.,Illinois,Cook,Chicago,"Chicago-Naperville-Elgin, IL-IN-WI",2024-08-08,pm25
17,31,22,88101,1,41.687165,-87.539315,WGS84,PM2.5 - Local Conditions,24 HOUR,PM25 24-hour 2012,2023-05-21,Micrograms/cubic meter (LC),,1,100.0,10.0,10.0,0,53.0,545.0,Met One E-SEQ-FRM PM2.5 with VSCC - Gravimetric,WASHINGTON HS,3535 E. 114TH ST.,Illinois,Cook,Chicago,"Chicago-Naperville-Elgin, IL-IN-WI",2024-08-08,pm25
17,31,22,88101,1,41.687165,-87.539315,WGS84,PM2.5 - Local Conditions,24 HOUR,PM25 24-hour 2012,2023-05-24,Micrograms/cubic meter (LC),,1,100.0,10.0,10.0,0,53.0,545.0,Met One E-SEQ-FRM PM2.5 with VSCC - Gravimetric,WASHINGTON HS,3535 E. 114TH ST.,Illinois,Cook,Chicago,"Chicago-Naperville-Elgin, IL-IN-WI",2024-08-08,pm25
17,31,22,88101,1,41.687165,-87.539315,WGS84,PM2.5 - Local Conditions,24 HOUR,PM25 24-hour 2012,2023-05-27,Micrograms/cubic meter (LC),,1,100.0,5.8,5.8,0,32.0,545.0,Met One E-SEQ-FRM PM2.5 with VSCC - Gravimetric,WASHINGTON HS,3535 E. 114TH ST.,Illinois,Cook,Chicago,"Chicago-Naperville-Elgin, IL-IN-WI",2024-08-08,pm25
17,31,22,88101,1,41.687165,-87.539315,WGS84,PM2.5 - Local Conditions,24 HOUR,PM25 24-hour 2012,2023-05-30,Micrograms/cubic meter (LC),,1,100.0,11.3,11.3,0,55.0,545.0,Met One E-SEQ-FRM PM2.5 with VSCC - Gravimetric,WASHINGTON HS,3535 E. 114TH ST.,Illinois,Cook,Chicago,"Chicago-Naperville-Elgin, IL-IN-WI",2024-08-08,pm25
17,31,22,88101,1,41.687165,-87.539315,WGS84,PM2.5 - Local Conditions,24 HOUR,PM25 24-hour 2012,2023-06-02,Micrograms/cubic meter (LC),,1,100.0,12.1,12.1,0,57.0,545.0,Met One E-SEQ-FRM PM2.5 with VSCC - Gravimetric,WASHINGTON HS,3535 E. 114TH ST.,Illinois,Cook,Chicago,"Chicago-Naperville-Elgin, IL-IN-WI",2024-08-08,pm25
17,31,22,88101,1,41.687165,-87.539315,WGS84,PM2.5 - Local Conditions,24 HOUR,PM25 24-hour 2012,2023-06-05,Micrograms/cubic meter (LC),,1,100.0,18.0,18.0,0,68.0,545.0,Met One E-SEQ-FRM PM2.5 with VSCC - Gravimetric,WASHINGTON HS,3535 E. 114TH ST.,Illinois,Cook,Chicago,"Chicago-Naperville-Elgin, IL-IN-WI",2024-08-08,pm25
17,31,22,88101,1,41.687165,-87.539315,WGS84,PM2.5 - Local Conditions,24 HOUR,PM25 24-hour 2012,2023-06-08,Micrograms/cubic meter (LC),,1,100.0,15.4,15.4,0,63.0,545.0,Met One E-SEQ-FRM PM2.5 with VSCC - Gravimetric,WASHINGTON HS,3535 E. 114TH ST.,Illinois,Cook,Chicago,"Chicago-Naperville-Elgin, IL-IN-WI",2024-08-08,pm25
17,31,22,88101,1,41.687165,-87.539315,WGS84,PM2.5 - Local Conditions,24 HOUR,PM25 24-hour 2012,2023-06-11,Micrograms/cubic meter (LC),,1,100.0,5.3,5.3,0,29.0,545.0,Met One E-SEQ-FRM PM2.5 with VSCC - Gravimetric,WASHINGTON HS,3535 E. 114TH ST.,Illinois,Cook,Chicago,"Chicago-Naperville-Elgin, IL-IN-WI",2024-08-08,pm25
17,31,22,88101,1,41.687165,-87.539315,WGS84,PM2.5 - Local Conditions,24 HOUR,PM25 24-hour 2012,2023-06-14,Micrograms/cubic meter (LC),,1,100.0,10.5,10.5,0,54.0,545.0,Met One E-SEQ-FRM PM2.5 with VSCC - Gravimetric,WASHINGTON HS,3535 E. 114TH ST.,Illinois,Cook,Chicago,"Chicago-Naperville-Elgin, IL-IN-WI",2024-08-08,pm25
17,31,22,88101,1,41.687165,-87.539315,WGS84,PM2.5 - Local Conditions,24 HOUR,PM25 24-hour 2012,2023-06-17,Micrograms/cubic meter (LC),,1,100.0,22.6,22.6,0,76.0,545.0,Met One E-SEQ-FRM PM2.5 with VSCC - Gravimetric,WASHINGTON HS,3535 E. 114TH ST.,Illinois,Cook,Chicago,"Chicago-Naperville-Elgin, IL-IN-WI",2024-08-08,pm25
17,31,22,88101,1,41.687165,-87.539315,WGS84,PM2.5 - Local Conditions,24 HOUR,PM25 24-hour 2012,2023-06-20,Micrograms/cubic meter (LC),,1,100.0,18.0,18.0,0,68.0,545.0,Met One E-SEQ-FRM PM2.5 with VSCC - Gravimetric,WASHINGTON HS,3535 E. 114TH ST.,Illinois,Cook,Chicago,"Chicago-Naperville-Elgin, IL-IN-WI",2024-08-08,pm25
17,31,22,88101,1,41.687165,-87.539315,WGS84,PM2.5 - Local Conditions,24 HOUR,PM25 24-hour 2012,2023-06-23,Micrograms/cubic meter (LC),,1,100.0,22.8,22.8,0,77.0,545.0,Met One E-SEQ-FRM PM2.5 with VSCC - Gravimetric,WASHINGTON HS,3535 E. 114TH ST.,Illinois,Cook,Chicago,"Chicago-Naperville-Elgin, IL-IN-WI",2024-08-08,pm25
17,31,22,88101,1,41.687165,-87.539315,WGS84,PM2.5 - Local Conditions,24 HOUR,PM25 24-hour 2012,2023-06-26,Micrograms/cubic meter (LC),,1,100.0,30.5,30.5,0,91.0,545.0,Met One E-SEQ-FRM PM2.5 with VSCC - Gravimetric,WASHINGTON HS,3535 E. 114TH ST.,Illinois,Cook,Chicago,"Chicago-Naperville-Elgin, IL-IN-WI",2024-08-08,pm25
17,31,22,88101,1,41.687165,-87.539315,WGS84,PM2.5 - Local Conditions,24 HOUR,PM25 24-hour 2012,2023-06-29,Micrograms/cubic meter (LC),,1,100.0,45.7,45.7,0,126.0,545.0,Met One E-SEQ-FRM PM2.5 with VSCC - Gravimetric,WASHINGTON HS,3535 E. 114TH ST.,Illinois,Cook,Chicago,"Chicago-Naperville-Elgin, IL-IN-WI",2024-08-08,pm25
17,31,22,88101,1,41.687165,-87.539315,WGS84,PM2.5 - Local Conditions,24 HOUR,PM25 24-hour 2012,2023-07-02,Micrograms/cubic meter (LC),,1,100.0,6.3,6.3,0,35.0,545.0,Met One E-SEQ-FRM PM2.5 with VSCC - Gravimetric,WASHINGTON HS,3535 E. 114TH ST.,Illinois,Cook,Chicago,"Chicago-Naperville-Elgin, IL-IN-WI",2024-08-08,pm25
17,31,22,88101,1,41.687165,-87.539315,WGS84,PM2.5 - Local Conditions,24 HOUR,PM25 24-hour 2012,2023-07-05,Micrograms/cubic meter (LC),,1,100.0,13.8,13.8,0,60.0,545.0,Met One E-SEQ-FRM PM2.5 with VSCC - Gravimetric,WASHINGTON HS,3535 E. 114TH ST.,Illinois,Cook,Chicago,"Chicago-Naperville-Elgin, IL-IN-WI",2024-08-08,pm25
17,31,22,88101,1,41.687165,-87.539315,WGS84,PM2.5 - Local Conditions,24 HOUR,PM25 24-hour 2012,2023-07-08,Micrograms/cubic meter (LC),,1,100.0,7.4,7.4,0,41.0,545.0,Met One E-SEQ-FRM PM2.5 with VSCC - Gravimetric,WASHINGTON HS,3535 E. 114TH ST.,Illinois,Cook,Chicago,"Chicago-Naperville-Elgin, IL-IN-WI",2024-08-08,pm25
17,31,22,88101,1,41.687165,-87.539315,WGS84,PM2.5 - Local Conditions,24 HOUR,PM25 24-hour 2012,2023-07-11,Micrograms/cubic meter (LC),,1,100.0,9.2,9.2,0,51.0,545.0,Met One E-SEQ-FRM PM2.5 with VSCC - Gravimetric,WASHINGTON HS,3535 E. 114TH ST.,Illinois,Cook,Chicago,"Chicago-Naperville-Elgin, IL-IN-WI",2024-08-08,pm25
17,31,22,88101,1,41.687165,-87.539315,WGS84,PM2.5 - Local Conditions,24 HOUR,PM25 24-hour 2012,2023-07-14,Micrograms/cubic meter (LC),,1,100.0,7.5,7.5,0,42.0,545.0,Met One E-SEQ-FRM PM2.5 with VSCC - Gravimetric,WASHINGTON HS,3535 E. 114TH ST.,Illinois,Cook,Chicago,"Chicago-Naperville-Elgin, IL-IN-WI",2024-08-08,pm25
17,31,22,88101,1,41.687165,-87.539315,WGS84,PM2.5 - Local Conditions,24 HOUR,PM25 24-hour 2012,2023-07-17,Micrograms/cubic meter (LC),,1,100.0,19.2,19.2,0,70.0,545.0,Met One E-SEQ-FRM PM2.5 with VSCC - Gravimetric,WASHINGTON HS,3535 E. 114TH ST.,Illinois,Cook,Chicago,"Chicago-Naperville-Elgin, IL-IN-WI",2024-08-08,pm25
17,31,22,88101,1,41.687165,-87.539315,WGS84,PM2.5 - Local Conditions,24 HOUR,PM25 24-hour 2012,2023-07-20,Micrograms/cubic meter (LC),,1,100.0,11.8,11.8,0,56.0,545.0,Met One E-SEQ-FRM PM2.5 with VSCC - Gravimetric,WASHINGTON HS,3535 E. 114TH ST.,Illinois,Cook,Chicago,"Chicago-Naperville-Elgin, IL-IN-WI",2024-08-08,pm25
17,31,22,88101,1,41.687165,-87.539315,WGS84,PM2.5 - Local Conditions,24 HOUR,PM25 24-hour 2012,2023-07-23,Micrograms/cubic meter (LC),,1,100.0,11.5,11.5,0,55.0,545.0,Met One E-SEQ-FRM PM2.5 with VSCC - Gravimetric,WASHINGTON HS,3535 E. 114TH ST.,Illinois,Cook,Chicago,"Chicago-Naperville-Elgin, IL-IN-WI",2024-08-08,pm25
17,31,22,88101,1,41.687165,-87.539315,WGS84,PM2.5 - Local Conditions,24 HOUR,PM25 24-hour 2012,2023-07-26,Micrograms/cubic meter (LC),,1,100.0,19.3,19.3,0,70.0,545.0,Met One E-SEQ-FRM PM2.5 with VSCC - Gravimetric,WASHINGTON HS,3535 E. 114TH ST.,Illinois,Cook,Chicago,"Chicago-Naperville-Elgin, IL-IN-WI",2024-08-08,pm25
17,31,22,88101,1,41.687165,-87.539315,WGS84,PM2.5 - Local Conditions,24 HOUR,PM25 24-hour 2012,2023-07-29,Micrograms/cubic meter (LC),,1,100.0,4.7,4.7,0,26.0,545.0,Met One E-SEQ-FRM PM2.5 with VSCC - Gravimetric,WASHINGTON HS,3535 E. 114TH ST.,Illinois,Cook,Chicago,"Chicago-Naperville-Elgin, IL-IN-WI",2024-08-08,pm25
17,31,22,88101,1,41.687165,-87.539315,WGS84,PM2.5 - Local Conditions,24 HOUR,PM25 24-hour 2012,2023-08-01,Micrograms/cubic meter (LC),,1,100.0,10.2,10.2,0,53.0,545.0,Met One E-SEQ-FRM PM2.5 with VSCC - Gravimetric,WASHINGTON HS,3535 E. 114TH ST.,Illinois,Cook,Chicago,"Chicago-Naperville-Elgin, IL-IN-WI",2024-08-08,pm25
17,31,22,88101,1,41.687165,-87.539315,WGS84,PM2.5 - Local Conditions,24 HOUR,PM25 24-hour 2012,2023-08-04,Micrograms/cubic meter (LC),,1,100.0,12.6,12.6,0,58.0,545.0,Met One E-SEQ-FRM PM2.5 with VSCC - Gravimetric,WASHINGTON HS,3535 E. 114TH ST.,Illinois,Cook,Chicago,"Chicago-Naperville-Elgin, IL-IN-WI",2024-08-08,pm25
17,31,22,88101,1,41.687165,-87.539315,WGS84,PM2.5 - Local Conditions,24 HOUR,PM25 24-hour 2012,2023-08-07,Micrograms/cubic meter (LC),,1,100.0,7.0,7.0,0,39.0,545.0,Met One E-SEQ-FRM PM2.5 with VSCC - Gravimetric,WASHINGTON HS,3535 E. 114TH ST.,Illinois,Cook,Chicago,"Chicago-Naperville-Elgin, IL-IN-WI",2024-08-08,pm25
17,31,22,88101,1,41.687165,-87.539315,WGS84,PM2.5 - Local Conditions,24 HOUR,PM25 24-hour 2012,2023-08-10,Micrograms/cubic meter (LC),,1,100.0,14.7,14.7,0,61.0,545.0,Met One E-SEQ-FRM PM2.5 with VSCC - Gravimetric,WASHINGTON HS,3535 E. 114TH ST.,Illinois,Cook,Chicago,"Chicago-Naperville-Elgin, IL-IN-WI",2024-08-08,pm25
17,31,22,88101,1,41.687165,-87.539315,WGS84,PM2.5 - Local Conditions,24 HOUR,PM25 24-hour 2012,2023-08-13,Micrograms/cubic meter (LC),,1,100.0,4.8,4.8,0,27.0,545.0,Met One E-SEQ-FRM PM2.5 with VSCC - Gravimetric,WASHINGTON HS,3535 E. 114TH ST.,Illinois,Cook,Chicago,"Chicago-Naperville-Elgin, IL-IN-WI",2024-08-08,pm25
17,31,22,88101,1,41.687165,-87.539315,WGS84,PM2.5 - Local Conditions,24 HOUR,PM25 24-hour 2012,2023-08-16,Micrograms/cubic meter (LC),,1,100.0,14.1,14.1,0,60.0,545.0,Met One E-SEQ-FRM PM2.5 with VSCC - Gravimetric,WASHINGTON HS,3535 E. 114TH ST.,Illinois,Cook,Chicago,"Chicago-Naperville-Elgin, IL-IN-WI",2024-08-08,pm25
17,31,22,88101,1,41.687165,-87.539315,WGS84,PM2.5 - Local Conditions,24 HOUR,PM25 24-hour 2012,2023-08-19,Micrograms/cubic meter (LC),,1,100.0,14.4,14.4,0,61.0,545.0,Met One E-SEQ-FRM PM2.5 with VSCC - Gravimetric,WASHINGTON HS,3535 E. 114TH ST.,Illinois,Cook,Chicago,"Chicago-Naperville-Elgin, IL-IN-WI",2024-08-08,pm25
17,31,22,88101,1,41.687165,-87.539315,WGS84,PM2.5 - Local Conditions,24 HOUR,PM25 24-hour 2012,2023-08-22,Micrograms/cubic meter (LC),,1,100.0,18.5,18.5,0,69.0,545.0,Met One E-SEQ-FRM PM2.5 with VSCC - Gravimetric,WASHINGTON HS,3535 E. 114TH ST.,Illinois,Cook,Chicago,"Chicago-Naperville-Elgin, IL-IN-WI",2024-08-08,pm25
17,31,22,88101,1,41.687165,-87.539315,WGS84,PM2.5 - Local Conditions,24 HOUR,PM25 24-hour 2012,2023-08-25,Micrograms/cubic meter (LC),,1,100.0,3.8,3.8,0,21.0,545.0,Met One E-SEQ-FRM PM2.5 with VSCC - Gravimetric,WASHINGTON HS,3535 E. 114TH ST.,Illinois,Cook,Chicago,"Chicago-Naperville-Elgin, IL-IN-WI",2024-08-08,pm25
17,31,22,88101,1,41.687165,-87.539315,WGS84,PM2.5 - Local Conditions,24 HOUR,PM25 24-hour 2012,2023-08-28,Micrograms/cubic meter (LC),,1,100.0,14.0,14.0,0,60.0,545.0,Met One E-SEQ-FRM PM2.5 with VSCC - Gravimetric,WASHINGTON HS,3535 E. 114TH ST.,Illinois,Cook,Chicago,"Chicago-Naperville-Elgin, IL-IN-WI",2024-08-08,pm25
17,31,22,88101,1,41.687165,-87.539315,WGS84,PM2.5 - Local Conditions,24 HOUR,PM25 24-hour 2012,2023-08-31,Micrograms/cubic meter (LC),,1,100.0,5.7,5.7,0,32.0,545.0,Met One E-SEQ-FRM PM2.5 with VSCC - Gravimetric,WASHINGTON HS,3535 E. 114TH ST.,Illinois,Cook,Chicago,"Chicago-Naperville-Elgin, IL-IN-WI",2024-08-08,pm25
17,31,22,88101,1,41.687165,-87.539315,WGS84,PM2.5 - Local Conditions,24 HOUR,PM25 24-hour 2012,2023-09-03,Micrograms/cubic meter (LC),,1,100.0,15.2,15.2,0,62.0,545.0,Met One E-SEQ-FRM PM2.5 with VSCC - Gravimetric,WASHINGTON HS,3535 E. 114TH ST.,Illinois,Cook,Chicago,"Chicago-Naperville-Elgin, IL-IN-WI",2024-08-08,pm25
17,31,22,88101,1,41.687165,-87.539315,WGS84,PM2.5 - Local Conditions,24 HOUR,PM25 24-hour 2012,2023-09-06,Micrograms/cubic meter (LC),,1,100.0,12.9,12.9,0,58.0,545.0,Met One E-SEQ-FRM PM2.5 with VSCC - Gravimetric,WASHINGTON HS,3535 E. 114TH ST.,Illinois,Cook,Chicago,"Chicago-Naperville-Elgin, IL-IN-WI",2024-08-08,pm25
17,31,22,88101,1,41.687165,-87.539315,WGS84,PM2.5 - Local Conditions,24 HOUR,PM25 24-hour 2012,2023-09-09,Micrograms/cubic meter (LC),,1,100.0,8.0,8.0,0,44.0,545.0,Met One E-SEQ-FRM PM2.5 with VSCC - Gravimetric,WASHINGTON HS,3535 E. 114TH ST.,Illinois,Cook,Chicago,"Chicago-Naperville-Elgin, IL-IN-WI",2024-08-08,pm25
17,31,22,88101,1,41.687165,-87.539315,WGS84,PM2.5 - Local Conditions,24 HOUR,PM25 24-hour 2012,2023-09-12,Micrograms/cubic meter (LC),,1,100.0,6.1,6.1,0,34.0,545.0,Met One E-SEQ-FRM PM2.5 with VSCC - Gravimetric,WASHINGTON HS,3535 E. 114TH ST.,Illinois,Cook,Chicago,"Chicago-Naperville-Elgin, IL-IN-WI",2024-08-08,pm25
17,31,22,88101,1,41.687165,-87.539315,WGS84,PM2.5 - Local Conditions,24 HOUR,PM25 24-hour 2012,2023-09-15,Micrograms/cubic meter (LC),,1,100.0,10.8,10.8,0,54.0,545.0,Met One E-SEQ-FRM PM2.5 with VSCC - Gravimetric,WASHINGTON HS,3535 E. 114TH ST.,Illinois,Cook,Chicago,"Chicago-Naperville-Elgin, IL-IN-WI",2024-08-08,pm25
17,31,22,88101,1,41.687165,-87.539315,WGS84,PM2.5 - Local Conditions,24 HOUR,PM25 24-hour 2012,2023-09-18,Micrograms/cubic meter (LC),,1,100.0,4.6,4.6,0,26.0,545.0,Met One E-SEQ-FRM PM2.5 with VSCC - Gravimetric,WASHINGTON HS,3535 E. 114TH ST.,Illinois,Cook,Chicago,"Chicago-Naperville-Elgin, IL-IN-WI",2024-08-08,pm25
17,31,22,88101,1,41.687165,-87.539315,WGS84,PM2.5 - Local Conditions,24 HOUR,PM25 24-hour 2012,2023-09-21,Micrograms/cubic meter (LC),,1,100.0,13.2,13.2,0,59.0,545.0,Met One E-SEQ-FRM PM2.5 with VSCC - Gravimetric,WASHINGTON HS,3535 E. 114TH ST.,Illinois,Cook,Chicago,"Chicago-Naperville-Elgin, IL-IN-WI",2024-08-08,pm25
17,31,22,88101,1,41.687165,-87.539315,WGS84,PM2.5 - Local Conditions,24 HOUR,PM25 24-hour 2012,2023-09-24,Micrograms/cubic meter (LC),,1,100.0,9.2,9.2,0,51.0,545.0,Met One E-SEQ-FRM PM2.5 with VSCC - Gravimetric,WASHINGTON HS,3535 E. 114TH ST.,Illinois,Cook,Chicago,"Chicago-Naperville-Elgin, IL-IN-WI",2024-08-08,pm25
17,31,22,88101,1,41.687165,-87.539315,WGS84,PM2.5 - Local Conditions,24 HOUR,PM25 24-hour 2012,2023-09-27,Micrograms/cubic meter (LC),,1,100.0,7.8,7.8,0,43.0,545.0,Met One E-SEQ-FRM PM2.5 with VSCC - Gravimetric,WASHINGTON HS,3535 E. 114TH ST.,Illinois,Cook,Chicago,"Chicago-Naperville-Elgin, IL-IN-WI",2024-08-08,pm25
17,31,22,88101,1,41.687165,-87.539315,WGS84,PM2.5 - Local Conditions,24 HOUR,PM25 24-hour 2012,2023-09-30,Micrograms/cubic meter (LC),,1,100.0,10.3,10.3,0,53.0,545.0,Met One E-SEQ-FRM PM2.5 with VSCC - Gravimetric,WASHINGTON HS,3535 E. 114TH ST.,Illinois,Cook,Chicago,"Chicago-Naperville-Elgin, IL-IN-WI",2024-08-08,pm25
17,31,22,88101,1,41.687165,-87.539315,WGS84,PM2.5 - Local Conditions,24 HOUR,PM25 24-hour 2012,2023-10-03,Micrograms/cubic meter (LC),,1,100.0,9.2,9.2,0,51.0,545.0,Met One E-SEQ-FRM PM2.5 with VSCC - Gravimetric,WASHINGTON HS,3535 E. 114TH ST.,Illinois,Cook,Chicago,"Chicago-Naperville-Elgin, IL-IN-WI",2024-08-08,pm25
17,31,22,88101,1,41.687165,-87.539315,WGS84,PM2.5 - Local Conditions,24 HOUR,PM25 24-hour 2012,2023-10-06,Micrograms/cubic meter (LC),,1,100.0,5.8,5.8,0,32.0,545.0,Met One E-SEQ-FRM PM2.5 with VSCC - Gravimetric,WASHINGTON HS,3535 E. 114TH ST.,Illinois,Cook,Chicago,"Chicago-Naperville-Elgin, IL-IN-WI",2024-08-08,pm25
17,31,22,88101,1,41.687165,-87.539315,WGS84,PM2.5 - Local Conditions,24 HOUR,PM25 24-hour 2012,2023-10-09,Micrograms/cubic meter (LC),,1,100.0,5.2,5.2,0,29.0,545.0,Met One E-SEQ-FRM PM2.5 with VSCC - Gravimetric,WASHINGTON HS,3535 E. 114TH ST.,Illinois,Cook,Chicago,"Chicago-Naperville-Elgin, IL-IN-WI",2024-08-08,pm25
17,31,22,88101,1,41.687165,-87.539315,WGS84,PM2.5 - Local Conditions,24 HOUR,PM25 24-hour 2012,2023-10-12,Micrograms/cubic meter (LC),,1,100.0,10.4,10.4,0,53.0,545.0,Met One E-SEQ-FRM PM2.5 with VSCC - Gravimetric,WASHINGTON HS,3535 E. 114TH ST.,Illinois,Cook,Chicago,"Chicago-Naperville-Elgin, IL-IN-WI",2024-08-08,pm25
17,31,22,88101,1,41.687165,-87.539315,WGS84,PM2.5 - Local Conditions,24 HOUR,PM25 24-hour 2012,2023-10-15,Micrograms/cubic meter (LC),,1,100.0,2.6,2.6,0,14.0,545.0,Met One E-SEQ-FRM PM2.5 with VSCC - Gravimetric,WASHINGTON HS,3535 E. 114TH ST.,Illinois,Cook,Chicago,"Chicago-Naperville-Elgin, IL-IN-WI",2024-08-08,pm25
17,31,22,88101,1,41.687165,-87.539315,WGS84,PM2.5 - Local Conditions,24 HOUR,PM25 24-hour 2012,2023-10-18,Micrograms/cubic meter (LC),,1,100.0,9.2,9.2,0,51.0,545.0,Met One E-SEQ-FRM PM2.5 with VSCC - Gravimetric,WASHINGTON HS,3535 E. 114TH ST.,Illinois,Cook,Chicago,"Chicago-Naperville-Elgin, IL-IN-WI",2024-08-08,pm25
17,31,22,88101,1,41.687165,-87.539315,WGS84,PM2.5 - Local Conditions,24 HOUR,PM25 24-hour 2012,2023-10-21,Micrograms/cubic meter (LC),,1,100.0,8.8,8.8,0,49.0,545.0,Met One E-SEQ-FRM PM2.5 with VSCC - Gravimetric,WASHINGTON HS,3535 E. 114TH ST.,Illinois,Cook,Chicago,"Chicago-Naperville-Elgin, IL-IN-WI",2024-08-08,pm25
17,31,22,88101,1,41.687165,-87.539315,WGS84,PM2.5 - Local Conditions,24 HOUR,PM25 24-hour 2012,2023-10-24,Micrograms/cubic meter (LC),,1,100.0,10.8,10.8,0,54.0,545.0,Met One E-SEQ-FRM PM2.5 with VSCC - Gravimetric,WASHINGTON HS,3535 E. 114TH ST.,Illinois,Cook,Chicago,"Chicago-Naperville-Elgin, IL-IN-WI",2024-08-08,pm25
17,31,22,88101,1,41.687165,-87.539315,WGS84,PM2.5 - Local Conditions,24 HOUR,PM25 24-hour 2012,2023-10-27,Micrograms/cubic meter (LC),,1,100.0,9.5,9.5,0,52.0,545.0,Met One E-SEQ-FRM PM2.5 with VSCC - Gravimetric,WASHINGTON HS,3535 E. 114TH ST.,Illinois,Cook,Chicago,"Chicago-Naperville-Elgin, IL-IN-WI",2024-08-08,pm25
17,31,22,88101,1,41.687165,-87.539315,WGS84,PM2.5 - Local Conditions,24 HOUR,PM25 24-hour 2012,2023-10-30,Micrograms/cubic meter (LC),,1,100.0,6.7,6.7,0,37.0,545.0,Met One E-SEQ-FRM PM2.5 with VSCC - Gravimetric,WASHINGTON HS,3535 E. 114TH ST.,Illinois,Cook,Chicago,"Chicago-Naperville-Elgin, IL-IN-WI",2024-08-08,pm25
17,31,22,88101,1,41.687165,-87.539315,WGS84,PM2.5 - Local Conditions,24 HOUR,PM25 24-hour 2012,2023-11-02,Micrograms/cubic meter (LC),,1,100.0,7.7,7.7,0,43.0,545.0,Met One E-SEQ-FRM PM2.5 with VSCC - Gravimetric,WASHINGTON HS,3535 E. 114TH ST.,Illinois,Cook,Chicago,"Chicago-Naperville-Elgin, IL-IN-WI",2024-08-08,pm25
17,31,22,88101,1,41.687165,-87.539315,WGS84,PM2.5 - Local Conditions,24 HOUR,PM25 24-hour 2012,2023-11-05,Micrograms/cubic meter (LC),,1,100.0,16.6,16.6,0,65.0,545.0,Met One E-SEQ-FRM PM2.5 with VSCC - Gravimetric,WASHINGTON HS,3535 E. 114TH ST.,Illinois,Cook,Chicago,"Chicago-Naperville-Elgin, IL-IN-WI",2024-08-08,pm25
17,31,22,88101,1,41.687165,-87.539315,WGS84,PM2.5 - Local Conditions,24 HOUR,PM25 24-hour 2012,2023-11-08,Micrograms/cubic meter (LC),,1,100.0,8.5,8.5,0,47.0,545.0,Met One E-SEQ-FRM PM2.5 with VSCC - Gravimetric,WASHINGTON HS,3535 E. 114TH ST.,Illinois,Cook,Chicago,"Chicago-Naperville-Elgin, IL-IN-WI",2024-08-08,pm25
17,31,22,88101,1,41.687165,-87.539315,WGS84,PM2.5 - Local Conditions,24 HOUR,PM25 24-hour 2012,2023-11-11,Micrograms/cubic meter (LC),,1,100.0,10.3,10.3,0,53.0,545.0,Met One E-SEQ-FRM PM2.5 with VSCC - Gravimetric,WASHINGTON HS,3535 E. 114TH ST.,Illinois,Cook,Chicago,"Chicago-Naperville-Elgin, IL-IN-WI",2024-08-08,pm25
17,31,22,88101,1,41.687165,-87.539315,WGS84,PM2.5 - Local Conditions,24 HOUR,PM25 24-hour 2012,2023-11-14,Micrograms/cubic meter (LC),,1,100.0,12.9,12.9,0,58.0,545.0,Met One E-SEQ-FRM PM2.5 with VSCC - Gravimetric,WASHINGTON HS,3535 E. 114TH ST.,Illinois,Cook,Chicago,"Chicago-Naperville-Elgin, IL-IN-WI",2024-08-08,pm25
17,31,22,88101,1,41.687165,-87.539315,WGS84,PM2.5 - Local Conditions,24 HOUR,PM25 24-hour 2012,2023-11-17,Micrograms/cubic meter (LC),,1,100.0,4.0,4.0,0,22.0,545.0,Met One E-SEQ-FRM PM2.5 with VSCC - Gravimetric,WASHINGTON HS,3535 E. 114TH ST.,Illinois,Cook,Chicago,"Chicago-Naperville-Elgin, IL-IN-WI",2024-08-08,pm25
17,31,22,88101,1,41.687165,-87.539315,WGS84,PM2.5 - Local Conditions,24 HOUR,PM25 24-hour 2012,2023-11-20,Micrograms/cubic meter (LC),,1,100.0,7.5,7.5,0,42.0,545.0,Met One E-SEQ-FRM PM2.5 with VSCC - Gravimetric,WASHINGTON HS,3535 E. 114TH ST.,Illinois,Cook,Chicago,"Chicago-Naperville-Elgin, IL-IN-WI",2024-08-08,pm25
17,31,22,88101,1,41.687165,-87.539315,WGS84,PM2.5 - Local Conditions,24 HOUR,PM25 24-hour 2012,2023-11-23,Micrograms/cubic meter (LC),,1,100.0,5.8,5.8,0,32.0,545.0,Met One E-SEQ-FRM PM2.5 with VSCC - Gravimetric,WASHINGTON HS,3535 E. 114TH ST.,Illinois,Cook,Chicago,"Chicago-Naperville-Elgin, IL-IN-WI",2024-08-08,pm25
17,31,22,88101,1,41.687165,-87.539315,WGS84,PM2.5 - Local Conditions,24 HOUR,PM25 24-hour 2012,2023-11-26,Micrograms/cubic meter (LC),,1,100.0,11.5,11.5,0,55.0,545.0,Met One E-SEQ-FRM PM2.5 with VSCC - Gravimetric,WASHINGTON HS,3535 E. 114TH ST.,Illinois,Cook,Chicago,"Chicago-Naperville-Elgin, IL-IN-WI",2024-08-08,pm25
17,31,22,88101,1,41.687165,-87.539315,WGS84,PM2.5 - Local Conditions,24 HOUR,PM25 24-hour 2012,2023-11-29,Micrograms/cubic meter (LC),,1,100.0,14.9,14.9,0,62.0,545.0,Met One E-SEQ-FRM PM2.5 with VSCC - Gravimetric,WASHINGTON HS,3535 E. 114TH ST.,Illinois,Cook,Chicago,"Chicago-Naperville-Elgin, IL-IN-WI",2024-08-08,pm25
17,31,22,88101,1,41.687165,-87.539315,WGS84,PM2.5 - Local Conditions,24 HOUR,PM25 24-hour 2012,2023-12-02,Micrograms/cubic meter (LC),,1,100.0,4.0,4.0,0,22.0,545.0,Met One E-SEQ-FRM PM2.5 with VSCC - Gravimetric,WASHINGTON HS,3535 E. 114TH ST.,Illinois,Cook,Chicago,"Chicago-Naperville-Elgin, IL-IN-WI",2024-08-08,pm25
17,31,22,88101,1,41.687165,-87.539315,WGS84,PM2.5 - Local Conditions,24 HOUR,PM25 24-hour 2012,2023-12-05,Micrograms/cubic meter (LC),,1,100.0,6.0,6.0,0,33.0,545.0,Met One E-SEQ-FRM PM2.5 with VSCC - Gravimetric,WASHINGTON HS,3535 E. 114TH ST.,Illinois,Cook,Chicago,"Chicago-Naperville-Elgin, IL-IN-WI",2024-08-08,pm25
17,31,22,88101,1,41.687165,-87.539315,WGS84,PM2.5 - Local Conditions,24 HOUR,PM25 24-hour 2012,2023-12-08,Micrograms/cubic meter (LC),,1,100.0,9.2,9.2,0,51.0,545.0,Met One E-SEQ-FRM PM2.5 with VSCC - Gravimetric,WASHINGTON HS,3535 E. 114TH ST.,Illinois,Cook,Chicago,"Chicago-Naperville-Elgin, IL-IN-WI",2024-08-08,pm25
17,31,22,88101,1,41.687165,-87.539315,WGS84,PM2.5 - Local Conditions,24 HOUR,PM25 24-hour 2012,2023-12-11,Micrograms/cubic meter (LC),,1,100.0,8.0,8.0,0,44.0,545.0,Met One E-SEQ-FRM PM2.5 with VSCC - Gravimetric,WASHINGTON HS,3535 E. 114TH ST.,Illinois,Cook,Chicago,"Chicago-Naperville-Elgin, IL-IN-WI",2024-08-08,pm25
17,31,22,88101,1,41.687165,-87.539315,WGS84,PM2.5 - Local Conditions,24 HOUR,PM25 24-hour 2012,2023-12-14,Micrograms/cubic meter (LC),,1,100.0,13.2,13.2,0,59.0,545.0,Met One E-SEQ-FRM PM2.5 with VSCC - Gravimetric,WASHINGTON HS,3535 E. 114TH ST.,Illinois,Cook,Chicago,"Chicago-Naperville-Elgin, IL-IN-WI",2024-08-08,pm25
17,31,22,88101,1,41.687165,-87.539315,WGS84,PM2.5 - Local Conditions,24 HOUR,PM25 24-hour 2012,2023-12-17,Micrograms/cubic meter (LC),,1,100.0,9.4,9.4,0,52.0,545.0,Met One E-SEQ-FRM PM2.5 with VSCC - Gravimetric,WASHINGTON HS,3535 E. 114TH ST.,Illinois,Cook,Chicago,"Chicago-Naperville-Elgin, IL-IN-WI",2024-08-08,pm25
17,31,22,88101,1,41.687165,-87.539315,WGS84,PM2.5 - Local Conditions,24 HOUR,PM25 24-hour 2012,2023-12-20,Micrograms/cubic meter (LC),,1,100.0,10.5,10.5,0,54.0,545.0,Met One E-SEQ-FRM PM2.5 with VSCC - Gravimetric,WASHINGTON HS,3535 E. 114TH ST.,Illinois,Cook,Chicago,"Chicago-Naperville-Elgin, IL-IN-WI",2024-08-08,pm25
17,31,22,88101,1,41.687165,-87.539315,WGS84,PM2.5 - Local Conditions,24 HOUR,PM25 24-hour 2012,2023-12-23,Micrograms/cubic meter (LC),,1,100.0,14.8,14.8,0,62.0,545.0,Met One E-SEQ-FRM PM2.5 with VSCC - Gravimetric,WASHINGTON HS,3535 E. 114TH ST.,Illinois,Cook,Chicago,"Chicago-Naperville-Elgin, IL-IN-WI",2024-08-08,pm25
17,31,22,88101,1,41.687165,-87.539315,WGS84,PM2.5 - Local Conditions,24 HOUR,PM25 24-hour 2012,2023-12-26,Micrograms/cubic meter (LC),,1,100.0,5.3,5.3,0,29.0,545.0,Met One E-SEQ-FRM PM2.5 with VSCC - Gravimetric,WASHINGTON HS,3535 E. 114TH ST.,Illinois,Cook,Chicago,"Chicago-Naperville-Elgin, IL-IN-WI",2024-08-08,pm25
17,31,22,88101,1,41.687165,-87.539315,WGS84,PM2.5 - Local Conditions,24 HOUR,PM25 24-hour 2012,2023-12-29,Micrograms/cubic meter (LC),,1,100.0,3.3,3.3,0,18.0,545.0,Met One E-SEQ-FRM PM2.5 with VSCC - Gravimetric,WASHINGTON HS,3535 E. 114TH ST.,Illinois,Cook,Chicago,"Chicago-Naperville-Elgin, IL-IN-WI",2024-08-08,pm25
17,31,52,88101,1,41.965485,-87.749928,WGS84,PM2.5 - Local Conditions,24 HOUR,PM25 24-hour 2012,2023-01-03,Micrograms/cubic meter (LC),,1,100.0,6.5,6.5,0,36.0,545.0,Met One E-SEQ-FRM PM2.5 with VSCC - Gravimetric,MAYFAIR PUMP STATION,4850 WILSON AVE.,Illinois,Cook,Chicago,"Chicago-Naperville-Elgin, IL-IN-WI",2024-10-31,pm25
17,31,52,88101,1,41.965485,-87.749928,WGS84,PM2.5 - Local Conditions,24 HOUR,PM25 24-hour 2012,2023-01-06,Micrograms/cubic meter (LC),,1,100.0,8.2,8.2,0,46.0,545.0,Met One E-SEQ-FRM PM2.5 with VSCC - Gravimetric,MAYFAIR PUMP STATION,4850 WILSON AVE.,Illinois,Cook,Chicago,"Chicago-Naperville-Elgin, IL-IN-WI",2024-10-31,pm25
17,31,52,88101,1,41.965485,-87.749928,WGS84,PM2.5 - Local Conditions,24 HOUR,PM25 24-hour 2012,2023-01-09,Micrograms/cubic meter (LC),,1,100.0,20.5,20.5,0,72.0,545.0,Met One E-SEQ-FRM PM2.5 with VSCC - Gravimetric,MAYFAIR PUMP STATION,4850 WILSON AVE.,Illinois,Cook,Chicago,"Chicago-Naperville-Elgin, IL-IN-WI",2024-10-31,pm25
17,31,52,88101,1,41.965485,-87.749928,WGS84,PM2.5 - Local Conditions,24 HOUR,PM25 24-hour 2012,2023-01-12,Micrograms/cubic meter (LC),,1,100.0,10.7,10.7,0,54.0,545.0,Met One E-SEQ-FRM PM2.5 with VSCC - Gravimetric,MAYFAIR PUMP STATION,4850 WILSON AVE.,Illinois,Cook,Chicago,"Chicago-Naperville-Elgin, IL-IN-WI",2024-10-31,pm25
17,31,52,88101,1,41.965485,-87.749928,WGS84,PM2.5 - Local Conditions,24 HOUR,PM25 24-hour 2012,2023-01-15,Micrograms/cubic meter (LC),,1,100.0,7.9,7.9,0,44.0,545.0,Met One E-SEQ-FRM PM2.5 with VSCC - Gravimetric,MAYFAIR PUMP STATION,4850 WILSON AVE.,Illinois,Cook,Chicago,"Chicago-Naperville-Elgin, IL-IN-WI",2024-10-31,pm25
17,31,52,88101,1,41.965485,-87.749928,WGS84,PM2.5 - Local Conditions,24 HOUR,PM25 24-hour 2012,2023-01-18,Micrograms/cubic meter (LC),,1,100.0,5.5,5.5,0,31.0,545.0,Met One E-SEQ-FRM PM2.5 with VSCC - Gravimetric,MAYFAIR PUMP STATION,4850 WILSON AVE.,Illinois,Cook,Chicago,"Chicago-Naperville-Elgin, IL-IN-WI",2024-10-31,pm25
17,31,52,88101,1,41.965485,-87.749928,WGS84,PM2.5 - Local Conditions,24 HOUR,PM25 24-hour 2012,2023-01-21,Micrograms/cubic meter (LC),,1,100.0,7.5,7.5,0,42.0,545.0,Met One E-SEQ-FRM PM2.5 with VSCC - Gravimetric,MAYFAIR PUMP STATION,4850 WILSON AVE.,Illinois,Cook,Chicago,"Chicago-Naperville-Elgin, IL-IN-WI",2024-10-31,pm25
17,31,52,88101,1,41.965485,-87.749928,WGS84,PM2.5 - Local Conditions,24 HOUR,PM25 24-hour 2012,2023-01-24,Micrograms/cubic meter (LC),,1,100.0,12.4,12.4,0,57.0,545.0,Met One E-SEQ-FRM PM2.5 with VSCC - Gravimetric,MAYFAIR PUMP STATION,4850 WILSON AVE.,Illinois,Cook,Chicago,"Chicago-Naperville-Elgin, IL-IN-WI",2024-10-31,pm25
17,31,52,88101,1,41.965485,-87.749928,WGS84,PM2.5 - Local Conditions,24 HOUR,PM25 24-hour 2012,2023-01-27,Micrograms/cubic meter (LC),,1,100.0,7.3,7.3,0,41.0,545.0,Met One E-SEQ-FRM PM2.5 with VSCC - Gravimetric,MAYFAIR PUMP STATION,4850 WILSON AVE.,Illinois,Cook,Chicago,"Chicago-Naperville-Elgin, IL-IN-WI",2024-10-31,pm25
17,31,52,88101,1,41.965485,-87.749928,WGS84,PM2.5 - Local Conditions,24 HOUR,PM25 24-hour 2012,2023-01-30,Micrograms/cubic meter (LC),,1,100.0,5.6,5.6,0,31.0,545.0,Met One E-SEQ-FRM PM2.5 with VSCC - Gravimetric,MAYFAIR PUMP STATION,4850 WILSON AVE.,Illinois,Cook,Chicago,"Chicago-Naperville-Elgin, IL-IN-WI",2024-10-31,pm25
17,31,52,88101,1,41.965485,-87.749928,WGS84,PM2.5 - Local Conditions,24 HOUR,PM25 24-hour 2012,2023-02-02,Micrograms/cubic meter (LC),,1,100.0,10.5,10.5,0,54.0,545.0,Met One E-SEQ-FRM PM2.5 with VSCC - Gravimetric,MAYFAIR PUMP STATION,4850 WILSON AVE.,Illinois,Cook,Chicago,"Chicago-Naperville-Elgin, IL-IN-WI",2024-10-31,pm25
17,31,52,88101,1,41.965485,-87.749928,WGS84,PM2.5 - Local Conditions,24 HOUR,PM25 24-hour 2012,2023-02-05,Micrograms/cubic meter (LC),,1,100.0,11.7,11.7,0,56.0,545.0,Met One E-SEQ-FRM PM2.5 with VSCC - Gravimetric,MAYFAIR PUMP STATION,4850 WILSON AVE.,Illinois,Cook,Chicago,"Chicago-Naperville-Elgin, IL-IN-WI",2024-10-31,pm25
17,31,52,88101,1,41.965485,-87.749928,WGS84,PM2.5 - Local Conditions,24 HOUR,PM25 24-hour 2012,2023-02-08,Micrograms/cubic meter (LC),,1,100.0,18.9,18.9,0,69.0,545.0,Met One E-SEQ-FRM PM2.5 with VSCC - Gravimetric,MAYFAIR PUMP STATION,4850 WILSON AVE.,Illinois,Cook,Chicago,"Chicago-Naperville-Elgin, IL-IN-WI",2024-10-31,pm25
17,31,52,88101,1,41.965485,-87.749928,WGS84,PM2.5 - Local Conditions,24 HOUR,PM25 24-hour 2012,2023-02-14,Micrograms/cubic meter (LC),,1,100.0,5.9,5.9,0,33.0,545.0,Met One E-SEQ-FRM PM2.5 with VSCC - Gravimetric,MAYFAIR PUMP STATION,4850 WILSON AVE.,Illinois,Cook,Chicago,"Chicago-Naperville-Elgin, IL-IN-WI",2024-10-31,pm25
17,31,52,88101,1,41.965485,-87.749928,WGS84,PM2.5 - Local Conditions,24 HOUR,PM25 24-hour 2012,2023-02-17,Micrograms/cubic meter (LC),,1,100.0,3.1,3.1,0,17.0,545.0,Met One E-SEQ-FRM PM2.5 with VSCC - Gravimetric,MAYFAIR PUMP STATION,4850 WILSON AVE.,Illinois,Cook,Chicago,"Chicago-Naperville-Elgin, IL-IN-WI",2024-10-31,pm25
17,31,52,88101,1,41.965485,-87.749928,WGS84,PM2.5 - Local Conditions,24 HOUR,PM25 24-hour 2012,2023-02-20,Micrograms/cubic meter (LC),,1,100.0,12.3,12.3,0,57.0,545.0,Met One E-SEQ-FRM PM2.5 with VSCC - Gravimetric,MAYFAIR PUMP STATION,4850 WILSON AVE.,Illinois,Cook,Chicago,"Chicago-Naperville-Elgin, IL-IN-WI",2024-10-31,pm25
17,31,52,88101,1,41.965485,-87.749928,WGS84,PM2.5 - Local Conditions,24 HOUR,PM25 24-hour 2012,2023-02-23,Micrograms/cubic meter (LC),,1,100.0,6.3,6.3,0,35.0,545.0,Met One E-SEQ-FRM PM2.5 with VSCC - Gravimetric,MAYFAIR PUMP STATION,4850 WILSON AVE.,Illinois,Cook,Chicago,"Chicago-Naperville-Elgin, IL-IN-WI",2024-10-31,pm25
17,31,52,88101,1,41.965485,-87.749928,WGS84,PM2.5 - Local Conditions,24 HOUR,PM25 24-hour 2012,2023-02-26,Micrograms/cubic meter (LC),,1,100.0,10.5,10.5,0,54.0,545.0,Met One E-SEQ-FRM PM2.5 with VSCC - Gravimetric,MAYFAIR PUMP STATION,4850 WILSON AVE.,Illinois,Cook,Chicago,"Chicago-Naperville-Elgin, IL-IN-WI",2024-10-31,pm25
17,31,52,88101,1,41.965485,-87.749928,WGS84,PM2.5 - Local Conditions,24 HOUR,PM25 24-hour 2012,2023-03-01,Micrograms/cubic meter (LC),,1,100.0,10.0,10.0,0,53.0,545.0,Met One E-SEQ-FRM PM2.5 with VSCC - Gravimetric,MAYFAIR PUMP STATION,4850 WILSON AVE.,Illinois,Cook,Chicago,"Chicago-Naperville-Elgin, IL-IN-WI",2024-10-31,pm25
17,31,52,88101,1,41.965485,-87.749928,WGS84,PM2.5 - Local Conditions,24 HOUR,PM25 24-hour 2012,2023-03-04,Micrograms/cubic meter (LC),,1,100.0,14.7,14.7,0,61.0,545.0,Met One E-SEQ-FRM PM2.5 with VSCC - Gravimetric,MAYFAIR PUMP STATION,4850 WILSON AVE.,Illinois,Cook,Chicago,"Chicago-Naperville-Elgin, IL-IN-WI",2024-10-31,pm25
17,31,52,88101,1,41.965485,-87.749928,WGS84,PM2.5 - Local Conditions,24 HOUR,PM25 24-hour 2012,2023-03-07,Micrograms/cubic meter (LC),,1,100.0,2.8,2.8,0,16.0,545.0,Met One E-SEQ-FRM PM2.5 with VSCC - Gravimetric,MAYFAIR PUMP STATION,4850 WILSON AVE.,Illinois,Cook,Chicago,"Chicago-Naperville-Elgin, IL-IN-WI",2024-10-31,pm25
17,31,52,88101,1,41.965485,-87.749928,WGS84,PM2.5 - Local Conditions,24 HOUR,PM25 24-hour 2012,2023-03-13,Micrograms/cubic meter (LC),,1,100.0,2.8,2.8,0,16.0,545.0,Met One E-SEQ-FRM PM2.5 with VSCC - Gravimetric,MAYFAIR PUMP STATION,4850 WILSON AVE.,Illinois,Cook,Chicago,"Chicago-Naperville-Elgin, IL-IN-WI",2024-10-31,pm25
17,31,52,88101,1,41.965485,-87.749928,WGS84,PM2.5 - Local Conditions,24 HOUR,PM25 24-hour 2012,2023-03-16,Micrograms/cubic meter (LC),,1,100.0,11.5,11.5,0,55.0,545.0,Met One E-SEQ-FRM PM2.5 with VSCC - Gravimetric,MAYFAIR PUMP STATION,4850 WILSON AVE.,Illinois,Cook,Chicago,"Chicago-Naperville-Elgin, IL-IN-WI",2024-10-31,pm25
17,31,52,88101,1,41.965485,-87.749928,WGS84,PM2.5 - Local Conditions,24 HOUR,PM25 24-hour 2012,2023-03-19,Micrograms/cubic meter (LC),,1,100.0,3.9,3.9,0,22.0,545.0,Met One E-SEQ-FRM PM2.5 with VSCC - Gravimetric,MAYFAIR PUMP STATION,4850 WILSON AVE.,Illinois,Cook,Chicago,"Chicago-Naperville-Elgin, IL-IN-WI",2024-10-31,pm25
17,31,52,88101,1,41.965485,-87.749928,WGS84,PM2.5 - Local Conditions,24 HOUR,PM25 24-hour 2012,2023-03-22,Micrograms/cubic meter (LC),,1,100.0,14.8,14.8,0,62.0,545.0,Met One E-SEQ-FRM PM2.5 with VSCC - Gravimetric,MAYFAIR PUMP STATION,4850 WILSON AVE.,Illinois,Cook,Chicago,"Chicago-Naperville-Elgin, IL-IN-WI",2024-10-31,pm25
17,31,52,88101,1,41.965485,-87.749928,WGS84,PM2.5 - Local Conditions,24 HOUR,PM25 24-hour 2012,2023-03-25,Micrograms/cubic meter (LC),,1,100.0,4.6,4.6,0,26.0,545.0,Met One E-SEQ-FRM PM2.5 with VSCC - Gravimetric,MAYFAIR PUMP STATION,4850 WILSON AVE.,Illinois,Cook,Chicago,"Chicago-Naperville-Elgin, IL-IN-WI",2024-10-31,pm25
17,31,52,88101,1,41.965485,-87.749928,WGS84,PM2.5 - Local Conditions,24 HOUR,PM25 24-hour 2012,2023-03-28,Micrograms/cubic meter (LC),,1,100.0,10.5,10.5,0,54.0,545.0,Met One E-SEQ-FRM PM2.5 with VSCC - Gravimetric,MAYFAIR PUMP STATION,4850 WILSON AVE.,Illinois,Cook,Chicago,"Chicago-Naperville-Elgin, IL-IN-WI",2024-10-31,pm25
17,31,52,88101,1,41.965485,-87.749928,WGS84,PM2.5 - Local Conditions,24 HOUR,PM25 24-hour 2012,2023-03-31,Micrograms/cubic meter (LC),,1,100.0,11.5,11.5,0,55.0,545.0,Met One E-SEQ-FRM PM2.5 with VSCC - Gravimetric,MAYFAIR PUMP STATION,4850 WILSON AVE.,Illinois,Cook,Chicago,"Chicago-Naperville-Elgin, IL-IN-WI",2024-10-31,pm25
17,31,52,88101,1,41.965485,-87.749928,WGS84,PM2.5 - Local Conditions,24 HOUR,PM25 24-hour 2012,2023-04-03,Micrograms/cubic meter (LC),,1,100.0,5.3,5.3,0,29.0,545.0,Met One E-SEQ-FRM PM2.5 with VSCC - Gravimetric,MAYFAIR PUMP STATION,4850 WILSON AVE.,Illinois,Cook,Chicago,"Chicago-Naperville-Elgin, IL-IN-WI",2024-10-31,pm25
17,31,52,88101,1,41.965485,-87.749928,WGS84,PM2.5 - Local Conditions,24 HOUR,PM25 24-hour 2012,2023-04-04,Micrograms/cubic meter (LC),,1,100.0,10.1,10.1,0,53.0,545.0,Met One E-SEQ-FRM PM2.5 with VSCC - Gravimetric,MAYFAIR PUMP STATION,4850 WILSON AVE.,Illinois,Cook,Chicago,"Chicago-Naperville-Elgin, IL-IN-WI",2024-10-31,pm25
17,31,52,88101,1,41.965485,-87.749928,WGS84,PM2.5 - Local Conditions,24 HOUR,PM25 24-hour 2012,2023-04-06,Micrograms/cubic meter (LC),,1,100.0,4.4,4.4,0,24.0,545.0,Met One E-SEQ-FRM PM2.5 with VSCC - Gravimetric,MAYFAIR PUMP STATION,4850 WILSON AVE.,Illinois,Cook,Chicago,"Chicago-Naperville-Elgin, IL-IN-WI",2024-10-31,pm25
17,31,52,88101,1,41.965485,-87.749928,WGS84,PM2.5 - Local Conditions,24 HOUR,PM25 24-hour 2012,2023-04-09,Micrograms/cubic meter (LC),,1,100.0,12.8,12.8,0,58.0,545.0,Met One E-SEQ-FRM PM2.5 with VSCC - Gravimetric,MAYFAIR PUMP STATION,4850 WILSON AVE.,Illinois,Cook,Chicago,"Chicago-Naperville-Elgin, IL-IN-WI",2024-10-31,pm25
17,31,52,88101,1,41.965485,-87.749928,WGS84,PM2.5 - Local Conditions,24 HOUR,PM25 24-hour 2012,2023-04-12,Micrograms/cubic meter (LC),,1,100.0,9.8,9.8,0,52.0,545.0,Met One E-SEQ-FRM PM2.5 with VSCC - Gravimetric,MAYFAIR PUMP STATION,4850 WILSON AVE.,Illinois,Cook,Chicago,"Chicago-Naperville-Elgin, IL-IN-WI",2024-10-31,pm25
17,31,52,88101,1,41.965485,-87.749928,WGS84,PM2.5 - Local Conditions,24 HOUR,PM25 24-hour 2012,2023-04-15,Micrograms/cubic meter (LC),,1,100.0,10.7,10.7,0,54.0,545.0,Met One E-SEQ-FRM PM2.5 with VSCC - Gravimetric,MAYFAIR PUMP STATION,4850 WILSON AVE.,Illinois,Cook,Chicago,"Chicago-Naperville-Elgin, IL-IN-WI",2024-10-31,pm25
17,31,52,88101,1,41.965485,-87.749928,WGS84,PM2.5 - Local Conditions,24 HOUR,PM25 24-hour 2012,2023-04-18,Micrograms/cubic meter (LC),,1,100.0,6.4,6.4,0,36.0,545.0,Met One E-SEQ-FRM PM2.5 with VSCC - Gravimetric,MAYFAIR PUMP STATION,4850 WILSON AVE.,Illinois,Cook,Chicago,"Chicago-Naperville-Elgin, IL-IN-WI",2024-10-31,pm25
17,31,52,88101,1,41.965485,-87.749928,WGS84,PM2.5 - Local Conditions,24 HOUR,PM25 24-hour 2012,2023-04-21,Micrograms/cubic meter (LC),,1,100.0,3.9,3.9,0,22.0,545.0,Met One E-SEQ-FRM PM2.5 with VSCC - Gravimetric,MAYFAIR PUMP STATION,4850 WILSON AVE.,Illinois,Cook,Chicago,"Chicago-Naperville-Elgin, IL-IN-WI",2024-10-31,pm25
17,31,52,88101,1,41.965485,-87.749928,WGS84,PM2.5 - Local Conditions,24 HOUR,PM25 24-hour 2012,2023-04-24,Micrograms/cubic meter (LC),,1,100.0,8.0,8.0,0,44.0,545.0,Met One E-SEQ-FRM PM2.5 with VSCC - Gravimetric,MAYFAIR PUMP STATION,4850 WILSON AVE.,Illinois,Cook,Chicago,"Chicago-Naperville-Elgin, IL-IN-WI",2024-10-31,pm25
17,31,52,88101,1,41.965485,-87.749928,WGS84,PM2.5 - Local Conditions,24 HOUR,PM25 24-hour 2012,2023-04-27,Micrograms/cubic meter (LC),,1,100.0,10.0,10.0,0,53.0,545.0,Met One E-SEQ-FRM PM2.5 with VSCC - Gravimetric,MAYFAIR PUMP STATION,4850 WILSON AVE.,Illinois,Cook,Chicago,"Chicago-Naperville-Elgin, IL-IN-WI",2024-10-31,pm25
17,31,52,88101,1,41.965485,-87.749928,WGS84,PM2.5 - Local Conditions,24 HOUR,PM25 24-hour 2012,2023-04-30,Micrograms/cubic meter (LC),,1,100.0,1.5,1.5,0,8.0,545.0,Met One E-SEQ-FRM PM2.5 with VSCC - Gravimetric,MAYFAIR PUMP STATION,4850 WILSON AVE.,Illinois,Cook,Chicago,"Chicago-Naperville-Elgin, IL-IN-WI",2024-10-31,pm25
17,31,52,88101,1,41.965485,-87.749928,WGS84,PM2.5 - Local Conditions,24 HOUR,PM25 24-hour 2012,2023-05-06,Micrograms/cubic meter (LC),,1,100.0,11.2,11.2,0,55.0,545.0,Met One E-SEQ-FRM PM2.5 with VSCC - Gravimetric,MAYFAIR PUMP STATION,4850 WILSON AVE.,Illinois,Cook,Chicago,"Chicago-Naperville-Elgin, IL-IN-WI",2024-10-31,pm25
17,31,52,88101,1,41.965485,-87.749928,WGS84,PM2.5 - Local Conditions,24 HOUR,PM25 24-hour 2012,2023-05-07,Micrograms/cubic meter (LC),,1,100.0,14.3,14.3,0,61.0,545.0,Met One E-SEQ-FRM PM2.5 with VSCC - Gravimetric,MAYFAIR PUMP STATION,4850 WILSON AVE.,Illinois,Cook,Chicago,"Chicago-Naperville-Elgin, IL-IN-WI",2024-10-31,pm25
17,31,52,88101,1,41.965485,-87.749928,WGS84,PM2.5 - Local Conditions,24 HOUR,PM25 24-hour 2012,2023-05-09,Micrograms/cubic meter (LC),,1,100.0,6.0,6.0,0,33.0,545.0,Met One E-SEQ-FRM PM2.5 with VSCC - Gravimetric,MAYFAIR PUMP STATION,4850 WILSON AVE.,Illinois,Cook,Chicago,"Chicago-Naperville-Elgin, IL-IN-WI",2024-10-31,pm25
17,31,52,88101,1,41.965485,-87.749928,WGS84,PM2.5 - Local Conditions,24 HOUR,PM25 24-hour 2012,2023-05-12,Micrograms/cubic meter (LC),,1,100.0,18.8,18.8,0,69.0,545.0,Met One E-SEQ-FRM PM2.5 with VSCC - Gravimetric,MAYFAIR PUMP STATION,4850 WILSON AVE.,Illinois,Cook,Chicago,"Chicago-Naperville-Elgin, IL-IN-WI",2024-10-31,pm25
17,31,52,88101,1,41.965485,-87.749928,WGS84,PM2.5 - Local Conditions,24 HOUR,PM25 24-hour 2012,2023-05-15,Micrograms/cubic meter (LC),,1,100.0,6.7,6.7,0,37.0,545.0,Met One E-SEQ-FRM PM2.5 with VSCC - Gravimetric,MAYFAIR PUMP STATION,4850 WILSON AVE.,Illinois,Cook,Chicago,"Chicago-Naperville-Elgin, IL-IN-WI",2024-10-31,pm25
17,31,52,88101,1,41.965485,-87.749928,WGS84,PM2.5 - Local Conditions,24 HOUR,PM25 24-hour 2012,2023-05-18,Micrograms/cubic meter (LC),,1,100.0,8.6,8.6,0,48.0,545.0,Met One E-SEQ-FRM PM2.5 with VSCC - Gravimetric,MAYFAIR PUMP STATION,4850 WILSON AVE.,Illinois,Cook,Chicago,"Chicago-Naperville-Elgin, IL-IN-WI",2024-10-31,pm25
17,31,52,88101,1,41.965485,-87.749928,WGS84,PM2.5 - Local Conditions,24 HOUR,PM25 24-hour 2012,2023-05-21,Micrograms/cubic meter (LC),,1,100.0,8.6,8.6,0,48.0,545.0,Met One E-SEQ-FRM PM2.5 with VSCC - Gravimetric,MAYFAIR PUMP STATION,4850 WILSON AVE.,Illinois,Cook,Chicago,"Chicago-Naperville-Elgin, IL-IN-WI",2024-10-31,pm25
17,31,52,88101,1,41.965485,-87.749928,WGS84,PM2.5 - Local Conditions,24 HOUR,PM25 24-hour 2012,2023-05-24,Micrograms/cubic meter (LC),,1,100.0,8.8,8.8,0,49.0,545.0,Met One E-SEQ-FRM PM2.5 with VSCC - Gravimetric,MAYFAIR PUMP STATION,4850 WILSON AVE.,Illinois,Cook,Chicago,"Chicago-Naperville-Elgin, IL-IN-WI",2024-10-31,pm25
17,31,52,88101,1,41.965485,-87.749928,WGS84,PM2.5 - Local Conditions,24 HOUR,PM25 24-hour 2012,2023-05-27,Micrograms/cubic meter (LC),,1,100.0,7.0,7.0,0,39.0,545.0,Met One E-SEQ-FRM PM2.5 with VSCC - Gravimetric,MAYFAIR PUMP STATION,4850 WILSON AVE.,Illinois,Cook,Chicago,"Chicago-Naperville-Elgin, IL-IN-WI",2024-10-31,pm25
17,31,52,88101,1,41.965485,-87.749928,WGS84,PM2.5 - Local Conditions,24 HOUR,PM25 24-hour 2012,2023-05-30,Micrograms/cubic meter (LC),,1,100.0,13.2,13.2,0,59.0,545.0,Met One E-SEQ-FRM PM2.5 with VSCC - Gravimetric,MAYFAIR PUMP STATION,4850 WILSON AVE.,Illinois,Cook,Chicago,"Chicago-Naperville-Elgin, IL-IN-WI",2024-10-31,pm25
17,31,52,88101,1,41.965485,-87.749928,WGS84,PM2.5 - Local Conditions,24 HOUR,PM25 24-hour 2012,2023-06-02,Micrograms/cubic meter (LC),,1,100.0,13.4,13.4,0,59.0,545.0,Met One E-SEQ-FRM PM2.5 with VSCC - Gravimetric,MAYFAIR PUMP STATION,4850 WILSON AVE.,Illinois,Cook,Chicago,"Chicago-Naperville-Elgin, IL-IN-WI",2024-10-31,pm25
17,31,52,88101,1,41.965485,-87.749928,WGS84,PM2.5 - Local Conditions,24 HOUR,PM25 24-hour 2012,2023-06-05,Micrograms/cubic meter (LC),,1,100.0,15.8,15.8,0,63.0,545.0,Met One E-SEQ-FRM PM2.5 with VSCC - Gravimetric,MAYFAIR PUMP STATION,4850 WILSON AVE.,Illinois,Cook,Chicago,"Chicago-Naperville-Elgin, IL-IN-WI",2024-10-31,pm25
17,31,52,88101,1,41.965485,-87.749928,WGS84,PM2.5 - Local Conditions,24 HOUR,PM25 24-hour 2012,2023-06-08,Micrograms/cubic meter (LC),,1,100.0,16.7,16.7,0,65.0,545.0,Met One E-SEQ-FRM PM2.5 with VSCC - Gravimetric,MAYFAIR PUMP STATION,4850 WILSON AVE.,Illinois,Cook,Chicago,"Chicago-Naperville-Elgin, IL-IN-WI",2024-10-31,pm25
17,31,52,88101,1,41.965485,-87.749928,WGS84,PM2.5 - Local Conditions,24 HOUR,PM25 24-hour 2012,2023-06-11,Micrograms/cubic meter (LC),,1,100.0,4.0,4.0,0,22.0,545.0,Met One E-SEQ-FRM PM2.5 with VSCC - Gravimetric,MAYFAIR PUMP STATION,4850 WILSON AVE.,Illinois,Cook,Chicago,"Chicago-Naperville-Elgin, IL-IN-WI",2024-10-31,pm25
17,31,52,88101,1,41.965485,-87.749928,WGS84,PM2.5 - Local Conditions,24 HOUR,PM25 24-hour 2012,2023-06-14,Micrograms/cubic meter (LC),,1,100.0,11.2,11.2,0,55.0,545.0,Met One E-SEQ-FRM PM2.5 with VSCC - Gravimetric,MAYFAIR PUMP STATION,4850 WILSON AVE.,Illinois,Cook,Chicago,"Chicago-Naperville-Elgin, IL-IN-WI",2024-10-31,pm25
17,31,52,88101,1,41.965485,-87.749928,WGS84,PM2.5 - Local Conditions,24 HOUR,PM25 24-hour 2012,2023-06-17,Micrograms/cubic meter (LC),,1,100.0,22.0,22.0,0,75.0,545.0,Met One E-SEQ-FRM PM2.5 with VSCC - Gravimetric,MAYFAIR PUMP STATION,4850 WILSON AVE.,Illinois,Cook,Chicago,"Chicago-Naperville-Elgin, IL-IN-WI",2024-10-31,pm25
17,31,52,88101,1,41.965485,-87.749928,WGS84,PM2.5 - Local Conditions,24 HOUR,PM25 24-hour 2012,2023-06-20,Micrograms/cubic meter (LC),,1,100.0,17.9,17.9,0,67.0,545.0,Met One E-SEQ-FRM PM2.5 with VSCC - Gravimetric,MAYFAIR PUMP STATION,4850 WILSON AVE.,Illinois,Cook,Chicago,"Chicago-Naperville-Elgin, IL-IN-WI",2024-10-31,pm25
17,31,52,88101,1,41.965485,-87.749928,WGS84,PM2.5 - Local Conditions,24 HOUR,PM25 24-hour 2012,2023-06-23,Micrograms/cubic meter (LC),,1,100.0,23.8,23.8,0,78.0,545.0,Met One E-SEQ-FRM PM2.5 with VSCC - Gravimetric,MAYFAIR PUMP STATION,4850 WILSON AVE.,Illinois,Cook,Chicago,"Chicago-Naperville-Elgin, IL-IN-WI",2024-10-31,pm25
17,31,52,88101,1,41.965485,-87.749928,WGS84,PM2.5 - Local Conditions,24 HOUR,PM25 24-hour 2012,2023-06-26,Micrograms/cubic meter (LC),,1,100.0,29.0,29.0,0,88.0,545.0,Met One E-SEQ-FRM PM2.5 with VSCC - Gravimetric,MAYFAIR PUMP STATION,4850 WILSON AVE.,Illinois,Cook,Chicago,"Chicago-Naperville-Elgin, IL-IN-WI",2024-10-31,pm25
17,31,52,88101,1,41.965485,-87.749928,WGS84,PM2.5 - Local Conditions,24 HOUR,PM25 24-hour 2012,2023-07-02,Micrograms/cubic meter (LC),,1,100.0,12.3,12.3,0,57.0,545.0,Met One E-SEQ-FRM PM2.5 with VSCC - Gravimetric,MAYFAIR PUMP STATION,4850 WILSON AVE.,Illinois,Cook,Chicago,"Chicago-Naperville-Elgin, IL-IN-WI",2024-10-31,pm25
17,31,52,88101,1,41.965485,-87.749928,WGS84,PM2.5 - Local Conditions,24 HOUR,PM25 24-hour 2012,2023-07-05,Micrograms/cubic meter (LC),,1,100.0,15.3,15.3,0,63.0,545.0,Met One E-SEQ-FRM PM2.5 with VSCC - Gravimetric,MAYFAIR PUMP STATION,4850 WILSON AVE.,Illinois,Cook,Chicago,"Chicago-Naperville-Elgin, IL-IN-WI",2024-10-31,pm25
17,31,52,88101,1,41.965485,-87.749928,WGS84,PM2.5 - Local Conditions,24 HOUR,PM25 24-hour 2012,2023-07-08,Micrograms/cubic meter (LC),,1,100.0,7.1,7.1,0,39.0,545.0,Met One E-SEQ-FRM PM2.5 with VSCC - Gravimetric,MAYFAIR PUMP STATION,4850 WILSON AVE.,Illinois,Cook,Chicago,"Chicago-Naperville-Elgin, IL-IN-WI",2024-10-31,pm25
17,31,52,88101,1,41.965485,-87.749928,WGS84,PM2.5 - Local Conditions,24 HOUR,PM25 24-hour 2012,2023-07-11,Micrograms/cubic meter (LC),,1,100.0,7.3,7.3,0,41.0,545.0,Met One E-SEQ-FRM PM2.5 with VSCC - Gravimetric,MAYFAIR PUMP STATION,4850 WILSON AVE.,Illinois,Cook,Chicago,"Chicago-Naperville-Elgin, IL-IN-WI",2024-10-31,pm25
17,31,52,88101,1,41.965485,-87.749928,WGS84,PM2.5 - Local Conditions,24 HOUR,PM25 24-hour 2012,2023-07-14,Micrograms/cubic meter (LC),,1,100.0,5.8,5.8,0,32.0,545.0,Met One E-SEQ-FRM PM2.5 with VSCC - Gravimetric,MAYFAIR PUMP STATION,4850 WILSON AVE.,Illinois,Cook,Chicago,"Chicago-Naperville-Elgin, IL-IN-WI",2024-10-31,pm25
17,31,52,88101,1,41.965485,-87.749928,WGS84,PM2.5 - Local Conditions,24 HOUR,PM25 24-hour 2012,2023-07-17,Micrograms/cubic meter (LC),,1,100.0,15.3,15.3,0,63.0,545.0,Met One E-SEQ-FRM PM2.5 with VSCC - Gravimetric,MAYFAIR PUMP STATION,4850 WILSON AVE.,Illinois,Cook,Chicago,"Chicago-Naperville-Elgin, IL-IN-WI",2024-10-31,pm25
17,31,52,88101,1,41.965485,-87.749928,WGS84,PM2.5 - Local Conditions,24 HOUR,PM25 24-hour 2012,2023-07-20,Micrograms/cubic meter (LC),,1,100.0,9.3,9.3,0,51.0,545.0,Met One E-SEQ-FRM PM2.5 with VSCC - Gravimetric,MAYFAIR PUMP STATION,4850 WILSON AVE.,Illinois,Cook,Chicago,"Chicago-Naperville-Elgin, IL-IN-WI",2024-10-31,pm25
17,31,52,88101,1,41.965485,-87.749928,WGS84,PM2.5 - Local Conditions,24 HOUR,PM25 24-hour 2012,2023-07-23,Micrograms/cubic meter (LC),,1,100.0,10.6,10.6,0,54.0,545.0,Met One E-SEQ-FRM PM2.5 with VSCC - Gravimetric,MAYFAIR PUMP STATION,4850 WILSON AVE.,Illinois,Cook,Chicago,"Chicago-Naperville-Elgin, IL-IN-WI",2024-10-31,pm25
17,31,52,88101,1,41.965485,-87.749928,WGS84,PM2.5 - Local Conditions,24 HOUR,PM25 24-hour 2012,2023-07-26,Micrograms/cubic meter (LC),,1,100.0,19.0,19.0,0,69.0,545.0,Met One E-SEQ-FRM PM2.5 with VSCC - Gravimetric,MAYFAIR PUMP STATION,4850 WILSON AVE.,Illinois,Cook,Chicago,"Chicago-Naperville-Elgin, IL-IN-WI",2024-10-31,pm25
17,31,52,88101,1,41.965485,-87.749928,WGS84,PM2.5 - Local Conditions,24 HOUR,PM25 24-hour 2012,2023-07-29,Micrograms/cubic meter (LC),,1,100.0,5.6,5.6,0,31.0,545.0,Met One E-SEQ-FRM PM2.5 with VSCC - Gravimetric,MAYFAIR PUMP STATION,4850 WILSON AVE.,Illinois,Cook,Chicago,"Chicago-Naperville-Elgin, IL-IN-WI",2024-10-31,pm25
17,31,52,88101,1,41.965485,-87.749928,WGS84,PM2.5 - Local Conditions,24 HOUR,PM25 24-hour 2012,2023-08-01,Micrograms/cubic meter (LC),,1,100.0,10.2,10.2,0,53.0,545.0,Met One E-SEQ-FRM PM2.5 with VSCC - Gravimetric,MAYFAIR PUMP STATION,4850 WILSON AVE.,Illinois,Cook,Chicago,"Chicago-Naperville-Elgin, IL-IN-WI",2024-10-31,pm25
17,31,52,88101,1,41.965485,-87.749928,WGS84,PM2.5 - Local Conditions,24 HOUR,PM25 24-hour 2012,2023-08-04,Micrograms/cubic meter (LC),,1,100.0,7.7,7.7,0,43.0,545.0,Met One E-SEQ-FRM PM2.5 with VSCC - Gravimetric,MAYFAIR PUMP STATION,4850 WILSON AVE.,Illinois,Cook,Chicago,"Chicago-Naperville-Elgin, IL-IN-WI",2024-10-31,pm25
17,31,52,88101,1,41.965485,-87.749928,WGS84,PM2.5 - Local Conditions,24 HOUR,PM25 24-hour 2012,2023-08-07,Micrograms/cubic meter (LC),,1,100.0,14.2,14.2,0,61.0,545.0,Met One E-SEQ-FRM PM2.5 with VSCC - Gravimetric,MAYFAIR PUMP STATION,4850 WILSON AVE.,Illinois,Cook,Chicago,"Chicago-Naperville-Elgin, IL-IN-WI",2024-10-31,pm25
17,31,52,88101,1,41.965485,-87.749928,WGS84,PM2.5 - Local Conditions,24 HOUR,PM25 24-hour 2012,2023-08-10,Micrograms/cubic meter (LC),,1,100.0,15.1,15.1,0,62.0,545.0,Met One E-SEQ-FRM PM2.5 with VSCC - Gravimetric,MAYFAIR PUMP STATION,4850 WILSON AVE.,Illinois,Cook,Chicago,"Chicago-Naperville-Elgin, IL-IN-WI",2024-10-31,pm25
17,31,52,88101,1,41.965485,-87.749928,WGS84,PM2.5 - Local Conditions,24 HOUR,PM25 24-hour 2012,2023-08-13,Micrograms/cubic meter (LC),,1,100.0,4.3,4.3,0,24.0,545.0,Met One E-SEQ-FRM PM2.5 with VSCC - Gravimetric,MAYFAIR PUMP STATION,4850 WILSON AVE.,Illinois,Cook,Chicago,"Chicago-Naperville-Elgin, IL-IN-WI",2024-10-31,pm25
17,31,52,88101,1,41.965485,-87.749928,WGS84,PM2.5 - Local Conditions,24 HOUR,PM25 24-hour 2012,2023-08-16,Micrograms/cubic meter (LC),,1,100.0,9.9,9.9,0,52.0,545.0,Met One E-SEQ-FRM PM2.5 with VSCC - Gravimetric,MAYFAIR PUMP STATION,4850 WILSON AVE.,Illinois,Cook,Chicago,"Chicago-Naperville-Elgin, IL-IN-WI",2024-10-31,pm25
17,31,52,88101,1,41.965485,-87.749928,WGS84,PM2.5 - Local Conditions,24 HOUR,PM25 24-hour 2012,2023-08-19,Micrograms/cubic meter (LC),,1,100.0,15.1,15.1,0,62.0,545.0,Met One E-SEQ-FRM PM2.5 with VSCC - Gravimetric,MAYFAIR PUMP STATION,4850 WILSON AVE.,Illinois,Cook,Chicago,"Chicago-Naperville-Elgin, IL-IN-WI",2024-10-31,pm25
17,31,52,88101,1,41.965485,-87.749928,WGS84,PM2.5 - Local Conditions,24 HOUR,PM25 24-hour 2012,2023-08-22,Micrograms/cubic meter (LC),,1,100.0,17.9,17.9,0,67.0,545.0,Met One E-SEQ-FRM PM2.5 with VSCC - Gravimetric,MAYFAIR PUMP STATION,4850 WILSON AVE.,Illinois,Cook,Chicago,"Chicago-Naperville-Elgin, IL-IN-WI",2024-10-31,pm25
17,31,52,88101,1,41.965485,-87.749928,WGS84,PM2.5 - Local Conditions,24 HOUR,PM25 24-hour 2012,2023-08-25,Micrograms/cubic meter (LC),,1,100.0,4.2,4.2,0,23.0,545.0,Met One E-SEQ-FRM PM2.5 with VSCC - Gravimetric,MAYFAIR PUMP STATION,4850 WILSON AVE.,Illinois,Cook,Chicago,"Chicago-Naperville-Elgin, IL-IN-WI",2024-10-31,pm25
17,31,52,88101,1,41.965485,-87.749928,WGS84,PM2.5 - Local Conditions,24 HOUR,PM25 24-hour 2012,2023-08-28,Micrograms/cubic meter (LC),,1,100.0,13.0,13.0,0,58.0,545.0,Met One E-SEQ-FRM PM2.5 with VSCC - Gravimetric,MAYFAIR PUMP STATION,4850 WILSON AVE.,Illinois,Cook,Chicago,"Chicago-Naperville-Elgin, IL-IN-WI",2024-10-31,pm25
17,31,52,88101,1,41.965485,-87.749928,WGS84,PM2.5 - Local Conditions,24 HOUR,PM25 24-hour 2012,2023-08-31,Micrograms/cubic meter (LC),,1,100.0,6.2,6.2,0,34.0,545.0,Met One E-SEQ-FRM PM2.5 with VSCC - Gravimetric,MAYFAIR PUMP STATION,4850 WILSON AVE.,Illinois,Cook,Chicago,"Chicago-Naperville-Elgin, IL-IN-WI",2024-10-31,pm25
17,31,52,88101,1,41.965485,-87.749928,WGS84,PM2.5 - Local Conditions,24 HOUR,PM25 24-hour 2012,2023-09-03,Micrograms/cubic meter (LC),,1,100.0,11.6,11.6,0,56.0,545.0,Met One E-SEQ-FRM PM2.5 with VSCC - Gravimetric,MAYFAIR PUMP STATION,4850 WILSON AVE.,Illinois,Cook,Chicago,"Chicago-Naperville-Elgin, IL-IN-WI",2024-10-31,pm25
17,31,52,88101,1,41.965485,-87.749928,WGS84,PM2.5 - Local Conditions,24 HOUR,PM25 24-hour 2012,2023-09-06,Micrograms/cubic meter (LC),,1,100.0,10.6,10.6,0,54.0,545.0,Met One E-SEQ-FRM PM2.5 with VSCC - Gravimetric,MAYFAIR PUMP STATION,4850 WILSON AVE.,Illinois,Cook,Chicago,"Chicago-Naperville-Elgin, IL-IN-WI",2024-10-31,pm25
17,31,52,88101,1,41.965485,-87.749928,WGS84,PM2.5 - Local Conditions,24 HOUR,PM25 24-hour 2012,2023-09-09,Micrograms/cubic meter (LC),,1,100.0,10.1,10.1,0,53.0,545.0,Met One E-SEQ-FRM PM2.5 with VSCC - Gravimetric,MAYFAIR PUMP STATION,4850 WILSON AVE.,Illinois,Cook,Chicago,"Chicago-Naperville-Elgin, IL-IN-WI",2024-10-31,pm25
17,31,52,88101,1,41.965485,-87.749928,WGS84,PM2.5 - Local Conditions,24 HOUR,PM25 24-hour 2012,2023-09-12,Micrograms/cubic meter (LC),,1,100.0,6.1,6.1,0,34.0,545.0,Met One E-SEQ-FRM PM2.5 with VSCC - Gravimetric,MAYFAIR PUMP STATION,4850 WILSON AVE.,Illinois,Cook,Chicago,"Chicago-Naperville-Elgin, IL-IN-WI",2024-10-31,pm25
17,31,52,88101,1,41.965485,-87.749928,WGS84,PM2.5 - Local Conditions,24 HOUR,PM25 24-hour 2012,2023-09-15,Micrograms/cubic meter (LC),,1,100.0,13.3,13.3,0,59.0,545.0,Met One E-SEQ-FRM PM2.5 with VSCC - Gravimetric,MAYFAIR PUMP STATION,4850 WILSON AVE.,Illinois,Cook,Chicago,"Chicago-Naperville-Elgin, IL-IN-WI",2024-10-31,pm25
17,31,52,88101,1,41.965485,-87.749928,WGS84,PM2.5 - Local Conditions,24 HOUR,PM25 24-hour 2012,2023-09-18,Micrograms/cubic meter (LC),,1,100.0,5.2,5.2,0,29.0,545.0,Met One E-SEQ-FRM PM2.5 with VSCC - Gravimetric,MAYFAIR PUMP STATION,4850 WILSON AVE.,Illinois,Cook,Chicago,"Chicago-Naperville-Elgin, IL-IN-WI",2024-10-31,pm25
17,31,52,88101,1,41.965485,-87.749928,WGS84,PM2.5 - Local Conditions,24 HOUR,PM25 24-hour 2012,2023-09-21,Micrograms/cubic meter (LC),,1,100.0,15.6,15.6,0,63.0,545.0,Met One E-SEQ-FRM PM2.5 with VSCC - Gravimetric,MAYFAIR PUMP STATION,4850 WILSON AVE.,Illinois,Cook,Chicago,"Chicago-Naperville-Elgin, IL-IN-WI",2024-10-31,pm25
17,31,52,88101,1,41.965485,-87.749928,WGS84,PM2.5 - Local Conditions,24 HOUR,PM25 24-hour 2012,2023-09-24,Micrograms/cubic meter (LC),,1,100.0,10.0,10.0,0,53.0,545.0,Met One E-SEQ-FRM PM2.5 with VSCC - Gravimetric,MAYFAIR PUMP STATION,4850 WILSON AVE.,Illinois,Cook,Chicago,"Chicago-Naperville-Elgin, IL-IN-WI",2024-10-31,pm25
17,31,52,88101,1,41.965485,-87.749928,WGS84,PM2.5 - Local Conditions,24 HOUR,PM25 24-hour 2012,2023-09-27,Micrograms/cubic meter (LC),,1,100.0,9.0,9.0,0,50.0,545.0,Met One E-SEQ-FRM PM2.5 with VSCC - Gravimetric,MAYFAIR PUMP STATION,4850 WILSON AVE.,Illinois,Cook,Chicago,"Chicago-Naperville-Elgin, IL-IN-WI",2024-10-31,pm25
17,31,52,88101,1,41.965485,-87.749928,WGS84,PM2.5 - Local Conditions,24 HOUR,PM25 24-hour 2012,2023-09-30,Micrograms/cubic meter (LC),,1,100.0,11.3,11.3,0,55.0,545.0,Met One E-SEQ-FRM PM2.5 with VSCC - Gravimetric,MAYFAIR PUMP STATION,4850 WILSON AVE.,Illinois,Cook,Chicago,"Chicago-Naperville-Elgin, IL-IN-WI",2024-10-31,pm25
17,31,52,88101,1,41.965485,-87.749928,WGS84,PM2.5 - Local Conditions,24 HOUR,PM25 24-hour 2012,2023-10-03,Micrograms/cubic meter (LC),,1,100.0,13.1,13.1,0,58.0,545.0,Met One E-SEQ-FRM PM2.5 with VSCC - Gravimetric,MAYFAIR PUMP STATION,4850 WILSON AVE.,Illinois,Cook,Chicago,"Chicago-Naperville-Elgin, IL-IN-WI",2024-10-31,pm25
17,31,52,88101,1,41.965485,-87.749928,WGS84,PM2.5 - Local Conditions,24 HOUR,PM25 24-hour 2012,2023-10-06,Micrograms/cubic meter (LC),,1,100.0,4.5,4.5,0,25.0,545.0,Met One E-SEQ-FRM PM2.5 with VSCC - Gravimetric,MAYFAIR PUMP STATION,4850 WILSON AVE.,Illinois,Cook,Chicago,"Chicago-Naperville-Elgin, IL-IN-WI",2024-10-31,pm25
17,31,52,88101,1,41.965485,-87.749928,WGS84,PM2.5 - Local Conditions,24 HOUR,PM25 24-hour 2012,2023-10-09,Micrograms/cubic meter (LC),,1,100.0,4.0,4.0,0,22.0,545.0,Met One E-SEQ-FRM PM2.5 with VSCC - Gravimetric,MAYFAIR PUMP STATION,4850 WILSON AVE.,Illinois,Cook,Chicago,"Chicago-Naperville-Elgin, IL-IN-WI",2024-10-31,pm25
17,31,52,88101,1,41.965485,-87.749928,WGS84,PM2.5 - Local Conditions,24 HOUR,PM25 24-hour 2012,2023-10-12,Micrograms/cubic meter (LC),,1,100.0,8.3,8.3,0,46.0,545.0,Met One E-SEQ-FRM PM2.5 with VSCC - Gravimetric,MAYFAIR PUMP STATION,4850 WILSON AVE.,Illinois,Cook,Chicago,"Chicago-Naperville-Elgin, IL-IN-WI",2024-10-31,pm25
17,31,52,88101,1,41.965485,-87.749928,WGS84,PM2.5 - Local Conditions,24 HOUR,PM25 24-hour 2012,2023-10-15,Micrograms/cubic meter (LC),,1,100.0,1.8,1.8,0,10.0,545.0,Met One E-SEQ-FRM PM2.5 with VSCC - Gravimetric,MAYFAIR PUMP STATION,4850 WILSON AVE.,Illinois,Cook,Chicago,"Chicago-Naperville-Elgin, IL-IN-WI",2024-10-31,pm25
17,31,52,88101,1,41.965485,-87.749928,WGS84,PM2.5 - Local Conditions,24 HOUR,PM25 24-hour 2012,2023-10-18,Micrograms/cubic meter (LC),,1,100.0,8.0,8.0,0,44.0,545.0,Met One E-SEQ-FRM PM2.5 with VSCC - Gravimetric,MAYFAIR PUMP STATION,4850 WILSON AVE.,Illinois,Cook,Chicago,"Chicago-Naperville-Elgin, IL-IN-WI",2024-10-31,pm25
17,31,52,88101,1,41.965485,-87.749928,WGS84,PM2.5 - Local Conditions,24 HOUR,PM25 24-hour 2012,2023-10-21,Micrograms/cubic meter (LC),,1,100.0,7.5,7.5,0,42.0,545.0,Met One E-SEQ-FRM PM2.5 with VSCC - Gravimetric,MAYFAIR PUMP STATION,4850 WILSON AVE.,Illinois,Cook,Chicago,"Chicago-Naperville-Elgin, IL-IN-WI",2024-10-31,pm25
17,31,52,88101,1,41.965485,-87.749928,WGS84,PM2.5 - Local Conditions,24 HOUR,PM25 24-hour 2012,2023-10-24,Micrograms/cubic meter (LC),,1,100.0,10.5,10.5,0,54.0,545.0,Met One E-SEQ-FRM PM2.5 with VSCC - Gravimetric,MAYFAIR PUMP STATION,4850 WILSON AVE.,Illinois,Cook,Chicago,"Chicago-Naperville-Elgin, IL-IN-WI",2024-10-31,pm25
17,31,52,88101,1,41.965485,-87.749928,WGS84,PM2.5 - Local Conditions,24 HOUR,PM25 24-hour 2012,2023-10-27,Micrograms/cubic meter (LC),,1,100.0,9.8,9.8,0,52.0,545.0,Met One E-SEQ-FRM PM2.5 with VSCC - Gravimetric,MAYFAIR PUMP STATION,4850 WILSON AVE.,Illinois,Cook,Chicago,"Chicago-Naperville-Elgin, IL-IN-WI",2024-10-31,pm25
17,31,52,88101,1,41.965485,-87.749928,WGS84,PM2.5 - Local Conditions,24 HOUR,PM25 24-hour 2012,2023-10-30,Micrograms/cubic meter (LC),,1,100.0,5.7,5.7,0,32.0,545.0,Met One E-SEQ-FRM PM2.5 with VSCC - Gravimetric,MAYFAIR PUMP STATION,4850 WILSON AVE.,Illinois,Cook,Chicago,"Chicago-Naperville-Elgin, IL-IN-WI",2024-10-31,pm25
17,31,52,88101,1,41.965485,-87.749928,WGS84,PM2.5 - Local Conditions,24 HOUR,PM25 24-hour 2012,2023-11-02,Micrograms/cubic meter (LC),,1,100.0,9.1,9.1,0,51.0,545.0,Met One E-SEQ-FRM PM2.5 with VSCC - Gravimetric,MAYFAIR PUMP STATION,4850 WILSON AVE.,Illinois,Cook,Chicago,"Chicago-Naperville-Elgin, IL-IN-WI",2024-10-31,pm25
17,31,52,88101,1,41.965485,-87.749928,WGS84,PM2.5 - Local Conditions,24 HOUR,PM25 24-hour 2012,2023-11-05,Micrograms/cubic meter (LC),,1,100.0,20.0,20.0,0,71.0,545.0,Met One E-SEQ-FRM PM2.5 with VSCC - Gravimetric,MAYFAIR PUMP STATION,4850 WILSON AVE.,Illinois,Cook,Chicago,"Chicago-Naperville-Elgin, IL-IN-WI",2024-10-31,pm25
17,31,52,88101,1,41.965485,-87.749928,WGS84,PM2.5 - Local Conditions,24 HOUR,PM25 24-hour 2012,2023-11-08,Micrograms/cubic meter (LC),,1,100.0,8.7,8.7,0,48.0,545.0,Met One E-SEQ-FRM PM2.5 with VSCC - Gravimetric,MAYFAIR PUMP STATION,4850 WILSON AVE.,Illinois,Cook,Chicago,"Chicago-Naperville-Elgin, IL-IN-WI",2024-10-31,pm25
17,31,52,88101,1,41.965485,-87.749928,WGS84,PM2.5 - Local Conditions,24 HOUR,PM25 24-hour 2012,2023-11-14,Micrograms/cubic meter (LC),,1,100.0,13.8,13.8,0,60.0,545.0,Met One E-SEQ-FRM PM2.5 with VSCC - Gravimetric,MAYFAIR PUMP STATION,4850 WILSON AVE.,Illinois,Cook,Chicago,"Chicago-Naperville-Elgin, IL-IN-WI",2024-10-31,pm25
17,31,52,88101,1,41.965485,-87.749928,WGS84,PM2.5 - Local Conditions,24 HOUR,PM25 24-hour 2012,2023-11-15,Micrograms/cubic meter (LC),,1,100.0,16.0,16.0,0,64.0,545.0,Met One E-SEQ-FRM PM2.5 with VSCC - Gravimetric,MAYFAIR PUMP STATION,4850 WILSON AVE.,Illinois,Cook,Chicago,"Chicago-Naperville-Elgin, IL-IN-WI",2024-10-31,pm25
17,31,52,88101,1,41.965485,-87.749928,WGS84,PM2.5 - Local Conditions,24 HOUR,PM25 24-hour 2012,2023-11-17,Micrograms/cubic meter (LC),,1,100.0,4.8,4.8,0,27.0,545.0,Met One E-SEQ-FRM PM2.5 with VSCC - Gravimetric,MAYFAIR PUMP STATION,4850 WILSON AVE.,Illinois,Cook,Chicago,"Chicago-Naperville-Elgin, IL-IN-WI",2024-10-31,pm25
17,31,52,88101,1,41.965485,-87.749928,WGS84,PM2.5 - Local Conditions,24 HOUR,PM25 24-hour 2012,2023-11-20,Micrograms/cubic meter (LC),,1,100.0,4.7,4.7,0,26.0,545.0,Met One E-SEQ-FRM PM2.5 with VSCC - Gravimetric,MAYFAIR PUMP STATION,4850 WILSON AVE.,Illinois,Cook,Chicago,"Chicago-Naperville-Elgin, IL-IN-WI",2024-10-31,pm25
17,31,52,88101,1,41.965485,-87.749928,WGS84,PM2.5 - Local Conditions,24 HOUR,PM25 24-hour 2012,2023-11-23,Micrograms/cubic meter (LC),,1,100.0,6.0,6.0,0,33.0,545.0,Met One E-SEQ-FRM PM2.5 with VSCC - Gravimetric,MAYFAIR PUMP STATION,4850 WILSON AVE.,Illinois,Cook,Chicago,"Chicago-Naperville-Elgin, IL-IN-WI",2024-10-31,pm25
17,31,52,88101,1,41.965485,-87.749928,WGS84,PM2.5 - Local Conditions,24 HOUR,PM25 24-hour 2012,2023-11-26,Micrograms/cubic meter (LC),,1,100.0,12.3,12.3,0,57.0,545.0,Met One E-SEQ-FRM PM2.5 with VSCC - Gravimetric,MAYFAIR PUMP STATION,4850 WILSON AVE.,Illinois,Cook,Chicago,"Chicago-Naperville-Elgin, IL-IN-WI",2024-10-31,pm25
17,31,52,88101,1,41.965485,-87.749928,WGS84,PM2.5 - Local Conditions,24 HOUR,PM25 24-hour 2012,2023-11-29,Micrograms/cubic meter (LC),,1,100.0,11.8,11.8,0,56.0,545.0,Met One E-SEQ-FRM PM2.5 with VSCC - Gravimetric,MAYFAIR PUMP STATION,4850 WILSON AVE.,Illinois,Cook,Chicago,"Chicago-Naperville-Elgin, IL-IN-WI",2024-10-31,pm25
17,31,52,88101,1,41.965485,-87.749928,WGS84,PM2.5 - Local Conditions,24 HOUR,PM25 24-hour 2012,2023-12-02,Micrograms/cubic meter (LC),,1,100.0,3.1,3.1,0,17.0,545.0,Met One E-SEQ-FRM PM2.5 with VSCC - Gravimetric,MAYFAIR PUMP STATION,4850 WILSON AVE.,Illinois,Cook,Chicago,"Chicago-Naperville-Elgin, IL-IN-WI",2024-10-31,pm25
17,31,52,88101,1,41.965485,-87.749928,WGS84,PM2.5 - Local Conditions,24 HOUR,PM25 24-hour 2012,2023-12-05,Micrograms/cubic meter (LC),,1,100.0,7.5,7.5,0,42.0,545.0,Met One E-SEQ-FRM PM2.5 with VSCC - Gravimetric,MAYFAIR PUMP STATION,4850 WILSON AVE.,Illinois,Cook,Chicago,"Chicago-Naperville-Elgin, IL-IN-WI",2024-10-31,pm25
17,31,52,88101,1,41.965485,-87.749928,WGS84,PM2.5 - Local Conditions,24 HOUR,PM25 24-hour 2012,2023-12-08,Micrograms/cubic meter (LC),,1,100.0,7.4,7.4,0,41.0,545.0,Met One E-SEQ-FRM PM2.5 with VSCC - Gravimetric,MAYFAIR PUMP STATION,4850 WILSON AVE.,Illinois,Cook,Chicago,"Chicago-Naperville-Elgin, IL-IN-WI",2024-10-31,pm25
17,31,52,88101,1,41.965485,-87.749928,WGS84,PM2.5 - Local Conditions,24 HOUR,PM25 24-hour 2012,2023-12-11,Micrograms/cubic meter (LC),,1,100.0,9.8,9.8,0,52.0,545.0,Met One E-SEQ-FRM PM2.5 with VSCC - Gravimetric,MAYFAIR PUMP STATION,4850 WILSON AVE.,Illinois,Cook,Chicago,"Chicago-Naperville-Elgin, IL-IN-WI",2024-10-31,pm25
17,31,52,88101,1,41.965485,-87.749928,WGS84,PM2.5 - Local Conditions,24 HOUR,PM25 24-hour 2012,2023-12-14,Micrograms/cubic meter (LC),,1,100.0,12.4,12.4,0,57.0,545.0,Met One E-SEQ-FRM PM2.5 with VSCC - Gravimetric,MAYFAIR PUMP STATION,4850 WILSON AVE.,Illinois,Cook,Chicago,"Chicago-Naperville-Elgin, IL-IN-WI",2024-10-31,pm25
17,31,52,88101,1,41.965485,-87.749928,WGS84,PM2.5 - Local Conditions,24 HOUR,PM25 24-hour 2012,2023-12-19,Micrograms/cubic meter (LC),,1,100.0,6.0,6.0,0,33.0,545.0,Met One E-SEQ-FRM PM2.5 with VSCC - Gravimetric,MAYFAIR PUMP STATION,4850 WILSON AVE.,Illinois,Cook,Chicago,"Chicago-Naperville-Elgin, IL-IN-WI",2024-10-31,pm25
17,31,52,88101,1,41.965485,-87.749928,WGS84,PM2.5 - Local Conditions,24 HOUR,PM25 24-hour 2012,2023-12-20,Micrograms/cubic meter (LC),,1,100.0,10.4,10.4,0,53.0,545.0,Met One E-SEQ-FRM PM2.5 with VSCC - Gravimetric,MAYFAIR PUMP STATION,4850 WILSON AVE.,Illinois,Cook,Chicago,"Chicago-Naperville-Elgin, IL-IN-WI",2024-10-31,pm25
17,31,52,88101,1,41.965485,-87.749928,WGS84,PM2.5 - Local Conditions,24 HOUR,PM25 24-hour 2012,2023-12-23,Micrograms/cubic meter (LC),,1,100.0,18.1,18.1,0,68.0,545.0,Met One E-SEQ-FRM PM2.5 with VSCC - Gravimetric,MAYFAIR PUMP STATION,4850 WILSON AVE.,Illinois,Cook,Chicago,"Chicago-Naperville-Elgin, IL-IN-WI",2024-10-31,pm25
17,31,52,88101,1,41.965485,-87.749928,WGS84,PM2.5 - Local Conditions,24 HOUR,PM25 24-hour 2012,2023-12-26,Micrograms/cubic meter (LC),,1,100.0,3.9,3.9,0,22.0,545.0,Met One E-SEQ-FRM PM2.5 with VSCC - Gravimetric,MAYFAIR PUMP STATION,4850 WILSON AVE.,Illinois,Cook,Chicago,"Chicago-Naperville-Elgin, IL-IN-WI",2024-10-31,pm25
17,31,57,88101,1,41.912739,-87.722673,NAD83,PM2.5 - Local Conditions,24 HOUR,PM25 24-hour 2012,2023-01-06,Micrograms/cubic meter (LC),,1,100.0,8.6,8.6,0,48.0,545.0,Met One E-SEQ-FRM PM2.5 with VSCC - Gravimetric,SPRINGFIELD PUMP STATION,1745 N. SPRINGFIELD,Illinois,Cook,Chicago,"Chicago-Naperville-Elgin, IL-IN-WI",2024-08-08,pm25
17,31,57,88101,1,41.912739,-87.722673,NAD83,PM2.5 - Local Conditions,24 HOUR,PM25 24-hour 2012,2023-01-12,Micrograms/cubic meter (LC),,1,100.0,11.3,11.3,0,55.0,545.0,Met One E-SEQ-FRM PM2.5 with VSCC - Gravimetric,SPRINGFIELD PUMP STATION,1745 N. SPRINGFIELD,Illinois,Cook,Chicago,"Chicago-Naperville-Elgin, IL-IN-WI",2024-08-08,pm25
17,31,57,88101,1,41.912739,-87.722673,NAD83,PM2.5 - Local Conditions,24 HOUR,PM25 24-hour 2012,2023-01-18,Micrograms/cubic meter (LC),,1,100.0,5.7,5.7,0,32.0,545.0,Met One E-SEQ-FRM PM2.5 with VSCC - Gravimetric,SPRINGFIELD PUMP STATION,1745 N. SPRINGFIELD,Illinois,Cook,Chicago,"Chicago-Naperville-Elgin, IL-IN-WI",2024-08-08,pm25
17,31,57,88101,1,41.912739,-87.722673,NAD83,PM2.5 - Local Conditions,24 HOUR,PM25 24-hour 2012,2023-01-24,Micrograms/cubic meter (LC),,1,100.0,16.0,16.0,0,64.0,545.0,Met One E-SEQ-FRM PM2.5 with VSCC - Gravimetric,SPRINGFIELD PUMP STATION,1745 N. SPRINGFIELD,Illinois,Cook,Chicago,"Chicago-Naperville-Elgin, IL-IN-WI",2024-08-08,pm25
17,31,57,88101,1,41.912739,-87.722673,NAD83,PM2.5 - Local Conditions,24 HOUR,PM25 24-hour 2012,2023-01-30,Micrograms/cubic meter (LC),,1,100.0,5.1,5.1,0,28.0,545.0,Met One E-SEQ-FRM PM2.5 with VSCC - Gravimetric,SPRINGFIELD PUMP STATION,1745 N. SPRINGFIELD,Illinois,Cook,Chicago,"Chicago-Naperville-Elgin, IL-IN-WI",2024-08-08,pm25
17,31,57,88101,1,41.912739,-87.722673,NAD83,PM2.5 - Local Conditions,24 HOUR,PM25 24-hour 2012,2023-02-05,Micrograms/cubic meter (LC),,1,100.0,10.8,10.8,0,54.0,545.0,Met One E-SEQ-FRM PM2.5 with VSCC - Gravimetric,SPRINGFIELD PUMP STATION,1745 N. SPRINGFIELD,Illinois,Cook,Chicago,"Chicago-Naperville-Elgin, IL-IN-WI",2024-08-08,pm25
17,31,57,88101,1,41.912739,-87.722673,NAD83,PM2.5 - Local Conditions,24 HOUR,PM25 24-hour 2012,2023-02-11,Micrograms/cubic meter (LC),,1,100.0,5.9,5.9,0,33.0,545.0,Met One E-SEQ-FRM PM2.5 with VSCC - Gravimetric,SPRINGFIELD PUMP STATION,1745 N. SPRINGFIELD,Illinois,Cook,Chicago,"Chicago-Naperville-Elgin, IL-IN-WI",2024-08-08,pm25
17,31,57,88101,1,41.912739,-87.722673,NAD83,PM2.5 - Local Conditions,24 HOUR,PM25 24-hour 2012,2023-02-17,Micrograms/cubic meter (LC),,1,100.0,3.3,3.3,0,18.0,545.0,Met One E-SEQ-FRM PM2.5 with VSCC - Gravimetric,SPRINGFIELD PUMP STATION,1745 N. SPRINGFIELD,Illinois,Cook,Chicago,"Chicago-Naperville-Elgin, IL-IN-WI",2024-08-08,pm25
17,31,57,88101,1,41.912739,-87.722673,NAD83,PM2.5 - Local Conditions,24 HOUR,PM25 24-hour 2012,2023-02-23,Micrograms/cubic meter (LC),,1,100.0,5.4,5.4,0,30.0,545.0,Met One E-SEQ-FRM PM2.5 with VSCC - Gravimetric,SPRINGFIELD PUMP STATION,1745 N. SPRINGFIELD,Illinois,Cook,Chicago,"Chicago-Naperville-Elgin, IL-IN-WI",2024-08-08,pm25
17,31,57,88101,1,41.912739,-87.722673,NAD83,PM2.5 - Local Conditions,24 HOUR,PM25 24-hour 2012,2023-03-01,Micrograms/cubic meter (LC),,1,100.0,8.5,8.5,0,47.0,545.0,Met One E-SEQ-FRM PM2.5 with VSCC - Gravimetric,SPRINGFIELD PUMP STATION,1745 N. SPRINGFIELD,Illinois,Cook,Chicago,"Chicago-Naperville-Elgin, IL-IN-WI",2024-08-08,pm25
17,31,57,88101,1,41.912739,-87.722673,NAD83,PM2.5 - Local Conditions,24 HOUR,PM25 24-hour 2012,2023-03-07,Micrograms/cubic meter (LC),,1,100.0,2.9,2.9,0,16.0,545.0,Met One E-SEQ-FRM PM2.5 with VSCC - Gravimetric,SPRINGFIELD PUMP STATION,1745 N. SPRINGFIELD,Illinois,Cook,Chicago,"Chicago-Naperville-Elgin, IL-IN-WI",2024-08-08,pm25
17,31,57,88101,1,41.912739,-87.722673,NAD83,PM2.5 - Local Conditions,24 HOUR,PM25 24-hour 2012,2023-03-13,Micrograms/cubic meter (LC),,1,100.0,4.1,4.1,0,23.0,545.0,Met One E-SEQ-FRM PM2.5 with VSCC - Gravimetric,SPRINGFIELD PUMP STATION,1745 N. SPRINGFIELD,Illinois,Cook,Chicago,"Chicago-Naperville-Elgin, IL-IN-WI",2024-08-08,pm25
17,31,57,88101,1,41.912739,-87.722673,NAD83,PM2.5 - Local Conditions,24 HOUR,PM25 24-hour 2012,2023-03-19,Micrograms/cubic meter (LC),,1,100.0,5.2,5.2,0,29.0,545.0,Met One E-SEQ-FRM PM2.5 with VSCC - Gravimetric,SPRINGFIELD PUMP STATION,1745 N. SPRINGFIELD,Illinois,Cook,Chicago,"Chicago-Naperville-Elgin, IL-IN-WI",2024-08-08,pm25
17,31,57,88101,1,41.912739,-87.722673,NAD83,PM2.5 - Local Conditions,24 HOUR,PM25 24-hour 2012,2023-03-25,Micrograms/cubic meter (LC),,1,100.0,4.3,4.3,0,24.0,545.0,Met One E-SEQ-FRM PM2.5 with VSCC - Gravimetric,SPRINGFIELD PUMP STATION,1745 N. SPRINGFIELD,Illinois,Cook,Chicago,"Chicago-Naperville-Elgin, IL-IN-WI",2024-08-08,pm25
17,31,57,88101,1,41.912739,-87.722673,NAD83,PM2.5 - Local Conditions,24 HOUR,PM25 24-hour 2012,2023-03-31,Micrograms/cubic meter (LC),,1,100.0,11.0,11.0,0,55.0,545.0,Met One E-SEQ-FRM PM2.5 with VSCC - Gravimetric,SPRINGFIELD PUMP STATION,1745 N. SPRINGFIELD,Illinois,Cook,Chicago,"Chicago-Naperville-Elgin, IL-IN-WI",2024-08-08,pm25
17,31,57,88101,1,41.912739,-87.722673,NAD83,PM2.5 - Local Conditions,24 HOUR,PM25 24-hour 2012,2023-04-06,Micrograms/cubic meter (LC),,1,100.0,4.2,4.2,0,23.0,545.0,Met One E-SEQ-FRM PM2.5 with VSCC - Gravimetric,SPRINGFIELD PUMP STATION,1745 N. SPRINGFIELD,Illinois,Cook,Chicago,"Chicago-Naperville-Elgin, IL-IN-WI",2024-08-08,pm25
17,31,57,88101,1,41.912739,-87.722673,NAD83,PM2.5 - Local Conditions,24 HOUR,PM25 24-hour 2012,2023-04-12,Micrograms/cubic meter (LC),,1,100.0,12.5,12.5,0,57.0,545.0,Met One E-SEQ-FRM PM2.5 with VSCC - Gravimetric,SPRINGFIELD PUMP STATION,1745 N. SPRINGFIELD,Illinois,Cook,Chicago,"Chicago-Naperville-Elgin, IL-IN-WI",2024-08-08,pm25
17,31,57,88101,1,41.912739,-87.722673,NAD83,PM2.5 - Local Conditions,24 HOUR,PM25 24-hour 2012,2023-04-18,Micrograms/cubic meter (LC),,1,100.0,5.8,5.8,0,32.0,545.0,Met One E-SEQ-FRM PM2.5 with VSCC - Gravimetric,SPRINGFIELD PUMP STATION,1745 N. SPRINGFIELD,Illinois,Cook,Chicago,"Chicago-Naperville-Elgin, IL-IN-WI",2024-08-08,pm25
17,31,57,88101,1,41.912739,-87.722673,NAD83,PM2.5 - Local Conditions,24 HOUR,PM25 24-hour 2012,2023-04-24,Micrograms/cubic meter (LC),,1,100.0,7.0,7.0,0,39.0,545.0,Met One E-SEQ-FRM PM2.5 with VSCC - Gravimetric,SPRINGFIELD PUMP STATION,1745 N. SPRINGFIELD,Illinois,Cook,Chicago,"Chicago-Naperville-Elgin, IL-IN-WI",2024-08-08,pm25
17,31,57,88101,1,41.912739,-87.722673,NAD83,PM2.5 - Local Conditions,24 HOUR,PM25 24-hour 2012,2023-04-30,Micrograms/cubic meter (LC),,1,100.0,1.7,1.7,0,9.0,545.0,Met One E-SEQ-FRM PM2.5 with VSCC - Gravimetric,SPRINGFIELD PUMP STATION,1745 N. SPRINGFIELD,Illinois,Cook,Chicago,"Chicago-Naperville-Elgin, IL-IN-WI",2024-08-08,pm25
17,31,57,88101,1,41.912739,-87.722673,NAD83,PM2.5 - Local Conditions,24 HOUR,PM25 24-hour 2012,2023-05-06,Micrograms/cubic meter (LC),,1,100.0,9.8,9.8,0,52.0,545.0,Met One E-SEQ-FRM PM2.5 with VSCC - Gravimetric,SPRINGFIELD PUMP STATION,1745 N. SPRINGFIELD,Illinois,Cook,Chicago,"Chicago-Naperville-Elgin, IL-IN-WI",2024-08-08,pm25
17,31,57,88101,1,41.912739,-87.722673,NAD83,PM2.5 - Local Conditions,24 HOUR,PM25 24-hour 2012,2023-05-12,Micrograms/cubic meter (LC),,1,100.0,19.4,19.4,0,70.0,545.0,Met One E-SEQ-FRM PM2.5 with VSCC - Gravimetric,SPRINGFIELD PUMP STATION,1745 N. SPRINGFIELD,Illinois,Cook,Chicago,"Chicago-Naperville-Elgin, IL-IN-WI",2024-08-08,pm25
17,31,57,88101,1,41.912739,-87.722673,NAD83,PM2.5 - Local Conditions,24 HOUR,PM25 24-hour 2012,2023-05-18,Micrograms/cubic meter (LC),,1,100.0,7.7,7.7,0,43.0,545.0,Met One E-SEQ-FRM PM2.5 with VSCC - Gravimetric,SPRINGFIELD PUMP STATION,1745 N. SPRINGFIELD,Illinois,Cook,Chicago,"Chicago-Naperville-Elgin, IL-IN-WI",2024-08-08,pm25
17,31,57,88101,1,41.912739,-87.722673,NAD83,PM2.5 - Local Conditions,24 HOUR,PM25 24-hour 2012,2023-05-24,Micrograms/cubic meter (LC),,1,100.0,9.8,9.8,0,52.0,545.0,Met One E-SEQ-FRM PM2.5 with VSCC - Gravimetric,SPRINGFIELD PUMP STATION,1745 N. SPRINGFIELD,Illinois,Cook,Chicago,"Chicago-Naperville-Elgin, IL-IN-WI",2024-08-08,pm25
17,31,57,88101,1,41.912739,-87.722673,NAD83,PM2.5 - Local Conditions,24 HOUR,PM25 24-hour 2012,2023-05-30,Micrograms/cubic meter (LC),,1,100.0,13.4,13.4,0,59.0,545.0,Met One E-SEQ-FRM PM2.5 with VSCC - Gravimetric,SPRINGFIELD PUMP STATION,1745 N. SPRINGFIELD,Illinois,Cook,Chicago,"Chicago-Naperville-Elgin, IL-IN-WI",2024-08-08,pm25
17,31,57,88101,1,41.912739,-87.722673,NAD83,PM2.5 - Local Conditions,24 HOUR,PM25 24-hour 2012,2023-06-05,Micrograms/cubic meter (LC),,1,100.0,17.4,17.4,0,66.0,545.0,Met One E-SEQ-FRM PM2.5 with VSCC - Gravimetric,SPRINGFIELD PUMP STATION,1745 N. SPRINGFIELD,Illinois,Cook,Chicago,"Chicago-Naperville-Elgin, IL-IN-WI",2024-08-08,pm25
17,31,57,88101,1,41.912739,-87.722673,NAD83,PM2.5 - Local Conditions,24 HOUR,PM25 24-hour 2012,2023-06-11,Micrograms/cubic meter (LC),,1,100.0,4.6,4.6,0,26.0,545.0,Met One E-SEQ-FRM PM2.5 with VSCC - Gravimetric,SPRINGFIELD PUMP STATION,1745 N. SPRINGFIELD,Illinois,Cook,Chicago,"Chicago-Naperville-Elgin, IL-IN-WI",2024-08-08,pm25
17,31,57,88101,1,41.912739,-87.722673,NAD83,PM2.5 - Local Conditions,24 HOUR,PM25 24-hour 2012,2023-06-17,Micrograms/cubic meter (LC),,1,100.0,24.9,24.9,0,80.0,545.0,Met One E-SEQ-FRM PM2.5 with VSCC - Gravimetric,SPRINGFIELD PUMP STATION,1745 N. SPRINGFIELD,Illinois,Cook,Chicago,"Chicago-Naperville-Elgin, IL-IN-WI",2024-08-08,pm25
17,31,57,88101,1,41.912739,-87.722673,NAD83,PM2.5 - Local Conditions,24 HOUR,PM25 24-hour 2012,2023-06-23,Micrograms/cubic meter (LC),,1,100.0,22.9,22.9,0,77.0,545.0,Met One E-SEQ-FRM PM2.5 with VSCC - Gravimetric,SPRINGFIELD PUMP STATION,1745 N. SPRINGFIELD,Illinois,Cook,Chicago,"Chicago-Naperville-Elgin, IL-IN-WI",2024-08-08,pm25
17,31,57,88101,1,41.912739,-87.722673,NAD83,PM2.5 - Local Conditions,24 HOUR,PM25 24-hour 2012,2023-06-29,Micrograms/cubic meter (LC),,1,100.0,54.3,54.3,0,147.0,545.0,Met One E-SEQ-FRM PM2.5 with VSCC - Gravimetric,SPRINGFIELD PUMP STATION,1745 N. SPRINGFIELD,Illinois,Cook,Chicago,"Chicago-Naperville-Elgin, IL-IN-WI",2024-08-08,pm25
17,31,57,88101,1,41.912739,-87.722673,NAD83,PM2.5 - Local Conditions,24 HOUR,PM25 24-hour 2012,2023-07-05,Micrograms/cubic meter (LC),,1,100.0,16.1,16.1,0,64.0,545.0,Met One E-SEQ-FRM PM2.5 with VSCC - Gravimetric,SPRINGFIELD PUMP STATION,1745 N. SPRINGFIELD,Illinois,Cook,Chicago,"Chicago-Naperville-Elgin, IL-IN-WI",2024-08-08,pm25
17,31,57,88101,1,41.912739,-87.722673,NAD83,PM2.5 - Local Conditions,24 HOUR,PM25 24-hour 2012,2023-07-11,Micrograms/cubic meter (LC),,1,100.0,7.5,7.5,0,42.0,545.0,Met One E-SEQ-FRM PM2.5 with VSCC - Gravimetric,SPRINGFIELD PUMP STATION,1745 N. SPRINGFIELD,Illinois,Cook,Chicago,"Chicago-Naperville-Elgin, IL-IN-WI",2024-08-08,pm25
17,31,57,88101,1,41.912739,-87.722673,NAD83,PM2.5 - Local Conditions,24 HOUR,PM25 24-hour 2012,2023-07-17,Micrograms/cubic meter (LC),,1,100.0,15.3,15.3,0,63.0,545.0,Met One E-SEQ-FRM PM2.5 with VSCC - Gravimetric,SPRINGFIELD PUMP STATION,1745 N. SPRINGFIELD,Illinois,Cook,Chicago,"Chicago-Naperville-Elgin, IL-IN-WI",2024-08-08,pm25
17,31,57,88101,1,41.912739,-87.722673,NAD83,PM2.5 - Local Conditions,24 HOUR,PM25 24-hour 2012,2023-07-23,Micrograms/cubic meter (LC),,1,100.0,11.2,11.2,0,55.0,545.0,Met One E-SEQ-FRM PM2.5 with VSCC - Gravimetric,SPRINGFIELD PUMP STATION,1745 N. SPRINGFIELD,Illinois,Cook,Chicago,"Chicago-Naperville-Elgin, IL-IN-WI",2024-08-08,pm25
17,31,57,88101,1,41.912739,-87.722673,NAD83,PM2.5 - Local Conditions,24 HOUR,PM25 24-hour 2012,2023-07-29,Micrograms/cubic meter (LC),,1,100.0,5.6,5.6,0,31.0,545.0,Met One E-SEQ-FRM PM2.5 with VSCC - Gravimetric,SPRINGFIELD PUMP STATION,1745 N. SPRINGFIELD,Illinois,Cook,Chicago,"Chicago-Naperville-Elgin, IL-IN-WI",2024-08-08,pm25
17,31,57,88101,1,41.912739,-87.722673,NAD83,PM2.5 - Local Conditions,24 HOUR,PM25 24-hour 2012,2023-08-04,Micrograms/cubic meter (LC),,1,100.0,14.2,14.2,0,61.0,545.0,Met One E-SEQ-FRM PM2.5 with VSCC - Gravimetric,SPRINGFIELD PUMP STATION,1745 N. SPRINGFIELD,Illinois,Cook,Chicago,"Chicago-Naperville-Elgin, IL-IN-WI",2024-08-08,pm25
17,31,57,88101,1,41.912739,-87.722673,NAD83,PM2.5 - Local Conditions,24 HOUR,PM25 24-hour 2012,2023-08-10,Micrograms/cubic meter (LC),,1,100.0,15.1,15.1,0,62.0,545.0,Met One E-SEQ-FRM PM2.5 with VSCC - Gravimetric,SPRINGFIELD PUMP STATION,1745 N. SPRINGFIELD,Illinois,Cook,Chicago,"Chicago-Naperville-Elgin, IL-IN-WI",2024-08-08,pm25
17,31,57,88101,1,41.912739,-87.722673,NAD83,PM2.5 - Local Conditions,24 HOUR,PM25 24-hour 2012,2023-08-16,Micrograms/cubic meter (LC),,1,100.0,10.1,10.1,0,53.0,545.0,Met One E-SEQ-FRM PM2.5 with VSCC - Gravimetric,SPRINGFIELD PUMP STATION,1745 N. SPRINGFIELD,Illinois,Cook,Chicago,"Chicago-Naperville-Elgin, IL-IN-WI",2024-08-08,pm25
17,31,57,88101,1,41.912739,-87.722673,NAD83,PM2.5 - Local Conditions,24 HOUR,PM25 24-hour 2012,2023-08-22,Micrograms/cubic meter (LC),,1,100.0,18.5,18.5,0,69.0,545.0,Met One E-SEQ-FRM PM2.5 with VSCC - Gravimetric,SPRINGFIELD PUMP STATION,1745 N. SPRINGFIELD,Illinois,Cook,Chicago,"Chicago-Naperville-Elgin, IL-IN-WI",2024-08-08,pm25
17,31,57,88101,1,41.912739,-87.722673,NAD83,PM2.5 - Local Conditions,24 HOUR,PM25 24-hour 2012,2023-08-28,Micrograms/cubic meter (LC),,1,100.0,13.7,13.7,0,60.0,545.0,Met One E-SEQ-FRM PM2.5 with VSCC - Gravimetric,SPRINGFIELD PUMP STATION,1745 N. SPRINGFIELD,Illinois,Cook,Chicago,"Chicago-Naperville-Elgin, IL-IN-WI",2024-08-08,pm25
17,31,57,88101,1,41.912739,-87.722673,NAD83,PM2.5 - Local Conditions,24 HOUR,PM25 24-hour 2012,2023-09-03,Micrograms/cubic meter (LC),,1,100.0,9.9,9.9,0,52.0,545.0,Met One E-SEQ-FRM PM2.5 with VSCC - Gravimetric,SPRINGFIELD PUMP STATION,1745 N. SPRINGFIELD,Illinois,Cook,Chicago,"Chicago-Naperville-Elgin, IL-IN-WI",2024-08-08,pm25
17,31,57,88101,1,41.912739,-87.722673,NAD83,PM2.5 - Local Conditions,24 HOUR,PM25 24-hour 2012,2023-09-09,Micrograms/cubic meter (LC),,1,100.0,9.7,9.7,0,52.0,545.0,Met One E-SEQ-FRM PM2.5 with VSCC - Gravimetric,SPRINGFIELD PUMP STATION,1745 N. SPRINGFIELD,Illinois,Cook,Chicago,"Chicago-Naperville-Elgin, IL-IN-WI",2024-08-08,pm25
17,31,57,88101,1,41.912739,-87.722673,NAD83,PM2.5 - Local Conditions,24 HOUR,PM25 24-hour 2012,2023-09-15,Micrograms/cubic meter (LC),,1,100.0,11.5,11.5,0,55.0,545.0,Met One E-SEQ-FRM PM2.5 with VSCC - Gravimetric,SPRINGFIELD PUMP STATION,1745 N. SPRINGFIELD,Illinois,Cook,Chicago,"Chicago-Naperville-Elgin, IL-IN-WI",2024-08-08,pm25
17,31,57,88101,1,41.912739,-87.722673,NAD83,PM2.5 - Local Conditions,24 HOUR,PM25 24-hour 2012,2023-09-21,Micrograms/cubic meter (LC),,1,100.0,15.2,15.2,0,62.0,545.0,Met One E-SEQ-FRM PM2.5 with VSCC - Gravimetric,SPRINGFIELD PUMP STATION,1745 N. SPRINGFIELD,Illinois,Cook,Chicago,"Chicago-Naperville-Elgin, IL-IN-WI",2024-08-08,pm25
17,31,57,88101,1,41.912739,-87.722673,NAD83,PM2.5 - Local Conditions,24 HOUR,PM25 24-hour 2012,2023-09-27,Micrograms/cubic meter (LC),,1,100.0,9.0,9.0,0,50.0,545.0,Met One E-SEQ-FRM PM2.5 with VSCC - Gravimetric,SPRINGFIELD PUMP STATION,1745 N. SPRINGFIELD,Illinois,Cook,Chicago,"Chicago-Naperville-Elgin, IL-IN-WI",2024-08-08,pm25
17,31,57,88101,1,41.912739,-87.722673,NAD83,PM2.5 - Local Conditions,24 HOUR,PM25 24-hour 2012,2023-10-03,Micrograms/cubic meter (LC),,1,100.0,12.5,12.5,0,57.0,545.0,Met One E-SEQ-FRM PM2.5 with VSCC - Gravimetric,SPRINGFIELD PUMP STATION,1745 N. SPRINGFIELD,Illinois,Cook,Chicago,"Chicago-Naperville-Elgin, IL-IN-WI",2024-08-08,pm25
17,31,57,88101,1,41.912739,-87.722673,NAD83,PM2.5 - Local Conditions,24 HOUR,PM25 24-hour 2012,2023-10-09,Micrograms/cubic meter (LC),,1,100.0,4.2,4.2,0,23.0,545.0,Met One E-SEQ-FRM PM2.5 with VSCC - Gravimetric,SPRINGFIELD PUMP STATION,1745 N. SPRINGFIELD,Illinois,Cook,Chicago,"Chicago-Naperville-Elgin, IL-IN-WI",2024-08-08,pm25
17,31,57,88101,1,41.912739,-87.722673,NAD83,PM2.5 - Local Conditions,24 HOUR,PM25 24-hour 2012,2023-10-15,Micrograms/cubic meter (LC),,1,100.0,2.2,2.2,0,12.0,545.0,Met One E-SEQ-FRM PM2.5 with VSCC - Gravimetric,SPRINGFIELD PUMP STATION,1745 N. SPRINGFIELD,Illinois,Cook,Chicago,"Chicago-Naperville-Elgin, IL-IN-WI",2024-08-08,pm25
17,31,57,88101,1,41.912739,-87.722673,NAD83,PM2.5 - Local Conditions,24 HOUR,PM25 24-hour 2012,2023-10-21,Micrograms/cubic meter (LC),,1,100.0,7.8,7.8,0,43.0,545.0,Met One E-SEQ-FRM PM2.5 with VSCC - Gravimetric,SPRINGFIELD PUMP STATION,1745 N. SPRINGFIELD,Illinois,Cook,Chicago,"Chicago-Naperville-Elgin, IL-IN-WI",2024-08-08,pm25
17,31,57,88101,1,41.912739,-87.722673,NAD83,PM2.5 - Local Conditions,24 HOUR,PM25 24-hour 2012,2023-10-27,Micrograms/cubic meter (LC),,1,100.0,10.3,10.3,0,53.0,545.0,Met One E-SEQ-FRM PM2.5 with VSCC - Gravimetric,SPRINGFIELD PUMP STATION,1745 N. SPRINGFIELD,Illinois,Cook,Chicago,"Chicago-Naperville-Elgin, IL-IN-WI",2024-08-08,pm25
17,31,57,88101,1,41.912739,-87.722673,NAD83,PM2.5 - Local Conditions,24 HOUR,PM25 24-hour 2012,2023-11-02,Micrograms/cubic meter (LC),,1,100.0,8.3,8.3,0,46.0,545.0,Met One E-SEQ-FRM PM2.5 with VSCC - Gravimetric,SPRINGFIELD PUMP STATION,1745 N. SPRINGFIELD,Illinois,Cook,Chicago,"Chicago-Naperville-Elgin, IL-IN-WI",2024-08-08,pm25
17,31,57,88101,1,41.912739,-87.722673,NAD83,PM2.5 - Local Conditions,24 HOUR,PM25 24-hour 2012,2023-11-11,Micrograms/cubic meter (LC),,1,100.0,8.5,8.5,0,47.0,545.0,Met One E-SEQ-FRM PM2.5 with VSCC - Gravimetric,SPRINGFIELD PUMP STATION,1745 N. SPRINGFIELD,Illinois,Cook,Chicago,"Chicago-Naperville-Elgin, IL-IN-WI",2024-08-08,pm25
17,31,57,88101,1,41.912739,-87.722673,NAD83,PM2.5 - Local Conditions,24 HOUR,PM25 24-hour 2012,2023-11-14,Micrograms/cubic meter (LC),,1,100.0,13.0,13.0,0,58.0,545.0,Met One E-SEQ-FRM PM2.5 with VSCC - Gravimetric,SPRINGFIELD PUMP STATION,1745 N. SPRINGFIELD,Illinois,Cook,Chicago,"Chicago-Naperville-Elgin, IL-IN-WI",2024-08-08,pm25
17,31,57,88101,1,41.912739,-87.722673,NAD83,PM2.5 - Local Conditions,24 HOUR,PM25 24-hour 2012,2023-11-20,Micrograms/cubic meter (LC),,1,100.0,4.3,4.3,0,24.0,545.0,Met One E-SEQ-FRM PM2.5 with VSCC - Gravimetric,SPRINGFIELD PUMP STATION,1745 N. SPRINGFIELD,Illinois,Cook,Chicago,"Chicago-Naperville-Elgin, IL-IN-WI",2024-08-08,pm25
17,31,57,88101,1,41.912739,-87.722673,NAD83,PM2.5 - Local Conditions,24 HOUR,PM25 24-hour 2012,2023-11-26,Micrograms/cubic meter (LC),,1,100.0,11.3,11.3,0,55.0,545.0,Met One E-SEQ-FRM PM2.5 with VSCC - Gravimetric,SPRINGFIELD PUMP STATION,1745 N. SPRINGFIELD,Illinois,Cook,Chicago,"Chicago-Naperville-Elgin, IL-IN-WI",2024-08-08,pm25
17,31,57,88101,1,41.912739,-87.722673,NAD83,PM2.5 - Local Conditions,24 HOUR,PM25 24-hour 2012,2023-12-02,Micrograms/cubic meter (LC),,1,100.0,3.5,3.5,0,19.0,545.0,Met One E-SEQ-FRM PM2.5 with VSCC - Gravimetric,SPRINGFIELD PUMP STATION,1745 N. SPRINGFIELD,Illinois,Cook,Chicago,"Chicago-Naperville-Elgin, IL-IN-WI",2024-08-08,pm25
17,31,57,88101,1,41.912739,-87.722673,NAD83,PM2.5 - Local Conditions,24 HOUR,PM25 24-hour 2012,2023-12-08,Micrograms/cubic meter (LC),,1,100.0,9.7,9.7,0,52.0,545.0,Met One E-SEQ-FRM PM2.5 with VSCC - Gravimetric,SPRINGFIELD PUMP STATION,1745 N. SPRINGFIELD,Illinois,Cook,Chicago,"Chicago-Naperville-Elgin, IL-IN-WI",2024-08-08,pm25
17,31,57,88101,1,41.912739,-87.722673,NAD83,PM2.5 - Local Conditions,24 HOUR,PM25 24-hour 2012,2023-12-14,Micrograms/cubic meter (LC),,1,100.0,13.5,13.5,0,59.0,545.0,Met One E-SEQ-FRM PM2.5 with VSCC - Gravimetric,SPRINGFIELD PUMP STATION,1745 N. SPRINGFIELD,Illinois,Cook,Chicago,"Chicago-Naperville-Elgin, IL-IN-WI",2024-08-08,pm25
17,31,57,88101,1,41.912739,-87.722673,NAD83,PM2.5 - Local Conditions,24 HOUR,PM25 24-hour 2012,2023-12-20,Micrograms/cubic meter (LC),,1,100.0,9.1,9.1,0,51.0,545.0,Met One E-SEQ-FRM PM2.5 with VSCC - Gravimetric,SPRINGFIELD PUMP STATION,1745 N. SPRINGFIELD,Illinois,Cook,Chicago,"Chicago-Naperville-Elgin, IL-IN-WI",2024-08-08,pm25
17,31,57,88101,1,41.912739,-87.722673,NAD83,PM2.5 - Local Conditions,24 HOUR,PM25 24-hour 2012,2023-12-26,Micrograms/cubic meter (LC),,1,100.0,4.2,4.2,0,23.0,545.0,Met One E-SEQ-FRM PM2.5 with VSCC - Gravimetric,SPRINGFIELD PUMP STATION,1745 N. SPRINGFIELD,Illinois,Cook,Chicago,"Chicago-Naperville-Elgin, IL-IN-WI",2024-08-08,pm25
17,31,76,88101,1,41.7514,-87.713488,WGS84,PM2.5 - Local Conditions,24 HOUR,PM25 24-hour 2012,2023-01-06,Micrograms/cubic meter (LC),,1,100.0,10.5,10.5,0,54.0,545.0,Met One E-SEQ-FRM PM2.5 with VSCC - Gravimetric,COM ED MAINTENANCE BLDG,7801 LAWNDALE,Illinois,Cook,Chicago,"Chicago-Naperville-Elgin, IL-IN-WI",2024-08-08,pm25
17,31,76,88101,1,41.7514,-87.713488,WGS84,PM2.5 - Local Conditions,24 HOUR,PM25 24-hour 2012,2023-01-12,Micrograms/cubic meter (LC),,1,100.0,11.6,11.6,0,56.0,545.0,Met One E-SEQ-FRM PM2.5 with VSCC - Gravimetric,COM ED MAINTENANCE BLDG,7801 LAWNDALE,Illinois,Cook,Chicago,"Chicago-Naperville-Elgin, IL-IN-WI",2024-08-08,pm25
17,31,76,88101,1,41.7514,-87.713488,WGS84,PM2.5 - Local Conditions,24 HOUR,PM25 24-hour 2012,2023-01-18,Micrograms/cubic meter (LC),,1,100.0,3.9,3.9,0,22.0,545.0,Met One E-SEQ-FRM PM2.5 with VSCC - Gravimetric,COM ED MAINTENANCE BLDG,7801 LAWNDALE,Illinois,Cook,Chicago,"Chicago-Naperville-Elgin, IL-IN-WI",2024-08-08,pm25
17,31,76,88101,1,41.7514,-87.713488,WGS84,PM2.5 - Local Conditions,24 HOUR,PM25 24-hour 2012,2023-01-24,Micrograms/cubic meter (LC),,1,100.0,13.0,13.0,0,58.0,545.0,Met One E-SEQ-FRM PM2.5 with VSCC - Gravimetric,COM ED MAINTENANCE BLDG,7801 LAWNDALE,Illinois,Cook,Chicago,"Chicago-Naperville-Elgin, IL-IN-WI",2024-08-08,pm25
17,31,76,88101,1,41.7514,-87.713488,WGS84,PM2.5 - Local Conditions,24 HOUR,PM25 24-hour 2012,2023-01-30,Micrograms/cubic meter (LC),,1,100.0,7.2,7.2,0,40.0,545.0,Met One E-SEQ-FRM PM2.5 with VSCC - Gravimetric,COM ED MAINTENANCE BLDG,7801 LAWNDALE,Illinois,Cook,Chicago,"Chicago-Naperville-Elgin, IL-IN-WI",2024-08-08,pm25
17,31,76,88101,1,41.7514,-87.713488,WGS84,PM2.5 - Local Conditions,24 HOUR,PM25 24-hour 2012,2023-02-05,Micrograms/cubic meter (LC),,1,100.0,11.5,11.5,0,55.0,545.0,Met One E-SEQ-FRM PM2.5 with VSCC - Gravimetric,COM ED MAINTENANCE BLDG,7801 LAWNDALE,Illinois,Cook,Chicago,"Chicago-Naperville-Elgin, IL-IN-WI",2024-08-08,pm25
17,31,76,88101,1,41.7514,-87.713488,WGS84,PM2.5 - Local Conditions,24 HOUR,PM25 24-hour 2012,2023-02-11,Micrograms/cubic meter (LC),,1,100.0,5.7,5.7,0,32.0,545.0,Met One E-SEQ-FRM PM2.5 with VSCC - Gravimetric,COM ED MAINTENANCE BLDG,7801 LAWNDALE,Illinois,Cook,Chicago,"Chicago-Naperville-Elgin, IL-IN-WI",2024-08-08,pm25
17,31,76,88101,1,41.7514,-87.713488,WGS84,PM2.5 - Local Conditions,24 HOUR,PM25 24-hour 2012,2023-02-17,Micrograms/cubic meter (LC),,1,100.0,3.7,3.7,0,21.0,545.0,Met One E-SEQ-FRM PM2.5 with VSCC - Gravimetric,COM ED MAINTENANCE BLDG,7801 LAWNDALE,Illinois,Cook,Chicago,"Chicago-Naperville-Elgin, IL-IN-WI",2024-08-08,pm25
17,31,76,88101,1,41.7514,-87.713488,WGS84,PM2.5 - Local Conditions,24 HOUR,PM25 24-hour 2012,2023-02-23,Micrograms/cubic meter (LC),,1,100.0,5.2,5.2,0,29.0,545.0,Met One E-SEQ-FRM PM2.5 with VSCC - Gravimetric,COM ED MAINTENANCE BLDG,7801 LAWNDALE,Illinois,Cook,Chicago,"Chicago-Naperville-Elgin, IL-IN-WI",2024-08-08,pm25
17,31,76,88101,1,41.7514,-87.713488,WGS84,PM2.5 - Local Conditions,24 HOUR,PM25 24-hour 2012,2023-03-01,Micrograms/cubic meter (LC),,1,100.0,9.0,9.0,0,50.0,545.0,Met One E-SEQ-FRM PM2.5 with VSCC - Gravimetric,COM ED MAINTENANCE BLDG,7801 LAWNDALE,Illinois,Cook,Chicago,"Chicago-Naperville-Elgin, IL-IN-WI",2024-08-08,pm25
17,31,76,88101,1,41.7514,-87.713488,WGS84,PM2.5 - Local Conditions,24 HOUR,PM25 24-hour 2012,2023-03-07,Micrograms/cubic meter (LC),,1,100.0,3.5,3.5,0,19.0,545.0,Met One E-SEQ-FRM PM2.5 with VSCC - Gravimetric,COM ED MAINTENANCE BLDG,7801 LAWNDALE,Illinois,Cook,Chicago,"Chicago-Naperville-Elgin, IL-IN-WI",2024-08-08,pm25
17,31,76,88101,1,41.7514,-87.713488,WGS84,PM2.5 - Local Conditions,24 HOUR,PM25 24-hour 2012,2023-03-13,Micrograms/cubic meter (LC),,1,100.0,4.2,4.2,0,23.0,545.0,Met One E-SEQ-FRM PM2.5 with VSCC - Gravimetric,COM ED MAINTENANCE BLDG,7801 LAWNDALE,Illinois,Cook,Chicago,"Chicago-Naperville-Elgin, IL-IN-WI",2024-08-08,pm25
17,31,76,88101,1,41.7514,-87.713488,WGS84,PM2.5 - Local Conditions,24 HOUR,PM25 24-hour 2012,2023-03-19,Micrograms/cubic meter (LC),,1,100.0,5.0,5.0,0,28.0,545.0,Met One E-SEQ-FRM PM2.5 with VSCC - Gravimetric,COM ED MAINTENANCE BLDG,7801 LAWNDALE,Illinois,Cook,Chicago,"Chicago-Naperville-Elgin, IL-IN-WI",2024-08-08,pm25
17,31,76,88101,1,41.7514,-87.713488,WGS84,PM2.5 - Local Conditions,24 HOUR,PM25 24-hour 2012,2023-03-25,Micrograms/cubic meter (LC),,1,100.0,4.4,4.4,0,24.0,545.0,Met One E-SEQ-FRM PM2.5 with VSCC - Gravimetric,COM ED MAINTENANCE BLDG,7801 LAWNDALE,Illinois,Cook,Chicago,"Chicago-Naperville-Elgin, IL-IN-WI",2024-08-08,pm25
17,31,76,88101,1,41.7514,-87.713488,WGS84,PM2.5 - Local Conditions,24 HOUR,PM25 24-hour 2012,2023-03-31,Micrograms/cubic meter (LC),,1,100.0,9.1,9.1,0,51.0,545.0,Met One E-SEQ-FRM PM2.5 with VSCC - Gravimetric,COM ED MAINTENANCE BLDG,7801 LAWNDALE,Illinois,Cook,Chicago,"Chicago-Naperville-Elgin, IL-IN-WI",2024-08-08,pm25
17,31,76,88101,1,41.7514,-87.713488,WGS84,PM2.5 - Local Conditions,24 HOUR,PM25 24-hour 2012,2023-04-06,Micrograms/cubic meter (LC),,1,100.0,3.6,3.6,0,20.0,545.0,Met One E-SEQ-FRM PM2.5 with VSCC - Gravimetric,COM ED MAINTENANCE BLDG,7801 LAWNDALE,Illinois,Cook,Chicago,"Chicago-Naperville-Elgin, IL-IN-WI",2024-08-08,pm25
17,31,76,88101,1,41.7514,-87.713488,WGS84,PM2.5 - Local Conditions,24 HOUR,PM25 24-hour 2012,2023-04-12,Micrograms/cubic meter (LC),,1,100.0,9.8,9.8,0,52.0,545.0,Met One E-SEQ-FRM PM2.5 with VSCC - Gravimetric,COM ED MAINTENANCE BLDG,7801 LAWNDALE,Illinois,Cook,Chicago,"Chicago-Naperville-Elgin, IL-IN-WI",2024-08-08,pm25
17,31,76,88101,1,41.7514,-87.713488,WGS84,PM2.5 - Local Conditions,24 HOUR,PM25 24-hour 2012,2023-04-20,Micrograms/cubic meter (LC),,1,100.0,8.7,8.7,0,48.0,545.0,Met One E-SEQ-FRM PM2.5 with VSCC - Gravimetric,COM ED MAINTENANCE BLDG,7801 LAWNDALE,Illinois,Cook,Chicago,"Chicago-Naperville-Elgin, IL-IN-WI",2024-08-08,pm25
17,31,76,88101,1,41.7514,-87.713488,WGS84,PM2.5 - Local Conditions,24 HOUR,PM25 24-hour 2012,2023-04-24,Micrograms/cubic meter (LC),,1,100.0,7.9,7.9,0,44.0,545.0,Met One E-SEQ-FRM PM2.5 with VSCC - Gravimetric,COM ED MAINTENANCE BLDG,7801 LAWNDALE,Illinois,Cook,Chicago,"Chicago-Naperville-Elgin, IL-IN-WI",2024-08-08,pm25
17,31,76,88101,1,41.7514,-87.713488,WGS84,PM2.5 - Local Conditions,24 HOUR,PM25 24-hour 2012,2023-04-30,Micrograms/cubic meter (LC),,1,100.0,2.0,2.0,0,11.0,545.0,Met One E-SEQ-FRM PM2.5 with VSCC - Gravimetric,COM ED MAINTENANCE BLDG,7801 LAWNDALE,Illinois,Cook,Chicago,"Chicago-Naperville-Elgin, IL-IN-WI",2024-08-08,pm25
17,31,76,88101,1,41.7514,-87.713488,WGS84,PM2.5 - Local Conditions,24 HOUR,PM25 24-hour 2012,2023-05-06,Micrograms/cubic meter (LC),,1,100.0,8.9,8.9,0,49.0,545.0,Met One E-SEQ-FRM PM2.5 with VSCC - Gravimetric,COM ED MAINTENANCE BLDG,7801 LAWNDALE,Illinois,Cook,Chicago,"Chicago-Naperville-Elgin, IL-IN-WI",2024-08-08,pm25
17,31,76,88101,1,41.7514,-87.713488,WGS84,PM2.5 - Local Conditions,24 HOUR,PM25 24-hour 2012,2023-05-12,Micrograms/cubic meter (LC),,1,100.0,18.5,18.5,0,69.0,545.0,Met One E-SEQ-FRM PM2.5 with VSCC - Gravimetric,COM ED MAINTENANCE BLDG,7801 LAWNDALE,Illinois,Cook,Chicago,"Chicago-Naperville-Elgin, IL-IN-WI",2024-08-08,pm25
17,31,76,88101,1,41.7514,-87.713488,WGS84,PM2.5 - Local Conditions,24 HOUR,PM25 24-hour 2012,2023-05-18,Micrograms/cubic meter (LC),,1,100.0,7.0,7.0,0,39.0,545.0,Met One E-SEQ-FRM PM2.5 with VSCC - Gravimetric,COM ED MAINTENANCE BLDG,7801 LAWNDALE,Illinois,Cook,Chicago,"Chicago-Naperville-Elgin, IL-IN-WI",2024-08-08,pm25
17,31,76,88101,1,41.7514,-87.713488,WGS84,PM2.5 - Local Conditions,24 HOUR,PM25 24-hour 2012,2023-05-24,Micrograms/cubic meter (LC),,1,100.0,12.2,12.2,0,57.0,545.0,Met One E-SEQ-FRM PM2.5 with VSCC - Gravimetric,COM ED MAINTENANCE BLDG,7801 LAWNDALE,Illinois,Cook,Chicago,"Chicago-Naperville-Elgin, IL-IN-WI",2024-08-08,pm25
17,31,76,88101,1,41.7514,-87.713488,WGS84,PM2.5 - Local Conditions,24 HOUR,PM25 24-hour 2012,2023-05-30,Micrograms/cubic meter (LC),,1,100.0,13.9,13.9,0,60.0,545.0,Met One E-SEQ-FRM PM2.5 with VSCC - Gravimetric,COM ED MAINTENANCE BLDG,7801 LAWNDALE,Illinois,Cook,Chicago,"Chicago-Naperville-Elgin, IL-IN-WI",2024-08-08,pm25
17,31,76,88101,1,41.7514,-87.713488,WGS84,PM2.5 - Local Conditions,24 HOUR,PM25 24-hour 2012,2023-06-05,Micrograms/cubic meter (LC),,1,100.0,19.5,19.5,0,70.0,545.0,Met One E-SEQ-FRM PM2.5 with VSCC - Gravimetric,COM ED MAINTENANCE BLDG,7801 LAWNDALE,Illinois,Cook,Chicago,"Chicago-Naperville-Elgin, IL-IN-WI",2024-08-08,pm25
17,31,76,88101,1,41.7514,-87.713488,WGS84,PM2.5 - Local Conditions,24 HOUR,PM25 24-hour 2012,2023-06-11,Micrograms/cubic meter (LC),,1,100.0,5.9,5.9,0,33.0,545.0,Met One E-SEQ-FRM PM2.5 with VSCC - Gravimetric,COM ED MAINTENANCE BLDG,7801 LAWNDALE,Illinois,Cook,Chicago,"Chicago-Naperville-Elgin, IL-IN-WI",2024-08-08,pm25
17,31,76,88101,1,41.7514,-87.713488,WGS84,PM2.5 - Local Conditions,24 HOUR,PM25 24-hour 2012,2023-06-17,Micrograms/cubic meter (LC),,1,100.0,24.8,24.8,0,80.0,545.0,Met One E-SEQ-FRM PM2.5 with VSCC - Gravimetric,COM ED MAINTENANCE BLDG,7801 LAWNDALE,Illinois,Cook,Chicago,"Chicago-Naperville-Elgin, IL-IN-WI",2024-08-08,pm25
17,31,76,88101,1,41.7514,-87.713488,WGS84,PM2.5 - Local Conditions,24 HOUR,PM25 24-hour 2012,2023-06-23,Micrograms/cubic meter (LC),,1,100.0,23.7,23.7,0,78.0,545.0,Met One E-SEQ-FRM PM2.5 with VSCC - Gravimetric,COM ED MAINTENANCE BLDG,7801 LAWNDALE,Illinois,Cook,Chicago,"Chicago-Naperville-Elgin, IL-IN-WI",2024-08-08,pm25
17,31,76,88101,1,41.7514,-87.713488,WGS84,PM2.5 - Local Conditions,24 HOUR,PM25 24-hour 2012,2023-06-29,Micrograms/cubic meter (LC),,1,100.0,47.8,47.8,0,131.0,545.0,Met One E-SEQ-FRM PM2.5 with VSCC - Gravimetric,COM ED MAINTENANCE BLDG,7801 LAWNDALE,Illinois,Cook,Chicago,"Chicago-Naperville-Elgin, IL-IN-WI",2024-08-08,pm25
17,31,76,88101,1,41.7514,-87.713488,WGS84,PM2.5 - Local Conditions,24 HOUR,PM25 24-hour 2012,2023-07-05,Micrograms/cubic meter (LC),,1,100.0,12.2,12.2,0,57.0,545.0,Met One E-SEQ-FRM PM2.5 with VSCC - Gravimetric,COM ED MAINTENANCE BLDG,7801 LAWNDALE,Illinois,Cook,Chicago,"Chicago-Naperville-Elgin, IL-IN-WI",2024-08-08,pm25
17,31,76,88101,1,41.7514,-87.713488,WGS84,PM2.5 - Local Conditions,24 HOUR,PM25 24-hour 2012,2023-07-11,Micrograms/cubic meter (LC),,1,100.0,7.8,7.8,0,43.0,545.0,Met One E-SEQ-FRM PM2.5 with VSCC - Gravimetric,COM ED MAINTENANCE BLDG,7801 LAWNDALE,Illinois,Cook,Chicago,"Chicago-Naperville-Elgin, IL-IN-WI",2024-08-08,pm25
17,31,76,88101,1,41.7514,-87.713488,WGS84,PM2.5 - Local Conditions,24 HOUR,PM25 24-hour 2012,2023-07-17,Micrograms/cubic meter (LC),,1,100.0,18.0,18.0,0,68.0,545.0,Met One E-SEQ-FRM PM2.5 with VSCC - Gravimetric,COM ED MAINTENANCE BLDG,7801 LAWNDALE,Illinois,Cook,Chicago,"Chicago-Naperville-Elgin, IL-IN-WI",2024-08-08,pm25
17,31,76,88101,1,41.7514,-87.713488,WGS84,PM2.5 - Local Conditions,24 HOUR,PM25 24-hour 2012,2023-07-23,Micrograms/cubic meter (LC),,1,100.0,11.7,11.7,0,56.0,545.0,Met One E-SEQ-FRM PM2.5 with VSCC - Gravimetric,COM ED MAINTENANCE BLDG,7801 LAWNDALE,Illinois,Cook,Chicago,"Chicago-Naperville-Elgin, IL-IN-WI",2024-08-08,pm25
17,31,76,88101,1,41.7514,-87.713488,WGS84,PM2.5 - Local Conditions,24 HOUR,PM25 24-hour 2012,2023-07-29,Micrograms/cubic meter (LC),,1,100.0,5.2,5.2,0,29.0,545.0,Met One E-SEQ-FRM PM2.5 with VSCC - Gravimetric,COM ED MAINTENANCE BLDG,7801 LAWNDALE,Illinois,Cook,Chicago,"Chicago-Naperville-Elgin, IL-IN-WI",2024-08-08,pm25
17,31,76,88101,1,41.7514,-87.713488,WGS84,PM2.5 - Local Conditions,24 HOUR,PM25 24-hour 2012,2023-08-04,Micrograms/cubic meter (LC),,1,100.0,14.0,14.0,0,60.0,545.0,Met One E-SEQ-FRM PM2.5 with VSCC - Gravimetric,COM ED MAINTENANCE BLDG,7801 LAWNDALE,Illinois,Cook,Chicago,"Chicago-Naperville-Elgin, IL-IN-WI",2024-08-08,pm25
17,31,76,88101,1,41.7514,-87.713488,WGS84,PM2.5 - Local Conditions,24 HOUR,PM25 24-hour 2012,2023-08-10,Micrograms/cubic meter (LC),,1,100.0,13.5,13.5,0,59.0,545.0,Met One E-SEQ-FRM PM2.5 with VSCC - Gravimetric,COM ED MAINTENANCE BLDG,7801 LAWNDALE,Illinois,Cook,Chicago,"Chicago-Naperville-Elgin, IL-IN-WI",2024-08-08,pm25
17,31,76,88101,1,41.7514,-87.713488,WGS84,PM2.5 - Local Conditions,24 HOUR,PM25 24-hour 2012,2023-08-16,Micrograms/cubic meter (LC),,1,100.0,9.6,9.6,0,52.0,545.0,Met One E-SEQ-FRM PM2.5 with VSCC - Gravimetric,COM ED MAINTENANCE BLDG,7801 LAWNDALE,Illinois,Cook,Chicago,"Chicago-Naperville-Elgin, IL-IN-WI",2024-08-08,pm25
17,31,76,88101,1,41.7514,-87.713488,WGS84,PM2.5 - Local Conditions,24 HOUR,PM25 24-hour 2012,2023-08-22,Micrograms/cubic meter (LC),,1,100.0,19.0,19.0,0,69.0,545.0,Met One E-SEQ-FRM PM2.5 with VSCC - Gravimetric,COM ED MAINTENANCE BLDG,7801 LAWNDALE,Illinois,Cook,Chicago,"Chicago-Naperville-Elgin, IL-IN-WI",2024-08-08,pm25
17,31,76,88101,1,41.7514,-87.713488,WGS84,PM2.5 - Local Conditions,24 HOUR,PM25 24-hour 2012,2023-08-28,Micrograms/cubic meter (LC),,1,100.0,15.6,15.6,0,63.0,545.0,Met One E-SEQ-FRM PM2.5 with VSCC - Gravimetric,COM ED MAINTENANCE BLDG,7801 LAWNDALE,Illinois,Cook,Chicago,"Chicago-Naperville-Elgin, IL-IN-WI",2024-08-08,pm25
17,31,76,88101,1,41.7514,-87.713488,WGS84,PM2.5 - Local Conditions,24 HOUR,PM25 24-hour 2012,2023-09-03,Micrograms/cubic meter (LC),,1,100.0,9.7,9.7,0,52.0,545.0,Met One E-SEQ-FRM PM2.5 with VSCC - Gravimetric,COM ED MAINTENANCE BLDG,7801 LAWNDALE,Illinois,Cook,Chicago,"Chicago-Naperville-Elgin, IL-IN-WI",2024-08-08,pm25
17,31,76,88101,1,41.7514,-87.713488,WGS84,PM2.5 - Local Conditions,24 HOUR,PM25 24-hour 2012,2023-09-09,Micrograms/cubic meter (LC),,1,100.0,10.1,10.1,0,53.0,545.0,Met One E-SEQ-FRM PM2.5 with VSCC - Gravimetric,COM ED MAINTENANCE BLDG,7801 LAWNDALE,Illinois,Cook,Chicago,"Chicago-Naperville-Elgin, IL-IN-WI",2024-08-08,pm25
17,31,76,88101,1,41.7514,-87.713488,WGS84,PM2.5 - Local Conditions,24 HOUR,PM25 24-hour 2012,2023-09-15,Micrograms/cubic meter (LC),,1,100.0,9.4,9.4,0,52.0,545.0,Met One E-SEQ-FRM PM2.5 with VSCC - Gravimetric,COM ED MAINTENANCE BLDG,7801 LAWNDALE,Illinois,Cook,Chicago,"Chicago-Naperville-Elgin, IL-IN-WI",2024-08-08,pm25
17,31,76,88101,1,41.7514,-87.713488,WGS84,PM2.5 - Local Conditions,24 HOUR,PM25 24-hour 2012,2023-09-21,Micrograms/cubic meter (LC),,1,100.0,16.1,16.1,0,64.0,545.0,Met One E-SEQ-FRM PM2.5 with VSCC - Gravimetric,COM ED MAINTENANCE BLDG,7801 LAWNDALE,Illinois,Cook,Chicago,"Chicago-Naperville-Elgin, IL-IN-WI",2024-08-08,pm25
17,31,76,88101,1,41.7514,-87.713488,WGS84,PM2.5 - Local Conditions,24 HOUR,PM25 24-hour 2012,2023-09-27,Micrograms/cubic meter (LC),,1,100.0,8.5,8.5,0,47.0,545.0,Met One E-SEQ-FRM PM2.5 with VSCC - Gravimetric,COM ED MAINTENANCE BLDG,7801 LAWNDALE,Illinois,Cook,Chicago,"Chicago-Naperville-Elgin, IL-IN-WI",2024-08-08,pm25
17,31,76,88101,1,41.7514,-87.713488,WGS84,PM2.5 - Local Conditions,24 HOUR,PM25 24-hour 2012,2023-10-03,Micrograms/cubic meter (LC),,1,100.0,9.6,9.6,0,52.0,545.0,Met One E-SEQ-FRM PM2.5 with VSCC - Gravimetric,COM ED MAINTENANCE BLDG,7801 LAWNDALE,Illinois,Cook,Chicago,"Chicago-Naperville-Elgin, IL-IN-WI",2024-08-08,pm25
17,31,76,88101,1,41.7514,-87.713488,WGS84,PM2.5 - Local Conditions,24 HOUR,PM25 24-hour 2012,2023-10-09,Micrograms/cubic meter (LC),,1,100.0,5.3,5.3,0,29.0,545.0,Met One E-SEQ-FRM PM2.5 with VSCC - Gravimetric,COM ED MAINTENANCE BLDG,7801 LAWNDALE,Illinois,Cook,Chicago,"Chicago-Naperville-Elgin, IL-IN-WI",2024-08-08,pm25
17,31,76,88101,1,41.7514,-87.713488,WGS84,PM2.5 - Local Conditions,24 HOUR,PM25 24-hour 2012,2023-10-15,Micrograms/cubic meter (LC),,1,100.0,2.5,2.5,0,14.0,545.0,Met One E-SEQ-FRM PM2.5 with VSCC - Gravimetric,COM ED MAINTENANCE BLDG,7801 LAWNDALE,Illinois,Cook,Chicago,"Chicago-Naperville-Elgin, IL-IN-WI",2024-08-08,pm25
17,31,76,88101,1,41.7514,-87.713488,WGS84,PM2.5 - Local Conditions,24 HOUR,PM25 24-hour 2012,2023-10-21,Micrograms/cubic meter (LC),,1,100.0,7.3,7.3,0,41.0,545.0,Met One E-SEQ-FRM PM2.5 with VSCC - Gravimetric,COM ED MAINTENANCE BLDG,7801 LAWNDALE,Illinois,Cook,Chicago,"Chicago-Naperville-Elgin, IL-IN-WI",2024-08-08,pm25
17,31,76,88101,1,41.7514,-87.713488,WGS84,PM2.5 - Local Conditions,24 HOUR,PM25 24-hour 2012,2023-10-27,Micrograms/cubic meter (LC),,1,100.0,8.2,8.2,0,46.0,545.0,Met One E-SEQ-FRM PM2.5 with VSCC - Gravimetric,COM ED MAINTENANCE BLDG,7801 LAWNDALE,Illinois,Cook,Chicago,"Chicago-Naperville-Elgin, IL-IN-WI",2024-08-08,pm25
17,31,76,88101,1,41.7514,-87.713488,WGS84,PM2.5 - Local Conditions,24 HOUR,PM25 24-hour 2012,2023-11-02,Micrograms/cubic meter (LC),,1,100.0,6.1,6.1,0,34.0,545.0,Met One E-SEQ-FRM PM2.5 with VSCC - Gravimetric,COM ED MAINTENANCE BLDG,7801 LAWNDALE,Illinois,Cook,Chicago,"Chicago-Naperville-Elgin, IL-IN-WI",2024-08-08,pm25
17,31,76,88101,1,41.7514,-87.713488,WGS84,PM2.5 - Local Conditions,24 HOUR,PM25 24-hour 2012,2023-11-08,Micrograms/cubic meter (LC),,1,100.0,9.3,9.3,0,51.0,545.0,Met One E-SEQ-FRM PM2.5 with VSCC - Gravimetric,COM ED MAINTENANCE BLDG,7801 LAWNDALE,Illinois,Cook,Chicago,"Chicago-Naperville-Elgin, IL-IN-WI",2024-08-08,pm25
17,31,76,88101,1,41.7514,-87.713488,WGS84,PM2.5 - Local Conditions,24 HOUR,PM25 24-hour 2012,2023-11-14,Micrograms/cubic meter (LC),,1,100.0,11.8,11.8,0,56.0,545.0,Met One E-SEQ-FRM PM2.5 with VSCC - Gravimetric,COM ED MAINTENANCE BLDG,7801 LAWNDALE,Illinois,Cook,Chicago,"Chicago-Naperville-Elgin, IL-IN-WI",2024-08-08,pm25
17,31,76,88101,1,41.7514,-87.713488,WGS84,PM2.5 - Local Conditions,24 HOUR,PM25 24-hour 2012,2023-11-20,Micrograms/cubic meter (LC),,1,100.0,7.1,7.1,0,39.0,545.0,Met One E-SEQ-FRM PM2.5 with VSCC - Gravimetric,COM ED MAINTENANCE BLDG,7801 LAWNDALE,Illinois,Cook,Chicago,"Chicago-Naperville-Elgin, IL-IN-WI",2024-08-08,pm25
17,31,76,88101,1,41.7514,-87.713488,WGS84,PM2.5 - Local Conditions,24 HOUR,PM25 24-hour 2012,2023-11-26,Micrograms/cubic meter (LC),,1,100.0,13.2,13.2,0,59.0,545.0,Met One E-SEQ-FRM PM2.5 with VSCC - Gravimetric,COM ED MAINTENANCE BLDG,7801 LAWNDALE,Illinois,Cook,Chicago,"Chicago-Naperville-Elgin, IL-IN-WI",2024-08-08,pm25
17,31,76,88101,1,41.7514,-87.713488,WGS84,PM2.5 - Local Conditions,24 HOUR,PM25 24-hour 2012,2023-12-02,Micrograms/cubic meter (LC),,1,100.0,5.6,5.6,0,31.0,545.0,Met One E-SEQ-FRM PM2.5 with VSCC - Gravimetric,COM ED MAINTENANCE BLDG,7801 LAWNDALE,Illinois,Cook,Chicago,"Chicago-Naperville-Elgin, IL-IN-WI",2024-08-08,pm25
17,31,76,88101,1,41.7514,-87.713488,WGS84,PM2.5 - Local Conditions,24 HOUR,PM25 24-hour 2012,2023-12-08,Micrograms/cubic meter (LC),,1,100.0,8.5,8.5,0,47.0,545.0,Met One E-SEQ-FRM PM2.5 with VSCC - Gravimetric,COM ED MAINTENANCE BLDG,7801 LAWNDALE,Illinois,Cook,Chicago,"Chicago-Naperville-Elgin, IL-IN-WI",2024-08-08,pm25
17,31,76,88101,1,41.7514,-87.713488,WGS84,PM2.5 - Local Conditions,24 HOUR,PM25 24-hour 2012,2023-12-14,Micrograms/cubic meter (LC),,1,100.0,12.7,12.7,0,58.0,545.0,Met One E-SEQ-FRM PM2.5 with VSCC - Gravimetric,COM ED MAINTENANCE BLDG,7801 LAWNDALE,Illinois,Cook,Chicago,"Chicago-Naperville-Elgin, IL-IN-WI",2024-08-08,pm25
17,31,76,88101,1,41.7514,-87.713488,WGS84,PM2.5 - Local Conditions,24 HOUR,PM25 24-hour 2012,2023-12-20,Micrograms/cubic meter (LC),,1,100.0,11.6,11.6,0,56.0,545.0,Met One E-SEQ-FRM PM2.5 with VSCC - Gravimetric,COM ED MAINTENANCE BLDG,7801 LAWNDALE,Illinois,Cook,Chicago,"Chicago-Naperville-Elgin, IL-IN-WI",2024-08-08,pm25
17,31,76,88101,1,41.7514,-87.713488,WGS84,PM2.5 - Local Conditions,24 HOUR,PM25 24-hour 2012,2023-12-26,Micrograms/cubic meter (LC),,1,100.0,3.7,3.7,0,21.0,545.0,Met One E-SEQ-FRM PM2.5 with VSCC - Gravimetric,COM ED MAINTENANCE BLDG,7801 LAWNDALE,Illinois,Cook,Chicago,"Chicago-Naperville-Elgin, IL-IN-WI",2024-08-08,pm25
17,31,22,88101,1,41.687165,-87.539315,WGS84,PM2.5 - Local Conditions,24 HOUR,PM25 24-hour 2012,2024-01-01,Micrograms/cubic meter (LC),,1,100.0,2.3,2.3,0,13.0,545.0,Met One E-SEQ-FRM PM2.5 with VSCC - Gravimetric,WASHINGTON HS,3535 E. 114TH ST.,Illinois,Cook,Chicago,"Chicago-Naperville-Elgin, IL-IN-WI",2024-11-19,pm25
17,31,22,88101,1,41.687165,-87.539315,WGS84,PM2.5 - Local Conditions,24 HOUR,PM25 24-hour 2012,2024-01-04,Micrograms/cubic meter (LC),,1,100.0,4.3,4.3,0,24.0,545.0,Met One E-SEQ-FRM PM2.5 with VSCC - Gravimetric,WASHINGTON HS,3535 E. 114TH ST.,Illinois,Cook,Chicago,"Chicago-Naperville-Elgin, IL-IN-WI",2024-11-19,pm25
17,31,22,88101,1,41.687165,-87.539315,WGS84,PM2.5 - Local Conditions,24 HOUR,PM25 24-hour 2012,2024-01-07,Micrograms/cubic meter (LC),,1,100.0,16.6,16.6,0,65.0,545.0,Met One E-SEQ-FRM PM2.5 with VSCC - Gravimetric,WASHINGTON HS,3535 E. 114TH ST.,Illinois,Cook,Chicago,"Chicago-Naperville-Elgin, IL-IN-WI",2024-11-19,pm25
17,31,22,88101,1,41.687165,-87.539315,WGS84,PM2.5 - Local Conditions,24 HOUR,PM25 24-hour 2012,2024-01-10,Micrograms/cubic meter (LC),,1,100.0,6.1,6.1,0,34.0,545.0,Met One E-SEQ-FRM PM2.5 with VSCC - Gravimetric,WASHINGTON HS,3535 E. 114TH ST.,Illinois,Cook,Chicago,"Chicago-Naperville-Elgin, IL-IN-WI",2024-11-19,pm25
17,31,22,88101,1,41.687165,-87.539315,WGS84,PM2.5 - Local Conditions,24 HOUR,PM25 24-hour 2012,2024-01-13,Micrograms/cubic meter (LC),,1,100.0,3.3,3.3,0,18.0,545.0,Met One E-SEQ-FRM PM2.5 with VSCC - Gravimetric,WASHINGTON HS,3535 E. 114TH ST.,Illinois,Cook,Chicago,"Chicago-Naperville-Elgin, IL-IN-WI",2024-11-19,pm25
17,31,22,88101,1,41.687165,-87.539315,WGS84,PM2.5 - Local Conditions,24 HOUR,PM25 24-hour 2012,2024-01-16,Micrograms/cubic meter (LC),,1,100.0,6.3,6.3,0,35.0,545.0,Met One E-SEQ-FRM PM2.5 with VSCC - Gravimetric,WASHINGTON HS,3535 E. 114TH ST.,Illinois,Cook,Chicago,"Chicago-Naperville-Elgin, IL-IN-WI",2024-11-19,pm25
17,31,22,88101,1,41.687165,-87.539315,WGS84,PM2.5 - Local Conditions,24 HOUR,PM25 24-hour 2012,2024-01-19,Micrograms/cubic meter (LC),,1,100.0,7.5,7.5,0,42.0,545.0,Met One E-SEQ-FRM PM2.5 with VSCC - Gravimetric,WASHINGTON HS,3535 E. 114TH ST.,Illinois,Cook,Chicago,"Chicago-Naperville-Elgin, IL-IN-WI",2024-11-19,pm25
17,31,22,88101,1,41.687165,-87.539315,WGS84,PM2.5 - Local Conditions,24 HOUR,PM25 24-hour 2012,2024-01-22,Micrograms/cubic meter (LC),,1,100.0,6.8,6.8,0,38.0,545.0,Met One E-SEQ-FRM PM2.5 with VSCC - Gravimetric,WASHINGTON HS,3535 E. 114TH ST.,Illinois,Cook,Chicago,"Chicago-Naperville-Elgin, IL-IN-WI",2024-11-19,pm25
17,31,22,88101,1,41.687165,-87.539315,WGS84,PM2.5 - Local Conditions,24 HOUR,PM25 24-hour 2012,2024-01-25,Micrograms/cubic meter (LC),,1,100.0,6.1,6.1,0,34.0,545.0,Met One E-SEQ-FRM PM2.5 with VSCC - Gravimetric,WASHINGTON HS,3535 E. 114TH ST.,Illinois,Cook,Chicago,"Chicago-Naperville-Elgin, IL-IN-WI",2024-11-19,pm25
17,31,22,88101,1,41.687165,-87.539315,WGS84,PM2.5 - Local Conditions,24 HOUR,PM25 24-hour 2012,2024-01-28,Micrograms/cubic meter (LC),,1,100.0,3.5,3.5,0,19.0,545.0,Met One E-SEQ-FRM PM2.5 with VSCC - Gravimetric,WASHINGTON HS,3535 E. 114TH ST.,Illinois,Cook,Chicago,"Chicago-Naperville-Elgin, IL-IN-WI",2024-11-19,pm25
17,31,22,88101,1,41.687165,-87.539315,WGS84,PM2.5 - Local Conditions,24 HOUR,PM25 24-hour 2012,2024-01-31,Micrograms/cubic meter (LC),,1,100.0,7.6,7.6,0,42.0,545.0,Met One E-SEQ-FRM PM2.5 with VSCC - Gravimetric,WASHINGTON HS,3535 E. 114TH ST.,Illinois,Cook,Chicago,"Chicago-Naperville-Elgin, IL-IN-WI",2024-11-19,pm25
17,31,22,88101,1,41.687165,-87.539315,WGS84,PM2.5 - Local Conditions,24 HOUR,PM25 24-hour 2012,2024-02-03,Micrograms/cubic meter (LC),,1,100.0,13.9,13.9,0,60.0,545.0,Met One E-SEQ-FRM PM2.5 with VSCC - Gravimetric,WASHINGTON HS,3535 E. 114TH ST.,Illinois,Cook,Chicago,"Chicago-Naperville-Elgin, IL-IN-WI",2024-11-19,pm25
17,31,22,88101,1,41.687165,-87.539315,WGS84,PM2.5 - Local Conditions,24 HOUR,PM25 24-hour 2012,2024-02-06,Micrograms/cubic meter (LC),,1,100.0,18.3,18.3,0,68.0,545.0,Met One E-SEQ-FRM PM2.5 with VSCC - Gravimetric,WASHINGTON HS,3535 E. 114TH ST.,Illinois,Cook,Chicago,"Chicago-Naperville-Elgin, IL-IN-WI",2024-11-19,pm25
17,31,22,88101,1,41.687165,-87.539315,WGS84,PM2.5 - Local Conditions,24 HOUR,PM25 24-hour 2012,2024-02-09,Micrograms/cubic meter (LC),,1,100.0,5.4,5.4,0,30.0,545.0,Met One E-SEQ-FRM PM2.5 with VSCC - Gravimetric,WASHINGTON HS,3535 E. 114TH ST.,Illinois,Cook,Chicago,"Chicago-Naperville-Elgin, IL-IN-WI",2024-11-19,pm25
17,31,22,88101,1,41.687165,-87.539315,WGS84,PM2.5 - Local Conditions,24 HOUR,PM25 24-hour 2012,2024-02-12,Micrograms/cubic meter (LC),,1,100.0,14.6,14.6,0,61.0,545.0,Met One E-SEQ-FRM PM2.5 with VSCC - Gravimetric,WASHINGTON HS,3535 E. 114TH ST.,Illinois,Cook,Chicago,"Chicago-Naperville-Elgin, IL-IN-WI",2024-11-19,pm25
17,31,22,88101,1,41.687165,-87.539315,WGS84,PM2.5 - Local Conditions,24 HOUR,PM25 24-hour 2012,2024-02-15,Micrograms/cubic meter (LC),,1,100.0,5.3,5.3,0,29.0,545.0,Met One E-SEQ-FRM PM2.5 with VSCC - Gravimetric,WASHINGTON HS,3535 E. 114TH ST.,Illinois,Cook,Chicago,"Chicago-Naperville-Elgin, IL-IN-WI",2024-11-19,pm25
17,31,22,88101,1,41.687165,-87.539315,WGS84,PM2.5 - Local Conditions,24 HOUR,PM25 24-hour 2012,2024-02-18,Micrograms/cubic meter (LC),,1,100.0,4.1,4.1,0,23.0,545.0,Met One E-SEQ-FRM PM2.5 with VSCC - Gravimetric,WASHINGTON HS,3535 E. 114TH ST.,Illinois,Cook,Chicago,"Chicago-Naperville-Elgin, IL-IN-WI",2024-11-19,pm25
17,31,22,88101,1,41.687165,-87.539315,WGS84,PM2.5 - Local Conditions,24 HOUR,PM25 24-hour 2012,2024-02-21,Micrograms/cubic meter (LC),,1,100.0,18.6,18.6,0,69.0,545.0,Met One E-SEQ-FRM PM2.5 with VSCC - Gravimetric,WASHINGTON HS,3535 E. 114TH ST.,Illinois,Cook,Chicago,"Chicago-Naperville-Elgin, IL-IN-WI",2024-11-19,pm25
17,31,22,88101,1,41.687165,-87.539315,WGS84,PM2.5 - Local Conditions,24 HOUR,PM25 24-hour 2012,2024-02-24,Micrograms/cubic meter (LC),,1,100.0,2.7,2.7,0,15.0,545.0,Met One E-SEQ-FRM PM2.5 with VSCC - Gravimetric,WASHINGTON HS,3535 E. 114TH ST.,Illinois,Cook,Chicago,"Chicago-Naperville-Elgin, IL-IN-WI",2024-11-19,pm25
17,31,22,88101,1,41.687165,-87.539315,WGS84,PM2.5 - Local Conditions,24 HOUR,PM25 24-hour 2012,2024-02-27,Micrograms/cubic meter (LC),,1,100.0,14.8,14.8,0,62.0,545.0,Met One E-SEQ-FRM PM2.5 with VSCC - Gravimetric,WASHINGTON HS,3535 E. 114TH ST.,Illinois,Cook,Chicago,"Chicago-Naperville-Elgin, IL-IN-WI",2024-11-19,pm25
17,31,22,88101,1,41.687165,-87.539315,WGS84,PM2.5 - Local Conditions,24 HOUR,PM25 24-hour 2012,2024-03-01,Micrograms/cubic meter (LC),,1,100.0,6.8,6.8,0,38.0,545.0,Met One E-SEQ-FRM PM2.5 with VSCC - Gravimetric,WASHINGTON HS,3535 E. 114TH ST.,Illinois,Cook,Chicago,"Chicago-Naperville-Elgin, IL-IN-WI",2024-11-19,pm25
17,31,22,88101,1,41.687165,-87.539315,WGS84,PM2.5 - Local Conditions,24 HOUR,PM25 24-hour 2012,2024-03-04,Micrograms/cubic meter (LC),,1,100.0,9.7,9.7,0,52.0,545.0,Met One E-SEQ-FRM PM2.5 with VSCC - Gravimetric,WASHINGTON HS,3535 E. 114TH ST.,Illinois,Cook,Chicago,"Chicago-Naperville-Elgin, IL-IN-WI",2024-11-19,pm25
17,31,22,88101,1,41.687165,-87.539315,WGS84,PM2.5 - Local Conditions,24 HOUR,PM25 24-hour 2012,2024-03-07,Micrograms/cubic meter (LC),,1,100.0,6.8,6.8,0,38.0,545.0,Met One E-SEQ-FRM PM2.5 with VSCC - Gravimetric,WASHINGTON HS,3535 E. 114TH ST.,Illinois,Cook,Chicago,"Chicago-Naperville-Elgin, IL-IN-WI",2024-11-19,pm25
17,31,22,88101,1,41.687165,-87.539315,WGS84,PM2.5 - Local Conditions,24 HOUR,PM25 24-hour 2012,2024-03-10,Micrograms/cubic meter (LC),,1,100.0,3.2,3.2,0,18.0,545.0,Met One E-SEQ-FRM PM2.5 with VSCC - Gravimetric,WASHINGTON HS,3535 E. 114TH ST.,Illinois,Cook,Chicago,"Chicago-Naperville-Elgin, IL-IN-WI",2024-11-19,pm25
17,31,22,88101,1,41.687165,-87.539315,WGS84,PM2.5 - Local Conditions,24 HOUR,PM25 24-hour 2012,2024-03-13,Micrograms/cubic meter (LC),,1,100.0,13.8,13.8,0,60.0,545.0,Met One E-SEQ-FRM PM2.5 with VSCC - Gravimetric,WASHINGTON HS,3535 E. 114TH ST.,Illinois,Cook,Chicago,"Chicago-Naperville-Elgin, IL-IN-WI",2024-11-19,pm25
17,31,22,88101,1,41.687165,-87.539315,WGS84,PM2.5 - Local Conditions,24 HOUR,PM25 24-hour 2012,2024-03-16,Micrograms/cubic meter (LC),,1,100.0,4.8,4.8,0,27.0,545.0,Met One E-SEQ-FRM PM2.5 with VSCC - Gravimetric,WASHINGTON HS,3535 E. 114TH ST.,Illinois,Cook,Chicago,"Chicago-Naperville-Elgin, IL-IN-WI",2024-11-19,pm25
17,31,22,88101,1,41.687165,-87.539315,WGS84,PM2.5 - Local Conditions,24 HOUR,PM25 24-hour 2012,2024-03-19,Micrograms/cubic meter (LC),,1,100.0,5.7,5.7,0,32.0,545.0,Met One E-SEQ-FRM PM2.5 with VSCC - Gravimetric,WASHINGTON HS,3535 E. 114TH ST.,Illinois,Cook,Chicago,"Chicago-Naperville-Elgin, IL-IN-WI",2024-11-19,pm25
17,31,22,88101,1,41.687165,-87.539315,WGS84,PM2.5 - Local Conditions,24 HOUR,PM25 24-hour 2012,2024-03-22,Micrograms/cubic meter (LC),,1,100.0,7.0,7.0,0,39.0,545.0,Met One E-SEQ-FRM PM2.5 with VSCC - Gravimetric,WASHINGTON HS,3535 E. 114TH ST.,Illinois,Cook,Chicago,"Chicago-Naperville-Elgin, IL-IN-WI",2024-11-19,pm25
17,31,22,88101,1,41.687165,-87.539315,WGS84,PM2.5 - Local Conditions,24 HOUR,PM25 24-hour 2012,2024-03-25,Micrograms/cubic meter (LC),,1,100.0,6.3,6.3,0,35.0,545.0,Met One E-SEQ-FRM PM2.5 with VSCC - Gravimetric,WASHINGTON HS,3535 E. 114TH ST.,Illinois,Cook,Chicago,"Chicago-Naperville-Elgin, IL-IN-WI",2024-11-19,pm25
17,31,22,88101,1,41.687165,-87.539315,WGS84,PM2.5 - Local Conditions,24 HOUR,PM25 24-hour 2012,2024-03-28,Micrograms/cubic meter (LC),,1,100.0,10.5,10.5,0,54.0,545.0,Met One E-SEQ-FRM PM2.5 with VSCC - Gravimetric,WASHINGTON HS,3535 E. 114TH ST.,Illinois,Cook,Chicago,"Chicago-Naperville-Elgin, IL-IN-WI",2024-11-19,pm25
17,31,22,88101,1,41.687165,-87.539315,WGS84,PM2.5 - Local Conditions,24 HOUR,PM25 24-hour 2012,2024-03-31,Micrograms/cubic meter (LC),,1,100.0,5.3,5.3,0,29.0,545.0,Met One E-SEQ-FRM PM2.5 with VSCC - Gravimetric,WASHINGTON HS,3535 E. 114TH ST.,Illinois,Cook,Chicago,"Chicago-Naperville-Elgin, IL-IN-WI",2024-11-19,pm25
17,31,22,88101,1,41.687165,-87.539315,WGS84,PM2.5 - Local Conditions,24 HOUR,PM25 24-hour 2012,2024-04-03,Micrograms/cubic meter (LC),,1,100.0,2.0,2.0,0,11.0,545.0,Met One E-SEQ-FRM PM2.5 with VSCC - Gravimetric,WASHINGTON HS,3535 E. 114TH ST.,Illinois,Cook,Chicago,"Chicago-Naperville-Elgin, IL-IN-WI",2024-11-19,pm25
17,31,22,88101,1,41.687165,-87.539315,WGS84,PM2.5 - Local Conditions,24 HOUR,PM25 24-hour 2012,2024-04-06,Micrograms/cubic meter (LC),,1,100.0,2.7,2.7,0,15.0,545.0,Met One E-SEQ-FRM PM2.5 with VSCC - Gravimetric,WASHINGTON HS,3535 E. 114TH ST.,Illinois,Cook,Chicago,"Chicago-Naperville-Elgin, IL-IN-WI",2024-11-19,pm25
17,31,22,88101,1,41.687165,-87.539315,WGS84,PM2.5 - Local Conditions,24 HOUR,PM25 24-hour 2012,2024-04-09,Micrograms/cubic meter (LC),,1,100.0,5.5,5.5,0,31.0,545.0,Met One E-SEQ-FRM PM2.5 with VSCC - Gravimetric,WASHINGTON HS,3535 E. 114TH ST.,Illinois,Cook,Chicago,"Chicago-Naperville-Elgin, IL-IN-WI",2024-11-19,pm25
17,31,22,88101,1,41.687165,-87.539315,WGS84,PM2.5 - Local Conditions,24 HOUR,PM25 24-hour 2012,2024-04-12,Micrograms/cubic meter (LC),,1,100.0,3.8,3.8,0,21.0,545.0,Met One E-SEQ-FRM PM2.5 with VSCC - Gravimetric,WASHINGTON HS,3535 E. 114TH ST.,Illinois,Cook,Chicago,"Chicago-Naperville-Elgin, IL-IN-WI",2024-11-19,pm25
17,31,22,88101,1,41.687165,-87.539315,WGS84,PM2.5 - Local Conditions,24 HOUR,PM25 24-hour 2012,2024-04-15,Micrograms/cubic meter (LC),,1,100.0,6.5,6.5,0,36.0,545.0,Met One E-SEQ-FRM PM2.5 with VSCC - Gravimetric,WASHINGTON HS,3535 E. 114TH ST.,Illinois,Cook,Chicago,"Chicago-Naperville-Elgin, IL-IN-WI",2024-11-19,pm25
17,31,22,88101,1,41.687165,-87.539315,WGS84,PM2.5 - Local Conditions,24 HOUR,PM25 24-hour 2012,2024-04-18,Micrograms/cubic meter (LC),,1,100.0,3.0,3.0,0,17.0,545.0,Met One E-SEQ-FRM PM2.5 with VSCC - Gravimetric,WASHINGTON HS,3535 E. 114TH ST.,Illinois,Cook,Chicago,"Chicago-Naperville-Elgin, IL-IN-WI",2024-11-19,pm25
17,31,22,88101,1,41.687165,-87.539315,WGS84,PM2.5 - Local Conditions,24 HOUR,PM25 24-hour 2012,2024-04-21,Micrograms/cubic meter (LC),,1,100.0,4.7,4.7,0,26.0,545.0,Met One E-SEQ-FRM PM2.5 with VSCC - Gravimetric,WASHINGTON HS,3535 E. 114TH ST.,Illinois,Cook,Chicago,"Chicago-Naperville-Elgin, IL-IN-WI",2024-11-19,pm25
17,31,22,88101,1,41.687165,-87.539315,WGS84,PM2.5 - Local Conditions,24 HOUR,PM25 24-hour 2012,2024-04-24,Micrograms/cubic meter (LC),,1,100.0,2.8,2.8,0,16.0,545.0,Met One E-SEQ-FRM PM2.5 with VSCC - Gravimetric,WASHINGTON HS,3535 E. 114TH ST.,Illinois,Cook,Chicago,"Chicago-Naperville-Elgin, IL-IN-WI",2024-11-19,pm25
17,31,22,88101,1,41.687165,-87.539315,WGS84,PM2.5 - Local Conditions,24 HOUR,PM25 24-hour 2012,2024-04-27,Micrograms/cubic meter (LC),,1,100.0,7.9,7.9,0,44.0,545.0,Met One E-SEQ-FRM PM2.5 with VSCC - Gravimetric,WASHINGTON HS,3535 E. 114TH ST.,Illinois,Cook,Chicago,"Chicago-Naperville-Elgin, IL-IN-WI",2024-11-19,pm25
17,31,22,88101,1,41.687165,-87.539315,WGS84,PM2.5 - Local Conditions,24 HOUR,PM25 24-hour 2012,2024-04-30,Micrograms/cubic meter (LC),,1,100.0,4.8,4.8,0,27.0,545.0,Met One E-SEQ-FRM PM2.5 with VSCC - Gravimetric,WASHINGTON HS,3535 E. 114TH ST.,Illinois,Cook,Chicago,"Chicago-Naperville-Elgin, IL-IN-WI",2024-11-19,pm25
17,31,22,88101,1,41.687165,-87.539315,WGS84,PM2.5 - Local Conditions,24 HOUR,PM25 24-hour 2012,2024-05-03,Micrograms/cubic meter (LC),,1,100.0,7.2,7.2,0,40.0,545.0,Met One E-SEQ-FRM PM2.5 with VSCC - Gravimetric,WASHINGTON HS,3535 E. 114TH ST.,Illinois,Cook,Chicago,"Chicago-Naperville-Elgin, IL-IN-WI",2024-11-19,pm25
17,31,22,88101,1,41.687165,-87.539315,WGS84,PM2.5 - Local Conditions,24 HOUR,PM25 24-hour 2012,2024-05-06,Micrograms/cubic meter (LC),,1,100.0,4.5,4.5,0,25.0,545.0,Met One E-SEQ-FRM PM2.5 with VSCC - Gravimetric,WASHINGTON HS,3535 E. 114TH ST.,Illinois,Cook,Chicago,"Chicago-Naperville-Elgin, IL-IN-WI",2024-11-19,pm25
17,31,22,88101,1,41.687165,-87.539315,WGS84,PM2.5 - Local Conditions,24 HOUR,PM25 24-hour 2012,2024-05-09,Micrograms/cubic meter (LC),,1,100.0,4.6,4.6,0,26.0,545.0,Met One E-SEQ-FRM PM2.5 with VSCC - Gravimetric,WASHINGTON HS,3535 E. 114TH ST.,Illinois,Cook,Chicago,"Chicago-Naperville-Elgin, IL-IN-WI",2024-11-19,pm25
17,31,22,88101,1,41.687165,-87.539315,WGS84,PM2.5 - Local Conditions,24 HOUR,PM25 24-hour 2012,2024-05-12,Micrograms/cubic meter (LC),,1,100.0,7.7,7.7,0,43.0,545.0,Met One E-SEQ-FRM PM2.5 with VSCC - Gravimetric,WASHINGTON HS,3535 E. 114TH ST.,Illinois,Cook,Chicago,"Chicago-Naperville-Elgin, IL-IN-WI",2024-11-19,pm25
17,31,22,88101,1,41.687165,-87.539315,WGS84,PM2.5 - Local Conditions,24 HOUR,PM25 24-hour 2012,2024-05-15,Micrograms/cubic meter (LC),,1,100.0,5.5,5.5,0,31.0,545.0,Met One E-SEQ-FRM PM2.5 with VSCC - Gravimetric,WASHINGTON HS,3535 E. 114TH ST.,Illinois,Cook,Chicago,"Chicago-Naperville-Elgin, IL-IN-WI",2024-11-19,pm25
17,31,22,88101,1,41.687165,-87.539315,WGS84,PM2.5 - Local Conditions,24 HOUR,PM25 24-hour 2012,2024-05-18,Micrograms/cubic meter (LC),,1,100.0,10.3,10.3,0,53.0,545.0,Met One E-SEQ-FRM PM2.5 with VSCC - Gravimetric,WASHINGTON HS,3535 E. 114TH ST.,Illinois,Cook,Chicago,"Chicago-Naperville-Elgin, IL-IN-WI",2024-11-19,pm25
17,31,22,88101,1,41.687165,-87.539315,WGS84,PM2.5 - Local Conditions,24 HOUR,PM25 24-hour 2012,2024-05-21,Micrograms/cubic meter (LC),,1,100.0,11.4,11.4,0,55.0,545.0,Met One E-SEQ-FRM PM2.5 with VSCC - Gravimetric,WASHINGTON HS,3535 E. 114TH ST.,Illinois,Cook,Chicago,"Chicago-Naperville-Elgin, IL-IN-WI",2024-11-19,pm25
17,31,22,88101,1,41.687165,-87.539315,WGS84,PM2.5 - Local Conditions,24 HOUR,PM25 24-hour 2012,2024-05-24,Micrograms/cubic meter (LC),,1,100.0,8.8,8.8,0,49.0,545.0,Met One E-SEQ-FRM PM2.5 with VSCC - Gravimetric,WASHINGTON HS,3535 E. 114TH ST.,Illinois,Cook,Chicago,"Chicago-Naperville-Elgin, IL-IN-WI",2024-11-19,pm25
17,31,22,88101,1,41.687165,-87.539315,WGS84,PM2.5 - Local Conditions,24 HOUR,PM25 24-hour 2012,2024-05-27,Micrograms/cubic meter (LC),,1,100.0,5.0,5.0,0,28.0,545.0,Met One E-SEQ-FRM PM2.5 with VSCC - Gravimetric,WASHINGTON HS,3535 E. 114TH ST.,Illinois,Cook,Chicago,"Chicago-Naperville-Elgin, IL-IN-WI",2024-11-19,pm25
17,31,22,88101,1,41.687165,-87.539315,WGS84,PM2.5 - Local Conditions,24 HOUR,PM25 24-hour 2012,2024-05-30,Micrograms/cubic meter (LC),,1,100.0,3.3,3.3,0,18.0,545.0,Met One E-SEQ-FRM PM2.5 with VSCC - Gravimetric,WASHINGTON HS,3535 E. 114TH ST.,Illinois,Cook,Chicago,"Chicago-Naperville-Elgin, IL-IN-WI",2024-11-19,pm25
17,31,22,88101,1,41.687165,-87.539315,WGS84,PM2.5 - Local Conditions,24 HOUR,PM25 24-hour 2012,2024-06-02,Micrograms/cubic meter (LC),,1,100.0,8.6,8.6,0,48.0,545.0,Met One E-SEQ-FRM PM2.5 with VSCC - Gravimetric,WASHINGTON HS,3535 E. 114TH ST.,Illinois,Cook,Chicago,"Chicago-Naperville-Elgin, IL-IN-WI",2024-11-19,pm25
17,31,22,88101,1,41.687165,-87.539315,WGS84,PM2.5 - Local Conditions,24 HOUR,PM25 24-hour 2012,2024-06-05,Micrograms/cubic meter (LC),,1,100.0,6.0,6.0,0,33.0,545.0,Met One E-SEQ-FRM PM2.5 with VSCC - Gravimetric,WASHINGTON HS,3535 E. 114TH ST.,Illinois,Cook,Chicago,"Chicago-Naperville-Elgin, IL-IN-WI",2024-11-19,pm25
17,31,22,88101,1,41.687165,-87.539315,WGS84,PM2.5 - Local Conditions,24 HOUR,PM25 24-hour 2012,2024-06-08,Micrograms/cubic meter (LC),,1,100.0,6.8,6.8,0,38.0,545.0,Met One E-SEQ-FRM PM2.5 with VSCC - Gravimetric,WASHINGTON HS,3535 E. 114TH ST.,Illinois,Cook,Chicago,"Chicago-Naperville-Elgin, IL-IN-WI",2024-11-19,pm25
17,31,22,88101,1,41.687165,-87.539315,WGS84,PM2.5 - Local Conditions,24 HOUR,PM25 24-hour 2012,2024-06-11,Micrograms/cubic meter (LC),,1,100.0,9.5,9.5,0,52.0,545.0,Met One E-SEQ-FRM PM2.5 with VSCC - Gravimetric,WASHINGTON HS,3535 E. 114TH ST.,Illinois,Cook,Chicago,"Chicago-Naperville-Elgin, IL-IN-WI",2024-11-19,pm25
17,31,22,88101,1,41.687165,-87.539315,WGS84,PM2.5 - Local Conditions,24 HOUR,PM25 24-hour 2012,2024-06-14,Micrograms/cubic meter (LC),,1,100.0,5.7,5.7,0,32.0,545.0,Met One E-SEQ-FRM PM2.5 with VSCC - Gravimetric,WASHINGTON HS,3535 E. 114TH ST.,Illinois,Cook,Chicago,"Chicago-Naperville-Elgin, IL-IN-WI",2024-11-19,pm25
17,31,22,88101,1,41.687165,-87.539315,WGS84,PM2.5 - Local Conditions,24 HOUR,PM25 24-hour 2012,2024-06-17,Micrograms/cubic meter (LC),,1,100.0,14.0,14.0,0,60.0,545.0,Met One E-SEQ-FRM PM2.5 with VSCC - Gravimetric,WASHINGTON HS,3535 E. 114TH ST.,Illinois,Cook,Chicago,"Chicago-Naperville-Elgin, IL-IN-WI",2024-11-19,pm25
17,31,22,88101,1,41.687165,-87.539315,WGS84,PM2.5 - Local Conditions,24 HOUR,PM25 24-hour 2012,2024-06-20,Micrograms/cubic meter (LC),,1,100.0,8.0,8.0,0,44.0,545.0,Met One E-SEQ-FRM PM2.5 with VSCC - Gravimetric,WASHINGTON HS,3535 E. 114TH ST.,Illinois,Cook,Chicago,"Chicago-Naperville-Elgin, IL-IN-WI",2024-11-19,pm25
17,31,22,88101,1,41.687165,-87.539315,WGS84,PM2.5 - Local Conditions,24 HOUR,PM25 24-hour 2012,2024-06-23,Micrograms/cubic meter (LC),,1,100.0,3.2,3.2,0,18.0,545.0,Met One E-SEQ-FRM PM2.5 with VSCC - Gravimetric,WASHINGTON HS,3535 E. 114TH ST.,Illinois,Cook,Chicago,"Chicago-Naperville-Elgin, IL-IN-WI",2024-11-19,pm25
17,31,22,88101,1,41.687165,-87.539315,WGS84,PM2.5 - Local Conditions,24 HOUR,PM25 24-hour 2012,2024-06-26,Micrograms/cubic meter (LC),,1,100.0,7.0,7.0,0,39.0,545.0,Met One E-SEQ-FRM PM2.5 with VSCC - Gravimetric,WASHINGTON HS,3535 E. 114TH ST.,Illinois,Cook,Chicago,"Chicago-Naperville-Elgin, IL-IN-WI",2024-11-19,pm25
17,31,22,88101,1,41.687165,-87.539315,WGS84,PM2.5 - Local Conditions,24 HOUR,PM25 24-hour 2012,2024-06-29,Micrograms/cubic meter (LC),,1,100.0,8.9,8.9,0,49.0,545.0,Met One E-SEQ-FRM PM2.5 with VSCC - Gravimetric,WASHINGTON HS,3535 E. 114TH ST.,Illinois,Cook,Chicago,"Chicago-Naperville-Elgin, IL-IN-WI",2024-11-19,pm25
17,31,22,88101,1,41.687165,-87.539315,WGS84,PM2.5 - Local Conditions,24 HOUR,PM25 24-hour 2012,2024-07-02,Micrograms/cubic meter (LC),,1,100.0,5.5,5.5,0,31.0,545.0,Met One E-SEQ-FRM PM2.5 with VSCC - Gravimetric,WASHINGTON HS,3535 E. 114TH ST.,Illinois,Cook,Chicago,"Chicago-Naperville-Elgin, IL-IN-WI",2024-11-19,pm25
17,31,22,88101,1,41.687165,-87.539315,WGS84,PM2.5 - Local Conditions,24 HOUR,PM25 24-hour 2012,2024-07-05,Micrograms/cubic meter (LC),,1,100.0,9.3,9.3,0,51.0,545.0,Met One E-SEQ-FRM PM2.5 with VSCC - Gravimetric,WASHINGTON HS,3535 E. 114TH ST.,Illinois,Cook,Chicago,"Chicago-Naperville-Elgin, IL-IN-WI",2024-11-19,pm25
17,31,22,88101,1,41.687165,-87.539315,WGS84,PM2.5 - Local Conditions,24 HOUR,PM25 24-hour 2012,2024-07-08,Micrograms/cubic meter (LC),,1,100.0,10.7,10.7,0,54.0,545.0,Met One E-SEQ-FRM PM2.5 with VSCC - Gravimetric,WASHINGTON HS,3535 E. 114TH ST.,Illinois,Cook,Chicago,"Chicago-Naperville-Elgin, IL-IN-WI",2024-11-19,pm25
17,31,22,88101,1,41.687165,-87.539315,WGS84,PM2.5 - Local Conditions,24 HOUR,PM25 24-hour 2012,2024-07-11,Micrograms/cubic meter (LC),,1,100.0,9.7,9.7,0,52.0,545.0,Met One E-SEQ-FRM PM2.5 with VSCC - Gravimetric,WASHINGTON HS,3535 E. 114TH ST.,Illinois,Cook,Chicago,"Chicago-Naperville-Elgin, IL-IN-WI",2024-11-19,pm25
17,31,22,88101,1,41.687165,-87.539315,WGS84,PM2.5 - Local Conditions,24 HOUR,PM25 24-hour 2012,2024-07-14,Micrograms/cubic meter (LC),,1,100.0,5.7,5.7,0,32.0,545.0,Met One E-SEQ-FRM PM2.5 with VSCC - Gravimetric,WASHINGTON HS,3535 E. 114TH ST.,Illinois,Cook,Chicago,"Chicago-Naperville-Elgin, IL-IN-WI",2024-11-19,pm25
17,31,22,88101,1,41.687165,-87.539315,WGS84,PM2.5 - Local Conditions,24 HOUR,PM25 24-hour 2012,2024-07-17,Micrograms/cubic meter (LC),,1,100.0,7.9,7.9,0,44.0,545.0,Met One E-SEQ-FRM PM2.5 with VSCC - Gravimetric,WASHINGTON HS,3535 E. 114TH ST.,Illinois,Cook,Chicago,"Chicago-Naperville-Elgin, IL-IN-WI",2024-11-19,pm25
17,31,22,88101,1,41.687165,-87.539315,WGS84,PM2.5 - Local Conditions,24 HOUR,PM25 24-hour 2012,2024-07-20,Micrograms/cubic meter (LC),,1,100.0,12.7,12.7,0,58.0,545.0,Met One E-SEQ-FRM PM2.5 with VSCC - Gravimetric,WASHINGTON HS,3535 E. 114TH ST.,Illinois,Cook,Chicago,"Chicago-Naperville-Elgin, IL-IN-WI",2024-11-19,pm25
17,31,22,88101,1,41.687165,-87.539315,WGS84,PM2.5 - Local Conditions,24 HOUR,PM25 24-hour 2012,2024-07-23,Micrograms/cubic meter (LC),,1,100.0,16.6,16.6,0,65.0,545.0,Met One E-SEQ-FRM PM2.5 with VSCC - Gravimetric,WASHINGTON HS,3535 E. 114TH ST.,Illinois,Cook,Chicago,"Chicago-Naperville-Elgin, IL-IN-WI",2024-11-19,pm25
17,31,22,88101,1,41.687165,-87.539315,WGS84,PM2.5 - Local Conditions,24 HOUR,PM25 24-hour 2012,2024-07-26,Micrograms/cubic meter (LC),,1,100.0,8.3,8.3,0,46.0,545.0,Met One E-SEQ-FRM PM2.5 with VSCC - Gravimetric,WASHINGTON HS,3535 E. 114TH ST.,Illinois,Cook,Chicago,"Chicago-Naperville-Elgin, IL-IN-WI",2024-11-19,pm25
17,31,22,88101,1,41.687165,-87.539315,WGS84,PM2.5 - Local Conditions,24 HOUR,PM25 24-hour 2012,2024-07-29,Micrograms/cubic meter (LC),,1,100.0,6.8,6.8,0,38.0,545.0,Met One E-SEQ-FRM PM2.5 with VSCC - Gravimetric,WASHINGTON HS,3535 E. 114TH ST.,Illinois,Cook,Chicago,"Chicago-Naperville-Elgin, IL-IN-WI",2024-11-19,pm25
17,31,22,88101,1,41.687165,-87.539315,WGS84,PM2.5 - Local Conditions,24 HOUR,PM25 24-hour 2012,2024-08-01,Micrograms/cubic meter (LC),,1,100.0,7.7,7.7,0,43.0,545.0,Met One E-SEQ-FRM PM2.5 with VSCC - Gravimetric,WASHINGTON HS,3535 E. 114TH ST.,Illinois,Cook,Chicago,"Chicago-Naperville-Elgin, IL-IN-WI",2024-11-19,pm25
17,31,22,88101,1,41.687165,-87.539315,WGS84,PM2.5 - Local Conditions,24 HOUR,PM25 24-hour 2012,2024-08-04,Micrograms/cubic meter (LC),,1,100.0,10.2,10.2,0,53.0,545.0,Met One E-SEQ-FRM PM2.5 with VSCC - Gravimetric,WASHINGTON HS,3535 E. 114TH ST.,Illinois,Cook,Chicago,"Chicago-Naperville-Elgin, IL-IN-WI",2024-11-19,pm25
17,31,22,88101,1,41.687165,-87.539315,WGS84,PM2.5 - Local Conditions,24 HOUR,PM25 24-hour 2012,2024-08-07,Micrograms/cubic meter (LC),,1,100.0,5.0,5.0,0,28.0,545.0,Met One E-SEQ-FRM PM2.5 with VSCC - Gravimetric,WASHINGTON HS,3535 E. 114TH ST.,Illinois,Cook,Chicago,"Chicago-Naperville-Elgin, IL-IN-WI",2024-11-19,pm25
17,31,22,88101,1,41.687165,-87.539315,WGS84,PM2.5 - Local Conditions,24 HOUR,PM25 24-hour 2012,2024-08-10,Micrograms/cubic meter (LC),,1,100.0,4.9,4.9,0,27.0,545.0,Met One E-SEQ-FRM PM2.5 with VSCC - Gravimetric,WASHINGTON HS,3535 E. 114TH ST.,Illinois,Cook,Chicago,"Chicago-Naperville-Elgin, IL-IN-WI",2024-11-19,pm25
17,31,22,88101,1,41.687165,-87.539315,WGS84,PM2.5 - Local Conditions,24 HOUR,PM25 24-hour 2012,2024-08-13,Micrograms/cubic meter (LC),,1,100.0,10.4,10.4,0,53.0,545.0,Met One E-SEQ-FRM PM2.5 with VSCC - Gravimetric,WASHINGTON HS,3535 E. 114TH ST.,Illinois,Cook,Chicago,"Chicago-Naperville-Elgin, IL-IN-WI",2024-11-19,pm25
17,31,22,88101,1,41.687165,-87.539315,WGS84,PM2.5 - Local Conditions,24 HOUR,PM25 24-hour 2012,2024-08-16,Micrograms/cubic meter (LC),,1,100.0,7.6,7.6,0,42.0,545.0,Met One E-SEQ-FRM PM2.5 with VSCC - Gravimetric,WASHINGTON HS,3535 E. 114TH ST.,Illinois,Cook,Chicago,"Chicago-Naperville-Elgin, IL-IN-WI",2024-11-19,pm25
17,31,22,88101,1,41.687165,-87.539315,WGS84,PM2.5 - Local Conditions,24 HOUR,PM25 24-hour 2012,2024-08-19,Micrograms/cubic meter (LC),,1,100.0,9.0,9.0,0,50.0,545.0,Met One E-SEQ-FRM PM2.5 with VSCC - Gravimetric,WASHINGTON HS,3535 E. 114TH ST.,Illinois,Cook,Chicago,"Chicago-Naperville-Elgin, IL-IN-WI",2024-11-19,pm25
17,31,22,88101,1,41.687165,-87.539315,WGS84,PM2.5 - Local Conditions,24 HOUR,PM25 24-hour 2012,2024-08-22,Micrograms/cubic meter (LC),,1,100.0,9.9,9.9,0,52.0,545.0,Met One E-SEQ-FRM PM2.5 with VSCC - Gravimetric,WASHINGTON HS,3535 E. 114TH ST.,Illinois,Cook,Chicago,"Chicago-Naperville-Elgin, IL-IN-WI",2024-11-19,pm25
17,31,22,88101,1,41.687165,-87.539315,WGS84,PM2.5 - Local Conditions,24 HOUR,PM25 24-hour 2012,2024-08-25,Micrograms/cubic meter (LC),,1,100.0,12.5,12.5,0,57.0,545.0,Met One E-SEQ-FRM PM2.5 with VSCC - Gravimetric,WASHINGTON HS,3535 E. 114TH ST.,Illinois,Cook,Chicago,"Chicago-Naperville-Elgin, IL-IN-WI",2024-11-19,pm25
17,31,22,88101,1,41.687165,-87.539315,WGS84,PM2.5 - Local Conditions,24 HOUR,PM25 24-hour 2012,2024-08-28,Micrograms/cubic meter (LC),,1,100.0,4.5,4.5,0,25.0,545.0,Met One E-SEQ-FRM PM2.5 with VSCC - Gravimetric,WASHINGTON HS,3535 E. 114TH ST.,Illinois,Cook,Chicago,"Chicago-Naperville-Elgin, IL-IN-WI",2024-11-19,pm25
17,31,22,88101,1,41.687165,-87.539315,WGS84,PM2.5 - Local Conditions,24 HOUR,PM25 24-hour 2012,2024-08-31,Micrograms/cubic meter (LC),,1,100.0,6.6,6.6,0,37.0,545.0,Met One E-SEQ-FRM PM2.5 with VSCC - Gravimetric,WASHINGTON HS,3535 E. 114TH ST.,Illinois,Cook,Chicago,"Chicago-Naperville-Elgin, IL-IN-WI",2024-11-19,pm25
17,31,22,88101,1,41.687165,-87.539315,WGS84,PM2.5 - Local Conditions,24 HOUR,PM25 24-hour 2012,2024-09-03,Micrograms/cubic meter (LC),,1,100.0,7.2,7.2,0,40.0,545.0,Met One E-SEQ-FRM PM2.5 with VSCC - Gravimetric,WASHINGTON HS,3535 E. 114TH ST.,Illinois,Cook,Chicago,"Chicago-Naperville-Elgin, IL-IN-WI",2024-11-19,pm25
17,31,22,88101,1,41.687165,-87.539315,WGS84,PM2.5 - Local Conditions,24 HOUR,PM25 24-hour 2012,2024-09-11,Micrograms/cubic meter (LC),,1,100.0,11.9,11.9,0,56.0,545.0,Met One E-SEQ-FRM PM2.5 with VSCC - Gravimetric,WASHINGTON HS,3535 E. 114TH ST.,Illinois,Cook,Chicago,"Chicago-Naperville-Elgin, IL-IN-WI",2024-11-19,pm25
17,31,22,88101,1,41.687165,-87.539315,WGS84,PM2.5 - Local Conditions,24 HOUR,PM25 24-hour 2012,2024-09-12,Micrograms/cubic meter (LC),,1,100.0,11.5,11.5,0,55.0,545.0,Met One E-SEQ-FRM PM2.5 with VSCC - Gravimetric,WASHINGTON HS,3535 E. 114TH ST.,Illinois,Cook,Chicago,"Chicago-Naperville-Elgin, IL-IN-WI",2024-11-19,pm25
17,31,22,88101,1,41.687165,-87.539315,WGS84,PM2.5 - Local Conditions,24 HOUR,PM25 24-hour 2012,2024-09-13,Micrograms/cubic meter (LC),,1,100.0,12.3,12.3,0,57.0,545.0,Met One E-SEQ-FRM PM2.5 with VSCC - Gravimetric,WASHINGTON HS,3535 E. 114TH ST.,Illinois,Cook,Chicago,"Chicago-Naperville-Elgin, IL-IN-WI",2024-11-19,pm25
17,31,22,88101,1,41.687165,-87.539315,WGS84,PM2.5 - Local Conditions,24 HOUR,PM25 24-hour 2012,2024-09-15,Micrograms/cubic meter (LC),,1,100.0,8.2,8.2,0,46.0,545.0,Met One E-SEQ-FRM PM2.5 with VSCC - Gravimetric,WASHINGTON HS,3535 E. 114TH ST.,Illinois,Cook,Chicago,"Chicago-Naperville-Elgin, IL-IN-WI",2024-11-19,pm25
17,31,22,88101,1,41.687165,-87.539315,WGS84,PM2.5 - Local Conditions,24 HOUR,PM25 24-hour 2012,2024-09-18,Micrograms/cubic meter (LC),,1,100.0,14.0,14.0,0,60.0,545.0,Met One E-SEQ-FRM PM2.5 with VSCC - Gravimetric,WASHINGTON HS,3535 E. 114TH ST.,Illinois,Cook,Chicago,"Chicago-Naperville-Elgin, IL-IN-WI",2024-11-19,pm25
17,31,22,88101,1,41.687165,-87.539315,WGS84,PM2.5 - Local Conditions,24 HOUR,PM25 24-hour 2012,2024-09-21,Micrograms/cubic meter (LC),,1,100.0,14.8,14.8,0,62.0,545.0,Met One E-SEQ-FRM PM2.5 with VSCC - Gravimetric,WASHINGTON HS,3535 E. 114TH ST.,Illinois,Cook,Chicago,"Chicago-Naperville-Elgin, IL-IN-WI",2024-11-19,pm25
17,31,22,88101,1,41.687165,-87.539315,WGS84,PM2.5 - Local Conditions,24 HOUR,PM25 24-hour 2012,2024-09-24,Micrograms/cubic meter (LC),,1,100.0,6.0,6.0,0,33.0,545.0,Met One E-SEQ-FRM PM2.5 with VSCC - Gravimetric,WASHINGTON HS,3535 E. 114TH ST.,Illinois,Cook,Chicago,"Chicago-Naperville-Elgin, IL-IN-WI",2024-11-19,pm25
17,31,22,88101,1,41.687165,-87.539315,WGS84,PM2.5 - Local Conditions,24 HOUR,PM25 24-hour 2012,2024-09-27,Micrograms/cubic meter (LC),,1,100.0,4.3,4.3,0,24.0,545.0,Met One E-SEQ-FRM PM2.5 with VSCC - Gravimetric,WASHINGTON HS,3535 E. 114TH ST.,Illinois,Cook,Chicago,"Chicago-Naperville-Elgin, IL-IN-WI",2024-11-19,pm25
17,31,22,88101,1,41.687165,-87.539315,WGS84,PM2.5 - Local Conditions,24 HOUR,PM25 24-hour 2012,2024-09-30,Micrograms/cubic meter (LC),,1,100.0,6.3,6.3,0,35.0,545.0,Met One E-SEQ-FRM PM2.5 with VSCC - Gravimetric,WASHINGTON HS,3535 E. 114TH ST.,Illinois,Cook,Chicago,"Chicago-Naperville-Elgin, IL-IN-WI",2024-11-19,pm25
17,31,52,88101,1,41.965485,-87.749928,WGS84,PM2.5 - Local Conditions,24 HOUR,PM25 24-hour 2012,2024-01-03,Micrograms/cubic meter (LC),,1,100.0,6.4,6.4,0,36.0,545.0,Met One E-SEQ-FRM PM2.5 with VSCC - Gravimetric,MAYFAIR PUMP STATION,4850 WILSON AVE.,Illinois,Cook,Chicago,"Chicago-Naperville-Elgin, IL-IN-WI",2024-11-19,pm25
17,31,52,88101,1,41.965485,-87.749928,WGS84,PM2.5 - Local Conditions,24 HOUR,PM25 24-hour 2012,2024-01-04,Micrograms/cubic meter (LC),,1,100.0,3.3,3.3,0,18.0,545.0,Met One E-SEQ-FRM PM2.5 with VSCC - Gravimetric,MAYFAIR PUMP STATION,4850 WILSON AVE.,Illinois,Cook,Chicago,"Chicago-Naperville-Elgin, IL-IN-WI",2024-11-19,pm25
17,31,52,88101,1,41.965485,-87.749928,WGS84,PM2.5 - Local Conditions,24 HOUR,PM25 24-hour 2012,2024-01-05,Micrograms/cubic meter (LC),,1,100.0,11.8,11.8,0,56.0,545.0,Met One E-SEQ-FRM PM2.5 with VSCC - Gravimetric,MAYFAIR PUMP STATION,4850 WILSON AVE.,Illinois,Cook,Chicago,"Chicago-Naperville-Elgin, IL-IN-WI",2024-11-19,pm25
17,31,52,88101,1,41.965485,-87.749928,WGS84,PM2.5 - Local Conditions,24 HOUR,PM25 24-hour 2012,2024-01-07,Micrograms/cubic meter (LC),,1,100.0,17.4,17.4,0,66.0,545.0,Met One E-SEQ-FRM PM2.5 with VSCC - Gravimetric,MAYFAIR PUMP STATION,4850 WILSON AVE.,Illinois,Cook,Chicago,"Chicago-Naperville-Elgin, IL-IN-WI",2024-11-19,pm25
17,31,52,88101,1,41.965485,-87.749928,WGS84,PM2.5 - Local Conditions,24 HOUR,PM25 24-hour 2012,2024-01-10,Micrograms/cubic meter (LC),,1,100.0,5.9,5.9,0,33.0,545.0,Met One E-SEQ-FRM PM2.5 with VSCC - Gravimetric,MAYFAIR PUMP STATION,4850 WILSON AVE.,Illinois,Cook,Chicago,"Chicago-Naperville-Elgin, IL-IN-WI",2024-11-19,pm25
17,31,52,88101,1,41.965485,-87.749928,WGS84,PM2.5 - Local Conditions,24 HOUR,PM25 24-hour 2012,2024-01-18,Micrograms/cubic meter (LC),,1,100.0,13.6,13.6,0,59.0,545.0,Met One E-SEQ-FRM PM2.5 with VSCC - Gravimetric,MAYFAIR PUMP STATION,4850 WILSON AVE.,Illinois,Cook,Chicago,"Chicago-Naperville-Elgin, IL-IN-WI",2024-11-19,pm25
17,31,52,88101,1,41.965485,-87.749928,WGS84,PM2.5 - Local Conditions,24 HOUR,PM25 24-hour 2012,2024-01-19,Micrograms/cubic meter (LC),,1,100.0,5.7,5.7,0,32.0,545.0,Met One E-SEQ-FRM PM2.5 with VSCC - Gravimetric,MAYFAIR PUMP STATION,4850 WILSON AVE.,Illinois,Cook,Chicago,"Chicago-Naperville-Elgin, IL-IN-WI",2024-11-19,pm25
17,31,52,88101,1,41.965485,-87.749928,WGS84,PM2.5 - Local Conditions,24 HOUR,PM25 24-hour 2012,2024-01-20,Micrograms/cubic meter (LC),,1,100.0,7.1,7.1,0,39.0,545.0,Met One E-SEQ-FRM PM2.5 with VSCC - Gravimetric,MAYFAIR PUMP STATION,4850 WILSON AVE.,Illinois,Cook,Chicago,"Chicago-Naperville-Elgin, IL-IN-WI",2024-11-19,pm25
17,31,52,88101,1,41.965485,-87.749928,WGS84,PM2.5 - Local Conditions,24 HOUR,PM25 24-hour 2012,2024-01-31,Micrograms/cubic meter (LC),,1,100.0,7.3,7.3,0,41.0,545.0,Met One E-SEQ-FRM PM2.5 with VSCC - Gravimetric,MAYFAIR PUMP STATION,4850 WILSON AVE.,Illinois,Cook,Chicago,"Chicago-Naperville-Elgin, IL-IN-WI",2024-11-19,pm25
17,31,52,88101,1,41.965485,-87.749928,WGS84,PM2.5 - Local Conditions,24 HOUR,PM25 24-hour 2012,2024-02-01,Micrograms/cubic meter (LC),,1,100.0,9.2,9.2,0,51.0,545.0,Met One E-SEQ-FRM PM2.5 with VSCC - Gravimetric,MAYFAIR PUMP STATION,4850 WILSON AVE.,Illinois,Cook,Chicago,"Chicago-Naperville-Elgin, IL-IN-WI",2024-11-19,pm25
17,31,52,88101,1,41.965485,-87.749928,WGS84,PM2.5 - Local Conditions,24 HOUR,PM25 24-hour 2012,2024-02-03,Micrograms/cubic meter (LC),,1,100.0,14.0,14.0,0,60.0,545.0,Met One E-SEQ-FRM PM2.5 with VSCC - Gravimetric,MAYFAIR PUMP STATION,4850 WILSON AVE.,Illinois,Cook,Chicago,"Chicago-Naperville-Elgin, IL-IN-WI",2024-11-19,pm25
17,31,52,88101,1,41.965485,-87.749928,WGS84,PM2.5 - Local Conditions,24 HOUR,PM25 24-hour 2012,2024-02-06,Micrograms/cubic meter (LC),,1,100.0,21.3,21.3,0,74.0,545.0,Met One E-SEQ-FRM PM2.5 with VSCC - Gravimetric,MAYFAIR PUMP STATION,4850 WILSON AVE.,Illinois,Cook,Chicago,"Chicago-Naperville-Elgin, IL-IN-WI",2024-11-19,pm25
17,31,52,88101,1,41.965485,-87.749928,WGS84,PM2.5 - Local Conditions,24 HOUR,PM25 24-hour 2012,2024-02-09,Micrograms/cubic meter (LC),,1,100.0,3.5,3.5,0,19.0,545.0,Met One E-SEQ-FRM PM2.5 with VSCC - Gravimetric,MAYFAIR PUMP STATION,4850 WILSON AVE.,Illinois,Cook,Chicago,"Chicago-Naperville-Elgin, IL-IN-WI",2024-11-19,pm25
17,31,52,88101,1,41.965485,-87.749928,WGS84,PM2.5 - Local Conditions,24 HOUR,PM25 24-hour 2012,2024-02-12,Micrograms/cubic meter (LC),,1,100.0,11.5,11.5,0,55.0,545.0,Met One E-SEQ-FRM PM2.5 with VSCC - Gravimetric,MAYFAIR PUMP STATION,4850 WILSON AVE.,Illinois,Cook,Chicago,"Chicago-Naperville-Elgin, IL-IN-WI",2024-11-19,pm25
17,31,52,88101,1,41.965485,-87.749928,WGS84,PM2.5 - Local Conditions,24 HOUR,PM25 24-hour 2012,2024-02-15,Micrograms/cubic meter (LC),,1,100.0,5.4,5.4,0,30.0,545.0,Met One E-SEQ-FRM PM2.5 with VSCC - Gravimetric,MAYFAIR PUMP STATION,4850 WILSON AVE.,Illinois,Cook,Chicago,"Chicago-Naperville-Elgin, IL-IN-WI",2024-11-19,pm25
17,31,52,88101,1,41.965485,-87.749928,WGS84,PM2.5 - Local Conditions,24 HOUR,PM25 24-hour 2012,2024-02-18,Micrograms/cubic meter (LC),,1,100.0,5.5,5.5,0,31.0,545.0,Met One E-SEQ-FRM PM2.5 with VSCC - Gravimetric,MAYFAIR PUMP STATION,4850 WILSON AVE.,Illinois,Cook,Chicago,"Chicago-Naperville-Elgin, IL-IN-WI",2024-11-19,pm25
17,31,52,88101,1,41.965485,-87.749928,WGS84,PM2.5 - Local Conditions,24 HOUR,PM25 24-hour 2012,2024-02-21,Micrograms/cubic meter (LC),,1,100.0,17.1,17.1,0,66.0,545.0,Met One E-SEQ-FRM PM2.5 with VSCC - Gravimetric,MAYFAIR PUMP STATION,4850 WILSON AVE.,Illinois,Cook,Chicago,"Chicago-Naperville-Elgin, IL-IN-WI",2024-11-19,pm25
17,31,52,88101,1,41.965485,-87.749928,WGS84,PM2.5 - Local Conditions,24 HOUR,PM25 24-hour 2012,2024-02-24,Micrograms/cubic meter (LC),,1,100.0,2.4,2.4,0,13.0,545.0,Met One E-SEQ-FRM PM2.5 with VSCC - Gravimetric,MAYFAIR PUMP STATION,4850 WILSON AVE.,Illinois,Cook,Chicago,"Chicago-Naperville-Elgin, IL-IN-WI",2024-11-19,pm25
17,31,52,88101,1,41.965485,-87.749928,WGS84,PM2.5 - Local Conditions,24 HOUR,PM25 24-hour 2012,2024-02-27,Micrograms/cubic meter (LC),,1,100.0,15.9,15.9,0,64.0,545.0,Met One E-SEQ-FRM PM2.5 with VSCC - Gravimetric,MAYFAIR PUMP STATION,4850 WILSON AVE.,Illinois,Cook,Chicago,"Chicago-Naperville-Elgin, IL-IN-WI",2024-11-19,pm25
17,31,52,88101,1,41.965485,-87.749928,WGS84,PM2.5 - Local Conditions,24 HOUR,PM25 24-hour 2012,2024-03-01,Micrograms/cubic meter (LC),,1,100.0,8.5,8.5,0,47.0,545.0,Met One E-SEQ-FRM PM2.5 with VSCC - Gravimetric,MAYFAIR PUMP STATION,4850 WILSON AVE.,Illinois,Cook,Chicago,"Chicago-Naperville-Elgin, IL-IN-WI",2024-11-19,pm25
17,31,52,88101,1,41.965485,-87.749928,WGS84,PM2.5 - Local Conditions,24 HOUR,PM25 24-hour 2012,2024-03-04,Micrograms/cubic meter (LC),,1,100.0,11.0,11.0,0,55.0,545.0,Met One E-SEQ-FRM PM2.5 with VSCC - Gravimetric,MAYFAIR PUMP STATION,4850 WILSON AVE.,Illinois,Cook,Chicago,"Chicago-Naperville-Elgin, IL-IN-WI",2024-11-19,pm25
17,31,52,88101,1,41.965485,-87.749928,WGS84,PM2.5 - Local Conditions,24 HOUR,PM25 24-hour 2012,2024-03-07,Micrograms/cubic meter (LC),,1,100.0,7.2,7.2,0,40.0,545.0,Met One E-SEQ-FRM PM2.5 with VSCC - Gravimetric,MAYFAIR PUMP STATION,4850 WILSON AVE.,Illinois,Cook,Chicago,"Chicago-Naperville-Elgin, IL-IN-WI",2024-11-19,pm25
17,31,52,88101,1,41.965485,-87.749928,WGS84,PM2.5 - Local Conditions,24 HOUR,PM25 24-hour 2012,2024-03-10,Micrograms/cubic meter (LC),,1,100.0,3.3,3.3,0,18.0,545.0,Met One E-SEQ-FRM PM2.5 with VSCC - Gravimetric,MAYFAIR PUMP STATION,4850 WILSON AVE.,Illinois,Cook,Chicago,"Chicago-Naperville-Elgin, IL-IN-WI",2024-11-19,pm25
17,31,52,88101,1,41.965485,-87.749928,WGS84,PM2.5 - Local Conditions,24 HOUR,PM25 24-hour 2012,2024-03-13,Micrograms/cubic meter (LC),,1,100.0,12.0,12.0,0,56.0,545.0,Met One E-SEQ-FRM PM2.5 with VSCC - Gravimetric,MAYFAIR PUMP STATION,4850 WILSON AVE.,Illinois,Cook,Chicago,"Chicago-Naperville-Elgin, IL-IN-WI",2024-11-19,pm25
17,31,52,88101,1,41.965485,-87.749928,WGS84,PM2.5 - Local Conditions,24 HOUR,PM25 24-hour 2012,2024-03-20,Micrograms/cubic meter (LC),,1,100.0,2.7,2.7,0,15.0,545.0,Met One E-SEQ-FRM PM2.5 with VSCC - Gravimetric,MAYFAIR PUMP STATION,4850 WILSON AVE.,Illinois,Cook,Chicago,"Chicago-Naperville-Elgin, IL-IN-WI",2024-11-19,pm25
17,31,52,88101,1,41.965485,-87.749928,WGS84,PM2.5 - Local Conditions,24 HOUR,PM25 24-hour 2012,2024-03-23,Micrograms/cubic meter (LC),,1,100.0,3.0,3.0,0,17.0,545.0,Met One E-SEQ-FRM PM2.5 with VSCC - Gravimetric,MAYFAIR PUMP STATION,4850 WILSON AVE.,Illinois,Cook,Chicago,"Chicago-Naperville-Elgin, IL-IN-WI",2024-11-19,pm25
17,31,52,88101,1,41.965485,-87.749928,WGS84,PM2.5 - Local Conditions,24 HOUR,PM25 24-hour 2012,2024-03-25,Micrograms/cubic meter (LC),,1,100.0,7.5,7.5,0,42.0,545.0,Met One E-SEQ-FRM PM2.5 with VSCC - Gravimetric,MAYFAIR PUMP STATION,4850 WILSON AVE.,Illinois,Cook,Chicago,"Chicago-Naperville-Elgin, IL-IN-WI",2024-11-19,pm25
17,31,52,88101,1,41.965485,-87.749928,WGS84,PM2.5 - Local Conditions,24 HOUR,PM25 24-hour 2012,2024-03-26,Micrograms/cubic meter (LC),,1,100.0,5.0,5.0,0,28.0,545.0,Met One E-SEQ-FRM PM2.5 with VSCC - Gravimetric,MAYFAIR PUMP STATION,4850 WILSON AVE.,Illinois,Cook,Chicago,"Chicago-Naperville-Elgin, IL-IN-WI",2024-11-19,pm25
17,31,52,88101,1,41.965485,-87.749928,WGS84,PM2.5 - Local Conditions,24 HOUR,PM25 24-hour 2012,2024-03-28,Micrograms/cubic meter (LC),,1,100.0,8.4,8.4,0,47.0,545.0,Met One E-SEQ-FRM PM2.5 with VSCC - Gravimetric,MAYFAIR PUMP STATION,4850 WILSON AVE.,Illinois,Cook,Chicago,"Chicago-Naperville-Elgin, IL-IN-WI",2024-11-19,pm25
17,31,52,88101,1,41.965485,-87.749928,WGS84,PM2.5 - Local Conditions,24 HOUR,PM25 24-hour 2012,2024-03-31,Micrograms/cubic meter (LC),,1,100.0,3.8,3.8,0,21.0,545.0,Met One E-SEQ-FRM PM2.5 with VSCC - Gravimetric,MAYFAIR PUMP STATION,4850 WILSON AVE.,Illinois,Cook,Chicago,"Chicago-Naperville-Elgin, IL-IN-WI",2024-11-19,pm25
17,31,52,88101,1,41.965485,-87.749928,WGS84,PM2.5 - Local Conditions,24 HOUR,PM25 24-hour 2012,2024-04-03,Micrograms/cubic meter (LC),,1,100.0,1.7,1.7,0,9.0,545.0,Met One E-SEQ-FRM PM2.5 with VSCC - Gravimetric,MAYFAIR PUMP STATION,4850 WILSON AVE.,Illinois,Cook,Chicago,"Chicago-Naperville-Elgin, IL-IN-WI",2024-11-19,pm25
17,31,52,88101,1,41.965485,-87.749928,WGS84,PM2.5 - Local Conditions,24 HOUR,PM25 24-hour 2012,2024-04-06,Micrograms/cubic meter (LC),,1,100.0,2.9,2.9,0,16.0,545.0,Met One E-SEQ-FRM PM2.5 with VSCC - Gravimetric,MAYFAIR PUMP STATION,4850 WILSON AVE.,Illinois,Cook,Chicago,"Chicago-Naperville-Elgin, IL-IN-WI",2024-11-19,pm25
17,31,52,88101,1,41.965485,-87.749928,WGS84,PM2.5 - Local Conditions,24 HOUR,PM25 24-hour 2012,2024-04-09,Micrograms/cubic meter (LC),,1,100.0,4.8,4.8,0,27.0,545.0,Met One E-SEQ-FRM PM2.5 with VSCC - Gravimetric,MAYFAIR PUMP STATION,4850 WILSON AVE.,Illinois,Cook,Chicago,"Chicago-Naperville-Elgin, IL-IN-WI",2024-11-19,pm25
17,31,52,88101,1,41.965485,-87.749928,WGS84,PM2.5 - Local Conditions,24 HOUR,PM25 24-hour 2012,2024-04-12,Micrograms/cubic meter (LC),,1,100.0,3.6,3.6,0,20.0,545.0,Met One E-SEQ-FRM PM2.5 with VSCC - Gravimetric,MAYFAIR PUMP STATION,4850 WILSON AVE.,Illinois,Cook,Chicago,"Chicago-Naperville-Elgin, IL-IN-WI",2024-11-19,pm25
17,31,52,88101,1,41.965485,-87.749928,WGS84,PM2.5 - Local Conditions,24 HOUR,PM25 24-hour 2012,2024-04-15,Micrograms/cubic meter (LC),,1,100.0,5.3,5.3,0,29.0,545.0,Met One E-SEQ-FRM PM2.5 with VSCC - Gravimetric,MAYFAIR PUMP STATION,4850 WILSON AVE.,Illinois,Cook,Chicago,"Chicago-Naperville-Elgin, IL-IN-WI",2024-11-19,pm25
17,31,52,88101,1,41.965485,-87.749928,WGS84,PM2.5 - Local Conditions,24 HOUR,PM25 24-hour 2012,2024-04-18,Micrograms/cubic meter (LC),,1,100.0,3.3,3.3,0,18.0,545.0,Met One E-SEQ-FRM PM2.5 with VSCC - Gravimetric,MAYFAIR PUMP STATION,4850 WILSON AVE.,Illinois,Cook,Chicago,"Chicago-Naperville-Elgin, IL-IN-WI",2024-11-19,pm25
17,31,52,88101,1,41.965485,-87.749928,WGS84,PM2.5 - Local Conditions,24 HOUR,PM25 24-hour 2012,2024-04-21,Micrograms/cubic meter (LC),,1,100.0,3.6,3.6,0,20.0,545.0,Met One E-SEQ-FRM PM2.5 with VSCC - Gravimetric,MAYFAIR PUMP STATION,4850 WILSON AVE.,Illinois,Cook,Chicago,"Chicago-Naperville-Elgin, IL-IN-WI",2024-11-19,pm25
17,31,52,88101,1,41.965485,-87.749928,WGS84,PM2.5 - Local Conditions,24 HOUR,PM25 24-hour 2012,2024-04-24,Micrograms/cubic meter (LC),,1,100.0,3.9,3.9,0,22.0,545.0,Met One E-SEQ-FRM PM2.5 with VSCC - Gravimetric,MAYFAIR PUMP STATION,4850 WILSON AVE.,Illinois,Cook,Chicago,"Chicago-Naperville-Elgin, IL-IN-WI",2024-11-19,pm25
17,31,52,88101,1,41.965485,-87.749928,WGS84,PM2.5 - Local Conditions,24 HOUR,PM25 24-hour 2012,2024-04-27,Micrograms/cubic meter (LC),,1,100.0,8.3,8.3,0,46.0,545.0,Met One E-SEQ-FRM PM2.5 with VSCC - Gravimetric,MAYFAIR PUMP STATION,4850 WILSON AVE.,Illinois,Cook,Chicago,"Chicago-Naperville-Elgin, IL-IN-WI",2024-11-19,pm25
17,31,52,88101,1,41.965485,-87.749928,WGS84,PM2.5 - Local Conditions,24 HOUR,PM25 24-hour 2012,2024-04-30,Micrograms/cubic meter (LC),,1,100.0,4.6,4.6,0,26.0,545.0,Met One E-SEQ-FRM PM2.5 with VSCC - Gravimetric,MAYFAIR PUMP STATION,4850 WILSON AVE.,Illinois,Cook,Chicago,"Chicago-Naperville-Elgin, IL-IN-WI",2024-11-19,pm25
17,31,52,88101,1,41.965485,-87.749928,WGS84,PM2.5 - Local Conditions,24 HOUR,PM25 24-hour 2012,2024-05-03,Micrograms/cubic meter (LC),,1,100.0,5.1,5.1,0,28.0,545.0,Met One E-SEQ-FRM PM2.5 with VSCC - Gravimetric,MAYFAIR PUMP STATION,4850 WILSON AVE.,Illinois,Cook,Chicago,"Chicago-Naperville-Elgin, IL-IN-WI",2024-11-19,pm25
17,31,52,88101,1,41.965485,-87.749928,WGS84,PM2.5 - Local Conditions,24 HOUR,PM25 24-hour 2012,2024-05-06,Micrograms/cubic meter (LC),,1,100.0,4.3,4.3,0,24.0,545.0,Met One E-SEQ-FRM PM2.5 with VSCC - Gravimetric,MAYFAIR PUMP STATION,4850 WILSON AVE.,Illinois,Cook,Chicago,"Chicago-Naperville-Elgin, IL-IN-WI",2024-11-19,pm25
17,31,52,88101,1,41.965485,-87.749928,WGS84,PM2.5 - Local Conditions,24 HOUR,PM25 24-hour 2012,2024-05-09,Micrograms/cubic meter (LC),,1,100.0,4.0,4.0,0,22.0,545.0,Met One E-SEQ-FRM PM2.5 with VSCC - Gravimetric,MAYFAIR PUMP STATION,4850 WILSON AVE.,Illinois,Cook,Chicago,"Chicago-Naperville-Elgin, IL-IN-WI",2024-11-19,pm25
17,31,52,88101,1,41.965485,-87.749928,WGS84,PM2.5 - Local Conditions,24 HOUR,PM25 24-hour 2012,2024-05-12,Micrograms/cubic meter (LC),,1,100.0,7.9,7.9,0,44.0,545.0,Met One E-SEQ-FRM PM2.5 with VSCC - Gravimetric,MAYFAIR PUMP STATION,4850 WILSON AVE.,Illinois,Cook,Chicago,"Chicago-Naperville-Elgin, IL-IN-WI",2024-11-19,pm25
17,31,52,88101,1,41.965485,-87.749928,WGS84,PM2.5 - Local Conditions,24 HOUR,PM25 24-hour 2012,2024-05-15,Micrograms/cubic meter (LC),,1,100.0,5.1,5.1,0,28.0,545.0,Met One E-SEQ-FRM PM2.5 with VSCC - Gravimetric,MAYFAIR PUMP STATION,4850 WILSON AVE.,Illinois,Cook,Chicago,"Chicago-Naperville-Elgin, IL-IN-WI",2024-11-19,pm25
17,31,52,88101,1,41.965485,-87.749928,WGS84,PM2.5 - Local Conditions,24 HOUR,PM25 24-hour 2012,2024-05-18,Micrograms/cubic meter (LC),,1,100.0,9.3,9.3,0,51.0,545.0,Met One E-SEQ-FRM PM2.5 with VSCC - Gravimetric,MAYFAIR PUMP STATION,4850 WILSON AVE.,Illinois,Cook,Chicago,"Chicago-Naperville-Elgin, IL-IN-WI",2024-11-19,pm25
17,31,52,88101,1,41.965485,-87.749928,WGS84,PM2.5 - Local Conditions,24 HOUR,PM25 24-hour 2012,2024-05-23,Micrograms/cubic meter (LC),,1,100.0,8.5,8.5,0,47.0,545.0,Met One E-SEQ-FRM PM2.5 with VSCC - Gravimetric,MAYFAIR PUMP STATION,4850 WILSON AVE.,Illinois,Cook,Chicago,"Chicago-Naperville-Elgin, IL-IN-WI",2024-11-19,pm25
17,31,52,88101,1,41.965485,-87.749928,WGS84,PM2.5 - Local Conditions,24 HOUR,PM25 24-hour 2012,2024-05-24,Micrograms/cubic meter (LC),,1,100.0,9.4,9.4,0,52.0,545.0,Met One E-SEQ-FRM PM2.5 with VSCC - Gravimetric,MAYFAIR PUMP STATION,4850 WILSON AVE.,Illinois,Cook,Chicago,"Chicago-Naperville-Elgin, IL-IN-WI",2024-11-19,pm25
17,31,52,88101,1,41.965485,-87.749928,WGS84,PM2.5 - Local Conditions,24 HOUR,PM25 24-hour 2012,2024-05-27,Micrograms/cubic meter (LC),,1,100.0,4.5,4.5,0,25.0,545.0,Met One E-SEQ-FRM PM2.5 with VSCC - Gravimetric,MAYFAIR PUMP STATION,4850 WILSON AVE.,Illinois,Cook,Chicago,"Chicago-Naperville-Elgin, IL-IN-WI",2024-11-19,pm25
17,31,52,88101,1,41.965485,-87.749928,WGS84,PM2.5 - Local Conditions,24 HOUR,PM25 24-hour 2012,2024-05-30,Micrograms/cubic meter (LC),,1,100.0,4.1,4.1,0,23.0,545.0,Met One E-SEQ-FRM PM2.5 with VSCC - Gravimetric,MAYFAIR PUMP STATION,4850 WILSON AVE.,Illinois,Cook,Chicago,"Chicago-Naperville-Elgin, IL-IN-WI",2024-11-19,pm25
17,31,52,88101,1,41.965485,-87.749928,WGS84,PM2.5 - Local Conditions,24 HOUR,PM25 24-hour 2012,2024-06-02,Micrograms/cubic meter (LC),,1,100.0,8.6,8.6,0,48.0,545.0,Met One E-SEQ-FRM PM2.5 with VSCC - Gravimetric,MAYFAIR PUMP STATION,4850 WILSON AVE.,Illinois,Cook,Chicago,"Chicago-Naperville-Elgin, IL-IN-WI",2024-11-19,pm25
17,31,52,88101,1,41.965485,-87.749928,WGS84,PM2.5 - Local Conditions,24 HOUR,PM25 24-hour 2012,2024-06-05,Micrograms/cubic meter (LC),,1,100.0,5.1,5.1,0,28.0,545.0,Met One E-SEQ-FRM PM2.5 with VSCC - Gravimetric,MAYFAIR PUMP STATION,4850 WILSON AVE.,Illinois,Cook,Chicago,"Chicago-Naperville-Elgin, IL-IN-WI",2024-11-19,pm25
17,31,52,88101,1,41.965485,-87.749928,WGS84,PM2.5 - Local Conditions,24 HOUR,PM25 24-hour 2012,2024-06-08,Micrograms/cubic meter (LC),,1,100.0,9.0,9.0,0,50.0,545.0,Met One E-SEQ-FRM PM2.5 with VSCC - Gravimetric,MAYFAIR PUMP STATION,4850 WILSON AVE.,Illinois,Cook,Chicago,"Chicago-Naperville-Elgin, IL-IN-WI",2024-11-19,pm25
17,31,52,88101,1,41.965485,-87.749928,WGS84,PM2.5 - Local Conditions,24 HOUR,PM25 24-hour 2012,2024-06-11,Micrograms/cubic meter (LC),,1,100.0,8.0,8.0,0,44.0,545.0,Met One E-SEQ-FRM PM2.5 with VSCC - Gravimetric,MAYFAIR PUMP STATION,4850 WILSON AVE.,Illinois,Cook,Chicago,"Chicago-Naperville-Elgin, IL-IN-WI",2024-11-19,pm25
17,31,52,88101,1,41.965485,-87.749928,WGS84,PM2.5 - Local Conditions,24 HOUR,PM25 24-hour 2012,2024-06-14,Micrograms/cubic meter (LC),,1,100.0,6.7,6.7,0,37.0,545.0,Met One E-SEQ-FRM PM2.5 with VSCC - Gravimetric,MAYFAIR PUMP STATION,4850 WILSON AVE.,Illinois,Cook,Chicago,"Chicago-Naperville-Elgin, IL-IN-WI",2024-11-19,pm25
17,31,52,88101,1,41.965485,-87.749928,WGS84,PM2.5 - Local Conditions,24 HOUR,PM25 24-hour 2012,2024-06-17,Micrograms/cubic meter (LC),,1,100.0,12.8,12.8,0,58.0,545.0,Met One E-SEQ-FRM PM2.5 with VSCC - Gravimetric,MAYFAIR PUMP STATION,4850 WILSON AVE.,Illinois,Cook,Chicago,"Chicago-Naperville-Elgin, IL-IN-WI",2024-11-19,pm25
17,31,52,88101,1,41.965485,-87.749928,WGS84,PM2.5 - Local Conditions,24 HOUR,PM25 24-hour 2012,2024-06-20,Micrograms/cubic meter (LC),,1,100.0,8.8,8.8,0,49.0,545.0,Met One E-SEQ-FRM PM2.5 with VSCC - Gravimetric,MAYFAIR PUMP STATION,4850 WILSON AVE.,Illinois,Cook,Chicago,"Chicago-Naperville-Elgin, IL-IN-WI",2024-11-19,pm25
17,31,52,88101,1,41.965485,-87.749928,WGS84,PM2.5 - Local Conditions,24 HOUR,PM25 24-hour 2012,2024-06-23,Micrograms/cubic meter (LC),,1,100.0,2.5,2.5,0,14.0,545.0,Met One E-SEQ-FRM PM2.5 with VSCC - Gravimetric,MAYFAIR PUMP STATION,4850 WILSON AVE.,Illinois,Cook,Chicago,"Chicago-Naperville-Elgin, IL-IN-WI",2024-11-19,pm25
17,31,52,88101,1,41.965485,-87.749928,WGS84,PM2.5 - Local Conditions,24 HOUR,PM25 24-hour 2012,2024-06-26,Micrograms/cubic meter (LC),,1,100.0,5.7,5.7,0,32.0,545.0,Met One E-SEQ-FRM PM2.5 with VSCC - Gravimetric,MAYFAIR PUMP STATION,4850 WILSON AVE.,Illinois,Cook,Chicago,"Chicago-Naperville-Elgin, IL-IN-WI",2024-11-19,pm25
17,31,52,88101,1,41.965485,-87.749928,WGS84,PM2.5 - Local Conditions,24 HOUR,PM25 24-hour 2012,2024-06-29,Micrograms/cubic meter (LC),,1,100.0,7.9,7.9,0,44.0,545.0,Met One E-SEQ-FRM PM2.5 with VSCC - Gravimetric,MAYFAIR PUMP STATION,4850 WILSON AVE.,Illinois,Cook,Chicago,"Chicago-Naperville-Elgin, IL-IN-WI",2024-11-19,pm25
17,31,52,88101,1,41.965485,-87.749928,WGS84,PM2.5 - Local Conditions,24 HOUR,PM25 24-hour 2012,2024-07-02,Micrograms/cubic meter (LC),,1,100.0,7.2,7.2,0,40.0,545.0,Met One E-SEQ-FRM PM2.5 with VSCC - Gravimetric,MAYFAIR PUMP STATION,4850 WILSON AVE.,Illinois,Cook,Chicago,"Chicago-Naperville-Elgin, IL-IN-WI",2024-11-19,pm25
17,31,52,88101,1,41.965485,-87.749928,WGS84,PM2.5 - Local Conditions,24 HOUR,PM25 24-hour 2012,2024-07-05,Micrograms/cubic meter (LC),,1,100.0,10.8,10.8,0,54.0,545.0,Met One E-SEQ-FRM PM2.5 with VSCC - Gravimetric,MAYFAIR PUMP STATION,4850 WILSON AVE.,Illinois,Cook,Chicago,"Chicago-Naperville-Elgin, IL-IN-WI",2024-11-19,pm25
17,31,52,88101,1,41.965485,-87.749928,WGS84,PM2.5 - Local Conditions,24 HOUR,PM25 24-hour 2012,2024-07-08,Micrograms/cubic meter (LC),,1,100.0,9.6,9.6,0,52.0,545.0,Met One E-SEQ-FRM PM2.5 with VSCC - Gravimetric,MAYFAIR PUMP STATION,4850 WILSON AVE.,Illinois,Cook,Chicago,"Chicago-Naperville-Elgin, IL-IN-WI",2024-11-19,pm25
17,31,52,88101,1,41.965485,-87.749928,WGS84,PM2.5 - Local Conditions,24 HOUR,PM25 24-hour 2012,2024-07-11,Micrograms/cubic meter (LC),,1,100.0,9.8,9.8,0,52.0,545.0,Met One E-SEQ-FRM PM2.5 with VSCC - Gravimetric,MAYFAIR PUMP STATION,4850 WILSON AVE.,Illinois,Cook,Chicago,"Chicago-Naperville-Elgin, IL-IN-WI",2024-11-19,pm25
17,31,52,88101,1,41.965485,-87.749928,WGS84,PM2.5 - Local Conditions,24 HOUR,PM25 24-hour 2012,2024-07-14,Micrograms/cubic meter (LC),,1,100.0,6.3,6.3,0,35.0,545.0,Met One E-SEQ-FRM PM2.5 with VSCC - Gravimetric,MAYFAIR PUMP STATION,4850 WILSON AVE.,Illinois,Cook,Chicago,"Chicago-Naperville-Elgin, IL-IN-WI",2024-11-19,pm25
17,31,52,88101,1,41.965485,-87.749928,WGS84,PM2.5 - Local Conditions,24 HOUR,PM25 24-hour 2012,2024-07-17,Micrograms/cubic meter (LC),,1,100.0,7.0,7.0,0,39.0,545.0,Met One E-SEQ-FRM PM2.5 with VSCC - Gravimetric,MAYFAIR PUMP STATION,4850 WILSON AVE.,Illinois,Cook,Chicago,"Chicago-Naperville-Elgin, IL-IN-WI",2024-11-19,pm25
17,31,52,88101,1,41.965485,-87.749928,WGS84,PM2.5 - Local Conditions,24 HOUR,PM25 24-hour 2012,2024-07-20,Micrograms/cubic meter (LC),,1,100.0,12.3,12.3,0,57.0,545.0,Met One E-SEQ-FRM PM2.5 with VSCC - Gravimetric,MAYFAIR PUMP STATION,4850 WILSON AVE.,Illinois,Cook,Chicago,"Chicago-Naperville-Elgin, IL-IN-WI",2024-11-19,pm25
17,31,52,88101,1,41.965485,-87.749928,WGS84,PM2.5 - Local Conditions,24 HOUR,PM25 24-hour 2012,2024-07-23,Micrograms/cubic meter (LC),,1,100.0,17.0,17.0,0,66.0,545.0,Met One E-SEQ-FRM PM2.5 with VSCC - Gravimetric,MAYFAIR PUMP STATION,4850 WILSON AVE.,Illinois,Cook,Chicago,"Chicago-Naperville-Elgin, IL-IN-WI",2024-11-19,pm25
17,31,52,88101,1,41.965485,-87.749928,WGS84,PM2.5 - Local Conditions,24 HOUR,PM25 24-hour 2012,2024-07-26,Micrograms/cubic meter (LC),,1,100.0,7.3,7.3,0,41.0,545.0,Met One E-SEQ-FRM PM2.5 with VSCC - Gravimetric,MAYFAIR PUMP STATION,4850 WILSON AVE.,Illinois,Cook,Chicago,"Chicago-Naperville-Elgin, IL-IN-WI",2024-11-19,pm25
17,31,52,88101,1,41.965485,-87.749928,WGS84,PM2.5 - Local Conditions,24 HOUR,PM25 24-hour 2012,2024-07-29,Micrograms/cubic meter (LC),,1,100.0,8.0,8.0,0,44.0,545.0,Met One E-SEQ-FRM PM2.5 with VSCC - Gravimetric,MAYFAIR PUMP STATION,4850 WILSON AVE.,Illinois,Cook,Chicago,"Chicago-Naperville-Elgin, IL-IN-WI",2024-11-19,pm25
17,31,52,88101,1,41.965485,-87.749928,WGS84,PM2.5 - Local Conditions,24 HOUR,PM25 24-hour 2012,2024-08-01,Micrograms/cubic meter (LC),,1,100.0,6.8,6.8,0,38.0,545.0,Met One E-SEQ-FRM PM2.5 with VSCC - Gravimetric,MAYFAIR PUMP STATION,4850 WILSON AVE.,Illinois,Cook,Chicago,"Chicago-Naperville-Elgin, IL-IN-WI",2024-11-19,pm25
17,31,52,88101,1,41.965485,-87.749928,WGS84,PM2.5 - Local Conditions,24 HOUR,PM25 24-hour 2012,2024-08-07,Micrograms/cubic meter (LC),,1,100.0,5.1,5.1,0,28.0,545.0,Met One E-SEQ-FRM PM2.5 with VSCC - Gravimetric,MAYFAIR PUMP STATION,4850 WILSON AVE.,Illinois,Cook,Chicago,"Chicago-Naperville-Elgin, IL-IN-WI",2024-11-19,pm25
17,31,52,88101,1,41.965485,-87.749928,WGS84,PM2.5 - Local Conditions,24 HOUR,PM25 24-hour 2012,2024-08-08,Micrograms/cubic meter (LC),,1,100.0,7.5,7.5,0,42.0,545.0,Met One E-SEQ-FRM PM2.5 with VSCC - Gravimetric,MAYFAIR PUMP STATION,4850 WILSON AVE.,Illinois,Cook,Chicago,"Chicago-Naperville-Elgin, IL-IN-WI",2024-11-19,pm25
17,31,52,88101,1,41.965485,-87.749928,WGS84,PM2.5 - Local Conditions,24 HOUR,PM25 24-hour 2012,2024-08-10,Micrograms/cubic meter (LC),,1,100.0,5.1,5.1,0,28.0,545.0,Met One E-SEQ-FRM PM2.5 with VSCC - Gravimetric,MAYFAIR PUMP STATION,4850 WILSON AVE.,Illinois,Cook,Chicago,"Chicago-Naperville-Elgin, IL-IN-WI",2024-11-19,pm25
17,31,52,88101,1,41.965485,-87.749928,WGS84,PM2.5 - Local Conditions,24 HOUR,PM25 24-hour 2012,2024-08-14,Micrograms/cubic meter (LC),,1,100.0,12.1,12.1,0,57.0,545.0,Met One E-SEQ-FRM PM2.5 with VSCC - Gravimetric,MAYFAIR PUMP STATION,4850 WILSON AVE.,Illinois,Cook,Chicago,"Chicago-Naperville-Elgin, IL-IN-WI",2024-11-19,pm25
17,31,52,88101,1,41.965485,-87.749928,WGS84,PM2.5 - Local Conditions,24 HOUR,PM25 24-hour 2012,2024-08-16,Micrograms/cubic meter (LC),,1,100.0,6.7,6.7,0,37.0,545.0,Met One E-SEQ-FRM PM2.5 with VSCC - Gravimetric,MAYFAIR PUMP STATION,4850 WILSON AVE.,Illinois,Cook,Chicago,"Chicago-Naperville-Elgin, IL-IN-WI",2024-11-19,pm25
17,31,52,88101,1,41.965485,-87.749928,WGS84,PM2.5 - Local Conditions,24 HOUR,PM25 24-hour 2012,2024-08-19,Micrograms/cubic meter (LC),,1,100.0,10.3,10.3,0,53.0,545.0,Met One E-SEQ-FRM PM2.5 with VSCC - Gravimetric,MAYFAIR PUMP STATION,4850 WILSON AVE.,Illinois,Cook,Chicago,"Chicago-Naperville-Elgin, IL-IN-WI",2024-11-19,pm25
17,31,52,88101,1,41.965485,-87.749928,WGS84,PM2.5 - Local Conditions,24 HOUR,PM25 24-hour 2012,2024-08-22,Micrograms/cubic meter (LC),,1,100.0,10.2,10.2,0,53.0,545.0,Met One E-SEQ-FRM PM2.5 with VSCC - Gravimetric,MAYFAIR PUMP STATION,4850 WILSON AVE.,Illinois,Cook,Chicago,"Chicago-Naperville-Elgin, IL-IN-WI",2024-11-19,pm25
17,31,52,88101,1,41.965485,-87.749928,WGS84,PM2.5 - Local Conditions,24 HOUR,PM25 24-hour 2012,2024-08-25,Micrograms/cubic meter (LC),,1,100.0,12.7,12.7,0,58.0,545.0,Met One E-SEQ-FRM PM2.5 with VSCC - Gravimetric,MAYFAIR PUMP STATION,4850 WILSON AVE.,Illinois,Cook,Chicago,"Chicago-Naperville-Elgin, IL-IN-WI",2024-11-19,pm25
17,31,52,88101,1,41.965485,-87.749928,WGS84,PM2.5 - Local Conditions,24 HOUR,PM25 24-hour 2012,2024-08-28,Micrograms/cubic meter (LC),,1,100.0,4.7,4.7,0,26.0,545.0,Met One E-SEQ-FRM PM2.5 with VSCC - Gravimetric,MAYFAIR PUMP STATION,4850 WILSON AVE.,Illinois,Cook,Chicago,"Chicago-Naperville-Elgin, IL-IN-WI",2024-11-19,pm25
17,31,52,88101,1,41.965485,-87.749928,WGS84,PM2.5 - Local Conditions,24 HOUR,PM25 24-hour 2012,2024-08-31,Micrograms/cubic meter (LC),,1,100.0,6.3,6.3,0,35.0,545.0,Met One E-SEQ-FRM PM2.5 with VSCC - Gravimetric,MAYFAIR PUMP STATION,4850 WILSON AVE.,Illinois,Cook,Chicago,"Chicago-Naperville-Elgin, IL-IN-WI",2024-11-19,pm25
17,31,52,88101,1,41.965485,-87.749928,WGS84,PM2.5 - Local Conditions,24 HOUR,PM25 24-hour 2012,2024-09-03,Micrograms/cubic meter (LC),,1,100.0,7.0,7.0,0,39.0,545.0,Met One E-SEQ-FRM PM2.5 with VSCC - Gravimetric,MAYFAIR PUMP STATION,4850 WILSON AVE.,Illinois,Cook,Chicago,"Chicago-Naperville-Elgin, IL-IN-WI",2024-11-19,pm25
17,31,52,88101,1,41.965485,-87.749928,WGS84,PM2.5 - Local Conditions,24 HOUR,PM25 24-hour 2012,2024-09-06,Micrograms/cubic meter (LC),,1,100.0,3.1,3.1,0,17.0,545.0,Met One E-SEQ-FRM PM2.5 with VSCC - Gravimetric,MAYFAIR PUMP STATION,4850 WILSON AVE.,Illinois,Cook,Chicago,"Chicago-Naperville-Elgin, IL-IN-WI",2024-11-19,pm25
17,31,52,88101,1,41.965485,-87.749928,WGS84,PM2.5 - Local Conditions,24 HOUR,PM25 24-hour 2012,2024-09-09,Micrograms/cubic meter (LC),,1,100.0,6.2,6.2,0,34.0,545.0,Met One E-SEQ-FRM PM2.5 with VSCC - Gravimetric,MAYFAIR PUMP STATION,4850 WILSON AVE.,Illinois,Cook,Chicago,"Chicago-Naperville-Elgin, IL-IN-WI",2024-11-19,pm25
17,31,52,88101,1,41.965485,-87.749928,WGS84,PM2.5 - Local Conditions,24 HOUR,PM25 24-hour 2012,2024-09-12,Micrograms/cubic meter (LC),,1,100.0,13.0,13.0,0,58.0,545.0,Met One E-SEQ-FRM PM2.5 with VSCC - Gravimetric,MAYFAIR PUMP STATION,4850 WILSON AVE.,Illinois,Cook,Chicago,"Chicago-Naperville-Elgin, IL-IN-WI",2024-11-19,pm25
17,31,52,88101,1,41.965485,-87.749928,WGS84,PM2.5 - Local Conditions,24 HOUR,PM25 24-hour 2012,2024-09-15,Micrograms/cubic meter (LC),,1,100.0,8.7,8.7,0,48.0,545.0,Met One E-SEQ-FRM PM2.5 with VSCC - Gravimetric,MAYFAIR PUMP STATION,4850 WILSON AVE.,Illinois,Cook,Chicago,"Chicago-Naperville-Elgin, IL-IN-WI",2024-11-19,pm25
17,31,52,88101,1,41.965485,-87.749928,WGS84,PM2.5 - Local Conditions,24 HOUR,PM25 24-hour 2012,2024-09-18,Micrograms/cubic meter (LC),,1,100.0,12.2,12.2,0,57.0,545.0,Met One E-SEQ-FRM PM2.5 with VSCC - Gravimetric,MAYFAIR PUMP STATION,4850 WILSON AVE.,Illinois,Cook,Chicago,"Chicago-Naperville-Elgin, IL-IN-WI",2024-11-19,pm25
17,31,52,88101,1,41.965485,-87.749928,WGS84,PM2.5 - Local Conditions,24 HOUR,PM25 24-hour 2012,2024-09-21,Micrograms/cubic meter (LC),,1,100.0,10.9,10.9,0,54.0,545.0,Met One E-SEQ-FRM PM2.5 with VSCC - Gravimetric,MAYFAIR PUMP STATION,4850 WILSON AVE.,Illinois,Cook,Chicago,"Chicago-Naperville-Elgin, IL-IN-WI",2024-11-19,pm25
17,31,52,88101,1,41.965485,-87.749928,WGS84,PM2.5 - Local Conditions,24 HOUR,PM25 24-hour 2012,2024-09-24,Micrograms/cubic meter (LC),,1,100.0,6.0,6.0,0,33.0,545.0,Met One E-SEQ-FRM PM2.5 with VSCC - Gravimetric,MAYFAIR PUMP STATION,4850 WILSON AVE.,Illinois,Cook,Chicago,"Chicago-Naperville-Elgin, IL-IN-WI",2024-11-19,pm25
17,31,52,88101,1,41.965485,-87.749928,WGS84,PM2.5 - Local Conditions,24 HOUR,PM25 24-hour 2012,2024-09-27,Micrograms/cubic meter (LC),,1,100.0,4.9,4.9,0,27.0,545.0,Met One E-SEQ-FRM PM2.5 with VSCC - Gravimetric,MAYFAIR PUMP STATION,4850 WILSON AVE.,Illinois,Cook,Chicago,"Chicago-Naperville-Elgin, IL-IN-WI",2024-11-19,pm25
17,31,52,88101,1,41.965485,-87.749928,WGS84,PM2.5 - Local Conditions,24 HOUR,PM25 24-hour 2012,2024-09-30,Micrograms/cubic meter (LC),,1,100.0,6.5,6.5,0,36.0,545.0,Met One E-SEQ-FRM PM2.5 with VSCC - Gravimetric,MAYFAIR PUMP STATION,4850 WILSON AVE.,Illinois,Cook,Chicago,"Chicago-Naperville-Elgin, IL-IN-WI",2024-11-19,pm25
17,31,57,88101,1,41.912739,-87.722673,NAD83,PM2.5 - Local Conditions,24 HOUR,PM25 24-hour 2012,2024-01-01,Micrograms/cubic meter (LC),,1,100.0,2.1,2.1,0,12.0,545.0,Met One E-SEQ-FRM PM2.5 with VSCC - Gravimetric,SPRINGFIELD PUMP STATION,1745 N. SPRINGFIELD,Illinois,Cook,Chicago,"Chicago-Naperville-Elgin, IL-IN-WI",2024-11-19,pm25
17,31,57,88101,1,41.912739,-87.722673,NAD83,PM2.5 - Local Conditions,24 HOUR,PM25 24-hour 2012,2024-01-07,Micrograms/cubic meter (LC),,1,100.0,16.1,16.1,0,64.0,545.0,Met One E-SEQ-FRM PM2.5 with VSCC - Gravimetric,SPRINGFIELD PUMP STATION,1745 N. SPRINGFIELD,Illinois,Cook,Chicago,"Chicago-Naperville-Elgin, IL-IN-WI",2024-11-19,pm25
17,31,57,88101,1,41.912739,-87.722673,NAD83,PM2.5 - Local Conditions,24 HOUR,PM25 24-hour 2012,2024-01-13,Micrograms/cubic meter (LC),,1,100.0,3.1,3.1,0,17.0,545.0,Met One E-SEQ-FRM PM2.5 with VSCC - Gravimetric,SPRINGFIELD PUMP STATION,1745 N. SPRINGFIELD,Illinois,Cook,Chicago,"Chicago-Naperville-Elgin, IL-IN-WI",2024-11-19,pm25
17,31,57,88101,1,41.912739,-87.722673,NAD83,PM2.5 - Local Conditions,24 HOUR,PM25 24-hour 2012,2024-01-19,Micrograms/cubic meter (LC),,1,100.0,6.3,6.3,0,35.0,545.0,Met One E-SEQ-FRM PM2.5 with VSCC - Gravimetric,SPRINGFIELD PUMP STATION,1745 N. SPRINGFIELD,Illinois,Cook,Chicago,"Chicago-Naperville-Elgin, IL-IN-WI",2024-11-19,pm25
17,31,57,88101,1,41.912739,-87.722673,NAD83,PM2.5 - Local Conditions,24 HOUR,PM25 24-hour 2012,2024-01-25,Micrograms/cubic meter (LC),,1,100.0,7.8,7.8,0,43.0,545.0,Met One E-SEQ-FRM PM2.5 with VSCC - Gravimetric,SPRINGFIELD PUMP STATION,1745 N. SPRINGFIELD,Illinois,Cook,Chicago,"Chicago-Naperville-Elgin, IL-IN-WI",2024-11-19,pm25
17,31,57,88101,1,41.912739,-87.722673,NAD83,PM2.5 - Local Conditions,24 HOUR,PM25 24-hour 2012,2024-01-31,Micrograms/cubic meter (LC),,1,100.0,6.1,6.1,0,34.0,545.0,Met One E-SEQ-FRM PM2.5 with VSCC - Gravimetric,SPRINGFIELD PUMP STATION,1745 N. SPRINGFIELD,Illinois,Cook,Chicago,"Chicago-Naperville-Elgin, IL-IN-WI",2024-11-19,pm25
17,31,57,88101,1,41.912739,-87.722673,NAD83,PM2.5 - Local Conditions,24 HOUR,PM25 24-hour 2012,2024-02-06,Micrograms/cubic meter (LC),,1,100.0,22.1,22.1,0,75.0,545.0,Met One E-SEQ-FRM PM2.5 with VSCC - Gravimetric,SPRINGFIELD PUMP STATION,1745 N. SPRINGFIELD,Illinois,Cook,Chicago,"Chicago-Naperville-Elgin, IL-IN-WI",2024-11-19,pm25
17,31,57,88101,1,41.912739,-87.722673,NAD83,PM2.5 - Local Conditions,24 HOUR,PM25 24-hour 2012,2024-02-12,Micrograms/cubic meter (LC),,1,100.0,11.9,11.9,0,56.0,545.0,Met One E-SEQ-FRM PM2.5 with VSCC - Gravimetric,SPRINGFIELD PUMP STATION,1745 N. SPRINGFIELD,Illinois,Cook,Chicago,"Chicago-Naperville-Elgin, IL-IN-WI",2024-11-19,pm25
17,31,57,88101,1,41.912739,-87.722673,NAD83,PM2.5 - Local Conditions,24 HOUR,PM25 24-hour 2012,2024-02-18,Micrograms/cubic meter (LC),,1,100.0,4.5,4.5,0,25.0,545.0,Met One E-SEQ-FRM PM2.5 with VSCC - Gravimetric,SPRINGFIELD PUMP STATION,1745 N. SPRINGFIELD,Illinois,Cook,Chicago,"Chicago-Naperville-Elgin, IL-IN-WI",2024-11-19,pm25
17,31,57,88101,1,41.912739,-87.722673,NAD83,PM2.5 - Local Conditions,24 HOUR,PM25 24-hour 2012,2024-02-27,Micrograms/cubic meter (LC),,1,100.0,15.3,15.3,0,63.0,545.0,Met One E-SEQ-FRM PM2.5 with VSCC - Gravimetric,SPRINGFIELD PUMP STATION,1745 N. SPRINGFIELD,Illinois,Cook,Chicago,"Chicago-Naperville-Elgin, IL-IN-WI",2024-11-19,pm25
17,31,57,88101,1,41.912739,-87.722673,NAD83,PM2.5 - Local Conditions,24 HOUR,PM25 24-hour 2012,2024-03-01,Micrograms/cubic meter (LC),,1,100.0,7.9,7.9,0,44.0,545.0,Met One E-SEQ-FRM PM2.5 with VSCC - Gravimetric,SPRINGFIELD PUMP STATION,1745 N. SPRINGFIELD,Illinois,Cook,Chicago,"Chicago-Naperville-Elgin, IL-IN-WI",2024-11-19,pm25
17,31,57,88101,1,41.912739,-87.722673,NAD83,PM2.5 - Local Conditions,24 HOUR,PM25 24-hour 2012,2024-03-07,Micrograms/cubic meter (LC),,1,100.0,7.8,7.8,0,43.0,545.0,Met One E-SEQ-FRM PM2.5 with VSCC - Gravimetric,SPRINGFIELD PUMP STATION,1745 N. SPRINGFIELD,Illinois,Cook,Chicago,"Chicago-Naperville-Elgin, IL-IN-WI",2024-11-19,pm25
17,31,57,88101,1,41.912739,-87.722673,NAD83,PM2.5 - Local Conditions,24 HOUR,PM25 24-hour 2012,2024-03-13,Micrograms/cubic meter (LC),,1,100.0,13.8,13.8,0,60.0,545.0,Met One E-SEQ-FRM PM2.5 with VSCC - Gravimetric,SPRINGFIELD PUMP STATION,1745 N. SPRINGFIELD,Illinois,Cook,Chicago,"Chicago-Naperville-Elgin, IL-IN-WI",2024-11-19,pm25
17,31,57,88101,1,41.912739,-87.722673,NAD83,PM2.5 - Local Conditions,24 HOUR,PM25 24-hour 2012,2024-03-19,Micrograms/cubic meter (LC),,1,100.0,3.8,3.8,0,21.0,545.0,Met One E-SEQ-FRM PM2.5 with VSCC - Gravimetric,SPRINGFIELD PUMP STATION,1745 N. SPRINGFIELD,Illinois,Cook,Chicago,"Chicago-Naperville-Elgin, IL-IN-WI",2024-11-19,pm25
17,31,57,88101,1,41.912739,-87.722673,NAD83,PM2.5 - Local Conditions,24 HOUR,PM25 24-hour 2012,2024-03-25,Micrograms/cubic meter (LC),,1,100.0,7.3,7.3,0,41.0,545.0,Met One E-SEQ-FRM PM2.5 with VSCC - Gravimetric,SPRINGFIELD PUMP STATION,1745 N. SPRINGFIELD,Illinois,Cook,Chicago,"Chicago-Naperville-Elgin, IL-IN-WI",2024-11-19,pm25
17,31,57,88101,1,41.912739,-87.722673,NAD83,PM2.5 - Local Conditions,24 HOUR,PM25 24-hour 2012,2024-03-31,Micrograms/cubic meter (LC),,1,100.0,4.8,4.8,0,27.0,545.0,Met One E-SEQ-FRM PM2.5 with VSCC - Gravimetric,SPRINGFIELD PUMP STATION,1745 N. SPRINGFIELD,Illinois,Cook,Chicago,"Chicago-Naperville-Elgin, IL-IN-WI",2024-11-19,pm25
17,31,57,88101,1,41.912739,-87.722673,NAD83,PM2.5 - Local Conditions,24 HOUR,PM25 24-hour 2012,2024-04-06,Micrograms/cubic meter (LC),,1,100.0,3.4,3.4,0,19.0,545.0,Met One E-SEQ-FRM PM2.5 with VSCC - Gravimetric,SPRINGFIELD PUMP STATION,1745 N. SPRINGFIELD,Illinois,Cook,Chicago,"Chicago-Naperville-Elgin, IL-IN-WI",2024-11-19,pm25
17,31,57,88101,1,41.912739,-87.722673,NAD83,PM2.5 - Local Conditions,24 HOUR,PM25 24-hour 2012,2024-04-12,Micrograms/cubic meter (LC),,1,100.0,3.5,3.5,0,19.0,545.0,Met One E-SEQ-FRM PM2.5 with VSCC - Gravimetric,SPRINGFIELD PUMP STATION,1745 N. SPRINGFIELD,Illinois,Cook,Chicago,"Chicago-Naperville-Elgin, IL-IN-WI",2024-11-19,pm25
17,31,57,88101,1,41.912739,-87.722673,NAD83,PM2.5 - Local Conditions,24 HOUR,PM25 24-hour 2012,2024-04-18,Micrograms/cubic meter (LC),,1,100.0,3.8,3.8,0,21.0,545.0,Met One E-SEQ-FRM PM2.5 with VSCC - Gravimetric,SPRINGFIELD PUMP STATION,1745 N. SPRINGFIELD,Illinois,Cook,Chicago,"Chicago-Naperville-Elgin, IL-IN-WI",2024-11-19,pm25
17,31,57,88101,1,41.912739,-87.722673,NAD83,PM2.5 - Local Conditions,24 HOUR,PM25 24-hour 2012,2024-04-24,Micrograms/cubic meter (LC),,1,100.0,3.5,3.5,0,19.0,545.0,Met One E-SEQ-FRM PM2.5 with VSCC - Gravimetric,SPRINGFIELD PUMP STATION,1745 N. SPRINGFIELD,Illinois,Cook,Chicago,"Chicago-Naperville-Elgin, IL-IN-WI",2024-11-19,pm25
17,31,57,88101,1,41.912739,-87.722673,NAD83,PM2.5 - Local Conditions,24 HOUR,PM25 24-hour 2012,2024-04-30,Micrograms/cubic meter (LC),,1,100.0,4.0,4.0,0,22.0,545.0,Met One E-SEQ-FRM PM2.5 with VSCC - Gravimetric,SPRINGFIELD PUMP STATION,1745 N. SPRINGFIELD,Illinois,Cook,Chicago,"Chicago-Naperville-Elgin, IL-IN-WI",2024-11-19,pm25
17,31,57,88101,1,41.912739,-87.722673,NAD83,PM2.5 - Local Conditions,24 HOUR,PM25 24-hour 2012,2024-05-06,Micrograms/cubic meter (LC),,1,100.0,4.5,4.5,0,25.0,545.0,Met One E-SEQ-FRM PM2.5 with VSCC - Gravimetric,SPRINGFIELD PUMP STATION,1745 N. SPRINGFIELD,Illinois,Cook,Chicago,"Chicago-Naperville-Elgin, IL-IN-WI",2024-11-19,pm25
17,31,57,88101,1,41.912739,-87.722673,NAD83,PM2.5 - Local Conditions,24 HOUR,PM25 24-hour 2012,2024-05-12,Micrograms/cubic meter (LC),,1,100.0,8.5,8.5,0,47.0,545.0,Met One E-SEQ-FRM PM2.5 with VSCC - Gravimetric,SPRINGFIELD PUMP STATION,1745 N. SPRINGFIELD,Illinois,Cook,Chicago,"Chicago-Naperville-Elgin, IL-IN-WI",2024-11-19,pm25
17,31,57,88101,1,41.912739,-87.722673,NAD83,PM2.5 - Local Conditions,24 HOUR,PM25 24-hour 2012,2024-05-18,Micrograms/cubic meter (LC),,1,100.0,10.0,10.0,0,53.0,545.0,Met One E-SEQ-FRM PM2.5 with VSCC - Gravimetric,SPRINGFIELD PUMP STATION,1745 N. SPRINGFIELD,Illinois,Cook,Chicago,"Chicago-Naperville-Elgin, IL-IN-WI",2024-11-19,pm25
17,31,57,88101,1,41.912739,-87.722673,NAD83,PM2.5 - Local Conditions,24 HOUR,PM25 24-hour 2012,2024-05-24,Micrograms/cubic meter (LC),,1,100.0,8.6,8.6,0,48.0,545.0,Met One E-SEQ-FRM PM2.5 with VSCC - Gravimetric,SPRINGFIELD PUMP STATION,1745 N. SPRINGFIELD,Illinois,Cook,Chicago,"Chicago-Naperville-Elgin, IL-IN-WI",2024-11-19,pm25
17,31,57,88101,1,41.912739,-87.722673,NAD83,PM2.5 - Local Conditions,24 HOUR,PM25 24-hour 2012,2024-05-30,Micrograms/cubic meter (LC),,1,100.0,3.7,3.7,0,21.0,545.0,Met One E-SEQ-FRM PM2.5 with VSCC - Gravimetric,SPRINGFIELD PUMP STATION,1745 N. SPRINGFIELD,Illinois,Cook,Chicago,"Chicago-Naperville-Elgin, IL-IN-WI",2024-11-19,pm25
17,31,57,88101,1,41.912739,-87.722673,NAD83,PM2.5 - Local Conditions,24 HOUR,PM25 24-hour 2012,2024-06-05,Micrograms/cubic meter (LC),,1,100.0,5.8,5.8,0,32.0,545.0,Met One E-SEQ-FRM PM2.5 with VSCC - Gravimetric,SPRINGFIELD PUMP STATION,1745 N. SPRINGFIELD,Illinois,Cook,Chicago,"Chicago-Naperville-Elgin, IL-IN-WI",2024-11-19,pm25
17,31,57,88101,1,41.912739,-87.722673,NAD83,PM2.5 - Local Conditions,24 HOUR,PM25 24-hour 2012,2024-06-11,Micrograms/cubic meter (LC),,1,100.0,7.0,7.0,0,39.0,545.0,Met One E-SEQ-FRM PM2.5 with VSCC - Gravimetric,SPRINGFIELD PUMP STATION,1745 N. SPRINGFIELD,Illinois,Cook,Chicago,"Chicago-Naperville-Elgin, IL-IN-WI",2024-11-19,pm25
17,31,57,88101,1,41.912739,-87.722673,NAD83,PM2.5 - Local Conditions,24 HOUR,PM25 24-hour 2012,2024-06-17,Micrograms/cubic meter (LC),,1,100.0,13.0,13.0,0,58.0,545.0,Met One E-SEQ-FRM PM2.5 with VSCC - Gravimetric,SPRINGFIELD PUMP STATION,1745 N. SPRINGFIELD,Illinois,Cook,Chicago,"Chicago-Naperville-Elgin, IL-IN-WI",2024-11-19,pm25
17,31,57,88101,1,41.912739,-87.722673,NAD83,PM2.5 - Local Conditions,24 HOUR,PM25 24-hour 2012,2024-06-23,Micrograms/cubic meter (LC),,1,100.0,2.5,2.5,0,14.0,545.0,Met One E-SEQ-FRM PM2.5 with VSCC - Gravimetric,SPRINGFIELD PUMP STATION,1745 N. SPRINGFIELD,Illinois,Cook,Chicago,"Chicago-Naperville-Elgin, IL-IN-WI",2024-11-19,pm25
17,31,57,88101,1,41.912739,-87.722673,NAD83,PM2.5 - Local Conditions,24 HOUR,PM25 24-hour 2012,2024-06-29,Micrograms/cubic meter (LC),,1,100.0,8.1,8.1,0,45.0,545.0,Met One E-SEQ-FRM PM2.5 with VSCC - Gravimetric,SPRINGFIELD PUMP STATION,1745 N. SPRINGFIELD,Illinois,Cook,Chicago,"Chicago-Naperville-Elgin, IL-IN-WI",2024-11-19,pm25
17,31,57,88101,1,41.912739,-87.722673,NAD83,PM2.5 - Local Conditions,24 HOUR,PM25 24-hour 2012,2024-07-05,Micrograms/cubic meter (LC),,1,100.0,10.5,10.5,0,54.0,545.0,Met One E-SEQ-FRM PM2.5 with VSCC - Gravimetric,SPRINGFIELD PUMP STATION,1745 N. SPRINGFIELD,Illinois,Cook,Chicago,"Chicago-Naperville-Elgin, IL-IN-WI",2024-11-19,pm25
17,31,57,88101,1,41.912739,-87.722673,NAD83,PM2.5 - Local Conditions,24 HOUR,PM25 24-hour 2012,2024-07-11,Micrograms/cubic meter (LC),,1,100.0,9.5,9.5,0,52.0,545.0,Met One E-SEQ-FRM PM2.5 with VSCC - Gravimetric,SPRINGFIELD PUMP STATION,1745 N. SPRINGFIELD,Illinois,Cook,Chicago,"Chicago-Naperville-Elgin, IL-IN-WI",2024-11-19,pm25
17,31,57,88101,1,41.912739,-87.722673,NAD83,PM2.5 - Local Conditions,24 HOUR,PM25 24-hour 2012,2024-07-17,Micrograms/cubic meter (LC),,1,100.0,8.0,8.0,0,44.0,545.0,Met One E-SEQ-FRM PM2.5 with VSCC - Gravimetric,SPRINGFIELD PUMP STATION,1745 N. SPRINGFIELD,Illinois,Cook,Chicago,"Chicago-Naperville-Elgin, IL-IN-WI",2024-11-19,pm25
17,31,57,88101,1,41.912739,-87.722673,NAD83,PM2.5 - Local Conditions,24 HOUR,PM25 24-hour 2012,2024-07-23,Micrograms/cubic meter (LC),,1,100.0,16.6,16.6,0,65.0,545.0,Met One E-SEQ-FRM PM2.5 with VSCC - Gravimetric,SPRINGFIELD PUMP STATION,1745 N. SPRINGFIELD,Illinois,Cook,Chicago,"Chicago-Naperville-Elgin, IL-IN-WI",2024-11-19,pm25
17,31,57,88101,1,41.912739,-87.722673,NAD83,PM2.5 - Local Conditions,24 HOUR,PM25 24-hour 2012,2024-07-29,Micrograms/cubic meter (LC),,1,100.0,6.9,6.9,0,38.0,545.0,Met One E-SEQ-FRM PM2.5 with VSCC - Gravimetric,SPRINGFIELD PUMP STATION,1745 N. SPRINGFIELD,Illinois,Cook,Chicago,"Chicago-Naperville-Elgin, IL-IN-WI",2024-11-19,pm25
17,31,57,88101,1,41.912739,-87.722673,NAD83,PM2.5 - Local Conditions,24 HOUR,PM25 24-hour 2012,2024-08-04,Micrograms/cubic meter (LC),,1,100.0,9.1,9.1,0,51.0,545.0,Met One E-SEQ-FRM PM2.5 with VSCC - Gravimetric,SPRINGFIELD PUMP STATION,1745 N. SPRINGFIELD,Illinois,Cook,Chicago,"Chicago-Naperville-Elgin, IL-IN-WI",2024-11-19,pm25
17,31,57,88101,1,41.912739,-87.722673,NAD83,PM2.5 - Local Conditions,24 HOUR,PM25 24-hour 2012,2024-08-10,Micrograms/cubic meter (LC),,1,100.0,5.1,5.1,0,28.0,545.0,Met One E-SEQ-FRM PM2.5 with VSCC - Gravimetric,SPRINGFIELD PUMP STATION,1745 N. SPRINGFIELD,Illinois,Cook,Chicago,"Chicago-Naperville-Elgin, IL-IN-WI",2024-11-19,pm25
17,31,57,88101,1,41.912739,-87.722673,NAD83,PM2.5 - Local Conditions,24 HOUR,PM25 24-hour 2012,2024-08-16,Micrograms/cubic meter (LC),,1,100.0,6.7,6.7,0,37.0,545.0,Met One E-SEQ-FRM PM2.5 with VSCC - Gravimetric,SPRINGFIELD PUMP STATION,1745 N. SPRINGFIELD,Illinois,Cook,Chicago,"Chicago-Naperville-Elgin, IL-IN-WI",2024-11-19,pm25
17,31,57,88101,1,41.912739,-87.722673,NAD83,PM2.5 - Local Conditions,24 HOUR,PM25 24-hour 2012,2024-08-22,Micrograms/cubic meter (LC),,1,100.0,9.8,9.8,0,52.0,545.0,Met One E-SEQ-FRM PM2.5 with VSCC - Gravimetric,SPRINGFIELD PUMP STATION,1745 N. SPRINGFIELD,Illinois,Cook,Chicago,"Chicago-Naperville-Elgin, IL-IN-WI",2024-11-19,pm25
17,31,57,88101,1,41.912739,-87.722673,NAD83,PM2.5 - Local Conditions,24 HOUR,PM25 24-hour 2012,2024-08-28,Micrograms/cubic meter (LC),,1,100.0,4.6,4.6,0,26.0,545.0,Met One E-SEQ-FRM PM2.5 with VSCC - Gravimetric,SPRINGFIELD PUMP STATION,1745 N. SPRINGFIELD,Illinois,Cook,Chicago,"Chicago-Naperville-Elgin, IL-IN-WI",2024-11-19,pm25
17,31,57,88101,1,41.912739,-87.722673,NAD83,PM2.5 - Local Conditions,24 HOUR,PM25 24-hour 2012,2024-09-03,Micrograms/cubic meter (LC),,1,100.0,6.5,6.5,0,36.0,545.0,Met One E-SEQ-FRM PM2.5 with VSCC - Gravimetric,SPRINGFIELD PUMP STATION,1745 N. SPRINGFIELD,Illinois,Cook,Chicago,"Chicago-Naperville-Elgin, IL-IN-WI",2024-11-19,pm25
17,31,57,88101,1,41.912739,-87.722673,NAD83,PM2.5 - Local Conditions,24 HOUR,PM25 24-hour 2012,2024-09-09,Micrograms/cubic meter (LC),,1,100.0,7.8,7.8,0,43.0,545.0,Met One E-SEQ-FRM PM2.5 with VSCC - Gravimetric,SPRINGFIELD PUMP STATION,1745 N. SPRINGFIELD,Illinois,Cook,Chicago,"Chicago-Naperville-Elgin, IL-IN-WI",2024-11-19,pm25
17,31,57,88101,1,41.912739,-87.722673,NAD83,PM2.5 - Local Conditions,24 HOUR,PM25 24-hour 2012,2024-09-15,Micrograms/cubic meter (LC),,1,100.0,8.5,8.5,0,47.0,545.0,Met One E-SEQ-FRM PM2.5 with VSCC - Gravimetric,SPRINGFIELD PUMP STATION,1745 N. SPRINGFIELD,Illinois,Cook,Chicago,"Chicago-Naperville-Elgin, IL-IN-WI",2024-11-19,pm25
17,31,57,88101,1,41.912739,-87.722673,NAD83,PM2.5 - Local Conditions,24 HOUR,PM25 24-hour 2012,2024-09-21,Micrograms/cubic meter (LC),,1,100.0,11.9,11.9,0,56.0,545.0,Met One E-SEQ-FRM PM2.5 with VSCC - Gravimetric,SPRINGFIELD PUMP STATION,1745 N. SPRINGFIELD,Illinois,Cook,Chicago,"Chicago-Naperville-Elgin, IL-IN-WI",2024-11-19,pm25
17,31,57,88101,1,41.912739,-87.722673,NAD83,PM2.5 - Local Conditions,24 HOUR,PM25 24-hour 2012,2024-09-27,Micrograms/cubic meter (LC),,1,100.0,4.7,4.7,0,26.0,545.0,Met One E-SEQ-FRM PM2.5 with VSCC - Gravimetric,SPRINGFIELD PUMP STATION,1745 N. SPRINGFIELD,Illinois,Cook,Chicago,"Chicago-Naperville-Elgin, IL-IN-WI",2024-11-19,pm25
17,31,76,88101,1,41.7514,-87.713488,WGS84,PM2.5 - Local Conditions,24 HOUR,PM25 24-hour 2012,2024-01-01,Micrograms/cubic meter (LC),,1,100.0,2.6,2.6,0,14.0,545.0,Met One E-SEQ-FRM PM2.5 with VSCC - Gravimetric,COM ED MAINTENANCE BLDG,7801 LAWNDALE,Illinois,Cook,Chicago,"Chicago-Naperville-Elgin, IL-IN-WI",2024-11-19,pm25
17,31,76,88101,1,41.7514,-87.713488,WGS84,PM2.5 - Local Conditions,24 HOUR,PM25 24-hour 2012,2024-01-07,Micrograms/cubic meter (LC),,1,100.0,16.7,16.7,0,65.0,545.0,Met One E-SEQ-FRM PM2.5 with VSCC - Gravimetric,COM ED MAINTENANCE BLDG,7801 LAWNDALE,Illinois,Cook,Chicago,"Chicago-Naperville-Elgin, IL-IN-WI",2024-11-19,pm25
17,31,76,88101,1,41.7514,-87.713488,WGS84,PM2.5 - Local Conditions,24 HOUR,PM25 24-hour 2012,2024-01-13,Micrograms/cubic meter (LC),,1,100.0,3.0,3.0,0,17.0,545.0,Met One E-SEQ-FRM PM2.5 with VSCC - Gravimetric,COM ED MAINTENANCE BLDG,7801 LAWNDALE,Illinois,Cook,Chicago,"Chicago-Naperville-Elgin, IL-IN-WI",2024-11-19,pm25
17,31,76,88101,1,41.7514,-87.713488,WGS84,PM2.5 - Local Conditions,24 HOUR,PM25 24-hour 2012,2024-01-19,Micrograms/cubic meter (LC),,1,100.0,7.1,7.1,0,39.0,545.0,Met One E-SEQ-FRM PM2.5 with VSCC - Gravimetric,COM ED MAINTENANCE BLDG,7801 LAWNDALE,Illinois,Cook,Chicago,"Chicago-Naperville-Elgin, IL-IN-WI",2024-11-19,pm25
17,31,76,88101,1,41.7514,-87.713488,WGS84,PM2.5 - Local Conditions,24 HOUR,PM25 24-hour 2012,2024-01-25,Micrograms/cubic meter (LC),,1,100.0,8.6,8.6,0,48.0,545.0,Met One E-SEQ-FRM PM2.5 with VSCC - Gravimetric,COM ED MAINTENANCE BLDG,7801 LAWNDALE,Illinois,Cook,Chicago,"Chicago-Naperville-Elgin, IL-IN-WI",2024-11-19,pm25
17,31,76,88101,1,41.7514,-87.713488,WGS84,PM2.5 - Local Conditions,24 HOUR,PM25 24-hour 2012,2024-01-31,Micrograms/cubic meter (LC),,1,100.0,7.0,7.0,0,39.0,545.0,Met One E-SEQ-FRM PM2.5 with VSCC - Gravimetric,COM ED MAINTENANCE BLDG,7801 LAWNDALE,Illinois,Cook,Chicago,"Chicago-Naperville-Elgin, IL-IN-WI",2024-11-19,pm25
17,31,76,88101,1,41.7514,-87.713488,WGS84,PM2.5 - Local Conditions,24 HOUR,PM25 24-hour 2012,2024-02-06,Micrograms/cubic meter (LC),,1,100.0,18.3,18.3,0,68.0,545.0,Met One E-SEQ-FRM PM2.5 with VSCC - Gravimetric,COM ED MAINTENANCE BLDG,7801 LAWNDALE,Illinois,Cook,Chicago,"Chicago-Naperville-Elgin, IL-IN-WI",2024-11-19,pm25
17,31,76,88101,1,41.7514,-87.713488,WGS84,PM2.5 - Local Conditions,24 HOUR,PM25 24-hour 2012,2024-02-12,Micrograms/cubic meter (LC),,1,100.0,12.1,12.1,0,57.0,545.0,Met One E-SEQ-FRM PM2.5 with VSCC - Gravimetric,COM ED MAINTENANCE BLDG,7801 LAWNDALE,Illinois,Cook,Chicago,"Chicago-Naperville-Elgin, IL-IN-WI",2024-11-19,pm25
17,31,76,88101,1,41.7514,-87.713488,WGS84,PM2.5 - Local Conditions,24 HOUR,PM25 24-hour 2012,2024-02-18,Micrograms/cubic meter (LC),,1,100.0,5.2,5.2,0,29.0,545.0,Met One E-SEQ-FRM PM2.5 with VSCC - Gravimetric,COM ED MAINTENANCE BLDG,7801 LAWNDALE,Illinois,Cook,Chicago,"Chicago-Naperville-Elgin, IL-IN-WI",2024-11-19,pm25
17,31,76,88101,1,41.7514,-87.713488,WGS84,PM2.5 - Local Conditions,24 HOUR,PM25 24-hour 2012,2024-02-24,Micrograms/cubic meter (LC),,1,100.0,2.7,2.7,0,15.0,545.0,Met One E-SEQ-FRM PM2.5 with VSCC - Gravimetric,COM ED MAINTENANCE BLDG,7801 LAWNDALE,Illinois,Cook,Chicago,"Chicago-Naperville-Elgin, IL-IN-WI",2024-11-19,pm25
17,31,76,88101,1,41.7514,-87.713488,WGS84,PM2.5 - Local Conditions,24 HOUR,PM25 24-hour 2012,2024-03-01,Micrograms/cubic meter (LC),,1,100.0,6.3,6.3,0,35.0,545.0,Met One E-SEQ-FRM PM2.5 with VSCC - Gravimetric,COM ED MAINTENANCE BLDG,7801 LAWNDALE,Illinois,Cook,Chicago,"Chicago-Naperville-Elgin, IL-IN-WI",2024-11-19,pm25
17,31,76,88101,1,41.7514,-87.713488,WGS84,PM2.5 - Local Conditions,24 HOUR,PM25 24-hour 2012,2024-03-07,Micrograms/cubic meter (LC),,1,100.0,9.0,9.0,0,50.0,545.0,Met One E-SEQ-FRM PM2.5 with VSCC - Gravimetric,COM ED MAINTENANCE BLDG,7801 LAWNDALE,Illinois,Cook,Chicago,"Chicago-Naperville-Elgin, IL-IN-WI",2024-11-19,pm25
17,31,76,88101,1,41.7514,-87.713488,WGS84,PM2.5 - Local Conditions,24 HOUR,PM25 24-hour 2012,2024-03-13,Micrograms/cubic meter (LC),,1,100.0,13.5,13.5,0,59.0,545.0,Met One E-SEQ-FRM PM2.5 with VSCC - Gravimetric,COM ED MAINTENANCE BLDG,7801 LAWNDALE,Illinois,Cook,Chicago,"Chicago-Naperville-Elgin, IL-IN-WI",2024-11-19,pm25
17,31,76,88101,1,41.7514,-87.713488,WGS84,PM2.5 - Local Conditions,24 HOUR,PM25 24-hour 2012,2024-03-19,Micrograms/cubic meter (LC),,1,100.0,4.5,4.5,0,25.0,545.0,Met One E-SEQ-FRM PM2.5 with VSCC - Gravimetric,COM ED MAINTENANCE BLDG,7801 LAWNDALE,Illinois,Cook,Chicago,"Chicago-Naperville-Elgin, IL-IN-WI",2024-11-19,pm25
17,31,76,88101,1,41.7514,-87.713488,WGS84,PM2.5 - Local Conditions,24 HOUR,PM25 24-hour 2012,2024-03-25,Micrograms/cubic meter (LC),,1,100.0,5.7,5.7,0,32.0,545.0,Met One E-SEQ-FRM PM2.5 with VSCC - Gravimetric,COM ED MAINTENANCE BLDG,7801 LAWNDALE,Illinois,Cook,Chicago,"Chicago-Naperville-Elgin, IL-IN-WI",2024-11-19,pm25
17,31,76,88101,1,41.7514,-87.713488,WGS84,PM2.5 - Local Conditions,24 HOUR,PM25 24-hour 2012,2024-03-31,Micrograms/cubic meter (LC),,1,100.0,5.3,5.3,0,29.0,545.0,Met One E-SEQ-FRM PM2.5 with VSCC - Gravimetric,COM ED MAINTENANCE BLDG,7801 LAWNDALE,Illinois,Cook,Chicago,"Chicago-Naperville-Elgin, IL-IN-WI",2024-11-19,pm25
17,31,76,88101,1,41.7514,-87.713488,WGS84,PM2.5 - Local Conditions,24 HOUR,PM25 24-hour 2012,2024-04-06,Micrograms/cubic meter (LC),,1,100.0,4.0,4.0,0,22.0,545.0,Met One E-SEQ-FRM PM2.5 with VSCC - Gravimetric,COM ED MAINTENANCE BLDG,7801 LAWNDALE,Illinois,Cook,Chicago,"Chicago-Naperville-Elgin, IL-IN-WI",2024-11-19,pm25
17,31,76,88101,1,41.7514,-87.713488,WGS84,PM2.5 - Local Conditions,24 HOUR,PM25 24-hour 2012,2024-04-12,Micrograms/cubic meter (LC),,1,100.0,4.5,4.5,0,25.0,545.0,Met One E-SEQ-FRM PM2.5 with VSCC - Gravimetric,COM ED MAINTENANCE BLDG,7801 LAWNDALE,Illinois,Cook,Chicago,"Chicago-Naperville-Elgin, IL-IN-WI",2024-11-19,pm25
17,31,76,88101,1,41.7514,-87.713488,WGS84,PM2.5 - Local Conditions,24 HOUR,PM25 24-hour 2012,2024-04-18,Micrograms/cubic meter (LC),,1,100.0,3.9,3.9,0,22.0,545.0,Met One E-SEQ-FRM PM2.5 with VSCC - Gravimetric,COM ED MAINTENANCE BLDG,7801 LAWNDALE,Illinois,Cook,Chicago,"Chicago-Naperville-Elgin, IL-IN-WI",2024-11-19,pm25
17,31,76,88101,1,41.7514,-87.713488,WGS84,PM2.5 - Local Conditions,24 HOUR,PM25 24-hour 2012,2024-04-24,Micrograms/cubic meter (LC),,1,100.0,3.9,3.9,0,22.0,545.0,Met One E-SEQ-FRM PM2.5 with VSCC - Gravimetric,COM ED MAINTENANCE BLDG,7801 LAWNDALE,Illinois,Cook,Chicago,"Chicago-Naperville-Elgin, IL-IN-WI",2024-11-19,pm25
17,31,76,88101,1,41.7514,-87.713488,WGS84,PM2.5 - Local Conditions,24 HOUR,PM25 24-hour 2012,2024-04-30,Micrograms/cubic meter (LC),,1,100.0,3.9,3.9,0,22.0,545.0,Met One E-SEQ-FRM PM2.5 with VSCC - Gravimetric,COM ED MAINTENANCE BLDG,7801 LAWNDALE,Illinois,Cook,Chicago,"Chicago-Naperville-Elgin, IL-IN-WI",2024-11-19,pm25
17,31,76,88101,1,41.7514,-87.713488,WGS84,PM2.5 - Local Conditions,24 HOUR,PM25 24-hour 2012,2024-05-06,Micrograms/cubic meter (LC),,1,100.0,6.7,6.7,0,37.0,545.0,Met One E-SEQ-FRM PM2.5 with VSCC - Gravimetric,COM ED MAINTENANCE BLDG,7801 LAWNDALE,Illinois,Cook,Chicago,"Chicago-Naperville-Elgin, IL-IN-WI",2024-11-19,pm25
17,31,76,88101,1,41.7514,-87.713488,WGS84,PM2.5 - Local Conditions,24 HOUR,PM25 24-hour 2012,2024-05-12,Micrograms/cubic meter (LC),,1,100.0,7.9,7.9,0,44.0,545.0,Met One E-SEQ-FRM PM2.5 with VSCC - Gravimetric,COM ED MAINTENANCE BLDG,7801 LAWNDALE,Illinois,Cook,Chicago,"Chicago-Naperville-Elgin, IL-IN-WI",2024-11-19,pm25
17,31,76,88101,1,41.7514,-87.713488,WGS84,PM2.5 - Local Conditions,24 HOUR,PM25 24-hour 2012,2024-05-24,Micrograms/cubic meter (LC),,1,100.0,5.3,5.3,0,29.0,545.0,Met One E-SEQ-FRM PM2.5 with VSCC - Gravimetric,COM ED MAINTENANCE BLDG,7801 LAWNDALE,Illinois,Cook,Chicago,"Chicago-Naperville-Elgin, IL-IN-WI",2024-11-19,pm25
17,31,76,88101,1,41.7514,-87.713488,WGS84,PM2.5 - Local Conditions,24 HOUR,PM25 24-hour 2012,2024-05-25,Micrograms/cubic meter (LC),,1,100.0,8.1,8.1,0,45.0,545.0,Met One E-SEQ-FRM PM2.5 with VSCC - Gravimetric,COM ED MAINTENANCE BLDG,7801 LAWNDALE,Illinois,Cook,Chicago,"Chicago-Naperville-Elgin, IL-IN-WI",2024-11-19,pm25
17,31,76,88101,1,41.7514,-87.713488,WGS84,PM2.5 - Local Conditions,24 HOUR,PM25 24-hour 2012,2024-05-30,Micrograms/cubic meter (LC),,1,100.0,4.5,4.5,0,25.0,545.0,Met One E-SEQ-FRM PM2.5 with VSCC - Gravimetric,COM ED MAINTENANCE BLDG,7801 LAWNDALE,Illinois,Cook,Chicago,"Chicago-Naperville-Elgin, IL-IN-WI",2024-11-19,pm25
17,31,76,88101,1,41.7514,-87.713488,WGS84,PM2.5 - Local Conditions,24 HOUR,PM25 24-hour 2012,2024-06-05,Micrograms/cubic meter (LC),,1,100.0,5.5,5.5,0,31.0,545.0,Met One E-SEQ-FRM PM2.5 with VSCC - Gravimetric,COM ED MAINTENANCE BLDG,7801 LAWNDALE,Illinois,Cook,Chicago,"Chicago-Naperville-Elgin, IL-IN-WI",2024-11-19,pm25
17,31,76,88101,1,41.7514,-87.713488,WGS84,PM2.5 - Local Conditions,24 HOUR,PM25 24-hour 2012,2024-06-11,Micrograms/cubic meter (LC),,1,100.0,7.6,7.6,0,42.0,545.0,Met One E-SEQ-FRM PM2.5 with VSCC - Gravimetric,COM ED MAINTENANCE BLDG,7801 LAWNDALE,Illinois,Cook,Chicago,"Chicago-Naperville-Elgin, IL-IN-WI",2024-11-19,pm25
17,31,76,88101,1,41.7514,-87.713488,WGS84,PM2.5 - Local Conditions,24 HOUR,PM25 24-hour 2012,2024-06-17,Micrograms/cubic meter (LC),,1,100.0,13.2,13.2,0,59.0,545.0,Met One E-SEQ-FRM PM2.5 with VSCC - Gravimetric,COM ED MAINTENANCE BLDG,7801 LAWNDALE,Illinois,Cook,Chicago,"Chicago-Naperville-Elgin, IL-IN-WI",2024-11-19,pm25
17,31,76,88101,1,41.7514,-87.713488,WGS84,PM2.5 - Local Conditions,24 HOUR,PM25 24-hour 2012,2024-06-23,Micrograms/cubic meter (LC),,1,100.0,0.3,0.3,0,2.0,545.0,Met One E-SEQ-FRM PM2.5 with VSCC - Gravimetric,COM ED MAINTENANCE BLDG,7801 LAWNDALE,Illinois,Cook,Chicago,"Chicago-Naperville-Elgin, IL-IN-WI",2024-11-19,pm25
17,31,76,88101,1,41.7514,-87.713488,WGS84,PM2.5 - Local Conditions,24 HOUR,PM25 24-hour 2012,2024-07-02,Micrograms/cubic meter (LC),,1,100.0,5.1,5.1,0,28.0,545.0,Met One E-SEQ-FRM PM2.5 with VSCC - Gravimetric,COM ED MAINTENANCE BLDG,7801 LAWNDALE,Illinois,Cook,Chicago,"Chicago-Naperville-Elgin, IL-IN-WI",2024-11-19,pm25
17,31,76,88101,1,41.7514,-87.713488,WGS84,PM2.5 - Local Conditions,24 HOUR,PM25 24-hour 2012,2024-07-05,Micrograms/cubic meter (LC),,1,100.0,6.3,6.3,0,35.0,545.0,Met One E-SEQ-FRM PM2.5 with VSCC - Gravimetric,COM ED MAINTENANCE BLDG,7801 LAWNDALE,Illinois,Cook,Chicago,"Chicago-Naperville-Elgin, IL-IN-WI",2024-11-19,pm25
17,31,76,88101,1,41.7514,-87.713488,WGS84,PM2.5 - Local Conditions,24 HOUR,PM25 24-hour 2012,2024-07-11,Micrograms/cubic meter (LC),,1,100.0,9.4,9.4,0,52.0,545.0,Met One E-SEQ-FRM PM2.5 with VSCC - Gravimetric,COM ED MAINTENANCE BLDG,7801 LAWNDALE,Illinois,Cook,Chicago,"Chicago-Naperville-Elgin, IL-IN-WI",2024-11-19,pm25
17,31,76,88101,1,41.7514,-87.713488,WGS84,PM2.5 - Local Conditions,24 HOUR,PM25 24-hour 2012,2024-07-17,Micrograms/cubic meter (LC),,1,100.0,8.4,8.4,0,47.0,545.0,Met One E-SEQ-FRM PM2.5 with VSCC - Gravimetric,COM ED MAINTENANCE BLDG,7801 LAWNDALE,Illinois,Cook,Chicago,"Chicago-Naperville-Elgin, IL-IN-WI",2024-11-19,pm25
17,31,76,88101,1,41.7514,-87.713488,WGS84,PM2.5 - Local Conditions,24 HOUR,PM25 24-hour 2012,2024-07-23,Micrograms/cubic meter (LC),,1,100.0,14.0,14.0,0,60.0,545.0,Met One E-SEQ-FRM PM2.5 with VSCC - Gravimetric,COM ED MAINTENANCE BLDG,7801 LAWNDALE,Illinois,Cook,Chicago,"Chicago-Naperville-Elgin, IL-IN-WI",2024-11-19,pm25
17,31,76,88101,1,41.7514,-87.713488,WGS84,PM2.5 - Local Conditions,24 HOUR,PM25 24-hour 2012,2024-07-29,Micrograms/cubic meter (LC),,1,100.0,6.7,6.7,0,37.0,545.0,Met One E-SEQ-FRM PM2.5 with VSCC - Gravimetric,COM ED MAINTENANCE BLDG,7801 LAWNDALE,Illinois,Cook,Chicago,"Chicago-Naperville-Elgin, IL-IN-WI",2024-11-19,pm25
17,31,76,88101,1,41.7514,-87.713488,WGS84,PM2.5 - Local Conditions,24 HOUR,PM25 24-hour 2012,2024-08-04,Micrograms/cubic meter (LC),,1,100.0,9.9,9.9,0,52.0,545.0,Met One E-SEQ-FRM PM2.5 with VSCC - Gravimetric,COM ED MAINTENANCE BLDG,7801 LAWNDALE,Illinois,Cook,Chicago,"Chicago-Naperville-Elgin, IL-IN-WI",2024-11-19,pm25
17,31,76,88101,1,41.7514,-87.713488,WGS84,PM2.5 - Local Conditions,24 HOUR,PM25 24-hour 2012,2024-08-10,Micrograms/cubic meter (LC),,1,100.0,5.6,5.6,0,31.0,545.0,Met One E-SEQ-FRM PM2.5 with VSCC - Gravimetric,COM ED MAINTENANCE BLDG,7801 LAWNDALE,Illinois,Cook,Chicago,"Chicago-Naperville-Elgin, IL-IN-WI",2024-11-19,pm25
17,31,76,88101,1,41.7514,-87.713488,WGS84,PM2.5 - Local Conditions,24 HOUR,PM25 24-hour 2012,2024-08-16,Micrograms/cubic meter (LC),,1,100.0,6.5,6.5,0,36.0,545.0,Met One E-SEQ-FRM PM2.5 with VSCC - Gravimetric,COM ED MAINTENANCE BLDG,7801 LAWNDALE,Illinois,Cook,Chicago,"Chicago-Naperville-Elgin, IL-IN-WI",2024-11-19,pm25
17,31,76,88101,1,41.7514,-87.713488,WGS84,PM2.5 - Local Conditions,24 HOUR,PM25 24-hour 2012,2024-08-22,Micrograms/cubic meter (LC),,1,100.0,9.1,9.1,0,51.0,545.0,Met One E-SEQ-FRM PM2.5 with VSCC - Gravimetric,COM ED MAINTENANCE BLDG,7801 LAWNDALE,Illinois,Cook,Chicago,"Chicago-Naperville-Elgin, IL-IN-WI",2024-11-19,pm25
17,31,76,88101,1,41.7514,-87.713488,WGS84,PM2.5 - Local Conditions,24 HOUR,PM25 24-hour 2012,2024-08-28,Micrograms/cubic meter (LC),,1,100.0,4.8,4.8,0,27.0,545.0,Met One E-SEQ-FRM PM2.5 with VSCC - Gravimetric,COM ED MAINTENANCE BLDG,7801 LAWNDALE,Illinois,Cook,Chicago,"Chicago-Naperville-Elgin, IL-IN-WI",2024-11-19,pm25
17,31,76,88101,1,41.7514,-87.713488,WGS84,PM2.5 - Local Conditions,24 HOUR,PM25 24-hour 2012,2024-09-03,Micrograms/cubic meter (LC),,1,100.0,6.0,6.0,0,33.0,545.0,Met One E-SEQ-FRM PM2.5 with VSCC - Gravimetric,COM ED MAINTENANCE BLDG,7801 LAWNDALE,Illinois,Cook,Chicago,"Chicago-Naperville-Elgin, IL-IN-WI",2024-11-19,pm25
17,31,76,88101,1,41.7514,-87.713488,WGS84,PM2.5 - Local Conditions,24 HOUR,PM25 24-hour 2012,2024-09-09,Micrograms/cubic meter (LC),,1,100.0,5.0,5.0,0,28.0,545.0,Met One E-SEQ-FRM PM2.5 with VSCC - Gravimetric,COM ED MAINTENANCE BLDG,7801 LAWNDALE,Illinois,Cook,Chicago,"Chicago-Naperville-Elgin, IL-IN-WI",2024-11-19,pm25
17,31,76,88101,1,41.7514,-87.713488,WGS84,PM2.5 - Local Conditions,24 HOUR,PM25 24-hour 2012,2024-09-15,Micrograms/cubic meter (LC),,1,100.0,8.5,8.5,0,47.0,545.0,Met One E-SEQ-FRM PM2.5 with VSCC - Gravimetric,COM ED MAINTENANCE BLDG,7801 LAWNDALE,Illinois,Cook,Chicago,"Chicago-Naperville-Elgin, IL-IN-WI",2024-11-19,pm25
17,31,76,88101,1,41.7514,-87.713488,WGS84,PM2.5 - Local Conditions,24 HOUR,PM25 24-hour 2012,2024-09-21,Micrograms/cubic meter (LC),,1,100.0,12.4,12.4,0,57.0,545.0,Met One E-SEQ-FRM PM2.5 with VSCC - Gravimetric,COM ED MAINTENANCE BLDG,7801 LAWNDALE,Illinois,Cook,Chicago,"Chicago-Naperville-Elgin, IL-IN-WI",2024-11-19,pm25
17,31,76,88101,1,41.7514,-87.713488,WGS84,PM2.5 - Local Conditions,24 HOUR,PM25 24-hour 2012,2024-09-27,Micrograms/cubic meter (LC),,1,100.0,5.0,5.0,0,28.0,545.0,Met One E-SEQ-FRM PM2.5 with VSCC - Gravimetric,COM ED MAINTENANCE BLDG,7801 LAWNDALE,Illinois,Cook,Chicago,"Chicago-Naperville-Elgin, IL-IN-WI",2024-11-19,pm25
