State Code,County Code,Site Num,Parameter Code,POC,Latitude,Longitude,Datum,Parameter Name,Sample Duration,Pollutant Standard,Date Local,Units of Measure,Event Type,Observation Count,Observation Percent,Arithmetic Mean,1st Max Value,1st Max Hour,AQI,Method Code,Method Name,Local Site Name,Address,State Name,County Name,City Name,CBSA Name,Date of Last Change,parameter
6,37,1103,88101,1,34.06659,-118.22688,WGS84,PM2.5 - Local Conditions,24 HOUR,PM25 24-hour 2012,01-01-2021,Micrograms/cubic meter (LC),,1,100,18.5,18.5,0,69.0,145,R & P Model 2025 PM-2.5 Sequential Air Sampler w/VSCC - Gravimetric,Los Angeles-North Main Street,"1630 N MAIN ST, LOS ANGELES",California,Los Angeles,Los Angeles,"Los Angeles-Long Beach-Anaheim, CA",17-05-2024,pm25
6,37,1103,88101,1,34.06659,-118.22688,WGS84,PM2.5 - Local Conditions,24 HOUR,PM25 24-hour 2012,02-01-2021,Micrograms/cubic meter (LC),,1,100,12.9,12.9,0,58.0,145,R & P Model 2025 PM-2.5 Sequential Air Sampler w/VSCC - Gravimetric,Los Angeles-North Main Street,"1630 N MAIN ST, LOS ANGELES",California,Los Angeles,Los Angeles,"Los Angeles-Long Beach-Anaheim, CA",17-05-2024,pm25
6,37,1103,88101,1,34.06659,-118.22688,WGS84,PM2.5 - Local Conditions,24 HOUR,PM25 24-hour 2012,03-01-2021,Micrograms/cubic meter (LC),,1,100,19.5,19.5,0,70.0,145,R & P Model 2025 PM-2.5 Sequential Air Sampler w/VSCC - Gravimetric,Los Angeles-North Main Street,"1630 N MAIN ST, LOS ANGELES",California,Los Angeles,Los Angeles,"Los Angeles-Long Beach-Anaheim, CA",17-05-2024,pm25
6,37,1103,88101,1,34.06659,-118.22688,WGS84,PM2.5 - Local Conditions,24 HOUR,PM25 24-hour 2012,04-01-2021,Micrograms/cubic meter (LC),,1,100,19.2,19.2,0,70.0,145,R & P Model 2025 PM-2.5 Sequential Air Sampler w/VSCC - Gravimetric,Los Angeles-North Main Street,"1630 N MAIN ST, LOS ANGELES",California,Los Angeles,Los Angeles,"Los Angeles-Long Beach-Anaheim, CA",17-05-2024,pm25
6,37,1103,88101,1,34.06659,-118.22688,WGS84,PM2.5 - Local Conditions,24 HOUR,PM25 24-hour 2012,05-01-2021,Micrograms/cubic meter (LC),,1,100,26.9,26.9,0,84.0,145,R & P Model 2025 PM-2.5 Sequential Air Sampler w/VSCC - Gravimetric,Los Angeles-North Main Street,"1630 N MAIN ST, LOS ANGELES",California,Los Angeles,Los Angeles,"Los Angeles-Long Beach-Anaheim, CA",17-05-2024,pm25
6,37,1103,88101,1,34.06659,-118.22688,WGS84,PM2.5 - Local Conditions,24 HOUR,PM25 24-hour 2012,06-01-2021,Micrograms/cubic meter (LC),,1,100,15.0,15.0,0,62.0,145,R & P Model 2025 PM-2.5 Sequential Air Sampler w/VSCC - Gravimetric,Los Angeles-North Main Street,"1630 N MAIN ST, LOS ANGELES",California,Los Angeles,Los Angeles,"Los Angeles-Long Beach-Anaheim, CA",17-05-2024,pm25
6,37,1103,88101,1,34.06659,-118.22688,WGS84,PM2.5 - Local Conditions,24 HOUR,PM25 24-hour 2012,07-01-2021,Micrograms/cubic meter (LC),,1,100,15.3,15.3,0,63.0,145,R & P Model 2025 PM-2.5 Sequential Air Sampler w/VSCC - Gravimetric,Los Angeles-North Main Street,"1630 N MAIN ST, LOS ANGELES",California,Los Angeles,Los Angeles,"Los Angeles-Long Beach-Anaheim, CA",17-05-2024,pm25
6,37,1103,88101,1,34.06659,-118.22688,WGS84,PM2.5 - Local Conditions,24 HOUR,PM25 24-hour 2012,08-01-2021,Micrograms/cubic meter (LC),,1,100,20.1,20.1,0,71.0,145,R & P Model 2025 PM-2.5 Sequential Air Sampler w/VSCC - Gravimetric,Los Angeles-North Main Street,"1630 N MAIN ST, LOS ANGELES",California,Los Angeles,Los Angeles,"Los Angeles-Long Beach-Anaheim, CA",17-05-2024,pm25
6,37,1103,88101,1,34.06659,-118.22688,WGS84,PM2.5 - Local Conditions,24 HOUR,PM25 24-hour 2012,09-01-2021,Micrograms/cubic meter (LC),,1,100,17.3,17.3,0,66.0,145,R & P Model 2025 PM-2.5 Sequential Air Sampler w/VSCC - Gravimetric,Los Angeles-North Main Street,"1630 N MAIN ST, LOS ANGELES",California,Los Angeles,Los Angeles,"Los Angeles-Long Beach-Anaheim, CA",17-05-2024,pm25
6,37,1103,88101,1,34.06659,-118.22688,WGS84,PM2.5 - Local Conditions,24 HOUR,PM25 24-hour 2012,10-01-2021,Micrograms/cubic meter (LC),,1,100,7.1,7.1,0,39.0,145,R & P Model 2025 PM-2.5 Sequential Air Sampler w/VSCC - Gravimetric,Los Angeles-North Main Street,"1630 N MAIN ST, LOS ANGELES",California,Los Angeles,Los Angeles,"Los Angeles-Long Beach-Anaheim, CA",17-05-2024,pm25
6,37,1103,88101,1,34.06659,-118.22688,WGS84,PM2.5 - Local Conditions,24 HOUR,PM25 24-hour 2012,11-01-2021,Micrograms/cubic meter (LC),,1,100,8.2,8.2,0,46.0,145,R & P Model 2025 PM-2.5 Sequential Air Sampler w/VSCC - Gravimetric,Los Angeles-North Main Street,"1630 N MAIN ST, LOS ANGELES",California,Los Angeles,Los Angeles,"Los Angeles-Long Beach-Anaheim, CA",17-05-2024,pm25
6,37,1103,88101,1,34.06659,-118.22688,WGS84,PM2.5 - Local Conditions,24 HOUR,PM25 24-hour 2012,12-01-2021,Micrograms/cubic meter (LC),,1,100,10.2,10.2,0,53.0,145,R & P Model 2025 PM-2.5 Sequential Air Sampler w/VSCC - Gravimetric,Los Angeles-North Main Street,"1630 N MAIN ST, LOS ANGELES",California,Los Angeles,Los Angeles,"Los Angeles-Long Beach-Anaheim, CA",17-05-2024,pm25
6,37,1103,88101,1,34.06659,-118.22688,WGS84,PM2.5 - Local Conditions,24 HOUR,PM25 24-hour 2012,13-01-2021,Micrograms/cubic meter (LC),,1,100,9.7,9.7,0,52.0,145,R & P Model 2025 PM-2.5 Sequential Air Sampler w/VSCC - Gravimetric,Los Angeles-North Main Street,"1630 N MAIN ST, LOS ANGELES",California,Los Angeles,Los Angeles,"Los Angeles-Long Beach-Anaheim, CA",17-05-2024,pm25
6,37,1103,88101,1,34.06659,-118.22688,WGS84,PM2.5 - Local Conditions,24 HOUR,PM25 24-hour 2012,14-01-2021,Micrograms/cubic meter (LC),,1,100,10.9,10.9,0,54.0,145,R & P Model 2025 PM-2.5 Sequential Air Sampler w/VSCC - Gravimetric,Los Angeles-North Main Street,"1630 N MAIN ST, LOS ANGELES",California,Los Angeles,Los Angeles,"Los Angeles-Long Beach-Anaheim, CA",17-05-2024,pm25
6,37,1103,88101,1,34.06659,-118.22688,WGS84,PM2.5 - Local Conditions,24 HOUR,PM25 24-hour 2012,15-01-2021,Micrograms/cubic meter (LC),,1,100,11.2,11.2,0,55.0,145,R & P Model 2025 PM-2.5 Sequential Air Sampler w/VSCC - Gravimetric,Los Angeles-North Main Street,"1630 N MAIN ST, LOS ANGELES",California,Los Angeles,Los Angeles,"Los Angeles-Long Beach-Anaheim, CA",17-05-2024,pm25
6,37,1103,88101,1,34.06659,-118.22688,WGS84,PM2.5 - Local Conditions,24 HOUR,PM25 24-hour 2012,16-01-2021,Micrograms/cubic meter (LC),,1,100,13.0,13.0,0,58.0,145,R & P Model 2025 PM-2.5 Sequential Air Sampler w/VSCC - Gravimetric,Los Angeles-North Main Street,"1630 N MAIN ST, LOS ANGELES",California,Los Angeles,Los Angeles,"Los Angeles-Long Beach-Anaheim, CA",17-05-2024,pm25
6,37,1103,88101,1,34.06659,-118.22688,WGS84,PM2.5 - Local Conditions,24 HOUR,PM25 24-hour 2012,17-01-2021,Micrograms/cubic meter (LC),,1,100,9.5,9.5,0,52.0,145,R & P Model 2025 PM-2.5 Sequential Air Sampler w/VSCC - Gravimetric,Los Angeles-North Main Street,"1630 N MAIN ST, LOS ANGELES",California,Los Angeles,Los Angeles,"Los Angeles-Long Beach-Anaheim, CA",17-05-2024,pm25
6,37,1103,88101,1,34.06659,-118.22688,WGS84,PM2.5 - Local Conditions,24 HOUR,PM25 24-hour 2012,18-01-2021,Micrograms/cubic meter (LC),,1,100,14.4,14.4,0,61.0,145,R & P Model 2025 PM-2.5 Sequential Air Sampler w/VSCC - Gravimetric,Los Angeles-North Main Street,"1630 N MAIN ST, LOS ANGELES",California,Los Angeles,Los Angeles,"Los Angeles-Long Beach-Anaheim, CA",17-05-2024,pm25
6,37,1103,88101,1,34.06659,-118.22688,WGS84,PM2.5 - Local Conditions,24 HOUR,PM25 24-hour 2012,19-01-2021,Micrograms/cubic meter (LC),,1,100,8.2,8.2,0,46.0,145,R & P Model 2025 PM-2.5 Sequential Air Sampler w/VSCC - Gravimetric,Los Angeles-North Main Street,"1630 N MAIN ST, LOS ANGELES",California,Los Angeles,Los Angeles,"Los Angeles-Long Beach-Anaheim, CA",17-05-2024,pm25
6,37,1103,88101,1,34.06659,-118.22688,WGS84,PM2.5 - Local Conditions,24 HOUR,PM25 24-hour 2012,20-01-2021,Micrograms/cubic meter (LC),,1,100,7.2,7.2,0,40.0,145,R & P Model 2025 PM-2.5 Sequential Air Sampler w/VSCC - Gravimetric,Los Angeles-North Main Street,"1630 N MAIN ST, LOS ANGELES",California,Los Angeles,Los Angeles,"Los Angeles-Long Beach-Anaheim, CA",17-05-2024,pm25
6,37,1103,88101,1,34.06659,-118.22688,WGS84,PM2.5 - Local Conditions,24 HOUR,PM25 24-hour 2012,21-01-2021,Micrograms/cubic meter (LC),,1,100,8.0,8.0,0,44.0,145,R & P Model 2025 PM-2.5 Sequential Air Sampler w/VSCC - Gravimetric,Los Angeles-North Main Street,"1630 N MAIN ST, LOS ANGELES",California,Los Angeles,Los Angeles,"Los Angeles-Long Beach-Anaheim, CA",17-05-2024,pm25
6,37,1103,88101,1,34.06659,-118.22688,WGS84,PM2.5 - Local Conditions,24 HOUR,PM25 24-hour 2012,22-01-2021,Micrograms/cubic meter (LC),,1,100,7.5,7.5,0,42.0,145,R & P Model 2025 PM-2.5 Sequential Air Sampler w/VSCC - Gravimetric,Los Angeles-North Main Street,"1630 N MAIN ST, LOS ANGELES",California,Los Angeles,Los Angeles,"Los Angeles-Long Beach-Anaheim, CA",17-05-2024,pm25
6,37,1103,88101,1,34.06659,-118.22688,WGS84,PM2.5 - Local Conditions,24 HOUR,PM25 24-hour 2012,23-01-2021,Micrograms/cubic meter (LC),,1,100,6.5,6.5,0,36.0,145,R & P Model 2025 PM-2.5 Sequential Air Sampler w/VSCC - Gravimetric,Los Angeles-North Main Street,"1630 N MAIN ST, LOS ANGELES",California,Los Angeles,Los Angeles,"Los Angeles-Long Beach-Anaheim, CA",17-05-2024,pm25
6,37,1103,88101,1,34.06659,-118.22688,WGS84,PM2.5 - Local Conditions,24 HOUR,PM25 24-hour 2012,24-01-2021,Micrograms/cubic meter (LC),,1,100,9.7,9.7,0,52.0,145,R & P Model 2025 PM-2.5 Sequential Air Sampler w/VSCC - Gravimetric,Los Angeles-North Main Street,"1630 N MAIN ST, LOS ANGELES",California,Los Angeles,Los Angeles,"Los Angeles-Long Beach-Anaheim, CA",17-05-2024,pm25
6,37,1103,88101,1,34.06659,-118.22688,WGS84,PM2.5 - Local Conditions,24 HOUR,PM25 24-hour 2012,25-01-2021,Micrograms/cubic meter (LC),,1,100,2.6,2.6,0,14.0,145,R & P Model 2025 PM-2.5 Sequential Air Sampler w/VSCC - Gravimetric,Los Angeles-North Main Street,"1630 N MAIN ST, LOS ANGELES",California,Los Angeles,Los Angeles,"Los Angeles-Long Beach-Anaheim, CA",17-05-2024,pm25
6,37,1103,88101,1,34.06659,-118.22688,WGS84,PM2.5 - Local Conditions,24 HOUR,PM25 24-hour 2012,26-01-2021,Micrograms/cubic meter (LC),,1,100,5.5,5.5,0,31.0,145,R & P Model 2025 PM-2.5 Sequential Air Sampler w/VSCC - Gravimetric,Los Angeles-North Main Street,"1630 N MAIN ST, LOS ANGELES",California,Los Angeles,Los Angeles,"Los Angeles-Long Beach-Anaheim, CA",17-05-2024,pm25
6,37,1103,88101,1,34.06659,-118.22688,WGS84,PM2.5 - Local Conditions,24 HOUR,PM25 24-hour 2012,27-01-2021,Micrograms/cubic meter (LC),,1,100,6.3,6.3,0,35.0,145,R & P Model 2025 PM-2.5 Sequential Air Sampler w/VSCC - Gravimetric,Los Angeles-North Main Street,"1630 N MAIN ST, LOS ANGELES",California,Los Angeles,Los Angeles,"Los Angeles-Long Beach-Anaheim, CA",17-05-2024,pm25
6,37,1103,88101,1,34.06659,-118.22688,WGS84,PM2.5 - Local Conditions,24 HOUR,PM25 24-hour 2012,28-01-2021,Micrograms/cubic meter (LC),,1,100,6.6,6.6,0,37.0,145,R & P Model 2025 PM-2.5 Sequential Air Sampler w/VSCC - Gravimetric,Los Angeles-North Main Street,"1630 N MAIN ST, LOS ANGELES",California,Los Angeles,Los Angeles,"Los Angeles-Long Beach-Anaheim, CA",17-05-2024,pm25
6,37,1103,88101,1,34.06659,-118.22688,WGS84,PM2.5 - Local Conditions,24 HOUR,PM25 24-hour 2012,29-01-2021,Micrograms/cubic meter (LC),,1,100,4.2,4.2,0,23.0,145,R & P Model 2025 PM-2.5 Sequential Air Sampler w/VSCC - Gravimetric,Los Angeles-North Main Street,"1630 N MAIN ST, LOS ANGELES",California,Los Angeles,Los Angeles,"Los Angeles-Long Beach-Anaheim, CA",17-05-2024,pm25
6,37,1103,88101,1,34.06659,-118.22688,WGS84,PM2.5 - Local Conditions,24 HOUR,PM25 24-hour 2012,30-01-2021,Micrograms/cubic meter (LC),,1,100,8.1,8.1,0,45.0,145,R & P Model 2025 PM-2.5 Sequential Air Sampler w/VSCC - Gravimetric,Los Angeles-North Main Street,"1630 N MAIN ST, LOS ANGELES",California,Los Angeles,Los Angeles,"Los Angeles-Long Beach-Anaheim, CA",17-05-2024,pm25
6,37,1103,88101,1,34.06659,-118.22688,WGS84,PM2.5 - Local Conditions,24 HOUR,PM25 24-hour 2012,31-01-2021,Micrograms/cubic meter (LC),,1,100,7.4,7.4,0,41.0,145,R & P Model 2025 PM-2.5 Sequential Air Sampler w/VSCC - Gravimetric,Los Angeles-North Main Street,"1630 N MAIN ST, LOS ANGELES",California,Los Angeles,Los Angeles,"Los Angeles-Long Beach-Anaheim, CA",17-05-2024,pm25
6,37,1103,88101,1,34.06659,-118.22688,WGS84,PM2.5 - Local Conditions,24 HOUR,PM25 24-hour 2012,01-02-2021,Micrograms/cubic meter (LC),,1,100,8.1,8.1,0,45.0,145,R & P Model 2025 PM-2.5 Sequential Air Sampler w/VSCC - Gravimetric,Los Angeles-North Main Street,"1630 N MAIN ST, LOS ANGELES",California,Los Angeles,Los Angeles,"Los Angeles-Long Beach-Anaheim, CA",17-05-2024,pm25
6,37,1103,88101,1,34.06659,-118.22688,WGS84,PM2.5 - Local Conditions,24 HOUR,PM25 24-hour 2012,02-02-2021,Micrograms/cubic meter (LC),,1,100,10.5,10.5,0,54.0,145,R & P Model 2025 PM-2.5 Sequential Air Sampler w/VSCC - Gravimetric,Los Angeles-North Main Street,"1630 N MAIN ST, LOS ANGELES",California,Los Angeles,Los Angeles,"Los Angeles-Long Beach-Anaheim, CA",17-05-2024,pm25
6,37,1103,88101,1,34.06659,-118.22688,WGS84,PM2.5 - Local Conditions,24 HOUR,PM25 24-hour 2012,03-02-2021,Micrograms/cubic meter (LC),,1,100,9.7,9.7,0,52.0,145,R & P Model 2025 PM-2.5 Sequential Air Sampler w/VSCC - Gravimetric,Los Angeles-North Main Street,"1630 N MAIN ST, LOS ANGELES",California,Los Angeles,Los Angeles,"Los Angeles-Long Beach-Anaheim, CA",17-05-2024,pm25
6,37,1103,88101,1,34.06659,-118.22688,WGS84,PM2.5 - Local Conditions,24 HOUR,PM25 24-hour 2012,04-02-2021,Micrograms/cubic meter (LC),,1,100,14.6,14.6,0,61.0,145,R & P Model 2025 PM-2.5 Sequential Air Sampler w/VSCC - Gravimetric,Los Angeles-North Main Street,"1630 N MAIN ST, LOS ANGELES",California,Los Angeles,Los Angeles,"Los Angeles-Long Beach-Anaheim, CA",17-05-2024,pm25
6,37,1103,88101,1,34.06659,-118.22688,WGS84,PM2.5 - Local Conditions,24 HOUR,PM25 24-hour 2012,05-02-2021,Micrograms/cubic meter (LC),,1,100,11.3,11.3,0,55.0,145,R & P Model 2025 PM-2.5 Sequential Air Sampler w/VSCC - Gravimetric,Los Angeles-North Main Street,"1630 N MAIN ST, LOS ANGELES",California,Los Angeles,Los Angeles,"Los Angeles-Long Beach-Anaheim, CA",17-05-2024,pm25
6,37,1103,88101,1,34.06659,-118.22688,WGS84,PM2.5 - Local Conditions,24 HOUR,PM25 24-hour 2012,06-02-2021,Micrograms/cubic meter (LC),,1,100,17.1,17.1,0,66.0,145,R & P Model 2025 PM-2.5 Sequential Air Sampler w/VSCC - Gravimetric,Los Angeles-North Main Street,"1630 N MAIN ST, LOS ANGELES",California,Los Angeles,Los Angeles,"Los Angeles-Long Beach-Anaheim, CA",17-05-2024,pm25
6,37,1103,88101,1,34.06659,-118.22688,WGS84,PM2.5 - Local Conditions,24 HOUR,PM25 24-hour 2012,07-02-2021,Micrograms/cubic meter (LC),,1,100,24.5,24.5,0,80.0,145,R & P Model 2025 PM-2.5 Sequential Air Sampler w/VSCC - Gravimetric,Los Angeles-North Main Street,"1630 N MAIN ST, LOS ANGELES",California,Los Angeles,Los Angeles,"Los Angeles-Long Beach-Anaheim, CA",17-05-2024,pm25
6,37,1103,88101,1,34.06659,-118.22688,WGS84,PM2.5 - Local Conditions,24 HOUR,PM25 24-hour 2012,08-02-2021,Micrograms/cubic meter (LC),,1,100,26.2,26.2,0,83.0,145,R & P Model 2025 PM-2.5 Sequential Air Sampler w/VSCC - Gravimetric,Los Angeles-North Main Street,"1630 N MAIN ST, LOS ANGELES",California,Los Angeles,Los Angeles,"Los Angeles-Long Beach-Anaheim, CA",17-05-2024,pm25
6,37,1103,88101,1,34.06659,-118.22688,WGS84,PM2.5 - Local Conditions,24 HOUR,PM25 24-hour 2012,09-02-2021,Micrograms/cubic meter (LC),,1,100,15.9,15.9,0,64.0,145,R & P Model 2025 PM-2.5 Sequential Air Sampler w/VSCC - Gravimetric,Los Angeles-North Main Street,"1630 N MAIN ST, LOS ANGELES",California,Los Angeles,Los Angeles,"Los Angeles-Long Beach-Anaheim, CA",17-05-2024,pm25
6,37,1103,88101,1,34.06659,-118.22688,WGS84,PM2.5 - Local Conditions,24 HOUR,PM25 24-hour 2012,10-02-2021,Micrograms/cubic meter (LC),,1,100,20.3,20.3,0,72.0,145,R & P Model 2025 PM-2.5 Sequential Air Sampler w/VSCC - Gravimetric,Los Angeles-North Main Street,"1630 N MAIN ST, LOS ANGELES",California,Los Angeles,Los Angeles,"Los Angeles-Long Beach-Anaheim, CA",17-05-2024,pm25
6,37,1103,88101,1,34.06659,-118.22688,WGS84,PM2.5 - Local Conditions,24 HOUR,PM25 24-hour 2012,11-02-2021,Micrograms/cubic meter (LC),,1,100,22.3,22.3,0,76.0,145,R & P Model 2025 PM-2.5 Sequential Air Sampler w/VSCC - Gravimetric,Los Angeles-North Main Street,"1630 N MAIN ST, LOS ANGELES",California,Los Angeles,Los Angeles,"Los Angeles-Long Beach-Anaheim, CA",17-05-2024,pm25
6,37,1103,88101,1,34.06659,-118.22688,WGS84,PM2.5 - Local Conditions,24 HOUR,PM25 24-hour 2012,12-02-2021,Micrograms/cubic meter (LC),,1,100,9.1,9.1,0,51.0,145,R & P Model 2025 PM-2.5 Sequential Air Sampler w/VSCC - Gravimetric,Los Angeles-North Main Street,"1630 N MAIN ST, LOS ANGELES",California,Los Angeles,Los Angeles,"Los Angeles-Long Beach-Anaheim, CA",17-05-2024,pm25
6,37,1103,88101,1,34.06659,-118.22688,WGS84,PM2.5 - Local Conditions,24 HOUR,PM25 24-hour 2012,13-02-2021,Micrograms/cubic meter (LC),,1,100,7.9,7.9,0,44.0,145,R & P Model 2025 PM-2.5 Sequential Air Sampler w/VSCC - Gravimetric,Los Angeles-North Main Street,"1630 N MAIN ST, LOS ANGELES",California,Los Angeles,Los Angeles,"Los Angeles-Long Beach-Anaheim, CA",17-05-2024,pm25
6,37,1103,88101,1,34.06659,-118.22688,WGS84,PM2.5 - Local Conditions,24 HOUR,PM25 24-hour 2012,14-02-2021,Micrograms/cubic meter (LC),,1,100,2.1,2.1,0,12.0,145,R & P Model 2025 PM-2.5 Sequential Air Sampler w/VSCC - Gravimetric,Los Angeles-North Main Street,"1630 N MAIN ST, LOS ANGELES",California,Los Angeles,Los Angeles,"Los Angeles-Long Beach-Anaheim, CA",17-05-2024,pm25
6,37,1103,88101,1,34.06659,-118.22688,WGS84,PM2.5 - Local Conditions,24 HOUR,PM25 24-hour 2012,15-02-2021,Micrograms/cubic meter (LC),,1,100,9.7,9.7,0,52.0,145,R & P Model 2025 PM-2.5 Sequential Air Sampler w/VSCC - Gravimetric,Los Angeles-North Main Street,"1630 N MAIN ST, LOS ANGELES",California,Los Angeles,Los Angeles,"Los Angeles-Long Beach-Anaheim, CA",17-05-2024,pm25
6,37,1103,88101,1,34.06659,-118.22688,WGS84,PM2.5 - Local Conditions,24 HOUR,PM25 24-hour 2012,16-02-2021,Micrograms/cubic meter (LC),,1,100,6.6,6.6,0,37.0,145,R & P Model 2025 PM-2.5 Sequential Air Sampler w/VSCC - Gravimetric,Los Angeles-North Main Street,"1630 N MAIN ST, LOS ANGELES",California,Los Angeles,Los Angeles,"Los Angeles-Long Beach-Anaheim, CA",17-05-2024,pm25
6,37,1103,88101,1,34.06659,-118.22688,WGS84,PM2.5 - Local Conditions,24 HOUR,PM25 24-hour 2012,17-02-2021,Micrograms/cubic meter (LC),,1,100,6.0,6.0,0,33.0,145,R & P Model 2025 PM-2.5 Sequential Air Sampler w/VSCC - Gravimetric,Los Angeles-North Main Street,"1630 N MAIN ST, LOS ANGELES",California,Los Angeles,Los Angeles,"Los Angeles-Long Beach-Anaheim, CA",17-05-2024,pm25
6,37,1103,88101,1,34.06659,-118.22688,WGS84,PM2.5 - Local Conditions,24 HOUR,PM25 24-hour 2012,18-02-2021,Micrograms/cubic meter (LC),,1,100,7.8,7.8,0,43.0,145,R & P Model 2025 PM-2.5 Sequential Air Sampler w/VSCC - Gravimetric,Los Angeles-North Main Street,"1630 N MAIN ST, LOS ANGELES",California,Los Angeles,Los Angeles,"Los Angeles-Long Beach-Anaheim, CA",17-05-2024,pm25
6,37,1103,88101,1,34.06659,-118.22688,WGS84,PM2.5 - Local Conditions,24 HOUR,PM25 24-hour 2012,19-02-2021,Micrograms/cubic meter (LC),,1,100,9.0,9.0,0,50.0,145,R & P Model 2025 PM-2.5 Sequential Air Sampler w/VSCC - Gravimetric,Los Angeles-North Main Street,"1630 N MAIN ST, LOS ANGELES",California,Los Angeles,Los Angeles,"Los Angeles-Long Beach-Anaheim, CA",17-05-2024,pm25
6,37,1103,88101,1,34.06659,-118.22688,WGS84,PM2.5 - Local Conditions,24 HOUR,PM25 24-hour 2012,20-02-2021,Micrograms/cubic meter (LC),,1,100,8.8,8.8,0,49.0,145,R & P Model 2025 PM-2.5 Sequential Air Sampler w/VSCC - Gravimetric,Los Angeles-North Main Street,"1630 N MAIN ST, LOS ANGELES",California,Los Angeles,Los Angeles,"Los Angeles-Long Beach-Anaheim, CA",17-05-2024,pm25
6,37,1103,88101,1,34.06659,-118.22688,WGS84,PM2.5 - Local Conditions,24 HOUR,PM25 24-hour 2012,21-02-2021,Micrograms/cubic meter (LC),,1,100,6.5,6.5,0,36.0,145,R & P Model 2025 PM-2.5 Sequential Air Sampler w/VSCC - Gravimetric,Los Angeles-North Main Street,"1630 N MAIN ST, LOS ANGELES",California,Los Angeles,Los Angeles,"Los Angeles-Long Beach-Anaheim, CA",17-05-2024,pm25
6,37,1103,88101,1,34.06659,-118.22688,WGS84,PM2.5 - Local Conditions,24 HOUR,PM25 24-hour 2012,22-02-2021,Micrograms/cubic meter (LC),,1,100,6.3,6.3,0,35.0,145,R & P Model 2025 PM-2.5 Sequential Air Sampler w/VSCC - Gravimetric,Los Angeles-North Main Street,"1630 N MAIN ST, LOS ANGELES",California,Los Angeles,Los Angeles,"Los Angeles-Long Beach-Anaheim, CA",17-05-2024,pm25
6,37,1103,88101,1,34.06659,-118.22688,WGS84,PM2.5 - Local Conditions,24 HOUR,PM25 24-hour 2012,23-02-2021,Micrograms/cubic meter (LC),,1,100,7.6,7.6,0,42.0,145,R & P Model 2025 PM-2.5 Sequential Air Sampler w/VSCC - Gravimetric,Los Angeles-North Main Street,"1630 N MAIN ST, LOS ANGELES",California,Los Angeles,Los Angeles,"Los Angeles-Long Beach-Anaheim, CA",17-05-2024,pm25
6,37,1103,88101,1,34.06659,-118.22688,WGS84,PM2.5 - Local Conditions,24 HOUR,PM25 24-hour 2012,24-02-2021,Micrograms/cubic meter (LC),,1,100,11.3,11.3,0,55.0,145,R & P Model 2025 PM-2.5 Sequential Air Sampler w/VSCC - Gravimetric,Los Angeles-North Main Street,"1630 N MAIN ST, LOS ANGELES",California,Los Angeles,Los Angeles,"Los Angeles-Long Beach-Anaheim, CA",17-05-2024,pm25
6,37,1103,88101,1,34.06659,-118.22688,WGS84,PM2.5 - Local Conditions,24 HOUR,PM25 24-hour 2012,25-02-2021,Micrograms/cubic meter (LC),,1,100,14.0,14.0,0,60.0,145,R & P Model 2025 PM-2.5 Sequential Air Sampler w/VSCC - Gravimetric,Los Angeles-North Main Street,"1630 N MAIN ST, LOS ANGELES",California,Los Angeles,Los Angeles,"Los Angeles-Long Beach-Anaheim, CA",17-05-2024,pm25
6,37,1103,88101,1,34.06659,-118.22688,WGS84,PM2.5 - Local Conditions,24 HOUR,PM25 24-hour 2012,26-02-2021,Micrograms/cubic meter (LC),,1,100,9.4,9.4,0,52.0,145,R & P Model 2025 PM-2.5 Sequential Air Sampler w/VSCC - Gravimetric,Los Angeles-North Main Street,"1630 N MAIN ST, LOS ANGELES",California,Los Angeles,Los Angeles,"Los Angeles-Long Beach-Anaheim, CA",17-05-2024,pm25
6,37,1103,88101,1,34.06659,-118.22688,WGS84,PM2.5 - Local Conditions,24 HOUR,PM25 24-hour 2012,27-02-2021,Micrograms/cubic meter (LC),,1,100,11.2,11.2,0,55.0,145,R & P Model 2025 PM-2.5 Sequential Air Sampler w/VSCC - Gravimetric,Los Angeles-North Main Street,"1630 N MAIN ST, LOS ANGELES",California,Los Angeles,Los Angeles,"Los Angeles-Long Beach-Anaheim, CA",17-05-2024,pm25
6,37,1103,88101,1,34.06659,-118.22688,WGS84,PM2.5 - Local Conditions,24 HOUR,PM25 24-hour 2012,28-02-2021,Micrograms/cubic meter (LC),,1,100,9.9,9.9,0,52.0,145,R & P Model 2025 PM-2.5 Sequential Air Sampler w/VSCC - Gravimetric,Los Angeles-North Main Street,"1630 N MAIN ST, LOS ANGELES",California,Los Angeles,Los Angeles,"Los Angeles-Long Beach-Anaheim, CA",17-05-2024,pm25
6,37,1103,88101,1,34.06659,-118.22688,WGS84,PM2.5 - Local Conditions,24 HOUR,PM25 24-hour 2012,01-03-2021,Micrograms/cubic meter (LC),,1,100,5.5,5.5,0,31.0,145,R & P Model 2025 PM-2.5 Sequential Air Sampler w/VSCC - Gravimetric,Los Angeles-North Main Street,"1630 N MAIN ST, LOS ANGELES",California,Los Angeles,Los Angeles,"Los Angeles-Long Beach-Anaheim, CA",17-05-2024,pm25
6,37,1103,88101,1,34.06659,-118.22688,WGS84,PM2.5 - Local Conditions,24 HOUR,PM25 24-hour 2012,02-03-2021,Micrograms/cubic meter (LC),,1,100,6.7,6.7,0,37.0,145,R & P Model 2025 PM-2.5 Sequential Air Sampler w/VSCC - Gravimetric,Los Angeles-North Main Street,"1630 N MAIN ST, LOS ANGELES",California,Los Angeles,Los Angeles,"Los Angeles-Long Beach-Anaheim, CA",17-05-2024,pm25
6,37,1103,88101,1,34.06659,-118.22688,WGS84,PM2.5 - Local Conditions,24 HOUR,PM25 24-hour 2012,03-03-2021,Micrograms/cubic meter (LC),,1,100,9.9,9.9,0,52.0,145,R & P Model 2025 PM-2.5 Sequential Air Sampler w/VSCC - Gravimetric,Los Angeles-North Main Street,"1630 N MAIN ST, LOS ANGELES",California,Los Angeles,Los Angeles,"Los Angeles-Long Beach-Anaheim, CA",17-05-2024,pm25
6,37,1103,88101,1,34.06659,-118.22688,WGS84,PM2.5 - Local Conditions,24 HOUR,PM25 24-hour 2012,04-03-2021,Micrograms/cubic meter (LC),,1,100,8.2,8.2,0,46.0,145,R & P Model 2025 PM-2.5 Sequential Air Sampler w/VSCC - Gravimetric,Los Angeles-North Main Street,"1630 N MAIN ST, LOS ANGELES",California,Los Angeles,Los Angeles,"Los Angeles-Long Beach-Anaheim, CA",17-05-2024,pm25
6,37,1103,88101,1,34.06659,-118.22688,WGS84,PM2.5 - Local Conditions,24 HOUR,PM25 24-hour 2012,05-03-2021,Micrograms/cubic meter (LC),,1,100,10.1,10.1,0,53.0,145,R & P Model 2025 PM-2.5 Sequential Air Sampler w/VSCC - Gravimetric,Los Angeles-North Main Street,"1630 N MAIN ST, LOS ANGELES",California,Los Angeles,Los Angeles,"Los Angeles-Long Beach-Anaheim, CA",17-05-2024,pm25
6,37,1103,88101,1,34.06659,-118.22688,WGS84,PM2.5 - Local Conditions,24 HOUR,PM25 24-hour 2012,06-03-2021,Micrograms/cubic meter (LC),,1,100,11.7,11.7,0,56.0,145,R & P Model 2025 PM-2.5 Sequential Air Sampler w/VSCC - Gravimetric,Los Angeles-North Main Street,"1630 N MAIN ST, LOS ANGELES",California,Los Angeles,Los Angeles,"Los Angeles-Long Beach-Anaheim, CA",17-05-2024,pm25
6,37,1103,88101,1,34.06659,-118.22688,WGS84,PM2.5 - Local Conditions,24 HOUR,PM25 24-hour 2012,07-03-2021,Micrograms/cubic meter (LC),,1,100,8.2,8.2,0,46.0,145,R & P Model 2025 PM-2.5 Sequential Air Sampler w/VSCC - Gravimetric,Los Angeles-North Main Street,"1630 N MAIN ST, LOS ANGELES",California,Los Angeles,Los Angeles,"Los Angeles-Long Beach-Anaheim, CA",17-05-2024,pm25
6,37,1103,88101,1,34.06659,-118.22688,WGS84,PM2.5 - Local Conditions,24 HOUR,PM25 24-hour 2012,08-03-2021,Micrograms/cubic meter (LC),,1,100,6.5,6.5,0,36.0,145,R & P Model 2025 PM-2.5 Sequential Air Sampler w/VSCC - Gravimetric,Los Angeles-North Main Street,"1630 N MAIN ST, LOS ANGELES",California,Los Angeles,Los Angeles,"Los Angeles-Long Beach-Anaheim, CA",17-05-2024,pm25
6,37,1103,88101,1,34.06659,-118.22688,WGS84,PM2.5 - Local Conditions,24 HOUR,PM25 24-hour 2012,09-03-2021,Micrograms/cubic meter (LC),,1,100,6.8,6.8,0,38.0,145,R & P Model 2025 PM-2.5 Sequential Air Sampler w/VSCC - Gravimetric,Los Angeles-North Main Street,"1630 N MAIN ST, LOS ANGELES",California,Los Angeles,Los Angeles,"Los Angeles-Long Beach-Anaheim, CA",17-05-2024,pm25
6,37,1103,88101,1,34.06659,-118.22688,WGS84,PM2.5 - Local Conditions,24 HOUR,PM25 24-hour 2012,10-03-2021,Micrograms/cubic meter (LC),,1,100,2.5,2.5,0,14.0,145,R & P Model 2025 PM-2.5 Sequential Air Sampler w/VSCC - Gravimetric,Los Angeles-North Main Street,"1630 N MAIN ST, LOS ANGELES",California,Los Angeles,Los Angeles,"Los Angeles-Long Beach-Anaheim, CA",17-05-2024,pm25
6,37,1103,88101,1,34.06659,-118.22688,WGS84,PM2.5 - Local Conditions,24 HOUR,PM25 24-hour 2012,11-03-2021,Micrograms/cubic meter (LC),,1,100,3.0,3.0,0,17.0,145,R & P Model 2025 PM-2.5 Sequential Air Sampler w/VSCC - Gravimetric,Los Angeles-North Main Street,"1630 N MAIN ST, LOS ANGELES",California,Los Angeles,Los Angeles,"Los Angeles-Long Beach-Anaheim, CA",17-05-2024,pm25
6,37,1103,88101,1,34.06659,-118.22688,WGS84,PM2.5 - Local Conditions,24 HOUR,PM25 24-hour 2012,12-03-2021,Micrograms/cubic meter (LC),,1,100,5.8,5.8,0,32.0,145,R & P Model 2025 PM-2.5 Sequential Air Sampler w/VSCC - Gravimetric,Los Angeles-North Main Street,"1630 N MAIN ST, LOS ANGELES",California,Los Angeles,Los Angeles,"Los Angeles-Long Beach-Anaheim, CA",17-05-2024,pm25
6,37,1103,88101,1,34.06659,-118.22688,WGS84,PM2.5 - Local Conditions,24 HOUR,PM25 24-hour 2012,13-03-2021,Micrograms/cubic meter (LC),,1,100,10.7,10.7,0,54.0,145,R & P Model 2025 PM-2.5 Sequential Air Sampler w/VSCC - Gravimetric,Los Angeles-North Main Street,"1630 N MAIN ST, LOS ANGELES",California,Los Angeles,Los Angeles,"Los Angeles-Long Beach-Anaheim, CA",17-05-2024,pm25
6,37,1103,88101,1,34.06659,-118.22688,WGS84,PM2.5 - Local Conditions,24 HOUR,PM25 24-hour 2012,14-03-2021,Micrograms/cubic meter (LC),,1,100,10.3,10.3,0,53.0,145,R & P Model 2025 PM-2.5 Sequential Air Sampler w/VSCC - Gravimetric,Los Angeles-North Main Street,"1630 N MAIN ST, LOS ANGELES",California,Los Angeles,Los Angeles,"Los Angeles-Long Beach-Anaheim, CA",17-05-2024,pm25
6,37,1103,88101,1,34.06659,-118.22688,WGS84,PM2.5 - Local Conditions,24 HOUR,PM25 24-hour 2012,15-03-2021,Micrograms/cubic meter (LC),,1,100,3.5,3.5,0,19.0,145,R & P Model 2025 PM-2.5 Sequential Air Sampler w/VSCC - Gravimetric,Los Angeles-North Main Street,"1630 N MAIN ST, LOS ANGELES",California,Los Angeles,Los Angeles,"Los Angeles-Long Beach-Anaheim, CA",17-05-2024,pm25
6,37,1103,88101,1,34.06659,-118.22688,WGS84,PM2.5 - Local Conditions,24 HOUR,PM25 24-hour 2012,16-03-2021,Micrograms/cubic meter (LC),,1,100,4.7,4.7,0,26.0,145,R & P Model 2025 PM-2.5 Sequential Air Sampler w/VSCC - Gravimetric,Los Angeles-North Main Street,"1630 N MAIN ST, LOS ANGELES",California,Los Angeles,Los Angeles,"Los Angeles-Long Beach-Anaheim, CA",17-05-2024,pm25
6,37,1103,88101,1,34.06659,-118.22688,WGS84,PM2.5 - Local Conditions,24 HOUR,PM25 24-hour 2012,17-03-2021,Micrograms/cubic meter (LC),,1,100,10.0,10.0,0,53.0,145,R & P Model 2025 PM-2.5 Sequential Air Sampler w/VSCC - Gravimetric,Los Angeles-North Main Street,"1630 N MAIN ST, LOS ANGELES",California,Los Angeles,Los Angeles,"Los Angeles-Long Beach-Anaheim, CA",17-05-2024,pm25
6,37,1103,88101,1,34.06659,-118.22688,WGS84,PM2.5 - Local Conditions,24 HOUR,PM25 24-hour 2012,18-03-2021,Micrograms/cubic meter (LC),,1,100,12.2,12.2,0,57.0,145,R & P Model 2025 PM-2.5 Sequential Air Sampler w/VSCC - Gravimetric,Los Angeles-North Main Street,"1630 N MAIN ST, LOS ANGELES",California,Los Angeles,Los Angeles,"Los Angeles-Long Beach-Anaheim, CA",17-05-2024,pm25
6,37,1103,88101,1,34.06659,-118.22688,WGS84,PM2.5 - Local Conditions,24 HOUR,PM25 24-hour 2012,19-03-2021,Micrograms/cubic meter (LC),,1,100,9.2,9.2,0,51.0,145,R & P Model 2025 PM-2.5 Sequential Air Sampler w/VSCC - Gravimetric,Los Angeles-North Main Street,"1630 N MAIN ST, LOS ANGELES",California,Los Angeles,Los Angeles,"Los Angeles-Long Beach-Anaheim, CA",17-05-2024,pm25
6,37,1103,88101,1,34.06659,-118.22688,WGS84,PM2.5 - Local Conditions,24 HOUR,PM25 24-hour 2012,20-03-2021,Micrograms/cubic meter (LC),,1,100,8.2,8.2,0,46.0,145,R & P Model 2025 PM-2.5 Sequential Air Sampler w/VSCC - Gravimetric,Los Angeles-North Main Street,"1630 N MAIN ST, LOS ANGELES",California,Los Angeles,Los Angeles,"Los Angeles-Long Beach-Anaheim, CA",17-05-2024,pm25
6,37,1103,88101,1,34.06659,-118.22688,WGS84,PM2.5 - Local Conditions,24 HOUR,PM25 24-hour 2012,21-03-2021,Micrograms/cubic meter (LC),,1,100,7.9,7.9,0,44.0,145,R & P Model 2025 PM-2.5 Sequential Air Sampler w/VSCC - Gravimetric,Los Angeles-North Main Street,"1630 N MAIN ST, LOS ANGELES",California,Los Angeles,Los Angeles,"Los Angeles-Long Beach-Anaheim, CA",17-05-2024,pm25
6,37,1103,88101,1,34.06659,-118.22688,WGS84,PM2.5 - Local Conditions,24 HOUR,PM25 24-hour 2012,22-03-2021,Micrograms/cubic meter (LC),,1,100,8.7,8.7,0,48.0,145,R & P Model 2025 PM-2.5 Sequential Air Sampler w/VSCC - Gravimetric,Los Angeles-North Main Street,"1630 N MAIN ST, LOS ANGELES",California,Los Angeles,Los Angeles,"Los Angeles-Long Beach-Anaheim, CA",17-05-2024,pm25
6,37,1103,88101,1,34.06659,-118.22688,WGS84,PM2.5 - Local Conditions,24 HOUR,PM25 24-hour 2012,23-03-2021,Micrograms/cubic meter (LC),,1,100,7.2,7.2,0,40.0,145,R & P Model 2025 PM-2.5 Sequential Air Sampler w/VSCC - Gravimetric,Los Angeles-North Main Street,"1630 N MAIN ST, LOS ANGELES",California,Los Angeles,Los Angeles,"Los Angeles-Long Beach-Anaheim, CA",17-05-2024,pm25
6,37,1103,88101,1,34.06659,-118.22688,WGS84,PM2.5 - Local Conditions,24 HOUR,PM25 24-hour 2012,24-03-2021,Micrograms/cubic meter (LC),,1,100,4.6,4.6,0,26.0,145,R & P Model 2025 PM-2.5 Sequential Air Sampler w/VSCC - Gravimetric,Los Angeles-North Main Street,"1630 N MAIN ST, LOS ANGELES",California,Los Angeles,Los Angeles,"Los Angeles-Long Beach-Anaheim, CA",17-05-2024,pm25
6,37,1103,88101,1,34.06659,-118.22688,WGS84,PM2.5 - Local Conditions,24 HOUR,PM25 24-hour 2012,25-03-2021,Micrograms/cubic meter (LC),,1,100,7.8,7.8,0,43.0,145,R & P Model 2025 PM-2.5 Sequential Air Sampler w/VSCC - Gravimetric,Los Angeles-North Main Street,"1630 N MAIN ST, LOS ANGELES",California,Los Angeles,Los Angeles,"Los Angeles-Long Beach-Anaheim, CA",17-05-2024,pm25
6,37,1103,88101,1,34.06659,-118.22688,WGS84,PM2.5 - Local Conditions,24 HOUR,PM25 24-hour 2012,26-03-2021,Micrograms/cubic meter (LC),,1,100,8.1,8.1,0,45.0,145,R & P Model 2025 PM-2.5 Sequential Air Sampler w/VSCC - Gravimetric,Los Angeles-North Main Street,"1630 N MAIN ST, LOS ANGELES",California,Los Angeles,Los Angeles,"Los Angeles-Long Beach-Anaheim, CA",17-05-2024,pm25
6,37,1103,88101,1,34.06659,-118.22688,WGS84,PM2.5 - Local Conditions,24 HOUR,PM25 24-hour 2012,27-03-2021,Micrograms/cubic meter (LC),,1,100,12.0,12.0,0,56.0,145,R & P Model 2025 PM-2.5 Sequential Air Sampler w/VSCC - Gravimetric,Los Angeles-North Main Street,"1630 N MAIN ST, LOS ANGELES",California,Los Angeles,Los Angeles,"Los Angeles-Long Beach-Anaheim, CA",17-05-2024,pm25
6,37,1103,88101,1,34.06659,-118.22688,WGS84,PM2.5 - Local Conditions,24 HOUR,PM25 24-hour 2012,28-03-2021,Micrograms/cubic meter (LC),,1,100,8.2,8.2,0,46.0,145,R & P Model 2025 PM-2.5 Sequential Air Sampler w/VSCC - Gravimetric,Los Angeles-North Main Street,"1630 N MAIN ST, LOS ANGELES",California,Los Angeles,Los Angeles,"Los Angeles-Long Beach-Anaheim, CA",17-05-2024,pm25
6,37,1103,88101,1,34.06659,-118.22688,WGS84,PM2.5 - Local Conditions,24 HOUR,PM25 24-hour 2012,29-03-2021,Micrograms/cubic meter (LC),,1,100,11.2,11.2,0,55.0,145,R & P Model 2025 PM-2.5 Sequential Air Sampler w/VSCC - Gravimetric,Los Angeles-North Main Street,"1630 N MAIN ST, LOS ANGELES",California,Los Angeles,Los Angeles,"Los Angeles-Long Beach-Anaheim, CA",17-05-2024,pm25
6,37,1103,88101,1,34.06659,-118.22688,WGS84,PM2.5 - Local Conditions,24 HOUR,PM25 24-hour 2012,30-03-2021,Micrograms/cubic meter (LC),,1,100,15.5,15.5,0,63.0,145,R & P Model 2025 PM-2.5 Sequential Air Sampler w/VSCC - Gravimetric,Los Angeles-North Main Street,"1630 N MAIN ST, LOS ANGELES",California,Los Angeles,Los Angeles,"Los Angeles-Long Beach-Anaheim, CA",17-05-2024,pm25
6,37,1103,88101,1,34.06659,-118.22688,WGS84,PM2.5 - Local Conditions,24 HOUR,PM25 24-hour 2012,31-03-2021,Micrograms/cubic meter (LC),,1,100,12.2,12.2,0,57.0,145,R & P Model 2025 PM-2.5 Sequential Air Sampler w/VSCC - Gravimetric,Los Angeles-North Main Street,"1630 N MAIN ST, LOS ANGELES",California,Los Angeles,Los Angeles,"Los Angeles-Long Beach-Anaheim, CA",17-05-2024,pm25
6,37,1103,88101,1,34.06659,-118.22688,WGS84,PM2.5 - Local Conditions,24 HOUR,PM25 24-hour 2012,01-04-2021,Micrograms/cubic meter (LC),,1,100,9.0,9.0,0,50.0,145,R & P Model 2025 PM-2.5 Sequential Air Sampler w/VSCC - Gravimetric,Los Angeles-North Main Street,"1630 N MAIN ST, LOS ANGELES",California,Los Angeles,Los Angeles,"Los Angeles-Long Beach-Anaheim, CA",17-05-2024,pm25
6,37,1103,88101,1,34.06659,-118.22688,WGS84,PM2.5 - Local Conditions,24 HOUR,PM25 24-hour 2012,02-04-2021,Micrograms/cubic meter (LC),,1,100,13.4,13.4,0,59.0,145,R & P Model 2025 PM-2.5 Sequential Air Sampler w/VSCC - Gravimetric,Los Angeles-North Main Street,"1630 N MAIN ST, LOS ANGELES",California,Los Angeles,Los Angeles,"Los Angeles-Long Beach-Anaheim, CA",17-05-2024,pm25
6,37,1103,88101,1,34.06659,-118.22688,WGS84,PM2.5 - Local Conditions,24 HOUR,PM25 24-hour 2012,03-04-2021,Micrograms/cubic meter (LC),,1,100,20.3,20.3,0,72.0,145,R & P Model 2025 PM-2.5 Sequential Air Sampler w/VSCC - Gravimetric,Los Angeles-North Main Street,"1630 N MAIN ST, LOS ANGELES",California,Los Angeles,Los Angeles,"Los Angeles-Long Beach-Anaheim, CA",17-05-2024,pm25
6,37,1103,88101,1,34.06659,-118.22688,WGS84,PM2.5 - Local Conditions,24 HOUR,PM25 24-hour 2012,04-04-2021,Micrograms/cubic meter (LC),,1,100,15.0,15.0,0,62.0,145,R & P Model 2025 PM-2.5 Sequential Air Sampler w/VSCC - Gravimetric,Los Angeles-North Main Street,"1630 N MAIN ST, LOS ANGELES",California,Los Angeles,Los Angeles,"Los Angeles-Long Beach-Anaheim, CA",17-05-2024,pm25
6,37,1103,88101,1,34.06659,-118.22688,WGS84,PM2.5 - Local Conditions,24 HOUR,PM25 24-hour 2012,05-04-2021,Micrograms/cubic meter (LC),,1,100,11.9,11.9,0,56.0,145,R & P Model 2025 PM-2.5 Sequential Air Sampler w/VSCC - Gravimetric,Los Angeles-North Main Street,"1630 N MAIN ST, LOS ANGELES",California,Los Angeles,Los Angeles,"Los Angeles-Long Beach-Anaheim, CA",17-05-2024,pm25
6,37,1103,88101,1,34.06659,-118.22688,WGS84,PM2.5 - Local Conditions,24 HOUR,PM25 24-hour 2012,06-04-2021,Micrograms/cubic meter (LC),,1,100,12.8,12.8,0,58.0,145,R & P Model 2025 PM-2.5 Sequential Air Sampler w/VSCC - Gravimetric,Los Angeles-North Main Street,"1630 N MAIN ST, LOS ANGELES",California,Los Angeles,Los Angeles,"Los Angeles-Long Beach-Anaheim, CA",17-05-2024,pm25
6,37,1103,88101,1,34.06659,-118.22688,WGS84,PM2.5 - Local Conditions,24 HOUR,PM25 24-hour 2012,07-04-2021,Micrograms/cubic meter (LC),,1,100,13.7,13.7,0,60.0,145,R & P Model 2025 PM-2.5 Sequential Air Sampler w/VSCC - Gravimetric,Los Angeles-North Main Street,"1630 N MAIN ST, LOS ANGELES",California,Los Angeles,Los Angeles,"Los Angeles-Long Beach-Anaheim, CA",17-05-2024,pm25
6,37,1103,88101,1,34.06659,-118.22688,WGS84,PM2.5 - Local Conditions,24 HOUR,PM25 24-hour 2012,08-04-2021,Micrograms/cubic meter (LC),,1,100,14.0,14.0,0,60.0,145,R & P Model 2025 PM-2.5 Sequential Air Sampler w/VSCC - Gravimetric,Los Angeles-North Main Street,"1630 N MAIN ST, LOS ANGELES",California,Los Angeles,Los Angeles,"Los Angeles-Long Beach-Anaheim, CA",17-05-2024,pm25
6,37,1103,88101,1,34.06659,-118.22688,WGS84,PM2.5 - Local Conditions,24 HOUR,PM25 24-hour 2012,09-04-2021,Micrograms/cubic meter (LC),,1,100,16.7,16.7,0,65.0,145,R & P Model 2025 PM-2.5 Sequential Air Sampler w/VSCC - Gravimetric,Los Angeles-North Main Street,"1630 N MAIN ST, LOS ANGELES",California,Los Angeles,Los Angeles,"Los Angeles-Long Beach-Anaheim, CA",17-05-2024,pm25
6,37,1103,88101,1,34.06659,-118.22688,WGS84,PM2.5 - Local Conditions,24 HOUR,PM25 24-hour 2012,10-04-2021,Micrograms/cubic meter (LC),,1,100,17.5,17.5,0,67.0,145,R & P Model 2025 PM-2.5 Sequential Air Sampler w/VSCC - Gravimetric,Los Angeles-North Main Street,"1630 N MAIN ST, LOS ANGELES",California,Los Angeles,Los Angeles,"Los Angeles-Long Beach-Anaheim, CA",17-05-2024,pm25
6,37,1103,88101,1,34.06659,-118.22688,WGS84,PM2.5 - Local Conditions,24 HOUR,PM25 24-hour 2012,11-04-2021,Micrograms/cubic meter (LC),,1,100,20.5,20.5,0,72.0,145,R & P Model 2025 PM-2.5 Sequential Air Sampler w/VSCC - Gravimetric,Los Angeles-North Main Street,"1630 N MAIN ST, LOS ANGELES",California,Los Angeles,Los Angeles,"Los Angeles-Long Beach-Anaheim, CA",17-05-2024,pm25
6,37,1103,88101,1,34.06659,-118.22688,WGS84,PM2.5 - Local Conditions,24 HOUR,PM25 24-hour 2012,12-04-2021,Micrograms/cubic meter (LC),,1,100,18.4,18.4,0,68.0,145,R & P Model 2025 PM-2.5 Sequential Air Sampler w/VSCC - Gravimetric,Los Angeles-North Main Street,"1630 N MAIN ST, LOS ANGELES",California,Los Angeles,Los Angeles,"Los Angeles-Long Beach-Anaheim, CA",17-05-2024,pm25
6,37,1103,88101,1,34.06659,-118.22688,WGS84,PM2.5 - Local Conditions,24 HOUR,PM25 24-hour 2012,13-04-2021,Micrograms/cubic meter (LC),,1,100,13.3,13.3,0,59.0,145,R & P Model 2025 PM-2.5 Sequential Air Sampler w/VSCC - Gravimetric,Los Angeles-North Main Street,"1630 N MAIN ST, LOS ANGELES",California,Los Angeles,Los Angeles,"Los Angeles-Long Beach-Anaheim, CA",17-05-2024,pm25
6,37,1103,88101,1,34.06659,-118.22688,WGS84,PM2.5 - Local Conditions,24 HOUR,PM25 24-hour 2012,14-04-2021,Micrograms/cubic meter (LC),,1,100,11.8,11.8,0,56.0,145,R & P Model 2025 PM-2.5 Sequential Air Sampler w/VSCC - Gravimetric,Los Angeles-North Main Street,"1630 N MAIN ST, LOS ANGELES",California,Los Angeles,Los Angeles,"Los Angeles-Long Beach-Anaheim, CA",17-05-2024,pm25
6,37,1103,88101,1,34.06659,-118.22688,WGS84,PM2.5 - Local Conditions,24 HOUR,PM25 24-hour 2012,15-04-2021,Micrograms/cubic meter (LC),,1,100,14.7,14.7,0,61.0,145,R & P Model 2025 PM-2.5 Sequential Air Sampler w/VSCC - Gravimetric,Los Angeles-North Main Street,"1630 N MAIN ST, LOS ANGELES",California,Los Angeles,Los Angeles,"Los Angeles-Long Beach-Anaheim, CA",17-05-2024,pm25
6,37,1103,88101,1,34.06659,-118.22688,WGS84,PM2.5 - Local Conditions,24 HOUR,PM25 24-hour 2012,16-04-2021,Micrograms/cubic meter (LC),,1,100,15.0,15.0,0,62.0,145,R & P Model 2025 PM-2.5 Sequential Air Sampler w/VSCC - Gravimetric,Los Angeles-North Main Street,"1630 N MAIN ST, LOS ANGELES",California,Los Angeles,Los Angeles,"Los Angeles-Long Beach-Anaheim, CA",17-05-2024,pm25
6,37,1103,88101,1,34.06659,-118.22688,WGS84,PM2.5 - Local Conditions,24 HOUR,PM25 24-hour 2012,17-04-2021,Micrograms/cubic meter (LC),,1,100,16.7,16.7,0,65.0,145,R & P Model 2025 PM-2.5 Sequential Air Sampler w/VSCC - Gravimetric,Los Angeles-North Main Street,"1630 N MAIN ST, LOS ANGELES",California,Los Angeles,Los Angeles,"Los Angeles-Long Beach-Anaheim, CA",17-05-2024,pm25
6,37,1103,88101,1,34.06659,-118.22688,WGS84,PM2.5 - Local Conditions,24 HOUR,PM25 24-hour 2012,18-04-2021,Micrograms/cubic meter (LC),,1,100,8.0,8.0,0,44.0,145,R & P Model 2025 PM-2.5 Sequential Air Sampler w/VSCC - Gravimetric,Los Angeles-North Main Street,"1630 N MAIN ST, LOS ANGELES",California,Los Angeles,Los Angeles,"Los Angeles-Long Beach-Anaheim, CA",17-05-2024,pm25
6,37,1103,88101,1,34.06659,-118.22688,WGS84,PM2.5 - Local Conditions,24 HOUR,PM25 24-hour 2012,19-04-2021,Micrograms/cubic meter (LC),,1,100,11.4,11.4,0,55.0,145,R & P Model 2025 PM-2.5 Sequential Air Sampler w/VSCC - Gravimetric,Los Angeles-North Main Street,"1630 N MAIN ST, LOS ANGELES",California,Los Angeles,Los Angeles,"Los Angeles-Long Beach-Anaheim, CA",17-05-2024,pm25
6,37,1103,88101,1,34.06659,-118.22688,WGS84,PM2.5 - Local Conditions,24 HOUR,PM25 24-hour 2012,20-04-2021,Micrograms/cubic meter (LC),,1,100,15.2,15.2,0,62.0,145,R & P Model 2025 PM-2.5 Sequential Air Sampler w/VSCC - Gravimetric,Los Angeles-North Main Street,"1630 N MAIN ST, LOS ANGELES",California,Los Angeles,Los Angeles,"Los Angeles-Long Beach-Anaheim, CA",17-05-2024,pm25
6,37,1103,88101,1,34.06659,-118.22688,WGS84,PM2.5 - Local Conditions,24 HOUR,PM25 24-hour 2012,21-04-2021,Micrograms/cubic meter (LC),,1,100,9.6,9.6,0,52.0,145,R & P Model 2025 PM-2.5 Sequential Air Sampler w/VSCC - Gravimetric,Los Angeles-North Main Street,"1630 N MAIN ST, LOS ANGELES",California,Los Angeles,Los Angeles,"Los Angeles-Long Beach-Anaheim, CA",17-05-2024,pm25
6,37,1103,88101,1,34.06659,-118.22688,WGS84,PM2.5 - Local Conditions,24 HOUR,PM25 24-hour 2012,22-04-2021,Micrograms/cubic meter (LC),,1,100,7.3,7.3,0,41.0,145,R & P Model 2025 PM-2.5 Sequential Air Sampler w/VSCC - Gravimetric,Los Angeles-North Main Street,"1630 N MAIN ST, LOS ANGELES",California,Los Angeles,Los Angeles,"Los Angeles-Long Beach-Anaheim, CA",17-05-2024,pm25
6,37,1103,88101,1,34.06659,-118.22688,WGS84,PM2.5 - Local Conditions,24 HOUR,PM25 24-hour 2012,23-04-2021,Micrograms/cubic meter (LC),,1,100,8.7,8.7,0,48.0,145,R & P Model 2025 PM-2.5 Sequential Air Sampler w/VSCC - Gravimetric,Los Angeles-North Main Street,"1630 N MAIN ST, LOS ANGELES",California,Los Angeles,Los Angeles,"Los Angeles-Long Beach-Anaheim, CA",17-05-2024,pm25
6,37,1103,88101,1,34.06659,-118.22688,WGS84,PM2.5 - Local Conditions,24 HOUR,PM25 24-hour 2012,24-04-2021,Micrograms/cubic meter (LC),,1,100,8.9,8.9,0,49.0,145,R & P Model 2025 PM-2.5 Sequential Air Sampler w/VSCC - Gravimetric,Los Angeles-North Main Street,"1630 N MAIN ST, LOS ANGELES",California,Los Angeles,Los Angeles,"Los Angeles-Long Beach-Anaheim, CA",17-05-2024,pm25
6,37,1103,88101,1,34.06659,-118.22688,WGS84,PM2.5 - Local Conditions,24 HOUR,PM25 24-hour 2012,25-04-2021,Micrograms/cubic meter (LC),,1,100,6.1,6.1,0,34.0,145,R & P Model 2025 PM-2.5 Sequential Air Sampler w/VSCC - Gravimetric,Los Angeles-North Main Street,"1630 N MAIN ST, LOS ANGELES",California,Los Angeles,Los Angeles,"Los Angeles-Long Beach-Anaheim, CA",17-05-2024,pm25
6,37,1103,88101,1,34.06659,-118.22688,WGS84,PM2.5 - Local Conditions,24 HOUR,PM25 24-hour 2012,26-04-2021,Micrograms/cubic meter (LC),,1,100,3.3,3.3,0,18.0,145,R & P Model 2025 PM-2.5 Sequential Air Sampler w/VSCC - Gravimetric,Los Angeles-North Main Street,"1630 N MAIN ST, LOS ANGELES",California,Los Angeles,Los Angeles,"Los Angeles-Long Beach-Anaheim, CA",17-05-2024,pm25
6,37,1103,88101,1,34.06659,-118.22688,WGS84,PM2.5 - Local Conditions,24 HOUR,PM25 24-hour 2012,27-04-2021,Micrograms/cubic meter (LC),,1,100,5.8,5.8,0,32.0,145,R & P Model 2025 PM-2.5 Sequential Air Sampler w/VSCC - Gravimetric,Los Angeles-North Main Street,"1630 N MAIN ST, LOS ANGELES",California,Los Angeles,Los Angeles,"Los Angeles-Long Beach-Anaheim, CA",17-05-2024,pm25
6,37,1103,88101,1,34.06659,-118.22688,WGS84,PM2.5 - Local Conditions,24 HOUR,PM25 24-hour 2012,28-04-2021,Micrograms/cubic meter (LC),,1,100,8.9,8.9,0,49.0,145,R & P Model 2025 PM-2.5 Sequential Air Sampler w/VSCC - Gravimetric,Los Angeles-North Main Street,"1630 N MAIN ST, LOS ANGELES",California,Los Angeles,Los Angeles,"Los Angeles-Long Beach-Anaheim, CA",17-05-2024,pm25
6,37,1103,88101,1,34.06659,-118.22688,WGS84,PM2.5 - Local Conditions,24 HOUR,PM25 24-hour 2012,29-04-2021,Micrograms/cubic meter (LC),,1,100,11.5,11.5,0,55.0,145,R & P Model 2025 PM-2.5 Sequential Air Sampler w/VSCC - Gravimetric,Los Angeles-North Main Street,"1630 N MAIN ST, LOS ANGELES",California,Los Angeles,Los Angeles,"Los Angeles-Long Beach-Anaheim, CA",17-05-2024,pm25
6,37,1103,88101,1,34.06659,-118.22688,WGS84,PM2.5 - Local Conditions,24 HOUR,PM25 24-hour 2012,30-04-2021,Micrograms/cubic meter (LC),,1,100,13.9,13.9,0,60.0,145,R & P Model 2025 PM-2.5 Sequential Air Sampler w/VSCC - Gravimetric,Los Angeles-North Main Street,"1630 N MAIN ST, LOS ANGELES",California,Los Angeles,Los Angeles,"Los Angeles-Long Beach-Anaheim, CA",17-05-2024,pm25
6,37,1103,88101,1,34.06659,-118.22688,WGS84,PM2.5 - Local Conditions,24 HOUR,PM25 24-hour 2012,01-05-2021,Micrograms/cubic meter (LC),,1,100,15.9,15.9,0,64.0,145,R & P Model 2025 PM-2.5 Sequential Air Sampler w/VSCC - Gravimetric,Los Angeles-North Main Street,"1630 N MAIN ST, LOS ANGELES",California,Los Angeles,Los Angeles,"Los Angeles-Long Beach-Anaheim, CA",17-05-2024,pm25
6,37,1103,88101,1,34.06659,-118.22688,WGS84,PM2.5 - Local Conditions,24 HOUR,PM25 24-hour 2012,02-05-2021,Micrograms/cubic meter (LC),,1,100,11.2,11.2,0,55.0,145,R & P Model 2025 PM-2.5 Sequential Air Sampler w/VSCC - Gravimetric,Los Angeles-North Main Street,"1630 N MAIN ST, LOS ANGELES",California,Los Angeles,Los Angeles,"Los Angeles-Long Beach-Anaheim, CA",17-05-2024,pm25
6,37,1103,88101,1,34.06659,-118.22688,WGS84,PM2.5 - Local Conditions,24 HOUR,PM25 24-hour 2012,03-05-2021,Micrograms/cubic meter (LC),,1,100,14.7,14.7,0,61.0,145,R & P Model 2025 PM-2.5 Sequential Air Sampler w/VSCC - Gravimetric,Los Angeles-North Main Street,"1630 N MAIN ST, LOS ANGELES",California,Los Angeles,Los Angeles,"Los Angeles-Long Beach-Anaheim, CA",17-05-2024,pm25
6,37,1103,88101,1,34.06659,-118.22688,WGS84,PM2.5 - Local Conditions,24 HOUR,PM25 24-hour 2012,04-05-2021,Micrograms/cubic meter (LC),,1,100,17.4,17.4,0,66.0,145,R & P Model 2025 PM-2.5 Sequential Air Sampler w/VSCC - Gravimetric,Los Angeles-North Main Street,"1630 N MAIN ST, LOS ANGELES",California,Los Angeles,Los Angeles,"Los Angeles-Long Beach-Anaheim, CA",17-05-2024,pm25
6,37,1103,88101,1,34.06659,-118.22688,WGS84,PM2.5 - Local Conditions,24 HOUR,PM25 24-hour 2012,05-05-2021,Micrograms/cubic meter (LC),,1,100,17.4,17.4,0,66.0,145,R & P Model 2025 PM-2.5 Sequential Air Sampler w/VSCC - Gravimetric,Los Angeles-North Main Street,"1630 N MAIN ST, LOS ANGELES",California,Los Angeles,Los Angeles,"Los Angeles-Long Beach-Anaheim, CA",17-05-2024,pm25
6,37,1103,88101,1,34.06659,-118.22688,WGS84,PM2.5 - Local Conditions,24 HOUR,PM25 24-hour 2012,06-05-2021,Micrograms/cubic meter (LC),,1,100,16.1,16.1,0,64.0,145,R & P Model 2025 PM-2.5 Sequential Air Sampler w/VSCC - Gravimetric,Los Angeles-North Main Street,"1630 N MAIN ST, LOS ANGELES",California,Los Angeles,Los Angeles,"Los Angeles-Long Beach-Anaheim, CA",17-05-2024,pm25
6,37,1103,88101,1,34.06659,-118.22688,WGS84,PM2.5 - Local Conditions,24 HOUR,PM25 24-hour 2012,07-05-2021,Micrograms/cubic meter (LC),,1,100,11.0,11.0,0,55.0,145,R & P Model 2025 PM-2.5 Sequential Air Sampler w/VSCC - Gravimetric,Los Angeles-North Main Street,"1630 N MAIN ST, LOS ANGELES",California,Los Angeles,Los Angeles,"Los Angeles-Long Beach-Anaheim, CA",17-05-2024,pm25
6,37,1103,88101,1,34.06659,-118.22688,WGS84,PM2.5 - Local Conditions,24 HOUR,PM25 24-hour 2012,08-05-2021,Micrograms/cubic meter (LC),,1,100,10.7,10.7,0,54.0,145,R & P Model 2025 PM-2.5 Sequential Air Sampler w/VSCC - Gravimetric,Los Angeles-North Main Street,"1630 N MAIN ST, LOS ANGELES",California,Los Angeles,Los Angeles,"Los Angeles-Long Beach-Anaheim, CA",17-05-2024,pm25
6,37,1103,88101,1,34.06659,-118.22688,WGS84,PM2.5 - Local Conditions,24 HOUR,PM25 24-hour 2012,09-05-2021,Micrograms/cubic meter (LC),,1,100,14.6,14.6,0,61.0,145,R & P Model 2025 PM-2.5 Sequential Air Sampler w/VSCC - Gravimetric,Los Angeles-North Main Street,"1630 N MAIN ST, LOS ANGELES",California,Los Angeles,Los Angeles,"Los Angeles-Long Beach-Anaheim, CA",17-05-2024,pm25
6,37,1103,88101,1,34.06659,-118.22688,WGS84,PM2.5 - Local Conditions,24 HOUR,PM25 24-hour 2012,10-05-2021,Micrograms/cubic meter (LC),,1,100,12.7,12.7,0,58.0,145,R & P Model 2025 PM-2.5 Sequential Air Sampler w/VSCC - Gravimetric,Los Angeles-North Main Street,"1630 N MAIN ST, LOS ANGELES",California,Los Angeles,Los Angeles,"Los Angeles-Long Beach-Anaheim, CA",17-05-2024,pm25
6,37,1103,88101,1,34.06659,-118.22688,WGS84,PM2.5 - Local Conditions,24 HOUR,PM25 24-hour 2012,11-05-2021,Micrograms/cubic meter (LC),,1,100,11.9,11.9,0,56.0,145,R & P Model 2025 PM-2.5 Sequential Air Sampler w/VSCC - Gravimetric,Los Angeles-North Main Street,"1630 N MAIN ST, LOS ANGELES",California,Los Angeles,Los Angeles,"Los Angeles-Long Beach-Anaheim, CA",17-05-2024,pm25
6,37,1103,88101,1,34.06659,-118.22688,WGS84,PM2.5 - Local Conditions,24 HOUR,PM25 24-hour 2012,12-05-2021,Micrograms/cubic meter (LC),,1,100,10.2,10.2,0,53.0,145,R & P Model 2025 PM-2.5 Sequential Air Sampler w/VSCC - Gravimetric,Los Angeles-North Main Street,"1630 N MAIN ST, LOS ANGELES",California,Los Angeles,Los Angeles,"Los Angeles-Long Beach-Anaheim, CA",17-05-2024,pm25
6,37,1103,88101,1,34.06659,-118.22688,WGS84,PM2.5 - Local Conditions,24 HOUR,PM25 24-hour 2012,13-05-2021,Micrograms/cubic meter (LC),,1,100,9.4,9.4,0,52.0,145,R & P Model 2025 PM-2.5 Sequential Air Sampler w/VSCC - Gravimetric,Los Angeles-North Main Street,"1630 N MAIN ST, LOS ANGELES",California,Los Angeles,Los Angeles,"Los Angeles-Long Beach-Anaheim, CA",17-05-2024,pm25
6,37,1103,88101,1,34.06659,-118.22688,WGS84,PM2.5 - Local Conditions,24 HOUR,PM25 24-hour 2012,14-05-2021,Micrograms/cubic meter (LC),,1,100,9.1,9.1,0,51.0,145,R & P Model 2025 PM-2.5 Sequential Air Sampler w/VSCC - Gravimetric,Los Angeles-North Main Street,"1630 N MAIN ST, LOS ANGELES",California,Los Angeles,Los Angeles,"Los Angeles-Long Beach-Anaheim, CA",17-05-2024,pm25
6,37,1103,88101,1,34.06659,-118.22688,WGS84,PM2.5 - Local Conditions,24 HOUR,PM25 24-hour 2012,15-05-2021,Micrograms/cubic meter (LC),,1,100,6.5,6.5,0,36.0,145,R & P Model 2025 PM-2.5 Sequential Air Sampler w/VSCC - Gravimetric,Los Angeles-North Main Street,"1630 N MAIN ST, LOS ANGELES",California,Los Angeles,Los Angeles,"Los Angeles-Long Beach-Anaheim, CA",17-05-2024,pm25
6,37,1103,88101,1,34.06659,-118.22688,WGS84,PM2.5 - Local Conditions,24 HOUR,PM25 24-hour 2012,16-05-2021,Micrograms/cubic meter (LC),,1,100,3.5,3.5,0,19.0,145,R & P Model 2025 PM-2.5 Sequential Air Sampler w/VSCC - Gravimetric,Los Angeles-North Main Street,"1630 N MAIN ST, LOS ANGELES",California,Los Angeles,Los Angeles,"Los Angeles-Long Beach-Anaheim, CA",17-05-2024,pm25
6,37,1103,88101,1,34.06659,-118.22688,WGS84,PM2.5 - Local Conditions,24 HOUR,PM25 24-hour 2012,17-05-2021,Micrograms/cubic meter (LC),,1,100,5.2,5.2,0,29.0,145,R & P Model 2025 PM-2.5 Sequential Air Sampler w/VSCC - Gravimetric,Los Angeles-North Main Street,"1630 N MAIN ST, LOS ANGELES",California,Los Angeles,Los Angeles,"Los Angeles-Long Beach-Anaheim, CA",17-05-2024,pm25
6,37,1103,88101,1,34.06659,-118.22688,WGS84,PM2.5 - Local Conditions,24 HOUR,PM25 24-hour 2012,18-05-2021,Micrograms/cubic meter (LC),,1,100,7.4,7.4,0,41.0,145,R & P Model 2025 PM-2.5 Sequential Air Sampler w/VSCC - Gravimetric,Los Angeles-North Main Street,"1630 N MAIN ST, LOS ANGELES",California,Los Angeles,Los Angeles,"Los Angeles-Long Beach-Anaheim, CA",17-05-2024,pm25
6,37,1103,88101,1,34.06659,-118.22688,WGS84,PM2.5 - Local Conditions,24 HOUR,PM25 24-hour 2012,19-05-2021,Micrograms/cubic meter (LC),,1,100,9.8,9.8,0,52.0,145,R & P Model 2025 PM-2.5 Sequential Air Sampler w/VSCC - Gravimetric,Los Angeles-North Main Street,"1630 N MAIN ST, LOS ANGELES",California,Los Angeles,Los Angeles,"Los Angeles-Long Beach-Anaheim, CA",17-05-2024,pm25
6,37,1103,88101,1,34.06659,-118.22688,WGS84,PM2.5 - Local Conditions,24 HOUR,PM25 24-hour 2012,20-05-2021,Micrograms/cubic meter (LC),,1,100,11.4,11.4,0,55.0,145,R & P Model 2025 PM-2.5 Sequential Air Sampler w/VSCC - Gravimetric,Los Angeles-North Main Street,"1630 N MAIN ST, LOS ANGELES",California,Los Angeles,Los Angeles,"Los Angeles-Long Beach-Anaheim, CA",17-05-2024,pm25
6,37,1103,88101,1,34.06659,-118.22688,WGS84,PM2.5 - Local Conditions,24 HOUR,PM25 24-hour 2012,21-05-2021,Micrograms/cubic meter (LC),,1,100,9.0,9.0,0,50.0,145,R & P Model 2025 PM-2.5 Sequential Air Sampler w/VSCC - Gravimetric,Los Angeles-North Main Street,"1630 N MAIN ST, LOS ANGELES",California,Los Angeles,Los Angeles,"Los Angeles-Long Beach-Anaheim, CA",17-05-2024,pm25
6,37,1103,88101,1,34.06659,-118.22688,WGS84,PM2.5 - Local Conditions,24 HOUR,PM25 24-hour 2012,22-05-2021,Micrograms/cubic meter (LC),,1,100,8.7,8.7,0,48.0,145,R & P Model 2025 PM-2.5 Sequential Air Sampler w/VSCC - Gravimetric,Los Angeles-North Main Street,"1630 N MAIN ST, LOS ANGELES",California,Los Angeles,Los Angeles,"Los Angeles-Long Beach-Anaheim, CA",17-05-2024,pm25
6,37,1103,88101,1,34.06659,-118.22688,WGS84,PM2.5 - Local Conditions,24 HOUR,PM25 24-hour 2012,23-05-2021,Micrograms/cubic meter (LC),,1,100,10.7,10.7,0,54.0,145,R & P Model 2025 PM-2.5 Sequential Air Sampler w/VSCC - Gravimetric,Los Angeles-North Main Street,"1630 N MAIN ST, LOS ANGELES",California,Los Angeles,Los Angeles,"Los Angeles-Long Beach-Anaheim, CA",17-05-2024,pm25
6,37,1103,88101,1,34.06659,-118.22688,WGS84,PM2.5 - Local Conditions,24 HOUR,PM25 24-hour 2012,24-05-2021,Micrograms/cubic meter (LC),,1,100,10.8,10.8,0,54.0,145,R & P Model 2025 PM-2.5 Sequential Air Sampler w/VSCC - Gravimetric,Los Angeles-North Main Street,"1630 N MAIN ST, LOS ANGELES",California,Los Angeles,Los Angeles,"Los Angeles-Long Beach-Anaheim, CA",17-05-2024,pm25
6,37,1103,88101,1,34.06659,-118.22688,WGS84,PM2.5 - Local Conditions,24 HOUR,PM25 24-hour 2012,25-05-2021,Micrograms/cubic meter (LC),,1,100,12.2,12.2,0,57.0,145,R & P Model 2025 PM-2.5 Sequential Air Sampler w/VSCC - Gravimetric,Los Angeles-North Main Street,"1630 N MAIN ST, LOS ANGELES",California,Los Angeles,Los Angeles,"Los Angeles-Long Beach-Anaheim, CA",17-05-2024,pm25
6,37,1103,88101,1,34.06659,-118.22688,WGS84,PM2.5 - Local Conditions,24 HOUR,PM25 24-hour 2012,26-05-2021,Micrograms/cubic meter (LC),,1,100,14.8,14.8,0,62.0,145,R & P Model 2025 PM-2.5 Sequential Air Sampler w/VSCC - Gravimetric,Los Angeles-North Main Street,"1630 N MAIN ST, LOS ANGELES",California,Los Angeles,Los Angeles,"Los Angeles-Long Beach-Anaheim, CA",17-05-2024,pm25
6,37,1103,88101,1,34.06659,-118.22688,WGS84,PM2.5 - Local Conditions,24 HOUR,PM25 24-hour 2012,27-05-2021,Micrograms/cubic meter (LC),,1,100,13.8,13.8,0,60.0,145,R & P Model 2025 PM-2.5 Sequential Air Sampler w/VSCC - Gravimetric,Los Angeles-North Main Street,"1630 N MAIN ST, LOS ANGELES",California,Los Angeles,Los Angeles,"Los Angeles-Long Beach-Anaheim, CA",17-05-2024,pm25
6,37,1103,88101,1,34.06659,-118.22688,WGS84,PM2.5 - Local Conditions,24 HOUR,PM25 24-hour 2012,28-05-2021,Micrograms/cubic meter (LC),,1,100,13.2,13.2,0,59.0,145,R & P Model 2025 PM-2.5 Sequential Air Sampler w/VSCC - Gravimetric,Los Angeles-North Main Street,"1630 N MAIN ST, LOS ANGELES",California,Los Angeles,Los Angeles,"Los Angeles-Long Beach-Anaheim, CA",17-05-2024,pm25
6,37,1103,88101,1,34.06659,-118.22688,WGS84,PM2.5 - Local Conditions,24 HOUR,PM25 24-hour 2012,29-05-2021,Micrograms/cubic meter (LC),,1,100,11.2,11.2,0,55.0,145,R & P Model 2025 PM-2.5 Sequential Air Sampler w/VSCC - Gravimetric,Los Angeles-North Main Street,"1630 N MAIN ST, LOS ANGELES",California,Los Angeles,Los Angeles,"Los Angeles-Long Beach-Anaheim, CA",17-05-2024,pm25
6,37,1103,88101,1,34.06659,-118.22688,WGS84,PM2.5 - Local Conditions,24 HOUR,PM25 24-hour 2012,30-05-2021,Micrograms/cubic meter (LC),,1,100,11.0,11.0,0,55.0,145,R & P Model 2025 PM-2.5 Sequential Air Sampler w/VSCC - Gravimetric,Los Angeles-North Main Street,"1630 N MAIN ST, LOS ANGELES",California,Los Angeles,Los Angeles,"Los Angeles-Long Beach-Anaheim, CA",17-05-2024,pm25
6,37,1103,88101,1,34.06659,-118.22688,WGS84,PM2.5 - Local Conditions,24 HOUR,PM25 24-hour 2012,31-05-2021,Micrograms/cubic meter (LC),,1,100,12.0,12.0,0,56.0,145,R & P Model 2025 PM-2.5 Sequential Air Sampler w/VSCC - Gravimetric,Los Angeles-North Main Street,"1630 N MAIN ST, LOS ANGELES",California,Los Angeles,Los Angeles,"Los Angeles-Long Beach-Anaheim, CA",17-05-2024,pm25
6,37,1103,88101,1,34.06659,-118.22688,WGS84,PM2.5 - Local Conditions,24 HOUR,PM25 24-hour 2012,01-06-2021,Micrograms/cubic meter (LC),,1,100,13.0,13.0,0,58.0,145,R & P Model 2025 PM-2.5 Sequential Air Sampler w/VSCC - Gravimetric,Los Angeles-North Main Street,"1630 N MAIN ST, LOS ANGELES",California,Los Angeles,Los Angeles,"Los Angeles-Long Beach-Anaheim, CA",17-05-2024,pm25
6,37,1103,88101,1,34.06659,-118.22688,WGS84,PM2.5 - Local Conditions,24 HOUR,PM25 24-hour 2012,02-06-2021,Micrograms/cubic meter (LC),,1,100,9.9,9.9,0,52.0,145,R & P Model 2025 PM-2.5 Sequential Air Sampler w/VSCC - Gravimetric,Los Angeles-North Main Street,"1630 N MAIN ST, LOS ANGELES",California,Los Angeles,Los Angeles,"Los Angeles-Long Beach-Anaheim, CA",17-05-2024,pm25
6,37,1103,88101,1,34.06659,-118.22688,WGS84,PM2.5 - Local Conditions,24 HOUR,PM25 24-hour 2012,03-06-2021,Micrograms/cubic meter (LC),,1,100,10.4,10.4,0,53.0,145,R & P Model 2025 PM-2.5 Sequential Air Sampler w/VSCC - Gravimetric,Los Angeles-North Main Street,"1630 N MAIN ST, LOS ANGELES",California,Los Angeles,Los Angeles,"Los Angeles-Long Beach-Anaheim, CA",17-05-2024,pm25
6,37,1103,88101,1,34.06659,-118.22688,WGS84,PM2.5 - Local Conditions,24 HOUR,PM25 24-hour 2012,04-06-2021,Micrograms/cubic meter (LC),,1,100,8.5,8.5,0,47.0,145,R & P Model 2025 PM-2.5 Sequential Air Sampler w/VSCC - Gravimetric,Los Angeles-North Main Street,"1630 N MAIN ST, LOS ANGELES",California,Los Angeles,Los Angeles,"Los Angeles-Long Beach-Anaheim, CA",17-05-2024,pm25
6,37,1103,88101,1,34.06659,-118.22688,WGS84,PM2.5 - Local Conditions,24 HOUR,PM25 24-hour 2012,05-06-2021,Micrograms/cubic meter (LC),,1,100,7.7,7.7,0,43.0,145,R & P Model 2025 PM-2.5 Sequential Air Sampler w/VSCC - Gravimetric,Los Angeles-North Main Street,"1630 N MAIN ST, LOS ANGELES",California,Los Angeles,Los Angeles,"Los Angeles-Long Beach-Anaheim, CA",17-05-2024,pm25
6,37,1103,88101,1,34.06659,-118.22688,WGS84,PM2.5 - Local Conditions,24 HOUR,PM25 24-hour 2012,06-06-2021,Micrograms/cubic meter (LC),,1,100,6.0,6.0,0,33.0,145,R & P Model 2025 PM-2.5 Sequential Air Sampler w/VSCC - Gravimetric,Los Angeles-North Main Street,"1630 N MAIN ST, LOS ANGELES",California,Los Angeles,Los Angeles,"Los Angeles-Long Beach-Anaheim, CA",17-05-2024,pm25
6,37,1103,88101,1,34.06659,-118.22688,WGS84,PM2.5 - Local Conditions,24 HOUR,PM25 24-hour 2012,07-06-2021,Micrograms/cubic meter (LC),,1,100,4.2,4.2,0,23.0,145,R & P Model 2025 PM-2.5 Sequential Air Sampler w/VSCC - Gravimetric,Los Angeles-North Main Street,"1630 N MAIN ST, LOS ANGELES",California,Los Angeles,Los Angeles,"Los Angeles-Long Beach-Anaheim, CA",17-05-2024,pm25
6,37,1103,88101,1,34.06659,-118.22688,WGS84,PM2.5 - Local Conditions,24 HOUR,PM25 24-hour 2012,08-06-2021,Micrograms/cubic meter (LC),,1,100,6.0,6.0,0,33.0,145,R & P Model 2025 PM-2.5 Sequential Air Sampler w/VSCC - Gravimetric,Los Angeles-North Main Street,"1630 N MAIN ST, LOS ANGELES",California,Los Angeles,Los Angeles,"Los Angeles-Long Beach-Anaheim, CA",17-05-2024,pm25
6,37,1103,88101,1,34.06659,-118.22688,WGS84,PM2.5 - Local Conditions,24 HOUR,PM25 24-hour 2012,09-06-2021,Micrograms/cubic meter (LC),,1,100,8.0,8.0,0,44.0,145,R & P Model 2025 PM-2.5 Sequential Air Sampler w/VSCC - Gravimetric,Los Angeles-North Main Street,"1630 N MAIN ST, LOS ANGELES",California,Los Angeles,Los Angeles,"Los Angeles-Long Beach-Anaheim, CA",17-05-2024,pm25
6,37,1103,88101,1,34.06659,-118.22688,WGS84,PM2.5 - Local Conditions,24 HOUR,PM25 24-hour 2012,10-06-2021,Micrograms/cubic meter (LC),,1,100,8.2,8.2,0,46.0,145,R & P Model 2025 PM-2.5 Sequential Air Sampler w/VSCC - Gravimetric,Los Angeles-North Main Street,"1630 N MAIN ST, LOS ANGELES",California,Los Angeles,Los Angeles,"Los Angeles-Long Beach-Anaheim, CA",17-05-2024,pm25
6,37,1103,88101,1,34.06659,-118.22688,WGS84,PM2.5 - Local Conditions,24 HOUR,PM25 24-hour 2012,11-06-2021,Micrograms/cubic meter (LC),,1,100,12.1,12.1,0,57.0,145,R & P Model 2025 PM-2.5 Sequential Air Sampler w/VSCC - Gravimetric,Los Angeles-North Main Street,"1630 N MAIN ST, LOS ANGELES",California,Los Angeles,Los Angeles,"Los Angeles-Long Beach-Anaheim, CA",17-05-2024,pm25
6,37,1103,88101,1,34.06659,-118.22688,WGS84,PM2.5 - Local Conditions,24 HOUR,PM25 24-hour 2012,12-06-2021,Micrograms/cubic meter (LC),,1,100,12.2,12.2,0,57.0,145,R & P Model 2025 PM-2.5 Sequential Air Sampler w/VSCC - Gravimetric,Los Angeles-North Main Street,"1630 N MAIN ST, LOS ANGELES",California,Los Angeles,Los Angeles,"Los Angeles-Long Beach-Anaheim, CA",17-05-2024,pm25
6,37,1103,88101,1,34.06659,-118.22688,WGS84,PM2.5 - Local Conditions,24 HOUR,PM25 24-hour 2012,13-06-2021,Micrograms/cubic meter (LC),,1,100,10.2,10.2,0,53.0,145,R & P Model 2025 PM-2.5 Sequential Air Sampler w/VSCC - Gravimetric,Los Angeles-North Main Street,"1630 N MAIN ST, LOS ANGELES",California,Los Angeles,Los Angeles,"Los Angeles-Long Beach-Anaheim, CA",17-05-2024,pm25
6,37,1103,88101,1,34.06659,-118.22688,WGS84,PM2.5 - Local Conditions,24 HOUR,PM25 24-hour 2012,14-06-2021,Micrograms/cubic meter (LC),,1,100,9.5,9.5,0,52.0,145,R & P Model 2025 PM-2.5 Sequential Air Sampler w/VSCC - Gravimetric,Los Angeles-North Main Street,"1630 N MAIN ST, LOS ANGELES",California,Los Angeles,Los Angeles,"Los Angeles-Long Beach-Anaheim, CA",17-05-2024,pm25
6,37,1103,88101,1,34.06659,-118.22688,WGS84,PM2.5 - Local Conditions,24 HOUR,PM25 24-hour 2012,15-06-2021,Micrograms/cubic meter (LC),,1,100,12.7,12.7,0,58.0,145,R & P Model 2025 PM-2.5 Sequential Air Sampler w/VSCC - Gravimetric,Los Angeles-North Main Street,"1630 N MAIN ST, LOS ANGELES",California,Los Angeles,Los Angeles,"Los Angeles-Long Beach-Anaheim, CA",17-05-2024,pm25
6,37,1103,88101,1,34.06659,-118.22688,WGS84,PM2.5 - Local Conditions,24 HOUR,PM25 24-hour 2012,16-06-2021,Micrograms/cubic meter (LC),,1,100,15.6,15.6,0,63.0,145,R & P Model 2025 PM-2.5 Sequential Air Sampler w/VSCC - Gravimetric,Los Angeles-North Main Street,"1630 N MAIN ST, LOS ANGELES",California,Los Angeles,Los Angeles,"Los Angeles-Long Beach-Anaheim, CA",17-05-2024,pm25
6,37,1103,88101,1,34.06659,-118.22688,WGS84,PM2.5 - Local Conditions,24 HOUR,PM25 24-hour 2012,17-06-2021,Micrograms/cubic meter (LC),,1,100,15.1,15.1,0,62.0,145,R & P Model 2025 PM-2.5 Sequential Air Sampler w/VSCC - Gravimetric,Los Angeles-North Main Street,"1630 N MAIN ST, LOS ANGELES",California,Los Angeles,Los Angeles,"Los Angeles-Long Beach-Anaheim, CA",17-05-2024,pm25
6,37,1103,88101,1,34.06659,-118.22688,WGS84,PM2.5 - Local Conditions,24 HOUR,PM25 24-hour 2012,18-06-2021,Micrograms/cubic meter (LC),,1,100,15.6,15.6,0,63.0,145,R & P Model 2025 PM-2.5 Sequential Air Sampler w/VSCC - Gravimetric,Los Angeles-North Main Street,"1630 N MAIN ST, LOS ANGELES",California,Los Angeles,Los Angeles,"Los Angeles-Long Beach-Anaheim, CA",17-05-2024,pm25
6,37,1103,88101,1,34.06659,-118.22688,WGS84,PM2.5 - Local Conditions,24 HOUR,PM25 24-hour 2012,19-06-2021,Micrograms/cubic meter (LC),,1,100,11.3,11.3,0,55.0,145,R & P Model 2025 PM-2.5 Sequential Air Sampler w/VSCC - Gravimetric,Los Angeles-North Main Street,"1630 N MAIN ST, LOS ANGELES",California,Los Angeles,Los Angeles,"Los Angeles-Long Beach-Anaheim, CA",17-05-2024,pm25
6,37,1103,88101,1,34.06659,-118.22688,WGS84,PM2.5 - Local Conditions,24 HOUR,PM25 24-hour 2012,20-06-2021,Micrograms/cubic meter (LC),,1,100,8.7,8.7,0,48.0,145,R & P Model 2025 PM-2.5 Sequential Air Sampler w/VSCC - Gravimetric,Los Angeles-North Main Street,"1630 N MAIN ST, LOS ANGELES",California,Los Angeles,Los Angeles,"Los Angeles-Long Beach-Anaheim, CA",17-05-2024,pm25
6,37,1103,88101,1,34.06659,-118.22688,WGS84,PM2.5 - Local Conditions,24 HOUR,PM25 24-hour 2012,21-06-2021,Micrograms/cubic meter (LC),,1,100,10.3,10.3,0,53.0,145,R & P Model 2025 PM-2.5 Sequential Air Sampler w/VSCC - Gravimetric,Los Angeles-North Main Street,"1630 N MAIN ST, LOS ANGELES",California,Los Angeles,Los Angeles,"Los Angeles-Long Beach-Anaheim, CA",17-05-2024,pm25
6,37,1103,88101,1,34.06659,-118.22688,WGS84,PM2.5 - Local Conditions,24 HOUR,PM25 24-hour 2012,22-06-2021,Micrograms/cubic meter (LC),,1,100,6.5,6.5,0,36.0,145,R & P Model 2025 PM-2.5 Sequential Air Sampler w/VSCC - Gravimetric,Los Angeles-North Main Street,"1630 N MAIN ST, LOS ANGELES",California,Los Angeles,Los Angeles,"Los Angeles-Long Beach-Anaheim, CA",17-05-2024,pm25
6,37,1103,88101,1,34.06659,-118.22688,WGS84,PM2.5 - Local Conditions,24 HOUR,PM25 24-hour 2012,23-06-2021,Micrograms/cubic meter (LC),,1,100,7.2,7.2,0,40.0,145,R & P Model 2025 PM-2.5 Sequential Air Sampler w/VSCC - Gravimetric,Los Angeles-North Main Street,"1630 N MAIN ST, LOS ANGELES",California,Los Angeles,Los Angeles,"Los Angeles-Long Beach-Anaheim, CA",17-05-2024,pm25
6,37,1103,88101,1,34.06659,-118.22688,WGS84,PM2.5 - Local Conditions,24 HOUR,PM25 24-hour 2012,24-06-2021,Micrograms/cubic meter (LC),,1,100,4.3,4.3,0,24.0,145,R & P Model 2025 PM-2.5 Sequential Air Sampler w/VSCC - Gravimetric,Los Angeles-North Main Street,"1630 N MAIN ST, LOS ANGELES",California,Los Angeles,Los Angeles,"Los Angeles-Long Beach-Anaheim, CA",17-05-2024,pm25
6,37,1103,88101,1,34.06659,-118.22688,WGS84,PM2.5 - Local Conditions,24 HOUR,PM25 24-hour 2012,25-06-2021,Micrograms/cubic meter (LC),,1,100,6.0,6.0,0,33.0,145,R & P Model 2025 PM-2.5 Sequential Air Sampler w/VSCC - Gravimetric,Los Angeles-North Main Street,"1630 N MAIN ST, LOS ANGELES",California,Los Angeles,Los Angeles,"Los Angeles-Long Beach-Anaheim, CA",17-05-2024,pm25
6,37,1103,88101,1,34.06659,-118.22688,WGS84,PM2.5 - Local Conditions,24 HOUR,PM25 24-hour 2012,26-06-2021,Micrograms/cubic meter (LC),,1,100,10.8,10.8,0,54.0,145,R & P Model 2025 PM-2.5 Sequential Air Sampler w/VSCC - Gravimetric,Los Angeles-North Main Street,"1630 N MAIN ST, LOS ANGELES",California,Los Angeles,Los Angeles,"Los Angeles-Long Beach-Anaheim, CA",17-05-2024,pm25
6,37,1103,88101,1,34.06659,-118.22688,WGS84,PM2.5 - Local Conditions,24 HOUR,PM25 24-hour 2012,27-06-2021,Micrograms/cubic meter (LC),,1,100,13.7,13.7,0,60.0,145,R & P Model 2025 PM-2.5 Sequential Air Sampler w/VSCC - Gravimetric,Los Angeles-North Main Street,"1630 N MAIN ST, LOS ANGELES",California,Los Angeles,Los Angeles,"Los Angeles-Long Beach-Anaheim, CA",17-05-2024,pm25
6,37,1103,88101,1,34.06659,-118.22688,WGS84,PM2.5 - Local Conditions,24 HOUR,PM25 24-hour 2012,28-06-2021,Micrograms/cubic meter (LC),,1,100,14.3,14.3,0,61.0,145,R & P Model 2025 PM-2.5 Sequential Air Sampler w/VSCC - Gravimetric,Los Angeles-North Main Street,"1630 N MAIN ST, LOS ANGELES",California,Los Angeles,Los Angeles,"Los Angeles-Long Beach-Anaheim, CA",17-05-2024,pm25
6,37,1103,88101,1,34.06659,-118.22688,WGS84,PM2.5 - Local Conditions,24 HOUR,PM25 24-hour 2012,29-06-2021,Micrograms/cubic meter (LC),,1,100,10.5,10.5,0,54.0,145,R & P Model 2025 PM-2.5 Sequential Air Sampler w/VSCC - Gravimetric,Los Angeles-North Main Street,"1630 N MAIN ST, LOS ANGELES",California,Los Angeles,Los Angeles,"Los Angeles-Long Beach-Anaheim, CA",17-05-2024,pm25
6,37,1103,88101,1,34.06659,-118.22688,WGS84,PM2.5 - Local Conditions,24 HOUR,PM25 24-hour 2012,30-06-2021,Micrograms/cubic meter (LC),,1,100,9.9,9.9,0,52.0,145,R & P Model 2025 PM-2.5 Sequential Air Sampler w/VSCC - Gravimetric,Los Angeles-North Main Street,"1630 N MAIN ST, LOS ANGELES",California,Los Angeles,Los Angeles,"Los Angeles-Long Beach-Anaheim, CA",17-05-2024,pm25
6,37,1103,88101,1,34.06659,-118.22688,WGS84,PM2.5 - Local Conditions,24 HOUR,PM25 24-hour 2012,01-07-2021,Micrograms/cubic meter (LC),,1,100,9.3,9.3,0,51.0,145,R & P Model 2025 PM-2.5 Sequential Air Sampler w/VSCC - Gravimetric,Los Angeles-North Main Street,"1630 N MAIN ST, LOS ANGELES",California,Los Angeles,Los Angeles,"Los Angeles-Long Beach-Anaheim, CA",17-05-2024,pm25
6,37,1103,88101,1,34.06659,-118.22688,WGS84,PM2.5 - Local Conditions,24 HOUR,PM25 24-hour 2012,02-07-2021,Micrograms/cubic meter (LC),,1,100,9.7,9.7,0,52.0,145,R & P Model 2025 PM-2.5 Sequential Air Sampler w/VSCC - Gravimetric,Los Angeles-North Main Street,"1630 N MAIN ST, LOS ANGELES",California,Los Angeles,Los Angeles,"Los Angeles-Long Beach-Anaheim, CA",17-05-2024,pm25
6,37,1103,88101,1,34.06659,-118.22688,WGS84,PM2.5 - Local Conditions,24 HOUR,PM25 24-hour 2012,03-07-2021,Micrograms/cubic meter (LC),,1,100,10.0,10.0,0,53.0,145,R & P Model 2025 PM-2.5 Sequential Air Sampler w/VSCC - Gravimetric,Los Angeles-North Main Street,"1630 N MAIN ST, LOS ANGELES",California,Los Angeles,Los Angeles,"Los Angeles-Long Beach-Anaheim, CA",17-05-2024,pm25
6,37,1103,88101,1,34.06659,-118.22688,WGS84,PM2.5 - Local Conditions,24 HOUR,PM25 24-hour 2012,04-07-2021,Micrograms/cubic meter (LC),Included,1,100,45.2,45.2,0,125.0,145,R & P Model 2025 PM-2.5 Sequential Air Sampler w/VSCC - Gravimetric,Los Angeles-North Main Street,"1630 N MAIN ST, LOS ANGELES",California,Los Angeles,Los Angeles,"Los Angeles-Long Beach-Anaheim, CA",17-05-2024,pm25
6,37,1103,88101,1,34.06659,-118.22688,WGS84,PM2.5 - Local Conditions,24 HOUR,PM25 24-hour 2012,05-07-2021,Micrograms/cubic meter (LC),,1,100,16.6,16.6,0,65.0,145,R & P Model 2025 PM-2.5 Sequential Air Sampler w/VSCC - Gravimetric,Los Angeles-North Main Street,"1630 N MAIN ST, LOS ANGELES",California,Los Angeles,Los Angeles,"Los Angeles-Long Beach-Anaheim, CA",17-05-2024,pm25
6,37,1103,88101,1,34.06659,-118.22688,WGS84,PM2.5 - Local Conditions,24 HOUR,PM25 24-hour 2012,06-07-2021,Micrograms/cubic meter (LC),,1,100,9.6,9.6,0,52.0,145,R & P Model 2025 PM-2.5 Sequential Air Sampler w/VSCC - Gravimetric,Los Angeles-North Main Street,"1630 N MAIN ST, LOS ANGELES",California,Los Angeles,Los Angeles,"Los Angeles-Long Beach-Anaheim, CA",17-05-2024,pm25
6,37,1103,88101,1,34.06659,-118.22688,WGS84,PM2.5 - Local Conditions,24 HOUR,PM25 24-hour 2012,07-07-2021,Micrograms/cubic meter (LC),,1,100,11.8,11.8,0,56.0,145,R & P Model 2025 PM-2.5 Sequential Air Sampler w/VSCC - Gravimetric,Los Angeles-North Main Street,"1630 N MAIN ST, LOS ANGELES",California,Los Angeles,Los Angeles,"Los Angeles-Long Beach-Anaheim, CA",17-05-2024,pm25
6,37,1103,88101,1,34.06659,-118.22688,WGS84,PM2.5 - Local Conditions,24 HOUR,PM25 24-hour 2012,08-07-2021,Micrograms/cubic meter (LC),,1,100,13.3,13.3,0,59.0,145,R & P Model 2025 PM-2.5 Sequential Air Sampler w/VSCC - Gravimetric,Los Angeles-North Main Street,"1630 N MAIN ST, LOS ANGELES",California,Los Angeles,Los Angeles,"Los Angeles-Long Beach-Anaheim, CA",17-05-2024,pm25
6,37,1103,88101,1,34.06659,-118.22688,WGS84,PM2.5 - Local Conditions,24 HOUR,PM25 24-hour 2012,09-07-2021,Micrograms/cubic meter (LC),,1,100,12.8,12.8,0,58.0,145,R & P Model 2025 PM-2.5 Sequential Air Sampler w/VSCC - Gravimetric,Los Angeles-North Main Street,"1630 N MAIN ST, LOS ANGELES",California,Los Angeles,Los Angeles,"Los Angeles-Long Beach-Anaheim, CA",17-05-2024,pm25
6,37,1103,88101,1,34.06659,-118.22688,WGS84,PM2.5 - Local Conditions,24 HOUR,PM25 24-hour 2012,10-07-2021,Micrograms/cubic meter (LC),,1,100,14.3,14.3,0,61.0,145,R & P Model 2025 PM-2.5 Sequential Air Sampler w/VSCC - Gravimetric,Los Angeles-North Main Street,"1630 N MAIN ST, LOS ANGELES",California,Los Angeles,Los Angeles,"Los Angeles-Long Beach-Anaheim, CA",17-05-2024,pm25
6,37,1103,88101,1,34.06659,-118.22688,WGS84,PM2.5 - Local Conditions,24 HOUR,PM25 24-hour 2012,11-07-2021,Micrograms/cubic meter (LC),,1,100,15.0,15.0,0,62.0,145,R & P Model 2025 PM-2.5 Sequential Air Sampler w/VSCC - Gravimetric,Los Angeles-North Main Street,"1630 N MAIN ST, LOS ANGELES",California,Los Angeles,Los Angeles,"Los Angeles-Long Beach-Anaheim, CA",17-05-2024,pm25
6,37,1103,88101,1,34.06659,-118.22688,WGS84,PM2.5 - Local Conditions,24 HOUR,PM25 24-hour 2012,12-07-2021,Micrograms/cubic meter (LC),,1,100,12.1,12.1,0,57.0,145,R & P Model 2025 PM-2.5 Sequential Air Sampler w/VSCC - Gravimetric,Los Angeles-North Main Street,"1630 N MAIN ST, LOS ANGELES",California,Los Angeles,Los Angeles,"Los Angeles-Long Beach-Anaheim, CA",17-05-2024,pm25
6,37,1103,88101,1,34.06659,-118.22688,WGS84,PM2.5 - Local Conditions,24 HOUR,PM25 24-hour 2012,13-07-2021,Micrograms/cubic meter (LC),,1,100,12.0,12.0,0,56.0,145,R & P Model 2025 PM-2.5 Sequential Air Sampler w/VSCC - Gravimetric,Los Angeles-North Main Street,"1630 N MAIN ST, LOS ANGELES",California,Los Angeles,Los Angeles,"Los Angeles-Long Beach-Anaheim, CA",17-05-2024,pm25
6,37,1103,88101,1,34.06659,-118.22688,WGS84,PM2.5 - Local Conditions,24 HOUR,PM25 24-hour 2012,14-07-2021,Micrograms/cubic meter (LC),,1,100,9.6,9.6,0,52.0,145,R & P Model 2025 PM-2.5 Sequential Air Sampler w/VSCC - Gravimetric,Los Angeles-North Main Street,"1630 N MAIN ST, LOS ANGELES",California,Los Angeles,Los Angeles,"Los Angeles-Long Beach-Anaheim, CA",17-05-2024,pm25
6,37,1103,88101,1,34.06659,-118.22688,WGS84,PM2.5 - Local Conditions,24 HOUR,PM25 24-hour 2012,15-07-2021,Micrograms/cubic meter (LC),,1,100,8.4,8.4,0,47.0,145,R & P Model 2025 PM-2.5 Sequential Air Sampler w/VSCC - Gravimetric,Los Angeles-North Main Street,"1630 N MAIN ST, LOS ANGELES",California,Los Angeles,Los Angeles,"Los Angeles-Long Beach-Anaheim, CA",17-05-2024,pm25
6,37,1103,88101,1,34.06659,-118.22688,WGS84,PM2.5 - Local Conditions,24 HOUR,PM25 24-hour 2012,16-07-2021,Micrograms/cubic meter (LC),,1,100,8.1,8.1,0,45.0,145,R & P Model 2025 PM-2.5 Sequential Air Sampler w/VSCC - Gravimetric,Los Angeles-North Main Street,"1630 N MAIN ST, LOS ANGELES",California,Los Angeles,Los Angeles,"Los Angeles-Long Beach-Anaheim, CA",17-05-2024,pm25
6,37,1103,88101,1,34.06659,-118.22688,WGS84,PM2.5 - Local Conditions,24 HOUR,PM25 24-hour 2012,17-07-2021,Micrograms/cubic meter (LC),,1,100,9.1,9.1,0,51.0,145,R & P Model 2025 PM-2.5 Sequential Air Sampler w/VSCC - Gravimetric,Los Angeles-North Main Street,"1630 N MAIN ST, LOS ANGELES",California,Los Angeles,Los Angeles,"Los Angeles-Long Beach-Anaheim, CA",17-05-2024,pm25
6,37,1103,88101,1,34.06659,-118.22688,WGS84,PM2.5 - Local Conditions,24 HOUR,PM25 24-hour 2012,18-07-2021,Micrograms/cubic meter (LC),,1,100,9.8,9.8,0,52.0,145,R & P Model 2025 PM-2.5 Sequential Air Sampler w/VSCC - Gravimetric,Los Angeles-North Main Street,"1630 N MAIN ST, LOS ANGELES",California,Los Angeles,Los Angeles,"Los Angeles-Long Beach-Anaheim, CA",17-05-2024,pm25
6,37,1103,88101,1,34.06659,-118.22688,WGS84,PM2.5 - Local Conditions,24 HOUR,PM25 24-hour 2012,19-07-2021,Micrograms/cubic meter (LC),,1,100,11.0,11.0,0,55.0,145,R & P Model 2025 PM-2.5 Sequential Air Sampler w/VSCC - Gravimetric,Los Angeles-North Main Street,"1630 N MAIN ST, LOS ANGELES",California,Los Angeles,Los Angeles,"Los Angeles-Long Beach-Anaheim, CA",17-05-2024,pm25
6,37,1103,88101,1,34.06659,-118.22688,WGS84,PM2.5 - Local Conditions,24 HOUR,PM25 24-hour 2012,20-07-2021,Micrograms/cubic meter (LC),,1,100,11.0,11.0,0,55.0,145,R & P Model 2025 PM-2.5 Sequential Air Sampler w/VSCC - Gravimetric,Los Angeles-North Main Street,"1630 N MAIN ST, LOS ANGELES",California,Los Angeles,Los Angeles,"Los Angeles-Long Beach-Anaheim, CA",17-05-2024,pm25
6,37,1103,88101,1,34.06659,-118.22688,WGS84,PM2.5 - Local Conditions,24 HOUR,PM25 24-hour 2012,21-07-2021,Micrograms/cubic meter (LC),,1,100,15.1,15.1,0,62.0,145,R & P Model 2025 PM-2.5 Sequential Air Sampler w/VSCC - Gravimetric,Los Angeles-North Main Street,"1630 N MAIN ST, LOS ANGELES",California,Los Angeles,Los Angeles,"Los Angeles-Long Beach-Anaheim, CA",17-05-2024,pm25
6,37,1103,88101,1,34.06659,-118.22688,WGS84,PM2.5 - Local Conditions,24 HOUR,PM25 24-hour 2012,22-07-2021,Micrograms/cubic meter (LC),,1,100,18.2,18.2,0,68.0,145,R & P Model 2025 PM-2.5 Sequential Air Sampler w/VSCC - Gravimetric,Los Angeles-North Main Street,"1630 N MAIN ST, LOS ANGELES",California,Los Angeles,Los Angeles,"Los Angeles-Long Beach-Anaheim, CA",17-05-2024,pm25
6,37,1103,88101,1,34.06659,-118.22688,WGS84,PM2.5 - Local Conditions,24 HOUR,PM25 24-hour 2012,23-07-2021,Micrograms/cubic meter (LC),,1,100,18.4,18.4,0,68.0,145,R & P Model 2025 PM-2.5 Sequential Air Sampler w/VSCC - Gravimetric,Los Angeles-North Main Street,"1630 N MAIN ST, LOS ANGELES",California,Los Angeles,Los Angeles,"Los Angeles-Long Beach-Anaheim, CA",17-05-2024,pm25
6,37,1103,88101,1,34.06659,-118.22688,WGS84,PM2.5 - Local Conditions,24 HOUR,PM25 24-hour 2012,24-07-2021,Micrograms/cubic meter (LC),,1,100,15.7,15.7,0,63.0,145,R & P Model 2025 PM-2.5 Sequential Air Sampler w/VSCC - Gravimetric,Los Angeles-North Main Street,"1630 N MAIN ST, LOS ANGELES",California,Los Angeles,Los Angeles,"Los Angeles-Long Beach-Anaheim, CA",17-05-2024,pm25
6,37,1103,88101,1,34.06659,-118.22688,WGS84,PM2.5 - Local Conditions,24 HOUR,PM25 24-hour 2012,25-07-2021,Micrograms/cubic meter (LC),,1,100,11.6,11.6,0,56.0,145,R & P Model 2025 PM-2.5 Sequential Air Sampler w/VSCC - Gravimetric,Los Angeles-North Main Street,"1630 N MAIN ST, LOS ANGELES",California,Los Angeles,Los Angeles,"Los Angeles-Long Beach-Anaheim, CA",17-05-2024,pm25
6,37,1103,88101,1,34.06659,-118.22688,WGS84,PM2.5 - Local Conditions,24 HOUR,PM25 24-hour 2012,26-07-2021,Micrograms/cubic meter (LC),,1,100,10.2,10.2,0,53.0,145,R & P Model 2025 PM-2.5 Sequential Air Sampler w/VSCC - Gravimetric,Los Angeles-North Main Street,"1630 N MAIN ST, LOS ANGELES",California,Los Angeles,Los Angeles,"Los Angeles-Long Beach-Anaheim, CA",17-05-2024,pm25
6,37,1103,88101,1,34.06659,-118.22688,WGS84,PM2.5 - Local Conditions,24 HOUR,PM25 24-hour 2012,27-07-2021,Micrograms/cubic meter (LC),,1,100,8.2,8.2,0,46.0,145,R & P Model 2025 PM-2.5 Sequential Air Sampler w/VSCC - Gravimetric,Los Angeles-North Main Street,"1630 N MAIN ST, LOS ANGELES",California,Los Angeles,Los Angeles,"Los Angeles-Long Beach-Anaheim, CA",17-05-2024,pm25
6,37,1103,88101,1,34.06659,-118.22688,WGS84,PM2.5 - Local Conditions,24 HOUR,PM25 24-hour 2012,28-07-2021,Micrograms/cubic meter (LC),,1,100,8.1,8.1,0,45.0,145,R & P Model 2025 PM-2.5 Sequential Air Sampler w/VSCC - Gravimetric,Los Angeles-North Main Street,"1630 N MAIN ST, LOS ANGELES",California,Los Angeles,Los Angeles,"Los Angeles-Long Beach-Anaheim, CA",17-05-2024,pm25
6,37,1103,88101,1,34.06659,-118.22688,WGS84,PM2.5 - Local Conditions,24 HOUR,PM25 24-hour 2012,29-07-2021,Micrograms/cubic meter (LC),,1,100,10.2,10.2,0,53.0,145,R & P Model 2025 PM-2.5 Sequential Air Sampler w/VSCC - Gravimetric,Los Angeles-North Main Street,"1630 N MAIN ST, LOS ANGELES",California,Los Angeles,Los Angeles,"Los Angeles-Long Beach-Anaheim, CA",17-05-2024,pm25
6,37,1103,88101,1,34.06659,-118.22688,WGS84,PM2.5 - Local Conditions,24 HOUR,PM25 24-hour 2012,30-07-2021,Micrograms/cubic meter (LC),,1,100,10.0,10.0,0,53.0,145,R & P Model 2025 PM-2.5 Sequential Air Sampler w/VSCC - Gravimetric,Los Angeles-North Main Street,"1630 N MAIN ST, LOS ANGELES",California,Los Angeles,Los Angeles,"Los Angeles-Long Beach-Anaheim, CA",17-05-2024,pm25
6,37,1103,88101,1,34.06659,-118.22688,WGS84,PM2.5 - Local Conditions,24 HOUR,PM25 24-hour 2012,31-07-2021,Micrograms/cubic meter (LC),,1,100,8.9,8.9,0,49.0,145,R & P Model 2025 PM-2.5 Sequential Air Sampler w/VSCC - Gravimetric,Los Angeles-North Main Street,"1630 N MAIN ST, LOS ANGELES",California,Los Angeles,Los Angeles,"Los Angeles-Long Beach-Anaheim, CA",17-05-2024,pm25
6,37,1103,88101,1,34.06659,-118.22688,WGS84,PM2.5 - Local Conditions,24 HOUR,PM25 24-hour 2012,01-08-2021,Micrograms/cubic meter (LC),,1,100,8.9,8.9,0,49.0,145,R & P Model 2025 PM-2.5 Sequential Air Sampler w/VSCC - Gravimetric,Los Angeles-North Main Street,"1630 N MAIN ST, LOS ANGELES",California,Los Angeles,Los Angeles,"Los Angeles-Long Beach-Anaheim, CA",17-05-2024,pm25
6,37,1103,88101,1,34.06659,-118.22688,WGS84,PM2.5 - Local Conditions,24 HOUR,PM25 24-hour 2012,02-08-2021,Micrograms/cubic meter (LC),,1,100,10.5,10.5,0,54.0,145,R & P Model 2025 PM-2.5 Sequential Air Sampler w/VSCC - Gravimetric,Los Angeles-North Main Street,"1630 N MAIN ST, LOS ANGELES",California,Los Angeles,Los Angeles,"Los Angeles-Long Beach-Anaheim, CA",17-05-2024,pm25
6,37,1103,88101,1,34.06659,-118.22688,WGS84,PM2.5 - Local Conditions,24 HOUR,PM25 24-hour 2012,03-08-2021,Micrograms/cubic meter (LC),,1,100,11.0,11.0,0,55.0,145,R & P Model 2025 PM-2.5 Sequential Air Sampler w/VSCC - Gravimetric,Los Angeles-North Main Street,"1630 N MAIN ST, LOS ANGELES",California,Los Angeles,Los Angeles,"Los Angeles-Long Beach-Anaheim, CA",17-05-2024,pm25
6,37,1103,88101,1,34.06659,-118.22688,WGS84,PM2.5 - Local Conditions,24 HOUR,PM25 24-hour 2012,04-08-2021,Micrograms/cubic meter (LC),,1,100,12.5,12.5,0,57.0,145,R & P Model 2025 PM-2.5 Sequential Air Sampler w/VSCC - Gravimetric,Los Angeles-North Main Street,"1630 N MAIN ST, LOS ANGELES",California,Los Angeles,Los Angeles,"Los Angeles-Long Beach-Anaheim, CA",17-05-2024,pm25
6,37,1103,88101,1,34.06659,-118.22688,WGS84,PM2.5 - Local Conditions,24 HOUR,PM25 24-hour 2012,05-08-2021,Micrograms/cubic meter (LC),,1,100,14.5,14.5,0,61.0,145,R & P Model 2025 PM-2.5 Sequential Air Sampler w/VSCC - Gravimetric,Los Angeles-North Main Street,"1630 N MAIN ST, LOS ANGELES",California,Los Angeles,Los Angeles,"Los Angeles-Long Beach-Anaheim, CA",17-05-2024,pm25
6,37,1103,88101,1,34.06659,-118.22688,WGS84,PM2.5 - Local Conditions,24 HOUR,PM25 24-hour 2012,06-08-2021,Micrograms/cubic meter (LC),,1,100,15.0,15.0,0,62.0,145,R & P Model 2025 PM-2.5 Sequential Air Sampler w/VSCC - Gravimetric,Los Angeles-North Main Street,"1630 N MAIN ST, LOS ANGELES",California,Los Angeles,Los Angeles,"Los Angeles-Long Beach-Anaheim, CA",17-05-2024,pm25
6,37,1103,88101,1,34.06659,-118.22688,WGS84,PM2.5 - Local Conditions,24 HOUR,PM25 24-hour 2012,07-08-2021,Micrograms/cubic meter (LC),,1,100,14.0,14.0,0,60.0,145,R & P Model 2025 PM-2.5 Sequential Air Sampler w/VSCC - Gravimetric,Los Angeles-North Main Street,"1630 N MAIN ST, LOS ANGELES",California,Los Angeles,Los Angeles,"Los Angeles-Long Beach-Anaheim, CA",17-05-2024,pm25
6,37,1103,88101,1,34.06659,-118.22688,WGS84,PM2.5 - Local Conditions,24 HOUR,PM25 24-hour 2012,08-08-2021,Micrograms/cubic meter (LC),,1,100,14.0,14.0,0,60.0,145,R & P Model 2025 PM-2.5 Sequential Air Sampler w/VSCC - Gravimetric,Los Angeles-North Main Street,"1630 N MAIN ST, LOS ANGELES",California,Los Angeles,Los Angeles,"Los Angeles-Long Beach-Anaheim, CA",17-05-2024,pm25
6,37,1103,88101,1,34.06659,-118.22688,WGS84,PM2.5 - Local Conditions,24 HOUR,PM25 24-hour 2012,09-08-2021,Micrograms/cubic meter (LC),,1,100,12.4,12.4,0,57.0,145,R & P Model 2025 PM-2.5 Sequential Air Sampler w/VSCC - Gravimetric,Los Angeles-North Main Street,"1630 N MAIN ST, LOS ANGELES",California,Los Angeles,Los Angeles,"Los Angeles-Long Beach-Anaheim, CA",17-05-2024,pm25
6,37,1103,88101,1,34.06659,-118.22688,WGS84,PM2.5 - Local Conditions,24 HOUR,PM25 24-hour 2012,10-08-2021,Micrograms/cubic meter (LC),,1,100,8.9,8.9,0,49.0,145,R & P Model 2025 PM-2.5 Sequential Air Sampler w/VSCC - Gravimetric,Los Angeles-North Main Street,"1630 N MAIN ST, LOS ANGELES",California,Los Angeles,Los Angeles,"Los Angeles-Long Beach-Anaheim, CA",17-05-2024,pm25
6,37,1103,88101,1,34.06659,-118.22688,WGS84,PM2.5 - Local Conditions,24 HOUR,PM25 24-hour 2012,11-08-2021,Micrograms/cubic meter (LC),,1,100,10.0,10.0,0,53.0,145,R & P Model 2025 PM-2.5 Sequential Air Sampler w/VSCC - Gravimetric,Los Angeles-North Main Street,"1630 N MAIN ST, LOS ANGELES",California,Los Angeles,Los Angeles,"Los Angeles-Long Beach-Anaheim, CA",17-05-2024,pm25
6,37,1103,88101,1,34.06659,-118.22688,WGS84,PM2.5 - Local Conditions,24 HOUR,PM25 24-hour 2012,12-08-2021,Micrograms/cubic meter (LC),,1,100,11.0,11.0,0,55.0,145,R & P Model 2025 PM-2.5 Sequential Air Sampler w/VSCC - Gravimetric,Los Angeles-North Main Street,"1630 N MAIN ST, LOS ANGELES",California,Los Angeles,Los Angeles,"Los Angeles-Long Beach-Anaheim, CA",17-05-2024,pm25
6,37,1103,88101,1,34.06659,-118.22688,WGS84,PM2.5 - Local Conditions,24 HOUR,PM25 24-hour 2012,13-08-2021,Micrograms/cubic meter (LC),,1,100,10.3,10.3,0,53.0,145,R & P Model 2025 PM-2.5 Sequential Air Sampler w/VSCC - Gravimetric,Los Angeles-North Main Street,"1630 N MAIN ST, LOS ANGELES",California,Los Angeles,Los Angeles,"Los Angeles-Long Beach-Anaheim, CA",17-05-2024,pm25
6,37,1103,88101,1,34.06659,-118.22688,WGS84,PM2.5 - Local Conditions,24 HOUR,PM25 24-hour 2012,14-08-2021,Micrograms/cubic meter (LC),,1,100,12.0,12.0,0,56.0,145,R & P Model 2025 PM-2.5 Sequential Air Sampler w/VSCC - Gravimetric,Los Angeles-North Main Street,"1630 N MAIN ST, LOS ANGELES",California,Los Angeles,Los Angeles,"Los Angeles-Long Beach-Anaheim, CA",17-05-2024,pm25
6,37,1103,88101,1,34.06659,-118.22688,WGS84,PM2.5 - Local Conditions,24 HOUR,PM25 24-hour 2012,15-08-2021,Micrograms/cubic meter (LC),,1,100,11.2,11.2,0,55.0,145,R & P Model 2025 PM-2.5 Sequential Air Sampler w/VSCC - Gravimetric,Los Angeles-North Main Street,"1630 N MAIN ST, LOS ANGELES",California,Los Angeles,Los Angeles,"Los Angeles-Long Beach-Anaheim, CA",17-05-2024,pm25
6,37,1103,88101,1,34.06659,-118.22688,WGS84,PM2.5 - Local Conditions,24 HOUR,PM25 24-hour 2012,16-08-2021,Micrograms/cubic meter (LC),,1,100,12.0,12.0,0,56.0,145,R & P Model 2025 PM-2.5 Sequential Air Sampler w/VSCC - Gravimetric,Los Angeles-North Main Street,"1630 N MAIN ST, LOS ANGELES",California,Los Angeles,Los Angeles,"Los Angeles-Long Beach-Anaheim, CA",17-05-2024,pm25
6,37,1103,88101,1,34.06659,-118.22688,WGS84,PM2.5 - Local Conditions,24 HOUR,PM25 24-hour 2012,17-08-2021,Micrograms/cubic meter (LC),,1,100,11.2,11.2,0,55.0,145,R & P Model 2025 PM-2.5 Sequential Air Sampler w/VSCC - Gravimetric,Los Angeles-North Main Street,"1630 N MAIN ST, LOS ANGELES",California,Los Angeles,Los Angeles,"Los Angeles-Long Beach-Anaheim, CA",17-05-2024,pm25
6,37,1103,88101,1,34.06659,-118.22688,WGS84,PM2.5 - Local Conditions,24 HOUR,PM25 24-hour 2012,18-08-2021,Micrograms/cubic meter (LC),,1,100,7.2,7.2,0,40.0,145,R & P Model 2025 PM-2.5 Sequential Air Sampler w/VSCC - Gravimetric,Los Angeles-North Main Street,"1630 N MAIN ST, LOS ANGELES",California,Los Angeles,Los Angeles,"Los Angeles-Long Beach-Anaheim, CA",17-05-2024,pm25
6,37,1103,88101,1,34.06659,-118.22688,WGS84,PM2.5 - Local Conditions,24 HOUR,PM25 24-hour 2012,19-08-2021,Micrograms/cubic meter (LC),,1,100,5.9,5.9,0,33.0,145,R & P Model 2025 PM-2.5 Sequential Air Sampler w/VSCC - Gravimetric,Los Angeles-North Main Street,"1630 N MAIN ST, LOS ANGELES",California,Los Angeles,Los Angeles,"Los Angeles-Long Beach-Anaheim, CA",17-05-2024,pm25
6,37,1103,88101,1,34.06659,-118.22688,WGS84,PM2.5 - Local Conditions,24 HOUR,PM25 24-hour 2012,20-08-2021,Micrograms/cubic meter (LC),,1,100,6.7,6.7,0,37.0,145,R & P Model 2025 PM-2.5 Sequential Air Sampler w/VSCC - Gravimetric,Los Angeles-North Main Street,"1630 N MAIN ST, LOS ANGELES",California,Los Angeles,Los Angeles,"Los Angeles-Long Beach-Anaheim, CA",17-05-2024,pm25
6,37,1103,88101,1,34.06659,-118.22688,WGS84,PM2.5 - Local Conditions,24 HOUR,PM25 24-hour 2012,21-08-2021,Micrograms/cubic meter (LC),,1,100,7.7,7.7,0,43.0,145,R & P Model 2025 PM-2.5 Sequential Air Sampler w/VSCC - Gravimetric,Los Angeles-North Main Street,"1630 N MAIN ST, LOS ANGELES",California,Los Angeles,Los Angeles,"Los Angeles-Long Beach-Anaheim, CA",17-05-2024,pm25
6,37,1103,88101,1,34.06659,-118.22688,WGS84,PM2.5 - Local Conditions,24 HOUR,PM25 24-hour 2012,22-08-2021,Micrograms/cubic meter (LC),,1,100,12.9,12.9,0,58.0,145,R & P Model 2025 PM-2.5 Sequential Air Sampler w/VSCC - Gravimetric,Los Angeles-North Main Street,"1630 N MAIN ST, LOS ANGELES",California,Los Angeles,Los Angeles,"Los Angeles-Long Beach-Anaheim, CA",17-05-2024,pm25
6,37,1103,88101,1,34.06659,-118.22688,WGS84,PM2.5 - Local Conditions,24 HOUR,PM25 24-hour 2012,23-08-2021,Micrograms/cubic meter (LC),,1,100,13.9,13.9,0,60.0,145,R & P Model 2025 PM-2.5 Sequential Air Sampler w/VSCC - Gravimetric,Los Angeles-North Main Street,"1630 N MAIN ST, LOS ANGELES",California,Los Angeles,Los Angeles,"Los Angeles-Long Beach-Anaheim, CA",17-05-2024,pm25
6,37,1103,88101,1,34.06659,-118.22688,WGS84,PM2.5 - Local Conditions,24 HOUR,PM25 24-hour 2012,24-08-2021,Micrograms/cubic meter (LC),,1,100,11.3,11.3,0,55.0,145,R & P Model 2025 PM-2.5 Sequential Air Sampler w/VSCC - Gravimetric,Los Angeles-North Main Street,"1630 N MAIN ST, LOS ANGELES",California,Los Angeles,Los Angeles,"Los Angeles-Long Beach-Anaheim, CA",17-05-2024,pm25
6,37,1103,88101,1,34.06659,-118.22688,WGS84,PM2.5 - Local Conditions,24 HOUR,PM25 24-hour 2012,25-08-2021,Micrograms/cubic meter (LC),,1,100,14.1,14.1,0,60.0,145,R & P Model 2025 PM-2.5 Sequential Air Sampler w/VSCC - Gravimetric,Los Angeles-North Main Street,"1630 N MAIN ST, LOS ANGELES",California,Los Angeles,Los Angeles,"Los Angeles-Long Beach-Anaheim, CA",17-05-2024,pm25
6,37,1103,88101,1,34.06659,-118.22688,WGS84,PM2.5 - Local Conditions,24 HOUR,PM25 24-hour 2012,26-08-2021,Micrograms/cubic meter (LC),,1,100,19.6,19.6,0,71.0,145,R & P Model 2025 PM-2.5 Sequential Air Sampler w/VSCC - Gravimetric,Los Angeles-North Main Street,"1630 N MAIN ST, LOS ANGELES",California,Los Angeles,Los Angeles,"Los Angeles-Long Beach-Anaheim, CA",17-05-2024,pm25
6,37,1103,88101,1,34.06659,-118.22688,WGS84,PM2.5 - Local Conditions,24 HOUR,PM25 24-hour 2012,27-08-2021,Micrograms/cubic meter (LC),,1,100,17.4,17.4,0,66.0,145,R & P Model 2025 PM-2.5 Sequential Air Sampler w/VSCC - Gravimetric,Los Angeles-North Main Street,"1630 N MAIN ST, LOS ANGELES",California,Los Angeles,Los Angeles,"Los Angeles-Long Beach-Anaheim, CA",17-05-2024,pm25
6,37,1103,88101,1,34.06659,-118.22688,WGS84,PM2.5 - Local Conditions,24 HOUR,PM25 24-hour 2012,28-08-2021,Micrograms/cubic meter (LC),,1,100,13.6,13.6,0,59.0,145,R & P Model 2025 PM-2.5 Sequential Air Sampler w/VSCC - Gravimetric,Los Angeles-North Main Street,"1630 N MAIN ST, LOS ANGELES",California,Los Angeles,Los Angeles,"Los Angeles-Long Beach-Anaheim, CA",17-05-2024,pm25
6,37,1103,88101,1,34.06659,-118.22688,WGS84,PM2.5 - Local Conditions,24 HOUR,PM25 24-hour 2012,29-08-2021,Micrograms/cubic meter (LC),,1,100,13.7,13.7,0,60.0,145,R & P Model 2025 PM-2.5 Sequential Air Sampler w/VSCC - Gravimetric,Los Angeles-North Main Street,"1630 N MAIN ST, LOS ANGELES",California,Los Angeles,Los Angeles,"Los Angeles-Long Beach-Anaheim, CA",17-05-2024,pm25
6,37,1103,88101,1,34.06659,-118.22688,WGS84,PM2.5 - Local Conditions,24 HOUR,PM25 24-hour 2012,30-08-2021,Micrograms/cubic meter (LC),,1,100,17.0,17.0,0,66.0,145,R & P Model 2025 PM-2.5 Sequential Air Sampler w/VSCC - Gravimetric,Los Angeles-North Main Street,"1630 N MAIN ST, LOS ANGELES",California,Los Angeles,Los Angeles,"Los Angeles-Long Beach-Anaheim, CA",17-05-2024,pm25
6,37,1103,88101,1,34.06659,-118.22688,WGS84,PM2.5 - Local Conditions,24 HOUR,PM25 24-hour 2012,31-08-2021,Micrograms/cubic meter (LC),,1,100,20.7,20.7,0,73.0,145,R & P Model 2025 PM-2.5 Sequential Air Sampler w/VSCC - Gravimetric,Los Angeles-North Main Street,"1630 N MAIN ST, LOS ANGELES",California,Los Angeles,Los Angeles,"Los Angeles-Long Beach-Anaheim, CA",17-05-2024,pm25
6,37,1103,88101,1,34.06659,-118.22688,WGS84,PM2.5 - Local Conditions,24 HOUR,PM25 24-hour 2012,01-09-2021,Micrograms/cubic meter (LC),,1,100,14.5,14.5,0,61.0,145,R & P Model 2025 PM-2.5 Sequential Air Sampler w/VSCC - Gravimetric,Los Angeles-North Main Street,"1630 N MAIN ST, LOS ANGELES",California,Los Angeles,Los Angeles,"Los Angeles-Long Beach-Anaheim, CA",17-05-2024,pm25
6,37,1103,88101,1,34.06659,-118.22688,WGS84,PM2.5 - Local Conditions,24 HOUR,PM25 24-hour 2012,02-09-2021,Micrograms/cubic meter (LC),,1,100,13.1,13.1,0,58.0,145,R & P Model 2025 PM-2.5 Sequential Air Sampler w/VSCC - Gravimetric,Los Angeles-North Main Street,"1630 N MAIN ST, LOS ANGELES",California,Los Angeles,Los Angeles,"Los Angeles-Long Beach-Anaheim, CA",17-05-2024,pm25
6,37,1103,88101,1,34.06659,-118.22688,WGS84,PM2.5 - Local Conditions,24 HOUR,PM25 24-hour 2012,03-09-2021,Micrograms/cubic meter (LC),,1,100,14.5,14.5,0,61.0,145,R & P Model 2025 PM-2.5 Sequential Air Sampler w/VSCC - Gravimetric,Los Angeles-North Main Street,"1630 N MAIN ST, LOS ANGELES",California,Los Angeles,Los Angeles,"Los Angeles-Long Beach-Anaheim, CA",17-05-2024,pm25
6,37,1103,88101,1,34.06659,-118.22688,WGS84,PM2.5 - Local Conditions,24 HOUR,PM25 24-hour 2012,04-09-2021,Micrograms/cubic meter (LC),,1,100,15.0,15.0,0,62.0,145,R & P Model 2025 PM-2.5 Sequential Air Sampler w/VSCC - Gravimetric,Los Angeles-North Main Street,"1630 N MAIN ST, LOS ANGELES",California,Los Angeles,Los Angeles,"Los Angeles-Long Beach-Anaheim, CA",17-05-2024,pm25
6,37,1103,88101,1,34.06659,-118.22688,WGS84,PM2.5 - Local Conditions,24 HOUR,PM25 24-hour 2012,05-09-2021,Micrograms/cubic meter (LC),,1,100,14.0,14.0,0,60.0,145,R & P Model 2025 PM-2.5 Sequential Air Sampler w/VSCC - Gravimetric,Los Angeles-North Main Street,"1630 N MAIN ST, LOS ANGELES",California,Los Angeles,Los Angeles,"Los Angeles-Long Beach-Anaheim, CA",17-05-2024,pm25
6,37,1103,88101,1,34.06659,-118.22688,WGS84,PM2.5 - Local Conditions,24 HOUR,PM25 24-hour 2012,06-09-2021,Micrograms/cubic meter (LC),,1,100,18.6,18.6,0,69.0,145,R & P Model 2025 PM-2.5 Sequential Air Sampler w/VSCC - Gravimetric,Los Angeles-North Main Street,"1630 N MAIN ST, LOS ANGELES",California,Los Angeles,Los Angeles,"Los Angeles-Long Beach-Anaheim, CA",17-05-2024,pm25
6,37,1103,88101,1,34.06659,-118.22688,WGS84,PM2.5 - Local Conditions,24 HOUR,PM25 24-hour 2012,07-09-2021,Micrograms/cubic meter (LC),,1,100,15.7,15.7,0,63.0,145,R & P Model 2025 PM-2.5 Sequential Air Sampler w/VSCC - Gravimetric,Los Angeles-North Main Street,"1630 N MAIN ST, LOS ANGELES",California,Los Angeles,Los Angeles,"Los Angeles-Long Beach-Anaheim, CA",17-05-2024,pm25
6,37,1103,88101,1,34.06659,-118.22688,WGS84,PM2.5 - Local Conditions,24 HOUR,PM25 24-hour 2012,08-09-2021,Micrograms/cubic meter (LC),,1,100,14.7,14.7,0,61.0,145,R & P Model 2025 PM-2.5 Sequential Air Sampler w/VSCC - Gravimetric,Los Angeles-North Main Street,"1630 N MAIN ST, LOS ANGELES",California,Los Angeles,Los Angeles,"Los Angeles-Long Beach-Anaheim, CA",17-05-2024,pm25
6,37,1103,88101,1,34.06659,-118.22688,WGS84,PM2.5 - Local Conditions,24 HOUR,PM25 24-hour 2012,09-09-2021,Micrograms/cubic meter (LC),,1,100,10.3,10.3,0,53.0,145,R & P Model 2025 PM-2.5 Sequential Air Sampler w/VSCC - Gravimetric,Los Angeles-North Main Street,"1630 N MAIN ST, LOS ANGELES",California,Los Angeles,Los Angeles,"Los Angeles-Long Beach-Anaheim, CA",17-05-2024,pm25
6,37,1103,88101,1,34.06659,-118.22688,WGS84,PM2.5 - Local Conditions,24 HOUR,PM25 24-hour 2012,10-09-2021,Micrograms/cubic meter (LC),,1,100,9.4,9.4,0,52.0,145,R & P Model 2025 PM-2.5 Sequential Air Sampler w/VSCC - Gravimetric,Los Angeles-North Main Street,"1630 N MAIN ST, LOS ANGELES",California,Los Angeles,Los Angeles,"Los Angeles-Long Beach-Anaheim, CA",17-05-2024,pm25
6,37,1103,88101,1,34.06659,-118.22688,WGS84,PM2.5 - Local Conditions,24 HOUR,PM25 24-hour 2012,11-09-2021,Micrograms/cubic meter (LC),,1,100,11.8,11.8,0,56.0,145,R & P Model 2025 PM-2.5 Sequential Air Sampler w/VSCC - Gravimetric,Los Angeles-North Main Street,"1630 N MAIN ST, LOS ANGELES",California,Los Angeles,Los Angeles,"Los Angeles-Long Beach-Anaheim, CA",17-05-2024,pm25
6,37,1103,88101,1,34.06659,-118.22688,WGS84,PM2.5 - Local Conditions,24 HOUR,PM25 24-hour 2012,12-09-2021,Micrograms/cubic meter (LC),,1,100,14.2,14.2,0,61.0,145,R & P Model 2025 PM-2.5 Sequential Air Sampler w/VSCC - Gravimetric,Los Angeles-North Main Street,"1630 N MAIN ST, LOS ANGELES",California,Los Angeles,Los Angeles,"Los Angeles-Long Beach-Anaheim, CA",17-05-2024,pm25
6,37,1103,88101,1,34.06659,-118.22688,WGS84,PM2.5 - Local Conditions,24 HOUR,PM25 24-hour 2012,13-09-2021,Micrograms/cubic meter (LC),,1,100,12.5,12.5,0,57.0,145,R & P Model 2025 PM-2.5 Sequential Air Sampler w/VSCC - Gravimetric,Los Angeles-North Main Street,"1630 N MAIN ST, LOS ANGELES",California,Los Angeles,Los Angeles,"Los Angeles-Long Beach-Anaheim, CA",17-05-2024,pm25
6,37,1103,88101,1,34.06659,-118.22688,WGS84,PM2.5 - Local Conditions,24 HOUR,PM25 24-hour 2012,14-09-2021,Micrograms/cubic meter (LC),,1,100,14.7,14.7,0,61.0,145,R & P Model 2025 PM-2.5 Sequential Air Sampler w/VSCC - Gravimetric,Los Angeles-North Main Street,"1630 N MAIN ST, LOS ANGELES",California,Los Angeles,Los Angeles,"Los Angeles-Long Beach-Anaheim, CA",17-05-2024,pm25
6,37,1103,88101,1,34.06659,-118.22688,WGS84,PM2.5 - Local Conditions,24 HOUR,PM25 24-hour 2012,15-09-2021,Micrograms/cubic meter (LC),,1,100,15.7,15.7,0,63.0,145,R & P Model 2025 PM-2.5 Sequential Air Sampler w/VSCC - Gravimetric,Los Angeles-North Main Street,"1630 N MAIN ST, LOS ANGELES",California,Los Angeles,Los Angeles,"Los Angeles-Long Beach-Anaheim, CA",17-05-2024,pm25
6,37,1103,88101,1,34.06659,-118.22688,WGS84,PM2.5 - Local Conditions,24 HOUR,PM25 24-hour 2012,16-09-2021,Micrograms/cubic meter (LC),,1,100,14.6,14.6,0,61.0,145,R & P Model 2025 PM-2.5 Sequential Air Sampler w/VSCC - Gravimetric,Los Angeles-North Main Street,"1630 N MAIN ST, LOS ANGELES",California,Los Angeles,Los Angeles,"Los Angeles-Long Beach-Anaheim, CA",17-05-2024,pm25
6,37,1103,88101,1,34.06659,-118.22688,WGS84,PM2.5 - Local Conditions,24 HOUR,PM25 24-hour 2012,17-09-2021,Micrograms/cubic meter (LC),,1,100,10.7,10.7,0,54.0,145,R & P Model 2025 PM-2.5 Sequential Air Sampler w/VSCC - Gravimetric,Los Angeles-North Main Street,"1630 N MAIN ST, LOS ANGELES",California,Los Angeles,Los Angeles,"Los Angeles-Long Beach-Anaheim, CA",17-05-2024,pm25
6,37,1103,88101,1,34.06659,-118.22688,WGS84,PM2.5 - Local Conditions,24 HOUR,PM25 24-hour 2012,18-09-2021,Micrograms/cubic meter (LC),,1,100,9.2,9.2,0,51.0,145,R & P Model 2025 PM-2.5 Sequential Air Sampler w/VSCC - Gravimetric,Los Angeles-North Main Street,"1630 N MAIN ST, LOS ANGELES",California,Los Angeles,Los Angeles,"Los Angeles-Long Beach-Anaheim, CA",17-05-2024,pm25
6,37,1103,88101,1,34.06659,-118.22688,WGS84,PM2.5 - Local Conditions,24 HOUR,PM25 24-hour 2012,19-09-2021,Micrograms/cubic meter (LC),,1,100,12.6,12.6,0,58.0,145,R & P Model 2025 PM-2.5 Sequential Air Sampler w/VSCC - Gravimetric,Los Angeles-North Main Street,"1630 N MAIN ST, LOS ANGELES",California,Los Angeles,Los Angeles,"Los Angeles-Long Beach-Anaheim, CA",17-05-2024,pm25
6,37,1103,88101,1,34.06659,-118.22688,WGS84,PM2.5 - Local Conditions,24 HOUR,PM25 24-hour 2012,20-09-2021,Micrograms/cubic meter (LC),,1,100,13.1,13.1,0,58.0,145,R & P Model 2025 PM-2.5 Sequential Air Sampler w/VSCC - Gravimetric,Los Angeles-North Main Street,"1630 N MAIN ST, LOS ANGELES",California,Los Angeles,Los Angeles,"Los Angeles-Long Beach-Anaheim, CA",17-05-2024,pm25
6,37,1103,88101,1,34.06659,-118.22688,WGS84,PM2.5 - Local Conditions,24 HOUR,PM25 24-hour 2012,21-09-2021,Micrograms/cubic meter (LC),,1,100,13.7,13.7,0,60.0,145,R & P Model 2025 PM-2.5 Sequential Air Sampler w/VSCC - Gravimetric,Los Angeles-North Main Street,"1630 N MAIN ST, LOS ANGELES",California,Los Angeles,Los Angeles,"Los Angeles-Long Beach-Anaheim, CA",17-05-2024,pm25
6,37,1103,88101,1,34.06659,-118.22688,WGS84,PM2.5 - Local Conditions,24 HOUR,PM25 24-hour 2012,22-09-2021,Micrograms/cubic meter (LC),,1,100,10.8,10.8,0,54.0,145,R & P Model 2025 PM-2.5 Sequential Air Sampler w/VSCC - Gravimetric,Los Angeles-North Main Street,"1630 N MAIN ST, LOS ANGELES",California,Los Angeles,Los Angeles,"Los Angeles-Long Beach-Anaheim, CA",17-05-2024,pm25
6,37,1103,88101,1,34.06659,-118.22688,WGS84,PM2.5 - Local Conditions,24 HOUR,PM25 24-hour 2012,23-09-2021,Micrograms/cubic meter (LC),,1,100,12.9,12.9,0,58.0,145,R & P Model 2025 PM-2.5 Sequential Air Sampler w/VSCC - Gravimetric,Los Angeles-North Main Street,"1630 N MAIN ST, LOS ANGELES",California,Los Angeles,Los Angeles,"Los Angeles-Long Beach-Anaheim, CA",17-05-2024,pm25
6,37,1103,88101,1,34.06659,-118.22688,WGS84,PM2.5 - Local Conditions,24 HOUR,PM25 24-hour 2012,25-09-2021,Micrograms/cubic meter (LC),,1,100,10.5,10.5,0,54.0,145,R & P Model 2025 PM-2.5 Sequential Air Sampler w/VSCC - Gravimetric,Los Angeles-North Main Street,"1630 N MAIN ST, LOS ANGELES",California,Los Angeles,Los Angeles,"Los Angeles-Long Beach-Anaheim, CA",17-05-2024,pm25
6,37,1103,88101,1,34.06659,-118.22688,WGS84,PM2.5 - Local Conditions,24 HOUR,PM25 24-hour 2012,26-09-2021,Micrograms/cubic meter (LC),,1,100,11.7,11.7,0,56.0,145,R & P Model 2025 PM-2.5 Sequential Air Sampler w/VSCC - Gravimetric,Los Angeles-North Main Street,"1630 N MAIN ST, LOS ANGELES",California,Los Angeles,Los Angeles,"Los Angeles-Long Beach-Anaheim, CA",17-05-2024,pm25
6,37,1103,88101,1,34.06659,-118.22688,WGS84,PM2.5 - Local Conditions,24 HOUR,PM25 24-hour 2012,27-09-2021,Micrograms/cubic meter (LC),,1,100,9.9,9.9,0,52.0,145,R & P Model 2025 PM-2.5 Sequential Air Sampler w/VSCC - Gravimetric,Los Angeles-North Main Street,"1630 N MAIN ST, LOS ANGELES",California,Los Angeles,Los Angeles,"Los Angeles-Long Beach-Anaheim, CA",17-05-2024,pm25
6,37,1103,88101,1,34.06659,-118.22688,WGS84,PM2.5 - Local Conditions,24 HOUR,PM25 24-hour 2012,28-09-2021,Micrograms/cubic meter (LC),,1,100,7.2,7.2,0,40.0,145,R & P Model 2025 PM-2.5 Sequential Air Sampler w/VSCC - Gravimetric,Los Angeles-North Main Street,"1630 N MAIN ST, LOS ANGELES",California,Los Angeles,Los Angeles,"Los Angeles-Long Beach-Anaheim, CA",17-05-2024,pm25
6,37,1103,88101,1,34.06659,-118.22688,WGS84,PM2.5 - Local Conditions,24 HOUR,PM25 24-hour 2012,29-09-2021,Micrograms/cubic meter (LC),,1,100,9.7,9.7,0,52.0,145,R & P Model 2025 PM-2.5 Sequential Air Sampler w/VSCC - Gravimetric,Los Angeles-North Main Street,"1630 N MAIN ST, LOS ANGELES",California,Los Angeles,Los Angeles,"Los Angeles-Long Beach-Anaheim, CA",17-05-2024,pm25
6,37,1103,88101,1,34.06659,-118.22688,WGS84,PM2.5 - Local Conditions,24 HOUR,PM25 24-hour 2012,30-09-2021,Micrograms/cubic meter (LC),,1,100,12.2,12.2,0,57.0,145,R & P Model 2025 PM-2.5 Sequential Air Sampler w/VSCC - Gravimetric,Los Angeles-North Main Street,"1630 N MAIN ST, LOS ANGELES",California,Los Angeles,Los Angeles,"Los Angeles-Long Beach-Anaheim, CA",17-05-2024,pm25
6,37,1103,88101,1,34.06659,-118.22688,WGS84,PM2.5 - Local Conditions,24 HOUR,PM25 24-hour 2012,01-10-2021,Micrograms/cubic meter (LC),,1,100,11.2,11.2,0,55.0,145,R & P Model 2025 PM-2.5 Sequential Air Sampler w/VSCC - Gravimetric,Los Angeles-North Main Street,"1630 N MAIN ST, LOS ANGELES",California,Los Angeles,Los Angeles,"Los Angeles-Long Beach-Anaheim, CA",17-05-2024,pm25
6,37,1103,88101,1,34.06659,-118.22688,WGS84,PM2.5 - Local Conditions,24 HOUR,PM25 24-hour 2012,02-10-2021,Micrograms/cubic meter (LC),,1,100,11.5,11.5,0,55.0,145,R & P Model 2025 PM-2.5 Sequential Air Sampler w/VSCC - Gravimetric,Los Angeles-North Main Street,"1630 N MAIN ST, LOS ANGELES",California,Los Angeles,Los Angeles,"Los Angeles-Long Beach-Anaheim, CA",17-05-2024,pm25
6,37,1103,88101,1,34.06659,-118.22688,WGS84,PM2.5 - Local Conditions,24 HOUR,PM25 24-hour 2012,03-10-2021,Micrograms/cubic meter (LC),,1,100,12.0,12.0,0,56.0,145,R & P Model 2025 PM-2.5 Sequential Air Sampler w/VSCC - Gravimetric,Los Angeles-North Main Street,"1630 N MAIN ST, LOS ANGELES",California,Los Angeles,Los Angeles,"Los Angeles-Long Beach-Anaheim, CA",17-05-2024,pm25
6,37,1103,88101,1,34.06659,-118.22688,WGS84,PM2.5 - Local Conditions,24 HOUR,PM25 24-hour 2012,04-10-2021,Micrograms/cubic meter (LC),,1,100,11.0,11.0,0,55.0,145,R & P Model 2025 PM-2.5 Sequential Air Sampler w/VSCC - Gravimetric,Los Angeles-North Main Street,"1630 N MAIN ST, LOS ANGELES",California,Los Angeles,Los Angeles,"Los Angeles-Long Beach-Anaheim, CA",17-05-2024,pm25
6,37,1103,88101,1,34.06659,-118.22688,WGS84,PM2.5 - Local Conditions,24 HOUR,PM25 24-hour 2012,05-10-2021,Micrograms/cubic meter (LC),,1,100,7.7,7.7,0,43.0,145,R & P Model 2025 PM-2.5 Sequential Air Sampler w/VSCC - Gravimetric,Los Angeles-North Main Street,"1630 N MAIN ST, LOS ANGELES",California,Los Angeles,Los Angeles,"Los Angeles-Long Beach-Anaheim, CA",17-05-2024,pm25
6,37,1103,88101,1,34.06659,-118.22688,WGS84,PM2.5 - Local Conditions,24 HOUR,PM25 24-hour 2012,06-10-2021,Micrograms/cubic meter (LC),,1,100,12.0,12.0,0,56.0,145,R & P Model 2025 PM-2.5 Sequential Air Sampler w/VSCC - Gravimetric,Los Angeles-North Main Street,"1630 N MAIN ST, LOS ANGELES",California,Los Angeles,Los Angeles,"Los Angeles-Long Beach-Anaheim, CA",17-05-2024,pm25
6,37,1103,88101,1,34.06659,-118.22688,WGS84,PM2.5 - Local Conditions,24 HOUR,PM25 24-hour 2012,07-10-2021,Micrograms/cubic meter (LC),,1,100,9.7,9.7,0,52.0,145,R & P Model 2025 PM-2.5 Sequential Air Sampler w/VSCC - Gravimetric,Los Angeles-North Main Street,"1630 N MAIN ST, LOS ANGELES",California,Los Angeles,Los Angeles,"Los Angeles-Long Beach-Anaheim, CA",17-05-2024,pm25
6,37,1103,88101,1,34.06659,-118.22688,WGS84,PM2.5 - Local Conditions,24 HOUR,PM25 24-hour 2012,08-10-2021,Micrograms/cubic meter (LC),,1,100,4.6,4.6,0,26.0,145,R & P Model 2025 PM-2.5 Sequential Air Sampler w/VSCC - Gravimetric,Los Angeles-North Main Street,"1630 N MAIN ST, LOS ANGELES",California,Los Angeles,Los Angeles,"Los Angeles-Long Beach-Anaheim, CA",17-05-2024,pm25
6,37,1103,88101,1,34.06659,-118.22688,WGS84,PM2.5 - Local Conditions,24 HOUR,PM25 24-hour 2012,09-10-2021,Micrograms/cubic meter (LC),,1,100,8.0,8.0,0,44.0,145,R & P Model 2025 PM-2.5 Sequential Air Sampler w/VSCC - Gravimetric,Los Angeles-North Main Street,"1630 N MAIN ST, LOS ANGELES",California,Los Angeles,Los Angeles,"Los Angeles-Long Beach-Anaheim, CA",17-05-2024,pm25
6,37,1103,88101,1,34.06659,-118.22688,WGS84,PM2.5 - Local Conditions,24 HOUR,PM25 24-hour 2012,10-10-2021,Micrograms/cubic meter (LC),,1,100,11.9,11.9,0,56.0,145,R & P Model 2025 PM-2.5 Sequential Air Sampler w/VSCC - Gravimetric,Los Angeles-North Main Street,"1630 N MAIN ST, LOS ANGELES",California,Los Angeles,Los Angeles,"Los Angeles-Long Beach-Anaheim, CA",17-05-2024,pm25
6,37,1103,88101,1,34.06659,-118.22688,WGS84,PM2.5 - Local Conditions,24 HOUR,PM25 24-hour 2012,11-10-2021,Micrograms/cubic meter (LC),,1,100,14.8,14.8,0,62.0,145,R & P Model 2025 PM-2.5 Sequential Air Sampler w/VSCC - Gravimetric,Los Angeles-North Main Street,"1630 N MAIN ST, LOS ANGELES",California,Los Angeles,Los Angeles,"Los Angeles-Long Beach-Anaheim, CA",17-05-2024,pm25
6,37,1103,88101,1,34.06659,-118.22688,WGS84,PM2.5 - Local Conditions,24 HOUR,PM25 24-hour 2012,12-10-2021,Micrograms/cubic meter (LC),,1,100,7.7,7.7,0,43.0,145,R & P Model 2025 PM-2.5 Sequential Air Sampler w/VSCC - Gravimetric,Los Angeles-North Main Street,"1630 N MAIN ST, LOS ANGELES",California,Los Angeles,Los Angeles,"Los Angeles-Long Beach-Anaheim, CA",17-05-2024,pm25
6,37,1103,88101,1,34.06659,-118.22688,WGS84,PM2.5 - Local Conditions,24 HOUR,PM25 24-hour 2012,13-10-2021,Micrograms/cubic meter (LC),,1,100,11.3,11.3,0,55.0,145,R & P Model 2025 PM-2.5 Sequential Air Sampler w/VSCC - Gravimetric,Los Angeles-North Main Street,"1630 N MAIN ST, LOS ANGELES",California,Los Angeles,Los Angeles,"Los Angeles-Long Beach-Anaheim, CA",17-05-2024,pm25
6,37,1103,88101,1,34.06659,-118.22688,WGS84,PM2.5 - Local Conditions,24 HOUR,PM25 24-hour 2012,14-10-2021,Micrograms/cubic meter (LC),,1,100,13.6,13.6,0,59.0,145,R & P Model 2025 PM-2.5 Sequential Air Sampler w/VSCC - Gravimetric,Los Angeles-North Main Street,"1630 N MAIN ST, LOS ANGELES",California,Los Angeles,Los Angeles,"Los Angeles-Long Beach-Anaheim, CA",17-05-2024,pm25
6,37,1103,88101,1,34.06659,-118.22688,WGS84,PM2.5 - Local Conditions,24 HOUR,PM25 24-hour 2012,15-10-2021,Micrograms/cubic meter (LC),,1,100,9.7,9.7,0,52.0,145,R & P Model 2025 PM-2.5 Sequential Air Sampler w/VSCC - Gravimetric,Los Angeles-North Main Street,"1630 N MAIN ST, LOS ANGELES",California,Los Angeles,Los Angeles,"Los Angeles-Long Beach-Anaheim, CA",17-05-2024,pm25
6,37,1103,88101,1,34.06659,-118.22688,WGS84,PM2.5 - Local Conditions,24 HOUR,PM25 24-hour 2012,16-10-2021,Micrograms/cubic meter (LC),,1,100,8.8,8.8,0,49.0,145,R & P Model 2025 PM-2.5 Sequential Air Sampler w/VSCC - Gravimetric,Los Angeles-North Main Street,"1630 N MAIN ST, LOS ANGELES",California,Los Angeles,Los Angeles,"Los Angeles-Long Beach-Anaheim, CA",17-05-2024,pm25
6,37,1103,88101,1,34.06659,-118.22688,WGS84,PM2.5 - Local Conditions,24 HOUR,PM25 24-hour 2012,17-10-2021,Micrograms/cubic meter (LC),,1,100,10.2,10.2,0,53.0,145,R & P Model 2025 PM-2.5 Sequential Air Sampler w/VSCC - Gravimetric,Los Angeles-North Main Street,"1630 N MAIN ST, LOS ANGELES",California,Los Angeles,Los Angeles,"Los Angeles-Long Beach-Anaheim, CA",17-05-2024,pm25
6,37,1103,88101,1,34.06659,-118.22688,WGS84,PM2.5 - Local Conditions,24 HOUR,PM25 24-hour 2012,18-10-2021,Micrograms/cubic meter (LC),,1,100,5.7,5.7,0,32.0,145,R & P Model 2025 PM-2.5 Sequential Air Sampler w/VSCC - Gravimetric,Los Angeles-North Main Street,"1630 N MAIN ST, LOS ANGELES",California,Los Angeles,Los Angeles,"Los Angeles-Long Beach-Anaheim, CA",17-05-2024,pm25
6,37,1103,88101,1,34.06659,-118.22688,WGS84,PM2.5 - Local Conditions,24 HOUR,PM25 24-hour 2012,19-10-2021,Micrograms/cubic meter (LC),,1,100,8.3,8.3,0,46.0,145,R & P Model 2025 PM-2.5 Sequential Air Sampler w/VSCC - Gravimetric,Los Angeles-North Main Street,"1630 N MAIN ST, LOS ANGELES",California,Los Angeles,Los Angeles,"Los Angeles-Long Beach-Anaheim, CA",17-05-2024,pm25
6,37,1103,88101,1,34.06659,-118.22688,WGS84,PM2.5 - Local Conditions,24 HOUR,PM25 24-hour 2012,20-10-2021,Micrograms/cubic meter (LC),,1,100,8.8,8.8,0,49.0,145,R & P Model 2025 PM-2.5 Sequential Air Sampler w/VSCC - Gravimetric,Los Angeles-North Main Street,"1630 N MAIN ST, LOS ANGELES",California,Los Angeles,Los Angeles,"Los Angeles-Long Beach-Anaheim, CA",17-05-2024,pm25
6,37,1103,88101,1,34.06659,-118.22688,WGS84,PM2.5 - Local Conditions,24 HOUR,PM25 24-hour 2012,21-10-2021,Micrograms/cubic meter (LC),,1,100,10.4,10.4,0,53.0,145,R & P Model 2025 PM-2.5 Sequential Air Sampler w/VSCC - Gravimetric,Los Angeles-North Main Street,"1630 N MAIN ST, LOS ANGELES",California,Los Angeles,Los Angeles,"Los Angeles-Long Beach-Anaheim, CA",17-05-2024,pm25
6,37,1103,88101,1,34.06659,-118.22688,WGS84,PM2.5 - Local Conditions,24 HOUR,PM25 24-hour 2012,22-10-2021,Micrograms/cubic meter (LC),,1,100,14.6,14.6,0,61.0,145,R & P Model 2025 PM-2.5 Sequential Air Sampler w/VSCC - Gravimetric,Los Angeles-North Main Street,"1630 N MAIN ST, LOS ANGELES",California,Los Angeles,Los Angeles,"Los Angeles-Long Beach-Anaheim, CA",17-05-2024,pm25
6,37,1103,88101,1,34.06659,-118.22688,WGS84,PM2.5 - Local Conditions,24 HOUR,PM25 24-hour 2012,23-10-2021,Micrograms/cubic meter (LC),,1,100,7.9,7.9,0,44.0,145,R & P Model 2025 PM-2.5 Sequential Air Sampler w/VSCC - Gravimetric,Los Angeles-North Main Street,"1630 N MAIN ST, LOS ANGELES",California,Los Angeles,Los Angeles,"Los Angeles-Long Beach-Anaheim, CA",17-05-2024,pm25
6,37,1103,88101,1,34.06659,-118.22688,WGS84,PM2.5 - Local Conditions,24 HOUR,PM25 24-hour 2012,24-10-2021,Micrograms/cubic meter (LC),,1,100,7.0,7.0,0,39.0,145,R & P Model 2025 PM-2.5 Sequential Air Sampler w/VSCC - Gravimetric,Los Angeles-North Main Street,"1630 N MAIN ST, LOS ANGELES",California,Los Angeles,Los Angeles,"Los Angeles-Long Beach-Anaheim, CA",17-05-2024,pm25
6,37,1103,88101,1,34.06659,-118.22688,WGS84,PM2.5 - Local Conditions,24 HOUR,PM25 24-hour 2012,25-10-2021,Micrograms/cubic meter (LC),,1,100,5.9,5.9,0,33.0,145,R & P Model 2025 PM-2.5 Sequential Air Sampler w/VSCC - Gravimetric,Los Angeles-North Main Street,"1630 N MAIN ST, LOS ANGELES",California,Los Angeles,Los Angeles,"Los Angeles-Long Beach-Anaheim, CA",17-05-2024,pm25
6,37,1103,88101,1,34.06659,-118.22688,WGS84,PM2.5 - Local Conditions,24 HOUR,PM25 24-hour 2012,26-10-2021,Micrograms/cubic meter (LC),,1,100,7.4,7.4,0,41.0,145,R & P Model 2025 PM-2.5 Sequential Air Sampler w/VSCC - Gravimetric,Los Angeles-North Main Street,"1630 N MAIN ST, LOS ANGELES",California,Los Angeles,Los Angeles,"Los Angeles-Long Beach-Anaheim, CA",17-05-2024,pm25
6,37,1103,88101,1,34.06659,-118.22688,WGS84,PM2.5 - Local Conditions,24 HOUR,PM25 24-hour 2012,27-10-2021,Micrograms/cubic meter (LC),,1,100,8.0,8.0,0,44.0,145,R & P Model 2025 PM-2.5 Sequential Air Sampler w/VSCC - Gravimetric,Los Angeles-North Main Street,"1630 N MAIN ST, LOS ANGELES",California,Los Angeles,Los Angeles,"Los Angeles-Long Beach-Anaheim, CA",17-05-2024,pm25
6,37,1103,88101,1,34.06659,-118.22688,WGS84,PM2.5 - Local Conditions,24 HOUR,PM25 24-hour 2012,28-10-2021,Micrograms/cubic meter (LC),,1,100,7.9,7.9,0,44.0,145,R & P Model 2025 PM-2.5 Sequential Air Sampler w/VSCC - Gravimetric,Los Angeles-North Main Street,"1630 N MAIN ST, LOS ANGELES",California,Los Angeles,Los Angeles,"Los Angeles-Long Beach-Anaheim, CA",17-05-2024,pm25
6,37,1103,88101,1,34.06659,-118.22688,WGS84,PM2.5 - Local Conditions,24 HOUR,PM25 24-hour 2012,29-10-2021,Micrograms/cubic meter (LC),,1,100,11.7,11.7,0,56.0,145,R & P Model 2025 PM-2.5 Sequential Air Sampler w/VSCC - Gravimetric,Los Angeles-North Main Street,"1630 N MAIN ST, LOS ANGELES",California,Los Angeles,Los Angeles,"Los Angeles-Long Beach-Anaheim, CA",17-05-2024,pm25
6,37,1103,88101,1,34.06659,-118.22688,WGS84,PM2.5 - Local Conditions,24 HOUR,PM25 24-hour 2012,30-10-2021,Micrograms/cubic meter (LC),,1,100,23.2,23.2,0,77.0,145,R & P Model 2025 PM-2.5 Sequential Air Sampler w/VSCC - Gravimetric,Los Angeles-North Main Street,"1630 N MAIN ST, LOS ANGELES",California,Los Angeles,Los Angeles,"Los Angeles-Long Beach-Anaheim, CA",17-05-2024,pm25
6,37,1103,88101,1,34.06659,-118.22688,WGS84,PM2.5 - Local Conditions,24 HOUR,PM25 24-hour 2012,31-10-2021,Micrograms/cubic meter (LC),,1,100,19.4,19.4,0,70.0,145,R & P Model 2025 PM-2.5 Sequential Air Sampler w/VSCC - Gravimetric,Los Angeles-North Main Street,"1630 N MAIN ST, LOS ANGELES",California,Los Angeles,Los Angeles,"Los Angeles-Long Beach-Anaheim, CA",17-05-2024,pm25
6,37,1103,88101,1,34.06659,-118.22688,WGS84,PM2.5 - Local Conditions,24 HOUR,PM25 24-hour 2012,01-11-2021,Micrograms/cubic meter (LC),,1,100,22.9,22.9,0,77.0,145,R & P Model 2025 PM-2.5 Sequential Air Sampler w/VSCC - Gravimetric,Los Angeles-North Main Street,"1630 N MAIN ST, LOS ANGELES",California,Los Angeles,Los Angeles,"Los Angeles-Long Beach-Anaheim, CA",17-05-2024,pm25
6,37,1103,88101,1,34.06659,-118.22688,WGS84,PM2.5 - Local Conditions,24 HOUR,PM25 24-hour 2012,02-11-2021,Micrograms/cubic meter (LC),,1,100,19.9,19.9,0,71.0,145,R & P Model 2025 PM-2.5 Sequential Air Sampler w/VSCC - Gravimetric,Los Angeles-North Main Street,"1630 N MAIN ST, LOS ANGELES",California,Los Angeles,Los Angeles,"Los Angeles-Long Beach-Anaheim, CA",17-05-2024,pm25
6,37,1103,88101,1,34.06659,-118.22688,WGS84,PM2.5 - Local Conditions,24 HOUR,PM25 24-hour 2012,03-11-2021,Micrograms/cubic meter (LC),,1,100,24.3,24.3,0,79.0,145,R & P Model 2025 PM-2.5 Sequential Air Sampler w/VSCC - Gravimetric,Los Angeles-North Main Street,"1630 N MAIN ST, LOS ANGELES",California,Los Angeles,Los Angeles,"Los Angeles-Long Beach-Anaheim, CA",17-05-2024,pm25
6,37,1103,88101,1,34.06659,-118.22688,WGS84,PM2.5 - Local Conditions,24 HOUR,PM25 24-hour 2012,04-11-2021,Micrograms/cubic meter (LC),,1,100,33.3,33.3,0,96.0,145,R & P Model 2025 PM-2.5 Sequential Air Sampler w/VSCC - Gravimetric,Los Angeles-North Main Street,"1630 N MAIN ST, LOS ANGELES",California,Los Angeles,Los Angeles,"Los Angeles-Long Beach-Anaheim, CA",17-05-2024,pm25
6,37,1103,88101,1,34.06659,-118.22688,WGS84,PM2.5 - Local Conditions,24 HOUR,PM25 24-hour 2012,05-11-2021,Micrograms/cubic meter (LC),,1,100,44.4,44.4,0,123.0,145,R & P Model 2025 PM-2.5 Sequential Air Sampler w/VSCC - Gravimetric,Los Angeles-North Main Street,"1630 N MAIN ST, LOS ANGELES",California,Los Angeles,Los Angeles,"Los Angeles-Long Beach-Anaheim, CA",17-05-2024,pm25
6,37,1103,88101,1,34.06659,-118.22688,WGS84,PM2.5 - Local Conditions,24 HOUR,PM25 24-hour 2012,06-11-2021,Micrograms/cubic meter (LC),,1,100,61.0,61.0,0,155.0,145,R & P Model 2025 PM-2.5 Sequential Air Sampler w/VSCC - Gravimetric,Los Angeles-North Main Street,"1630 N MAIN ST, LOS ANGELES",California,Los Angeles,Los Angeles,"Los Angeles-Long Beach-Anaheim, CA",17-05-2024,pm25
6,37,1103,88101,1,34.06659,-118.22688,WGS84,PM2.5 - Local Conditions,24 HOUR,PM25 24-hour 2012,07-11-2021,Micrograms/cubic meter (LC),,1,100,55.1,55.1,0,149.0,145,R & P Model 2025 PM-2.5 Sequential Air Sampler w/VSCC - Gravimetric,Los Angeles-North Main Street,"1630 N MAIN ST, LOS ANGELES",California,Los Angeles,Los Angeles,"Los Angeles-Long Beach-Anaheim, CA",17-05-2024,pm25
6,37,1103,88101,1,34.06659,-118.22688,WGS84,PM2.5 - Local Conditions,24 HOUR,PM25 24-hour 2012,08-11-2021,Micrograms/cubic meter (LC),,1,100,28.4,28.4,0,87.0,145,R & P Model 2025 PM-2.5 Sequential Air Sampler w/VSCC - Gravimetric,Los Angeles-North Main Street,"1630 N MAIN ST, LOS ANGELES",California,Los Angeles,Los Angeles,"Los Angeles-Long Beach-Anaheim, CA",17-05-2024,pm25
6,37,1103,88101,1,34.06659,-118.22688,WGS84,PM2.5 - Local Conditions,24 HOUR,PM25 24-hour 2012,09-11-2021,Micrograms/cubic meter (LC),,1,100,17.0,17.0,0,66.0,145,R & P Model 2025 PM-2.5 Sequential Air Sampler w/VSCC - Gravimetric,Los Angeles-North Main Street,"1630 N MAIN ST, LOS ANGELES",California,Los Angeles,Los Angeles,"Los Angeles-Long Beach-Anaheim, CA",17-05-2024,pm25
6,37,1103,88101,1,34.06659,-118.22688,WGS84,PM2.5 - Local Conditions,24 HOUR,PM25 24-hour 2012,10-11-2021,Micrograms/cubic meter (LC),,1,100,22.3,22.3,0,76.0,145,R & P Model 2025 PM-2.5 Sequential Air Sampler w/VSCC - Gravimetric,Los Angeles-North Main Street,"1630 N MAIN ST, LOS ANGELES",California,Los Angeles,Los Angeles,"Los Angeles-Long Beach-Anaheim, CA",17-05-2024,pm25
6,37,1103,88101,1,34.06659,-118.22688,WGS84,PM2.5 - Local Conditions,24 HOUR,PM25 24-hour 2012,11-11-2021,Micrograms/cubic meter (LC),,1,100,7.8,7.8,0,43.0,145,R & P Model 2025 PM-2.5 Sequential Air Sampler w/VSCC - Gravimetric,Los Angeles-North Main Street,"1630 N MAIN ST, LOS ANGELES",California,Los Angeles,Los Angeles,"Los Angeles-Long Beach-Anaheim, CA",17-05-2024,pm25
6,37,1103,88101,1,34.06659,-118.22688,WGS84,PM2.5 - Local Conditions,24 HOUR,PM25 24-hour 2012,12-11-2021,Micrograms/cubic meter (LC),,1,100,7.0,7.0,0,39.0,145,R & P Model 2025 PM-2.5 Sequential Air Sampler w/VSCC - Gravimetric,Los Angeles-North Main Street,"1630 N MAIN ST, LOS ANGELES",California,Los Angeles,Los Angeles,"Los Angeles-Long Beach-Anaheim, CA",17-05-2024,pm25
6,37,1103,88101,1,34.06659,-118.22688,WGS84,PM2.5 - Local Conditions,24 HOUR,PM25 24-hour 2012,13-11-2021,Micrograms/cubic meter (LC),,1,100,7.8,7.8,0,43.0,145,R & P Model 2025 PM-2.5 Sequential Air Sampler w/VSCC - Gravimetric,Los Angeles-North Main Street,"1630 N MAIN ST, LOS ANGELES",California,Los Angeles,Los Angeles,"Los Angeles-Long Beach-Anaheim, CA",17-05-2024,pm25
6,37,1103,88101,1,34.06659,-118.22688,WGS84,PM2.5 - Local Conditions,24 HOUR,PM25 24-hour 2012,14-11-2021,Micrograms/cubic meter (LC),,1,100,13.1,13.1,0,58.0,145,R & P Model 2025 PM-2.5 Sequential Air Sampler w/VSCC - Gravimetric,Los Angeles-North Main Street,"1630 N MAIN ST, LOS ANGELES",California,Los Angeles,Los Angeles,"Los Angeles-Long Beach-Anaheim, CA",17-05-2024,pm25
6,37,1103,88101,1,34.06659,-118.22688,WGS84,PM2.5 - Local Conditions,24 HOUR,PM25 24-hour 2012,15-11-2021,Micrograms/cubic meter (LC),,1,100,15.1,15.1,0,62.0,145,R & P Model 2025 PM-2.5 Sequential Air Sampler w/VSCC - Gravimetric,Los Angeles-North Main Street,"1630 N MAIN ST, LOS ANGELES",California,Los Angeles,Los Angeles,"Los Angeles-Long Beach-Anaheim, CA",17-05-2024,pm25
6,37,1103,88101,1,34.06659,-118.22688,WGS84,PM2.5 - Local Conditions,24 HOUR,PM25 24-hour 2012,16-11-2021,Micrograms/cubic meter (LC),,1,100,31.4,31.4,0,93.0,145,R & P Model 2025 PM-2.5 Sequential Air Sampler w/VSCC - Gravimetric,Los Angeles-North Main Street,"1630 N MAIN ST, LOS ANGELES",California,Los Angeles,Los Angeles,"Los Angeles-Long Beach-Anaheim, CA",17-05-2024,pm25
6,37,1103,88101,1,34.06659,-118.22688,WGS84,PM2.5 - Local Conditions,24 HOUR,PM25 24-hour 2012,17-11-2021,Micrograms/cubic meter (LC),,1,100,28.6,28.6,0,87.0,145,R & P Model 2025 PM-2.5 Sequential Air Sampler w/VSCC - Gravimetric,Los Angeles-North Main Street,"1630 N MAIN ST, LOS ANGELES",California,Los Angeles,Los Angeles,"Los Angeles-Long Beach-Anaheim, CA",17-05-2024,pm25
6,37,1103,88101,1,34.06659,-118.22688,WGS84,PM2.5 - Local Conditions,24 HOUR,PM25 24-hour 2012,18-11-2021,Micrograms/cubic meter (LC),,1,100,29.4,29.4,0,89.0,145,R & P Model 2025 PM-2.5 Sequential Air Sampler w/VSCC - Gravimetric,Los Angeles-North Main Street,"1630 N MAIN ST, LOS ANGELES",California,Los Angeles,Los Angeles,"Los Angeles-Long Beach-Anaheim, CA",17-05-2024,pm25
6,37,1103,88101,1,34.06659,-118.22688,WGS84,PM2.5 - Local Conditions,24 HOUR,PM25 24-hour 2012,19-11-2021,Micrograms/cubic meter (LC),,1,100,43.8,43.8,0,121.0,145,R & P Model 2025 PM-2.5 Sequential Air Sampler w/VSCC - Gravimetric,Los Angeles-North Main Street,"1630 N MAIN ST, LOS ANGELES",California,Los Angeles,Los Angeles,"Los Angeles-Long Beach-Anaheim, CA",17-05-2024,pm25
6,37,1103,88101,1,34.06659,-118.22688,WGS84,PM2.5 - Local Conditions,24 HOUR,PM25 24-hour 2012,20-11-2021,Micrograms/cubic meter (LC),,1,100,51.3,51.3,0,140.0,145,R & P Model 2025 PM-2.5 Sequential Air Sampler w/VSCC - Gravimetric,Los Angeles-North Main Street,"1630 N MAIN ST, LOS ANGELES",California,Los Angeles,Los Angeles,"Los Angeles-Long Beach-Anaheim, CA",17-05-2024,pm25
6,37,1103,88101,1,34.06659,-118.22688,WGS84,PM2.5 - Local Conditions,24 HOUR,PM25 24-hour 2012,21-11-2021,Micrograms/cubic meter (LC),,1,100,11.3,11.3,0,55.0,145,R & P Model 2025 PM-2.5 Sequential Air Sampler w/VSCC - Gravimetric,Los Angeles-North Main Street,"1630 N MAIN ST, LOS ANGELES",California,Los Angeles,Los Angeles,"Los Angeles-Long Beach-Anaheim, CA",17-05-2024,pm25
6,37,1103,88101,1,34.06659,-118.22688,WGS84,PM2.5 - Local Conditions,24 HOUR,PM25 24-hour 2012,22-11-2021,Micrograms/cubic meter (LC),,1,100,5.8,5.8,0,32.0,145,R & P Model 2025 PM-2.5 Sequential Air Sampler w/VSCC - Gravimetric,Los Angeles-North Main Street,"1630 N MAIN ST, LOS ANGELES",California,Los Angeles,Los Angeles,"Los Angeles-Long Beach-Anaheim, CA",17-05-2024,pm25
6,37,1103,88101,1,34.06659,-118.22688,WGS84,PM2.5 - Local Conditions,24 HOUR,PM25 24-hour 2012,23-11-2021,Micrograms/cubic meter (LC),,1,100,8.5,8.5,0,47.0,145,R & P Model 2025 PM-2.5 Sequential Air Sampler w/VSCC - Gravimetric,Los Angeles-North Main Street,"1630 N MAIN ST, LOS ANGELES",California,Los Angeles,Los Angeles,"Los Angeles-Long Beach-Anaheim, CA",17-05-2024,pm25
6,37,1103,88101,1,34.06659,-118.22688,WGS84,PM2.5 - Local Conditions,24 HOUR,PM25 24-hour 2012,24-11-2021,Micrograms/cubic meter (LC),,1,100,10.5,10.5,0,54.0,145,R & P Model 2025 PM-2.5 Sequential Air Sampler w/VSCC - Gravimetric,Los Angeles-North Main Street,"1630 N MAIN ST, LOS ANGELES",California,Los Angeles,Los Angeles,"Los Angeles-Long Beach-Anaheim, CA",17-05-2024,pm25
6,37,1103,88101,1,34.06659,-118.22688,WGS84,PM2.5 - Local Conditions,24 HOUR,PM25 24-hour 2012,25-11-2021,Micrograms/cubic meter (LC),,1,100,10.3,10.3,0,53.0,145,R & P Model 2025 PM-2.5 Sequential Air Sampler w/VSCC - Gravimetric,Los Angeles-North Main Street,"1630 N MAIN ST, LOS ANGELES",California,Los Angeles,Los Angeles,"Los Angeles-Long Beach-Anaheim, CA",17-05-2024,pm25
6,37,1103,88101,1,34.06659,-118.22688,WGS84,PM2.5 - Local Conditions,24 HOUR,PM25 24-hour 2012,26-11-2021,Micrograms/cubic meter (LC),,1,100,9.0,9.0,0,50.0,145,R & P Model 2025 PM-2.5 Sequential Air Sampler w/VSCC - Gravimetric,Los Angeles-North Main Street,"1630 N MAIN ST, LOS ANGELES",California,Los Angeles,Los Angeles,"Los Angeles-Long Beach-Anaheim, CA",17-05-2024,pm25
6,37,1103,88101,1,34.06659,-118.22688,WGS84,PM2.5 - Local Conditions,24 HOUR,PM25 24-hour 2012,27-11-2021,Micrograms/cubic meter (LC),,1,100,13.6,13.6,0,59.0,145,R & P Model 2025 PM-2.5 Sequential Air Sampler w/VSCC - Gravimetric,Los Angeles-North Main Street,"1630 N MAIN ST, LOS ANGELES",California,Los Angeles,Los Angeles,"Los Angeles-Long Beach-Anaheim, CA",17-05-2024,pm25
6,37,1103,88101,1,34.06659,-118.22688,WGS84,PM2.5 - Local Conditions,24 HOUR,PM25 24-hour 2012,28-11-2021,Micrograms/cubic meter (LC),,1,100,17.1,17.1,0,66.0,145,R & P Model 2025 PM-2.5 Sequential Air Sampler w/VSCC - Gravimetric,Los Angeles-North Main Street,"1630 N MAIN ST, LOS ANGELES",California,Los Angeles,Los Angeles,"Los Angeles-Long Beach-Anaheim, CA",17-05-2024,pm25
6,37,1103,88101,1,34.06659,-118.22688,WGS84,PM2.5 - Local Conditions,24 HOUR,PM25 24-hour 2012,29-11-2021,Micrograms/cubic meter (LC),,1,100,19.9,19.9,0,71.0,145,R & P Model 2025 PM-2.5 Sequential Air Sampler w/VSCC - Gravimetric,Los Angeles-North Main Street,"1630 N MAIN ST, LOS ANGELES",California,Los Angeles,Los Angeles,"Los Angeles-Long Beach-Anaheim, CA",17-05-2024,pm25
6,37,1103,88101,1,34.06659,-118.22688,WGS84,PM2.5 - Local Conditions,24 HOUR,PM25 24-hour 2012,30-11-2021,Micrograms/cubic meter (LC),,1,100,38.2,38.2,0,108.0,145,R & P Model 2025 PM-2.5 Sequential Air Sampler w/VSCC - Gravimetric,Los Angeles-North Main Street,"1630 N MAIN ST, LOS ANGELES",California,Los Angeles,Los Angeles,"Los Angeles-Long Beach-Anaheim, CA",17-05-2024,pm25
6,37,1103,88101,1,34.06659,-118.22688,WGS84,PM2.5 - Local Conditions,24 HOUR,PM25 24-hour 2012,01-12-2021,Micrograms/cubic meter (LC),,1,100,45.4,45.4,0,125.0,145,R & P Model 2025 PM-2.5 Sequential Air Sampler w/VSCC - Gravimetric,Los Angeles-North Main Street,"1630 N MAIN ST, LOS ANGELES",California,Los Angeles,Los Angeles,"Los Angeles-Long Beach-Anaheim, CA",17-05-2024,pm25
6,37,1103,88101,1,34.06659,-118.22688,WGS84,PM2.5 - Local Conditions,24 HOUR,PM25 24-hour 2012,02-12-2021,Micrograms/cubic meter (LC),,1,100,44.8,44.8,0,124.0,145,R & P Model 2025 PM-2.5 Sequential Air Sampler w/VSCC - Gravimetric,Los Angeles-North Main Street,"1630 N MAIN ST, LOS ANGELES",California,Los Angeles,Los Angeles,"Los Angeles-Long Beach-Anaheim, CA",17-05-2024,pm25
6,37,1103,88101,1,34.06659,-118.22688,WGS84,PM2.5 - Local Conditions,24 HOUR,PM25 24-hour 2012,03-12-2021,Micrograms/cubic meter (LC),,1,100,59.0,59.0,0,153.0,145,R & P Model 2025 PM-2.5 Sequential Air Sampler w/VSCC - Gravimetric,Los Angeles-North Main Street,"1630 N MAIN ST, LOS ANGELES",California,Los Angeles,Los Angeles,"Los Angeles-Long Beach-Anaheim, CA",17-05-2024,pm25
6,37,1103,88101,1,34.06659,-118.22688,WGS84,PM2.5 - Local Conditions,24 HOUR,PM25 24-hour 2012,04-12-2021,Micrograms/cubic meter (LC),,1,100,48.7,48.7,0,134.0,145,R & P Model 2025 PM-2.5 Sequential Air Sampler w/VSCC - Gravimetric,Los Angeles-North Main Street,"1630 N MAIN ST, LOS ANGELES",California,Los Angeles,Los Angeles,"Los Angeles-Long Beach-Anaheim, CA",17-05-2024,pm25
6,37,1103,88101,1,34.06659,-118.22688,WGS84,PM2.5 - Local Conditions,24 HOUR,PM25 24-hour 2012,05-12-2021,Micrograms/cubic meter (LC),,1,100,47.2,47.2,0,130.0,145,R & P Model 2025 PM-2.5 Sequential Air Sampler w/VSCC - Gravimetric,Los Angeles-North Main Street,"1630 N MAIN ST, LOS ANGELES",California,Los Angeles,Los Angeles,"Los Angeles-Long Beach-Anaheim, CA",17-05-2024,pm25
6,37,1103,88101,1,34.06659,-118.22688,WGS84,PM2.5 - Local Conditions,24 HOUR,PM25 24-hour 2012,06-12-2021,Micrograms/cubic meter (LC),,1,100,40.9,40.9,0,114.0,145,R & P Model 2025 PM-2.5 Sequential Air Sampler w/VSCC - Gravimetric,Los Angeles-North Main Street,"1630 N MAIN ST, LOS ANGELES",California,Los Angeles,Los Angeles,"Los Angeles-Long Beach-Anaheim, CA",17-05-2024,pm25
6,37,1103,88101,1,34.06659,-118.22688,WGS84,PM2.5 - Local Conditions,24 HOUR,PM25 24-hour 2012,07-12-2021,Micrograms/cubic meter (LC),,1,100,22.6,22.6,0,76.0,145,R & P Model 2025 PM-2.5 Sequential Air Sampler w/VSCC - Gravimetric,Los Angeles-North Main Street,"1630 N MAIN ST, LOS ANGELES",California,Los Angeles,Los Angeles,"Los Angeles-Long Beach-Anaheim, CA",17-05-2024,pm25
6,37,1103,88101,1,34.06659,-118.22688,WGS84,PM2.5 - Local Conditions,24 HOUR,PM25 24-hour 2012,08-12-2021,Micrograms/cubic meter (LC),,1,100,21.5,21.5,0,74.0,145,R & P Model 2025 PM-2.5 Sequential Air Sampler w/VSCC - Gravimetric,Los Angeles-North Main Street,"1630 N MAIN ST, LOS ANGELES",California,Los Angeles,Los Angeles,"Los Angeles-Long Beach-Anaheim, CA",17-05-2024,pm25
6,37,1103,88101,1,34.06659,-118.22688,WGS84,PM2.5 - Local Conditions,24 HOUR,PM25 24-hour 2012,09-12-2021,Micrograms/cubic meter (LC),,1,100,4.4,4.4,0,24.0,145,R & P Model 2025 PM-2.5 Sequential Air Sampler w/VSCC - Gravimetric,Los Angeles-North Main Street,"1630 N MAIN ST, LOS ANGELES",California,Los Angeles,Los Angeles,"Los Angeles-Long Beach-Anaheim, CA",17-05-2024,pm25
6,37,1103,88101,1,34.06659,-118.22688,WGS84,PM2.5 - Local Conditions,24 HOUR,PM25 24-hour 2012,10-12-2021,Micrograms/cubic meter (LC),,1,100,9.1,9.1,0,51.0,145,R & P Model 2025 PM-2.5 Sequential Air Sampler w/VSCC - Gravimetric,Los Angeles-North Main Street,"1630 N MAIN ST, LOS ANGELES",California,Los Angeles,Los Angeles,"Los Angeles-Long Beach-Anaheim, CA",17-05-2024,pm25
6,37,1103,88101,1,34.06659,-118.22688,WGS84,PM2.5 - Local Conditions,24 HOUR,PM25 24-hour 2012,11-12-2021,Micrograms/cubic meter (LC),,1,100,7.5,7.5,0,42.0,145,R & P Model 2025 PM-2.5 Sequential Air Sampler w/VSCC - Gravimetric,Los Angeles-North Main Street,"1630 N MAIN ST, LOS ANGELES",California,Los Angeles,Los Angeles,"Los Angeles-Long Beach-Anaheim, CA",17-05-2024,pm25
6,37,1103,88101,1,34.06659,-118.22688,WGS84,PM2.5 - Local Conditions,24 HOUR,PM25 24-hour 2012,12-12-2021,Micrograms/cubic meter (LC),,1,100,11.5,11.5,0,55.0,145,R & P Model 2025 PM-2.5 Sequential Air Sampler w/VSCC - Gravimetric,Los Angeles-North Main Street,"1630 N MAIN ST, LOS ANGELES",California,Los Angeles,Los Angeles,"Los Angeles-Long Beach-Anaheim, CA",17-05-2024,pm25
6,37,1103,88101,1,34.06659,-118.22688,WGS84,PM2.5 - Local Conditions,24 HOUR,PM25 24-hour 2012,13-12-2021,Micrograms/cubic meter (LC),,1,100,16.0,16.0,0,64.0,145,R & P Model 2025 PM-2.5 Sequential Air Sampler w/VSCC - Gravimetric,Los Angeles-North Main Street,"1630 N MAIN ST, LOS ANGELES",California,Los Angeles,Los Angeles,"Los Angeles-Long Beach-Anaheim, CA",17-05-2024,pm25
6,37,1103,88101,1,34.06659,-118.22688,WGS84,PM2.5 - Local Conditions,24 HOUR,PM25 24-hour 2012,14-12-2021,Micrograms/cubic meter (LC),,1,100,3.0,3.0,0,17.0,145,R & P Model 2025 PM-2.5 Sequential Air Sampler w/VSCC - Gravimetric,Los Angeles-North Main Street,"1630 N MAIN ST, LOS ANGELES",California,Los Angeles,Los Angeles,"Los Angeles-Long Beach-Anaheim, CA",17-05-2024,pm25
6,37,1103,88101,1,34.06659,-118.22688,WGS84,PM2.5 - Local Conditions,24 HOUR,PM25 24-hour 2012,15-12-2021,Micrograms/cubic meter (LC),,1,100,6.9,6.9,0,38.0,145,R & P Model 2025 PM-2.5 Sequential Air Sampler w/VSCC - Gravimetric,Los Angeles-North Main Street,"1630 N MAIN ST, LOS ANGELES",California,Los Angeles,Los Angeles,"Los Angeles-Long Beach-Anaheim, CA",17-05-2024,pm25
6,37,1103,88101,1,34.06659,-118.22688,WGS84,PM2.5 - Local Conditions,24 HOUR,PM25 24-hour 2012,16-12-2021,Micrograms/cubic meter (LC),,1,100,12.0,12.0,0,56.0,145,R & P Model 2025 PM-2.5 Sequential Air Sampler w/VSCC - Gravimetric,Los Angeles-North Main Street,"1630 N MAIN ST, LOS ANGELES",California,Los Angeles,Los Angeles,"Los Angeles-Long Beach-Anaheim, CA",17-05-2024,pm25
6,37,1103,88101,1,34.06659,-118.22688,WGS84,PM2.5 - Local Conditions,24 HOUR,PM25 24-hour 2012,17-12-2021,Micrograms/cubic meter (LC),,1,100,12.1,12.1,0,57.0,145,R & P Model 2025 PM-2.5 Sequential Air Sampler w/VSCC - Gravimetric,Los Angeles-North Main Street,"1630 N MAIN ST, LOS ANGELES",California,Los Angeles,Los Angeles,"Los Angeles-Long Beach-Anaheim, CA",17-05-2024,pm25
6,37,1103,88101,1,34.06659,-118.22688,WGS84,PM2.5 - Local Conditions,24 HOUR,PM25 24-hour 2012,18-12-2021,Micrograms/cubic meter (LC),,1,100,8.2,8.2,0,46.0,145,R & P Model 2025 PM-2.5 Sequential Air Sampler w/VSCC - Gravimetric,Los Angeles-North Main Street,"1630 N MAIN ST, LOS ANGELES",California,Los Angeles,Los Angeles,"Los Angeles-Long Beach-Anaheim, CA",17-05-2024,pm25
6,37,1103,88101,1,34.06659,-118.22688,WGS84,PM2.5 - Local Conditions,24 HOUR,PM25 24-hour 2012,19-12-2021,Micrograms/cubic meter (LC),,1,100,16.4,16.4,0,65.0,145,R & P Model 2025 PM-2.5 Sequential Air Sampler w/VSCC - Gravimetric,Los Angeles-North Main Street,"1630 N MAIN ST, LOS ANGELES",California,Los Angeles,Los Angeles,"Los Angeles-Long Beach-Anaheim, CA",17-05-2024,pm25
6,37,1103,88101,1,34.06659,-118.22688,WGS84,PM2.5 - Local Conditions,24 HOUR,PM25 24-hour 2012,20-12-2021,Micrograms/cubic meter (LC),,1,100,22.4,22.4,0,76.0,145,R & P Model 2025 PM-2.5 Sequential Air Sampler w/VSCC - Gravimetric,Los Angeles-North Main Street,"1630 N MAIN ST, LOS ANGELES",California,Los Angeles,Los Angeles,"Los Angeles-Long Beach-Anaheim, CA",17-05-2024,pm25
6,37,1103,88101,1,34.06659,-118.22688,WGS84,PM2.5 - Local Conditions,24 HOUR,PM25 24-hour 2012,21-12-2021,Micrograms/cubic meter (LC),,1,100,13.7,13.7,0,60.0,145,R & P Model 2025 PM-2.5 Sequential Air Sampler w/VSCC - Gravimetric,Los Angeles-North Main Street,"1630 N MAIN ST, LOS ANGELES",California,Los Angeles,Los Angeles,"Los Angeles-Long Beach-Anaheim, CA",17-05-2024,pm25
6,37,1103,88101,1,34.06659,-118.22688,WGS84,PM2.5 - Local Conditions,24 HOUR,PM25 24-hour 2012,22-12-2021,Micrograms/cubic meter (LC),,1,100,23.1,23.1,0,77.0,145,R & P Model 2025 PM-2.5 Sequential Air Sampler w/VSCC - Gravimetric,Los Angeles-North Main Street,"1630 N MAIN ST, LOS ANGELES",California,Los Angeles,Los Angeles,"Los Angeles-Long Beach-Anaheim, CA",17-05-2024,pm25
6,37,1103,88101,1,34.06659,-118.22688,WGS84,PM2.5 - Local Conditions,24 HOUR,PM25 24-hour 2012,23-12-2021,Micrograms/cubic meter (LC),,1,100,11.7,11.7,0,56.0,145,R & P Model 2025 PM-2.5 Sequential Air Sampler w/VSCC - Gravimetric,Los Angeles-North Main Street,"1630 N MAIN ST, LOS ANGELES",California,Los Angeles,Los Angeles,"Los Angeles-Long Beach-Anaheim, CA",17-05-2024,pm25
6,37,1103,88101,1,34.06659,-118.22688,WGS84,PM2.5 - Local Conditions,24 HOUR,PM25 24-hour 2012,24-12-2021,Micrograms/cubic meter (LC),,1,100,5.9,5.9,0,33.0,145,R & P Model 2025 PM-2.5 Sequential Air Sampler w/VSCC - Gravimetric,Los Angeles-North Main Street,"1630 N MAIN ST, LOS ANGELES",California,Los Angeles,Los Angeles,"Los Angeles-Long Beach-Anaheim, CA",17-05-2024,pm25
6,37,1103,88101,1,34.06659,-118.22688,WGS84,PM2.5 - Local Conditions,24 HOUR,PM25 24-hour 2012,25-12-2021,Micrograms/cubic meter (LC),,1,100,9.7,9.7,0,52.0,145,R & P Model 2025 PM-2.5 Sequential Air Sampler w/VSCC - Gravimetric,Los Angeles-North Main Street,"1630 N MAIN ST, LOS ANGELES",California,Los Angeles,Los Angeles,"Los Angeles-Long Beach-Anaheim, CA",17-05-2024,pm25
6,37,1103,88101,1,34.06659,-118.22688,WGS84,PM2.5 - Local Conditions,24 HOUR,PM25 24-hour 2012,26-12-2021,Micrograms/cubic meter (LC),,1,100,5.3,5.3,0,29.0,145,R & P Model 2025 PM-2.5 Sequential Air Sampler w/VSCC - Gravimetric,Los Angeles-North Main Street,"1630 N MAIN ST, LOS ANGELES",California,Los Angeles,Los Angeles,"Los Angeles-Long Beach-Anaheim, CA",17-05-2024,pm25
6,37,1103,88101,1,34.06659,-118.22688,WGS84,PM2.5 - Local Conditions,24 HOUR,PM25 24-hour 2012,27-12-2021,Micrograms/cubic meter (LC),,1,100,8.5,8.5,0,47.0,145,R & P Model 2025 PM-2.5 Sequential Air Sampler w/VSCC - Gravimetric,Los Angeles-North Main Street,"1630 N MAIN ST, LOS ANGELES",California,Los Angeles,Los Angeles,"Los Angeles-Long Beach-Anaheim, CA",17-05-2024,pm25
6,37,1103,88101,1,34.06659,-118.22688,WGS84,PM2.5 - Local Conditions,24 HOUR,PM25 24-hour 2012,28-12-2021,Micrograms/cubic meter (LC),,1,100,7.3,7.3,0,41.0,145,R & P Model 2025 PM-2.5 Sequential Air Sampler w/VSCC - Gravimetric,Los Angeles-North Main Street,"1630 N MAIN ST, LOS ANGELES",California,Los Angeles,Los Angeles,"Los Angeles-Long Beach-Anaheim, CA",17-05-2024,pm25
6,37,1103,88101,1,34.06659,-118.22688,WGS84,PM2.5 - Local Conditions,24 HOUR,PM25 24-hour 2012,29-12-2021,Micrograms/cubic meter (LC),,1,100,6.2,6.2,0,34.0,145,R & P Model 2025 PM-2.5 Sequential Air Sampler w/VSCC - Gravimetric,Los Angeles-North Main Street,"1630 N MAIN ST, LOS ANGELES",California,Los Angeles,Los Angeles,"Los Angeles-Long Beach-Anaheim, CA",17-05-2024,pm25
6,37,1103,88101,1,34.06659,-118.22688,WGS84,PM2.5 - Local Conditions,24 HOUR,PM25 24-hour 2012,30-12-2021,Micrograms/cubic meter (LC),,1,100,3.3,3.3,0,18.0,145,R & P Model 2025 PM-2.5 Sequential Air Sampler w/VSCC - Gravimetric,Los Angeles-North Main Street,"1630 N MAIN ST, LOS ANGELES",California,Los Angeles,Los Angeles,"Los Angeles-Long Beach-Anaheim, CA",17-05-2024,pm25
6,37,1103,88101,1,34.06659,-118.22688,WGS84,PM2.5 - Local Conditions,24 HOUR,PM25 24-hour 2012,31-12-2021,Micrograms/cubic meter (LC),,1,100,9.5,9.5,0,52.0,145,R & P Model 2025 PM-2.5 Sequential Air Sampler w/VSCC - Gravimetric,Los Angeles-North Main Street,"1630 N MAIN ST, LOS ANGELES",California,Los Angeles,Los Angeles,"Los Angeles-Long Beach-Anaheim, CA",17-05-2024,pm25
6,37,1103,88101,2,34.06659,-118.22688,WGS84,PM2.5 - Local Conditions,24 HOUR,PM25 24-hour 2012,04-01-2021,Micrograms/cubic meter (LC),,1,100,20.0,20.0,0,71.0,145,R & P Model 2025 PM-2.5 Sequential Air Sampler w/VSCC - Gravimetric,Los Angeles-North Main Street,"1630 N MAIN ST, LOS ANGELES",California,Los Angeles,Los Angeles,"Los Angeles-Long Beach-Anaheim, CA",17-05-2024,pm25
6,37,1103,88101,2,34.06659,-118.22688,WGS84,PM2.5 - Local Conditions,24 HOUR,PM25 24-hour 2012,10-01-2021,Micrograms/cubic meter (LC),,1,100,7.5,7.5,0,42.0,145,R & P Model 2025 PM-2.5 Sequential Air Sampler w/VSCC - Gravimetric,Los Angeles-North Main Street,"1630 N MAIN ST, LOS ANGELES",California,Los Angeles,Los Angeles,"Los Angeles-Long Beach-Anaheim, CA",17-05-2024,pm25
6,37,1103,88101,2,34.06659,-118.22688,WGS84,PM2.5 - Local Conditions,24 HOUR,PM25 24-hour 2012,16-01-2021,Micrograms/cubic meter (LC),,1,100,13.4,13.4,0,59.0,145,R & P Model 2025 PM-2.5 Sequential Air Sampler w/VSCC - Gravimetric,Los Angeles-North Main Street,"1630 N MAIN ST, LOS ANGELES",California,Los Angeles,Los Angeles,"Los Angeles-Long Beach-Anaheim, CA",17-05-2024,pm25
6,37,1103,88101,2,34.06659,-118.22688,WGS84,PM2.5 - Local Conditions,24 HOUR,PM25 24-hour 2012,22-01-2021,Micrograms/cubic meter (LC),,1,100,7.1,7.1,0,39.0,145,R & P Model 2025 PM-2.5 Sequential Air Sampler w/VSCC - Gravimetric,Los Angeles-North Main Street,"1630 N MAIN ST, LOS ANGELES",California,Los Angeles,Los Angeles,"Los Angeles-Long Beach-Anaheim, CA",17-05-2024,pm25
6,37,1103,88101,2,34.06659,-118.22688,WGS84,PM2.5 - Local Conditions,24 HOUR,PM25 24-hour 2012,28-01-2021,Micrograms/cubic meter (LC),,1,100,6.1,6.1,0,34.0,145,R & P Model 2025 PM-2.5 Sequential Air Sampler w/VSCC - Gravimetric,Los Angeles-North Main Street,"1630 N MAIN ST, LOS ANGELES",California,Los Angeles,Los Angeles,"Los Angeles-Long Beach-Anaheim, CA",17-05-2024,pm25
6,37,1103,88101,2,34.06659,-118.22688,WGS84,PM2.5 - Local Conditions,24 HOUR,PM25 24-hour 2012,03-02-2021,Micrograms/cubic meter (LC),,1,100,9.7,9.7,0,52.0,145,R & P Model 2025 PM-2.5 Sequential Air Sampler w/VSCC - Gravimetric,Los Angeles-North Main Street,"1630 N MAIN ST, LOS ANGELES",California,Los Angeles,Los Angeles,"Los Angeles-Long Beach-Anaheim, CA",17-05-2024,pm25
6,37,1103,88101,2,34.06659,-118.22688,WGS84,PM2.5 - Local Conditions,24 HOUR,PM25 24-hour 2012,09-02-2021,Micrograms/cubic meter (LC),,1,100,16.4,16.4,0,65.0,145,R & P Model 2025 PM-2.5 Sequential Air Sampler w/VSCC - Gravimetric,Los Angeles-North Main Street,"1630 N MAIN ST, LOS ANGELES",California,Los Angeles,Los Angeles,"Los Angeles-Long Beach-Anaheim, CA",17-05-2024,pm25
6,37,1103,88101,2,34.06659,-118.22688,WGS84,PM2.5 - Local Conditions,24 HOUR,PM25 24-hour 2012,15-02-2021,Micrograms/cubic meter (LC),,1,100,9.9,9.9,0,52.0,145,R & P Model 2025 PM-2.5 Sequential Air Sampler w/VSCC - Gravimetric,Los Angeles-North Main Street,"1630 N MAIN ST, LOS ANGELES",California,Los Angeles,Los Angeles,"Los Angeles-Long Beach-Anaheim, CA",17-05-2024,pm25
6,37,1103,88101,2,34.06659,-118.22688,WGS84,PM2.5 - Local Conditions,24 HOUR,PM25 24-hour 2012,21-02-2021,Micrograms/cubic meter (LC),,1,100,6.7,6.7,0,37.0,145,R & P Model 2025 PM-2.5 Sequential Air Sampler w/VSCC - Gravimetric,Los Angeles-North Main Street,"1630 N MAIN ST, LOS ANGELES",California,Los Angeles,Los Angeles,"Los Angeles-Long Beach-Anaheim, CA",17-05-2024,pm25
6,37,1103,88101,2,34.06659,-118.22688,WGS84,PM2.5 - Local Conditions,24 HOUR,PM25 24-hour 2012,27-02-2021,Micrograms/cubic meter (LC),,1,100,11.4,11.4,0,55.0,145,R & P Model 2025 PM-2.5 Sequential Air Sampler w/VSCC - Gravimetric,Los Angeles-North Main Street,"1630 N MAIN ST, LOS ANGELES",California,Los Angeles,Los Angeles,"Los Angeles-Long Beach-Anaheim, CA",17-05-2024,pm25
6,37,1103,88101,2,34.06659,-118.22688,WGS84,PM2.5 - Local Conditions,24 HOUR,PM25 24-hour 2012,05-03-2021,Micrograms/cubic meter (LC),,1,100,9.8,9.8,0,52.0,145,R & P Model 2025 PM-2.5 Sequential Air Sampler w/VSCC - Gravimetric,Los Angeles-North Main Street,"1630 N MAIN ST, LOS ANGELES",California,Los Angeles,Los Angeles,"Los Angeles-Long Beach-Anaheim, CA",17-05-2024,pm25
6,37,1103,88101,2,34.06659,-118.22688,WGS84,PM2.5 - Local Conditions,24 HOUR,PM25 24-hour 2012,11-03-2021,Micrograms/cubic meter (LC),,1,100,2.5,2.5,0,14.0,145,R & P Model 2025 PM-2.5 Sequential Air Sampler w/VSCC - Gravimetric,Los Angeles-North Main Street,"1630 N MAIN ST, LOS ANGELES",California,Los Angeles,Los Angeles,"Los Angeles-Long Beach-Anaheim, CA",17-05-2024,pm25
6,37,1103,88101,2,34.06659,-118.22688,WGS84,PM2.5 - Local Conditions,24 HOUR,PM25 24-hour 2012,17-03-2021,Micrograms/cubic meter (LC),,1,100,10.0,10.0,0,53.0,145,R & P Model 2025 PM-2.5 Sequential Air Sampler w/VSCC - Gravimetric,Los Angeles-North Main Street,"1630 N MAIN ST, LOS ANGELES",California,Los Angeles,Los Angeles,"Los Angeles-Long Beach-Anaheim, CA",17-05-2024,pm25
6,37,1103,88101,2,34.06659,-118.22688,WGS84,PM2.5 - Local Conditions,24 HOUR,PM25 24-hour 2012,23-03-2021,Micrograms/cubic meter (LC),,1,100,7.5,7.5,0,42.0,145,R & P Model 2025 PM-2.5 Sequential Air Sampler w/VSCC - Gravimetric,Los Angeles-North Main Street,"1630 N MAIN ST, LOS ANGELES",California,Los Angeles,Los Angeles,"Los Angeles-Long Beach-Anaheim, CA",17-05-2024,pm25
6,37,1103,88101,2,34.06659,-118.22688,WGS84,PM2.5 - Local Conditions,24 HOUR,PM25 24-hour 2012,29-03-2021,Micrograms/cubic meter (LC),,1,100,11.4,11.4,0,55.0,145,R & P Model 2025 PM-2.5 Sequential Air Sampler w/VSCC - Gravimetric,Los Angeles-North Main Street,"1630 N MAIN ST, LOS ANGELES",California,Los Angeles,Los Angeles,"Los Angeles-Long Beach-Anaheim, CA",17-05-2024,pm25
6,37,1103,88101,2,34.06659,-118.22688,WGS84,PM2.5 - Local Conditions,24 HOUR,PM25 24-hour 2012,04-04-2021,Micrograms/cubic meter (LC),,1,100,15.0,15.0,0,62.0,145,R & P Model 2025 PM-2.5 Sequential Air Sampler w/VSCC - Gravimetric,Los Angeles-North Main Street,"1630 N MAIN ST, LOS ANGELES",California,Los Angeles,Los Angeles,"Los Angeles-Long Beach-Anaheim, CA",17-05-2024,pm25
6,37,1103,88101,2,34.06659,-118.22688,WGS84,PM2.5 - Local Conditions,24 HOUR,PM25 24-hour 2012,10-04-2021,Micrograms/cubic meter (LC),,1,100,18.2,18.2,0,68.0,145,R & P Model 2025 PM-2.5 Sequential Air Sampler w/VSCC - Gravimetric,Los Angeles-North Main Street,"1630 N MAIN ST, LOS ANGELES",California,Los Angeles,Los Angeles,"Los Angeles-Long Beach-Anaheim, CA",17-05-2024,pm25
6,37,1103,88101,2,34.06659,-118.22688,WGS84,PM2.5 - Local Conditions,24 HOUR,PM25 24-hour 2012,16-04-2021,Micrograms/cubic meter (LC),,1,100,15.0,15.0,0,62.0,145,R & P Model 2025 PM-2.5 Sequential Air Sampler w/VSCC - Gravimetric,Los Angeles-North Main Street,"1630 N MAIN ST, LOS ANGELES",California,Los Angeles,Los Angeles,"Los Angeles-Long Beach-Anaheim, CA",17-05-2024,pm25
6,37,1103,88101,2,34.06659,-118.22688,WGS84,PM2.5 - Local Conditions,24 HOUR,PM25 24-hour 2012,05-05-2021,Micrograms/cubic meter (LC),,1,100,17.7,17.7,0,67.0,145,R & P Model 2025 PM-2.5 Sequential Air Sampler w/VSCC - Gravimetric,Los Angeles-North Main Street,"1630 N MAIN ST, LOS ANGELES",California,Los Angeles,Los Angeles,"Los Angeles-Long Beach-Anaheim, CA",17-05-2024,pm25
6,37,1103,88101,2,34.06659,-118.22688,WGS84,PM2.5 - Local Conditions,24 HOUR,PM25 24-hour 2012,10-05-2021,Micrograms/cubic meter (LC),,1,100,13.0,13.0,0,58.0,145,R & P Model 2025 PM-2.5 Sequential Air Sampler w/VSCC - Gravimetric,Los Angeles-North Main Street,"1630 N MAIN ST, LOS ANGELES",California,Los Angeles,Los Angeles,"Los Angeles-Long Beach-Anaheim, CA",17-05-2024,pm25
6,37,1103,88101,2,34.06659,-118.22688,WGS84,PM2.5 - Local Conditions,24 HOUR,PM25 24-hour 2012,16-05-2021,Micrograms/cubic meter (LC),,1,100,3.6,3.6,0,20.0,145,R & P Model 2025 PM-2.5 Sequential Air Sampler w/VSCC - Gravimetric,Los Angeles-North Main Street,"1630 N MAIN ST, LOS ANGELES",California,Los Angeles,Los Angeles,"Los Angeles-Long Beach-Anaheim, CA",17-05-2024,pm25
6,37,1103,88101,2,34.06659,-118.22688,WGS84,PM2.5 - Local Conditions,24 HOUR,PM25 24-hour 2012,22-05-2021,Micrograms/cubic meter (LC),,1,100,10.5,10.5,0,54.0,145,R & P Model 2025 PM-2.5 Sequential Air Sampler w/VSCC - Gravimetric,Los Angeles-North Main Street,"1630 N MAIN ST, LOS ANGELES",California,Los Angeles,Los Angeles,"Los Angeles-Long Beach-Anaheim, CA",17-05-2024,pm25
6,37,1103,88101,2,34.06659,-118.22688,WGS84,PM2.5 - Local Conditions,24 HOUR,PM25 24-hour 2012,28-05-2021,Micrograms/cubic meter (LC),,1,100,13.1,13.1,0,58.0,145,R & P Model 2025 PM-2.5 Sequential Air Sampler w/VSCC - Gravimetric,Los Angeles-North Main Street,"1630 N MAIN ST, LOS ANGELES",California,Los Angeles,Los Angeles,"Los Angeles-Long Beach-Anaheim, CA",17-05-2024,pm25
6,37,1103,88101,2,34.06659,-118.22688,WGS84,PM2.5 - Local Conditions,24 HOUR,PM25 24-hour 2012,03-06-2021,Micrograms/cubic meter (LC),,1,100,10.2,10.2,0,53.0,145,R & P Model 2025 PM-2.5 Sequential Air Sampler w/VSCC - Gravimetric,Los Angeles-North Main Street,"1630 N MAIN ST, LOS ANGELES",California,Los Angeles,Los Angeles,"Los Angeles-Long Beach-Anaheim, CA",17-05-2024,pm25
6,37,1103,88101,2,34.06659,-118.22688,WGS84,PM2.5 - Local Conditions,24 HOUR,PM25 24-hour 2012,09-06-2021,Micrograms/cubic meter (LC),,1,100,8.8,8.8,0,49.0,145,R & P Model 2025 PM-2.5 Sequential Air Sampler w/VSCC - Gravimetric,Los Angeles-North Main Street,"1630 N MAIN ST, LOS ANGELES",California,Los Angeles,Los Angeles,"Los Angeles-Long Beach-Anaheim, CA",17-05-2024,pm25
6,37,1103,88101,2,34.06659,-118.22688,WGS84,PM2.5 - Local Conditions,24 HOUR,PM25 24-hour 2012,15-06-2021,Micrograms/cubic meter (LC),,1,100,13.2,13.2,0,59.0,145,R & P Model 2025 PM-2.5 Sequential Air Sampler w/VSCC - Gravimetric,Los Angeles-North Main Street,"1630 N MAIN ST, LOS ANGELES",California,Los Angeles,Los Angeles,"Los Angeles-Long Beach-Anaheim, CA",17-05-2024,pm25
6,37,1103,88101,2,34.06659,-118.22688,WGS84,PM2.5 - Local Conditions,24 HOUR,PM25 24-hour 2012,21-06-2021,Micrograms/cubic meter (LC),,1,100,9.8,9.8,0,52.0,145,R & P Model 2025 PM-2.5 Sequential Air Sampler w/VSCC - Gravimetric,Los Angeles-North Main Street,"1630 N MAIN ST, LOS ANGELES",California,Los Angeles,Los Angeles,"Los Angeles-Long Beach-Anaheim, CA",17-05-2024,pm25
6,37,1103,88101,2,34.06659,-118.22688,WGS84,PM2.5 - Local Conditions,24 HOUR,PM25 24-hour 2012,27-06-2021,Micrograms/cubic meter (LC),,1,100,13.5,13.5,0,59.0,145,R & P Model 2025 PM-2.5 Sequential Air Sampler w/VSCC - Gravimetric,Los Angeles-North Main Street,"1630 N MAIN ST, LOS ANGELES",California,Los Angeles,Los Angeles,"Los Angeles-Long Beach-Anaheim, CA",17-05-2024,pm25
6,37,1103,88101,2,34.06659,-118.22688,WGS84,PM2.5 - Local Conditions,24 HOUR,PM25 24-hour 2012,03-07-2021,Micrograms/cubic meter (LC),,1,100,9.8,9.8,0,52.0,145,R & P Model 2025 PM-2.5 Sequential Air Sampler w/VSCC - Gravimetric,Los Angeles-North Main Street,"1630 N MAIN ST, LOS ANGELES",California,Los Angeles,Los Angeles,"Los Angeles-Long Beach-Anaheim, CA",17-05-2024,pm25
6,37,1103,88101,2,34.06659,-118.22688,WGS84,PM2.5 - Local Conditions,24 HOUR,PM25 24-hour 2012,09-07-2021,Micrograms/cubic meter (LC),,1,100,13.0,13.0,0,58.0,145,R & P Model 2025 PM-2.5 Sequential Air Sampler w/VSCC - Gravimetric,Los Angeles-North Main Street,"1630 N MAIN ST, LOS ANGELES",California,Los Angeles,Los Angeles,"Los Angeles-Long Beach-Anaheim, CA",17-05-2024,pm25
6,37,1103,88101,2,34.06659,-118.22688,WGS84,PM2.5 - Local Conditions,24 HOUR,PM25 24-hour 2012,15-07-2021,Micrograms/cubic meter (LC),,1,100,8.4,8.4,0,47.0,145,R & P Model 2025 PM-2.5 Sequential Air Sampler w/VSCC - Gravimetric,Los Angeles-North Main Street,"1630 N MAIN ST, LOS ANGELES",California,Los Angeles,Los Angeles,"Los Angeles-Long Beach-Anaheim, CA",17-05-2024,pm25
6,37,1103,88101,2,34.06659,-118.22688,WGS84,PM2.5 - Local Conditions,24 HOUR,PM25 24-hour 2012,21-07-2021,Micrograms/cubic meter (LC),,1,100,15.7,15.7,0,63.0,145,R & P Model 2025 PM-2.5 Sequential Air Sampler w/VSCC - Gravimetric,Los Angeles-North Main Street,"1630 N MAIN ST, LOS ANGELES",California,Los Angeles,Los Angeles,"Los Angeles-Long Beach-Anaheim, CA",17-05-2024,pm25
6,37,1103,88101,2,34.06659,-118.22688,WGS84,PM2.5 - Local Conditions,24 HOUR,PM25 24-hour 2012,27-07-2021,Micrograms/cubic meter (LC),,1,100,7.8,7.8,0,43.0,145,R & P Model 2025 PM-2.5 Sequential Air Sampler w/VSCC - Gravimetric,Los Angeles-North Main Street,"1630 N MAIN ST, LOS ANGELES",California,Los Angeles,Los Angeles,"Los Angeles-Long Beach-Anaheim, CA",17-05-2024,pm25
6,37,1103,88101,2,34.06659,-118.22688,WGS84,PM2.5 - Local Conditions,24 HOUR,PM25 24-hour 2012,02-08-2021,Micrograms/cubic meter (LC),,1,100,10.7,10.7,0,54.0,145,R & P Model 2025 PM-2.5 Sequential Air Sampler w/VSCC - Gravimetric,Los Angeles-North Main Street,"1630 N MAIN ST, LOS ANGELES",California,Los Angeles,Los Angeles,"Los Angeles-Long Beach-Anaheim, CA",17-05-2024,pm25
6,37,1103,88101,2,34.06659,-118.22688,WGS84,PM2.5 - Local Conditions,24 HOUR,PM25 24-hour 2012,08-08-2021,Micrograms/cubic meter (LC),,1,100,13.7,13.7,0,60.0,145,R & P Model 2025 PM-2.5 Sequential Air Sampler w/VSCC - Gravimetric,Los Angeles-North Main Street,"1630 N MAIN ST, LOS ANGELES",California,Los Angeles,Los Angeles,"Los Angeles-Long Beach-Anaheim, CA",17-05-2024,pm25
6,37,1103,88101,2,34.06659,-118.22688,WGS84,PM2.5 - Local Conditions,24 HOUR,PM25 24-hour 2012,14-08-2021,Micrograms/cubic meter (LC),,1,100,11.7,11.7,0,56.0,145,R & P Model 2025 PM-2.5 Sequential Air Sampler w/VSCC - Gravimetric,Los Angeles-North Main Street,"1630 N MAIN ST, LOS ANGELES",California,Los Angeles,Los Angeles,"Los Angeles-Long Beach-Anaheim, CA",17-05-2024,pm25
6,37,1103,88101,2,34.06659,-118.22688,WGS84,PM2.5 - Local Conditions,24 HOUR,PM25 24-hour 2012,20-08-2021,Micrograms/cubic meter (LC),,1,100,6.6,6.6,0,37.0,145,R & P Model 2025 PM-2.5 Sequential Air Sampler w/VSCC - Gravimetric,Los Angeles-North Main Street,"1630 N MAIN ST, LOS ANGELES",California,Los Angeles,Los Angeles,"Los Angeles-Long Beach-Anaheim, CA",17-05-2024,pm25
6,37,1103,88101,2,34.06659,-118.22688,WGS84,PM2.5 - Local Conditions,24 HOUR,PM25 24-hour 2012,26-08-2021,Micrograms/cubic meter (LC),,1,100,19.2,19.2,0,70.0,145,R & P Model 2025 PM-2.5 Sequential Air Sampler w/VSCC - Gravimetric,Los Angeles-North Main Street,"1630 N MAIN ST, LOS ANGELES",California,Los Angeles,Los Angeles,"Los Angeles-Long Beach-Anaheim, CA",17-05-2024,pm25
6,37,1103,88101,2,34.06659,-118.22688,WGS84,PM2.5 - Local Conditions,24 HOUR,PM25 24-hour 2012,01-09-2021,Micrograms/cubic meter (LC),,1,100,14.8,14.8,0,62.0,145,R & P Model 2025 PM-2.5 Sequential Air Sampler w/VSCC - Gravimetric,Los Angeles-North Main Street,"1630 N MAIN ST, LOS ANGELES",California,Los Angeles,Los Angeles,"Los Angeles-Long Beach-Anaheim, CA",17-05-2024,pm25
6,37,1103,88101,2,34.06659,-118.22688,WGS84,PM2.5 - Local Conditions,24 HOUR,PM25 24-hour 2012,07-09-2021,Micrograms/cubic meter (LC),,1,100,15.6,15.6,0,63.0,145,R & P Model 2025 PM-2.5 Sequential Air Sampler w/VSCC - Gravimetric,Los Angeles-North Main Street,"1630 N MAIN ST, LOS ANGELES",California,Los Angeles,Los Angeles,"Los Angeles-Long Beach-Anaheim, CA",17-05-2024,pm25
6,37,1103,88101,2,34.06659,-118.22688,WGS84,PM2.5 - Local Conditions,24 HOUR,PM25 24-hour 2012,13-09-2021,Micrograms/cubic meter (LC),,1,100,12.3,12.3,0,57.0,145,R & P Model 2025 PM-2.5 Sequential Air Sampler w/VSCC - Gravimetric,Los Angeles-North Main Street,"1630 N MAIN ST, LOS ANGELES",California,Los Angeles,Los Angeles,"Los Angeles-Long Beach-Anaheim, CA",17-05-2024,pm25
6,37,1103,88101,2,34.06659,-118.22688,WGS84,PM2.5 - Local Conditions,24 HOUR,PM25 24-hour 2012,19-09-2021,Micrograms/cubic meter (LC),,1,100,13.0,13.0,0,58.0,145,R & P Model 2025 PM-2.5 Sequential Air Sampler w/VSCC - Gravimetric,Los Angeles-North Main Street,"1630 N MAIN ST, LOS ANGELES",California,Los Angeles,Los Angeles,"Los Angeles-Long Beach-Anaheim, CA",17-05-2024,pm25
6,37,1103,88101,2,34.06659,-118.22688,WGS84,PM2.5 - Local Conditions,24 HOUR,PM25 24-hour 2012,25-09-2021,Micrograms/cubic meter (LC),,1,100,10.2,10.2,0,53.0,145,R & P Model 2025 PM-2.5 Sequential Air Sampler w/VSCC - Gravimetric,Los Angeles-North Main Street,"1630 N MAIN ST, LOS ANGELES",California,Los Angeles,Los Angeles,"Los Angeles-Long Beach-Anaheim, CA",17-05-2024,pm25
6,37,1103,88101,2,34.06659,-118.22688,WGS84,PM2.5 - Local Conditions,24 HOUR,PM25 24-hour 2012,01-10-2021,Micrograms/cubic meter (LC),,1,100,11.5,11.5,0,55.0,145,R & P Model 2025 PM-2.5 Sequential Air Sampler w/VSCC - Gravimetric,Los Angeles-North Main Street,"1630 N MAIN ST, LOS ANGELES",California,Los Angeles,Los Angeles,"Los Angeles-Long Beach-Anaheim, CA",17-05-2024,pm25
6,37,1103,88101,2,34.06659,-118.22688,WGS84,PM2.5 - Local Conditions,24 HOUR,PM25 24-hour 2012,07-10-2021,Micrograms/cubic meter (LC),,1,100,10.2,10.2,0,53.0,145,R & P Model 2025 PM-2.5 Sequential Air Sampler w/VSCC - Gravimetric,Los Angeles-North Main Street,"1630 N MAIN ST, LOS ANGELES",California,Los Angeles,Los Angeles,"Los Angeles-Long Beach-Anaheim, CA",17-05-2024,pm25
6,37,1103,88101,2,34.06659,-118.22688,WGS84,PM2.5 - Local Conditions,24 HOUR,PM25 24-hour 2012,13-10-2021,Micrograms/cubic meter (LC),,1,100,11.0,11.0,0,55.0,145,R & P Model 2025 PM-2.5 Sequential Air Sampler w/VSCC - Gravimetric,Los Angeles-North Main Street,"1630 N MAIN ST, LOS ANGELES",California,Los Angeles,Los Angeles,"Los Angeles-Long Beach-Anaheim, CA",17-05-2024,pm25
6,37,1103,88101,2,34.06659,-118.22688,WGS84,PM2.5 - Local Conditions,24 HOUR,PM25 24-hour 2012,19-10-2021,Micrograms/cubic meter (LC),,1,100,8.7,8.7,0,48.0,145,R & P Model 2025 PM-2.5 Sequential Air Sampler w/VSCC - Gravimetric,Los Angeles-North Main Street,"1630 N MAIN ST, LOS ANGELES",California,Los Angeles,Los Angeles,"Los Angeles-Long Beach-Anaheim, CA",17-05-2024,pm25
6,37,1103,88101,2,34.06659,-118.22688,WGS84,PM2.5 - Local Conditions,24 HOUR,PM25 24-hour 2012,25-10-2021,Micrograms/cubic meter (LC),,1,100,6.2,6.2,0,34.0,145,R & P Model 2025 PM-2.5 Sequential Air Sampler w/VSCC - Gravimetric,Los Angeles-North Main Street,"1630 N MAIN ST, LOS ANGELES",California,Los Angeles,Los Angeles,"Los Angeles-Long Beach-Anaheim, CA",17-05-2024,pm25
6,37,1103,88101,2,34.06659,-118.22688,WGS84,PM2.5 - Local Conditions,24 HOUR,PM25 24-hour 2012,31-10-2021,Micrograms/cubic meter (LC),,1,100,19.2,19.2,0,70.0,145,R & P Model 2025 PM-2.5 Sequential Air Sampler w/VSCC - Gravimetric,Los Angeles-North Main Street,"1630 N MAIN ST, LOS ANGELES",California,Los Angeles,Los Angeles,"Los Angeles-Long Beach-Anaheim, CA",17-05-2024,pm25
6,37,1103,88101,2,34.06659,-118.22688,WGS84,PM2.5 - Local Conditions,24 HOUR,PM25 24-hour 2012,06-11-2021,Micrograms/cubic meter (LC),,1,100,61.1,61.1,0,155.0,145,R & P Model 2025 PM-2.5 Sequential Air Sampler w/VSCC - Gravimetric,Los Angeles-North Main Street,"1630 N MAIN ST, LOS ANGELES",California,Los Angeles,Los Angeles,"Los Angeles-Long Beach-Anaheim, CA",17-05-2024,pm25
6,37,1103,88101,2,34.06659,-118.22688,WGS84,PM2.5 - Local Conditions,24 HOUR,PM25 24-hour 2012,12-11-2021,Micrograms/cubic meter (LC),,1,100,7.2,7.2,0,40.0,145,R & P Model 2025 PM-2.5 Sequential Air Sampler w/VSCC - Gravimetric,Los Angeles-North Main Street,"1630 N MAIN ST, LOS ANGELES",California,Los Angeles,Los Angeles,"Los Angeles-Long Beach-Anaheim, CA",17-05-2024,pm25
6,37,1103,88101,2,34.06659,-118.22688,WGS84,PM2.5 - Local Conditions,24 HOUR,PM25 24-hour 2012,24-11-2021,Micrograms/cubic meter (LC),,1,100,10.4,10.4,0,53.0,145,R & P Model 2025 PM-2.5 Sequential Air Sampler w/VSCC - Gravimetric,Los Angeles-North Main Street,"1630 N MAIN ST, LOS ANGELES",California,Los Angeles,Los Angeles,"Los Angeles-Long Beach-Anaheim, CA",17-05-2024,pm25
6,37,1103,88101,2,34.06659,-118.22688,WGS84,PM2.5 - Local Conditions,24 HOUR,PM25 24-hour 2012,30-11-2021,Micrograms/cubic meter (LC),,1,100,37.8,37.8,0,107.0,145,R & P Model 2025 PM-2.5 Sequential Air Sampler w/VSCC - Gravimetric,Los Angeles-North Main Street,"1630 N MAIN ST, LOS ANGELES",California,Los Angeles,Los Angeles,"Los Angeles-Long Beach-Anaheim, CA",17-05-2024,pm25
6,37,1103,88101,2,34.06659,-118.22688,WGS84,PM2.5 - Local Conditions,24 HOUR,PM25 24-hour 2012,06-12-2021,Micrograms/cubic meter (LC),,1,100,40.6,40.6,0,114.0,145,R & P Model 2025 PM-2.5 Sequential Air Sampler w/VSCC - Gravimetric,Los Angeles-North Main Street,"1630 N MAIN ST, LOS ANGELES",California,Los Angeles,Los Angeles,"Los Angeles-Long Beach-Anaheim, CA",17-05-2024,pm25
6,37,1103,88101,2,34.06659,-118.22688,WGS84,PM2.5 - Local Conditions,24 HOUR,PM25 24-hour 2012,12-12-2021,Micrograms/cubic meter (LC),,1,100,11.5,11.5,0,55.0,145,R & P Model 2025 PM-2.5 Sequential Air Sampler w/VSCC - Gravimetric,Los Angeles-North Main Street,"1630 N MAIN ST, LOS ANGELES",California,Los Angeles,Los Angeles,"Los Angeles-Long Beach-Anaheim, CA",17-05-2024,pm25
6,37,1103,88101,2,34.06659,-118.22688,WGS84,PM2.5 - Local Conditions,24 HOUR,PM25 24-hour 2012,18-12-2021,Micrograms/cubic meter (LC),,1,100,8.3,8.3,0,46.0,145,R & P Model 2025 PM-2.5 Sequential Air Sampler w/VSCC - Gravimetric,Los Angeles-North Main Street,"1630 N MAIN ST, LOS ANGELES",California,Los Angeles,Los Angeles,"Los Angeles-Long Beach-Anaheim, CA",17-05-2024,pm25
6,37,1103,88101,2,34.06659,-118.22688,WGS84,PM2.5 - Local Conditions,24 HOUR,PM25 24-hour 2012,24-12-2021,Micrograms/cubic meter (LC),,1,100,5.9,5.9,0,33.0,145,R & P Model 2025 PM-2.5 Sequential Air Sampler w/VSCC - Gravimetric,Los Angeles-North Main Street,"1630 N MAIN ST, LOS ANGELES",California,Los Angeles,Los Angeles,"Los Angeles-Long Beach-Anaheim, CA",17-05-2024,pm25
6,37,1103,88101,1,34.06659,-118.22688,WGS84,PM2.5 - Local Conditions,24 HOUR,PM25 24-hour 2012,01-01-2022,Micrograms/cubic meter (LC),,1,100,11.4,11.4,0,55.0,145,R & P Model 2025 PM-2.5 Sequential Air Sampler w/VSCC - Gravimetric,Los Angeles-North Main Street,"1630 N MAIN ST, LOS ANGELES",California,Los Angeles,Los Angeles,"Los Angeles-Long Beach-Anaheim, CA",17-05-2024,pm25
6,37,1103,88101,1,34.06659,-118.22688,WGS84,PM2.5 - Local Conditions,24 HOUR,PM25 24-hour 2012,02-01-2022,Micrograms/cubic meter (LC),,1,100,7.0,7.0,0,39.0,145,R & P Model 2025 PM-2.5 Sequential Air Sampler w/VSCC - Gravimetric,Los Angeles-North Main Street,"1630 N MAIN ST, LOS ANGELES",California,Los Angeles,Los Angeles,"Los Angeles-Long Beach-Anaheim, CA",17-05-2024,pm25
6,37,1103,88101,1,34.06659,-118.22688,WGS84,PM2.5 - Local Conditions,24 HOUR,PM25 24-hour 2012,03-01-2022,Micrograms/cubic meter (LC),,1,100,8.4,8.4,0,47.0,145,R & P Model 2025 PM-2.5 Sequential Air Sampler w/VSCC - Gravimetric,Los Angeles-North Main Street,"1630 N MAIN ST, LOS ANGELES",California,Los Angeles,Los Angeles,"Los Angeles-Long Beach-Anaheim, CA",17-05-2024,pm25
6,37,1103,88101,1,34.06659,-118.22688,WGS84,PM2.5 - Local Conditions,24 HOUR,PM25 24-hour 2012,04-01-2022,Micrograms/cubic meter (LC),,1,100,16.9,16.9,0,66.0,145,R & P Model 2025 PM-2.5 Sequential Air Sampler w/VSCC - Gravimetric,Los Angeles-North Main Street,"1630 N MAIN ST, LOS ANGELES",California,Los Angeles,Los Angeles,"Los Angeles-Long Beach-Anaheim, CA",17-05-2024,pm25
6,37,1103,88101,1,34.06659,-118.22688,WGS84,PM2.5 - Local Conditions,24 HOUR,PM25 24-hour 2012,05-01-2022,Micrograms/cubic meter (LC),,1,100,24.8,24.8,0,80.0,145,R & P Model 2025 PM-2.5 Sequential Air Sampler w/VSCC - Gravimetric,Los Angeles-North Main Street,"1630 N MAIN ST, LOS ANGELES",California,Los Angeles,Los Angeles,"Los Angeles-Long Beach-Anaheim, CA",17-05-2024,pm25
6,37,1103,88101,1,34.06659,-118.22688,WGS84,PM2.5 - Local Conditions,24 HOUR,PM25 24-hour 2012,06-01-2022,Micrograms/cubic meter (LC),,1,100,22.0,22.0,0,75.0,145,R & P Model 2025 PM-2.5 Sequential Air Sampler w/VSCC - Gravimetric,Los Angeles-North Main Street,"1630 N MAIN ST, LOS ANGELES",California,Los Angeles,Los Angeles,"Los Angeles-Long Beach-Anaheim, CA",17-05-2024,pm25
6,37,1103,88101,1,34.06659,-118.22688,WGS84,PM2.5 - Local Conditions,24 HOUR,PM25 24-hour 2012,07-01-2022,Micrograms/cubic meter (LC),,1,100,33.7,33.7,0,97.0,145,R & P Model 2025 PM-2.5 Sequential Air Sampler w/VSCC - Gravimetric,Los Angeles-North Main Street,"1630 N MAIN ST, LOS ANGELES",California,Los Angeles,Los Angeles,"Los Angeles-Long Beach-Anaheim, CA",17-05-2024,pm25
6,37,1103,88101,1,34.06659,-118.22688,WGS84,PM2.5 - Local Conditions,24 HOUR,PM25 24-hour 2012,08-01-2022,Micrograms/cubic meter (LC),,1,100,17.4,17.4,0,66.0,145,R & P Model 2025 PM-2.5 Sequential Air Sampler w/VSCC - Gravimetric,Los Angeles-North Main Street,"1630 N MAIN ST, LOS ANGELES",California,Los Angeles,Los Angeles,"Los Angeles-Long Beach-Anaheim, CA",17-05-2024,pm25
6,37,1103,88101,1,34.06659,-118.22688,WGS84,PM2.5 - Local Conditions,24 HOUR,PM25 24-hour 2012,09-01-2022,Micrograms/cubic meter (LC),,1,100,12.3,12.3,0,57.0,145,R & P Model 2025 PM-2.5 Sequential Air Sampler w/VSCC - Gravimetric,Los Angeles-North Main Street,"1630 N MAIN ST, LOS ANGELES",California,Los Angeles,Los Angeles,"Los Angeles-Long Beach-Anaheim, CA",17-05-2024,pm25
6,37,1103,88101,1,34.06659,-118.22688,WGS84,PM2.5 - Local Conditions,24 HOUR,PM25 24-hour 2012,10-01-2022,Micrograms/cubic meter (LC),,1,100,4.9,4.9,0,27.0,145,R & P Model 2025 PM-2.5 Sequential Air Sampler w/VSCC - Gravimetric,Los Angeles-North Main Street,"1630 N MAIN ST, LOS ANGELES",California,Los Angeles,Los Angeles,"Los Angeles-Long Beach-Anaheim, CA",17-05-2024,pm25
6,37,1103,88101,1,34.06659,-118.22688,WGS84,PM2.5 - Local Conditions,24 HOUR,PM25 24-hour 2012,11-01-2022,Micrograms/cubic meter (LC),,1,100,5.6,5.6,0,31.0,145,R & P Model 2025 PM-2.5 Sequential Air Sampler w/VSCC - Gravimetric,Los Angeles-North Main Street,"1630 N MAIN ST, LOS ANGELES",California,Los Angeles,Los Angeles,"Los Angeles-Long Beach-Anaheim, CA",17-05-2024,pm25
6,37,1103,88101,1,34.06659,-118.22688,WGS84,PM2.5 - Local Conditions,24 HOUR,PM25 24-hour 2012,12-01-2022,Micrograms/cubic meter (LC),,1,100,8.2,8.2,0,46.0,145,R & P Model 2025 PM-2.5 Sequential Air Sampler w/VSCC - Gravimetric,Los Angeles-North Main Street,"1630 N MAIN ST, LOS ANGELES",California,Los Angeles,Los Angeles,"Los Angeles-Long Beach-Anaheim, CA",17-05-2024,pm25
6,37,1103,88101,1,34.06659,-118.22688,WGS84,PM2.5 - Local Conditions,24 HOUR,PM25 24-hour 2012,13-01-2022,Micrograms/cubic meter (LC),,1,100,16.3,16.3,0,64.0,145,R & P Model 2025 PM-2.5 Sequential Air Sampler w/VSCC - Gravimetric,Los Angeles-North Main Street,"1630 N MAIN ST, LOS ANGELES",California,Los Angeles,Los Angeles,"Los Angeles-Long Beach-Anaheim, CA",17-05-2024,pm25
6,37,1103,88101,1,34.06659,-118.22688,WGS84,PM2.5 - Local Conditions,24 HOUR,PM25 24-hour 2012,14-01-2022,Micrograms/cubic meter (LC),,1,100,19.7,19.7,0,71.0,145,R & P Model 2025 PM-2.5 Sequential Air Sampler w/VSCC - Gravimetric,Los Angeles-North Main Street,"1630 N MAIN ST, LOS ANGELES",California,Los Angeles,Los Angeles,"Los Angeles-Long Beach-Anaheim, CA",17-05-2024,pm25
6,37,1103,88101,1,34.06659,-118.22688,WGS84,PM2.5 - Local Conditions,24 HOUR,PM25 24-hour 2012,15-01-2022,Micrograms/cubic meter (LC),,1,100,9.3,9.3,0,51.0,145,R & P Model 2025 PM-2.5 Sequential Air Sampler w/VSCC - Gravimetric,Los Angeles-North Main Street,"1630 N MAIN ST, LOS ANGELES",California,Los Angeles,Los Angeles,"Los Angeles-Long Beach-Anaheim, CA",17-05-2024,pm25
6,37,1103,88101,1,34.06659,-118.22688,WGS84,PM2.5 - Local Conditions,24 HOUR,PM25 24-hour 2012,16-01-2022,Micrograms/cubic meter (LC),,1,100,6.9,6.9,0,38.0,145,R & P Model 2025 PM-2.5 Sequential Air Sampler w/VSCC - Gravimetric,Los Angeles-North Main Street,"1630 N MAIN ST, LOS ANGELES",California,Los Angeles,Los Angeles,"Los Angeles-Long Beach-Anaheim, CA",17-05-2024,pm25
6,37,1103,88101,1,34.06659,-118.22688,WGS84,PM2.5 - Local Conditions,24 HOUR,PM25 24-hour 2012,17-01-2022,Micrograms/cubic meter (LC),,1,100,13.2,13.2,0,59.0,145,R & P Model 2025 PM-2.5 Sequential Air Sampler w/VSCC - Gravimetric,Los Angeles-North Main Street,"1630 N MAIN ST, LOS ANGELES",California,Los Angeles,Los Angeles,"Los Angeles-Long Beach-Anaheim, CA",17-05-2024,pm25
6,37,1103,88101,1,34.06659,-118.22688,WGS84,PM2.5 - Local Conditions,24 HOUR,PM25 24-hour 2012,18-01-2022,Micrograms/cubic meter (LC),,1,100,15.2,15.2,0,62.0,145,R & P Model 2025 PM-2.5 Sequential Air Sampler w/VSCC - Gravimetric,Los Angeles-North Main Street,"1630 N MAIN ST, LOS ANGELES",California,Los Angeles,Los Angeles,"Los Angeles-Long Beach-Anaheim, CA",17-05-2024,pm25
6,37,1103,88101,1,34.06659,-118.22688,WGS84,PM2.5 - Local Conditions,24 HOUR,PM25 24-hour 2012,19-01-2022,Micrograms/cubic meter (LC),,1,100,20.6,20.6,0,72.0,145,R & P Model 2025 PM-2.5 Sequential Air Sampler w/VSCC - Gravimetric,Los Angeles-North Main Street,"1630 N MAIN ST, LOS ANGELES",California,Los Angeles,Los Angeles,"Los Angeles-Long Beach-Anaheim, CA",17-05-2024,pm25
6,37,1103,88101,1,34.06659,-118.22688,WGS84,PM2.5 - Local Conditions,24 HOUR,PM25 24-hour 2012,20-01-2022,Micrograms/cubic meter (LC),,1,100,9.0,9.0,0,50.0,145,R & P Model 2025 PM-2.5 Sequential Air Sampler w/VSCC - Gravimetric,Los Angeles-North Main Street,"1630 N MAIN ST, LOS ANGELES",California,Los Angeles,Los Angeles,"Los Angeles-Long Beach-Anaheim, CA",17-05-2024,pm25
6,37,1103,88101,1,34.06659,-118.22688,WGS84,PM2.5 - Local Conditions,24 HOUR,PM25 24-hour 2012,21-01-2022,Micrograms/cubic meter (LC),,1,100,7.0,7.0,0,39.0,145,R & P Model 2025 PM-2.5 Sequential Air Sampler w/VSCC - Gravimetric,Los Angeles-North Main Street,"1630 N MAIN ST, LOS ANGELES",California,Los Angeles,Los Angeles,"Los Angeles-Long Beach-Anaheim, CA",17-05-2024,pm25
6,37,1103,88101,1,34.06659,-118.22688,WGS84,PM2.5 - Local Conditions,24 HOUR,PM25 24-hour 2012,22-01-2022,Micrograms/cubic meter (LC),,1,100,4.5,4.5,0,25.0,145,R & P Model 2025 PM-2.5 Sequential Air Sampler w/VSCC - Gravimetric,Los Angeles-North Main Street,"1630 N MAIN ST, LOS ANGELES",California,Los Angeles,Los Angeles,"Los Angeles-Long Beach-Anaheim, CA",17-05-2024,pm25
6,37,1103,88101,1,34.06659,-118.22688,WGS84,PM2.5 - Local Conditions,24 HOUR,PM25 24-hour 2012,23-01-2022,Micrograms/cubic meter (LC),,1,100,6.9,6.9,0,38.0,145,R & P Model 2025 PM-2.5 Sequential Air Sampler w/VSCC - Gravimetric,Los Angeles-North Main Street,"1630 N MAIN ST, LOS ANGELES",California,Los Angeles,Los Angeles,"Los Angeles-Long Beach-Anaheim, CA",17-05-2024,pm25
6,37,1103,88101,1,34.06659,-118.22688,WGS84,PM2.5 - Local Conditions,24 HOUR,PM25 24-hour 2012,24-01-2022,Micrograms/cubic meter (LC),,1,100,9.4,9.4,0,52.0,145,R & P Model 2025 PM-2.5 Sequential Air Sampler w/VSCC - Gravimetric,Los Angeles-North Main Street,"1630 N MAIN ST, LOS ANGELES",California,Los Angeles,Los Angeles,"Los Angeles-Long Beach-Anaheim, CA",17-05-2024,pm25
6,37,1103,88101,1,34.06659,-118.22688,WGS84,PM2.5 - Local Conditions,24 HOUR,PM25 24-hour 2012,25-01-2022,Micrograms/cubic meter (LC),,1,100,16.7,16.7,0,65.0,145,R & P Model 2025 PM-2.5 Sequential Air Sampler w/VSCC - Gravimetric,Los Angeles-North Main Street,"1630 N MAIN ST, LOS ANGELES",California,Los Angeles,Los Angeles,"Los Angeles-Long Beach-Anaheim, CA",17-05-2024,pm25
6,37,1103,88101,1,34.06659,-118.22688,WGS84,PM2.5 - Local Conditions,24 HOUR,PM25 24-hour 2012,26-01-2022,Micrograms/cubic meter (LC),,1,100,11.9,11.9,0,56.0,145,R & P Model 2025 PM-2.5 Sequential Air Sampler w/VSCC - Gravimetric,Los Angeles-North Main Street,"1630 N MAIN ST, LOS ANGELES",California,Los Angeles,Los Angeles,"Los Angeles-Long Beach-Anaheim, CA",17-05-2024,pm25
6,37,1103,88101,1,34.06659,-118.22688,WGS84,PM2.5 - Local Conditions,24 HOUR,PM25 24-hour 2012,27-01-2022,Micrograms/cubic meter (LC),,1,100,8.9,8.9,0,49.0,145,R & P Model 2025 PM-2.5 Sequential Air Sampler w/VSCC - Gravimetric,Los Angeles-North Main Street,"1630 N MAIN ST, LOS ANGELES",California,Los Angeles,Los Angeles,"Los Angeles-Long Beach-Anaheim, CA",17-05-2024,pm25
6,37,1103,88101,1,34.06659,-118.22688,WGS84,PM2.5 - Local Conditions,24 HOUR,PM25 24-hour 2012,28-01-2022,Micrograms/cubic meter (LC),,1,100,8.0,8.0,0,44.0,145,R & P Model 2025 PM-2.5 Sequential Air Sampler w/VSCC - Gravimetric,Los Angeles-North Main Street,"1630 N MAIN ST, LOS ANGELES",California,Los Angeles,Los Angeles,"Los Angeles-Long Beach-Anaheim, CA",17-05-2024,pm25
6,37,1103,88101,1,34.06659,-118.22688,WGS84,PM2.5 - Local Conditions,24 HOUR,PM25 24-hour 2012,29-01-2022,Micrograms/cubic meter (LC),,1,100,8.7,8.7,0,48.0,145,R & P Model 2025 PM-2.5 Sequential Air Sampler w/VSCC - Gravimetric,Los Angeles-North Main Street,"1630 N MAIN ST, LOS ANGELES",California,Los Angeles,Los Angeles,"Los Angeles-Long Beach-Anaheim, CA",17-05-2024,pm25
6,37,1103,88101,1,34.06659,-118.22688,WGS84,PM2.5 - Local Conditions,24 HOUR,PM25 24-hour 2012,30-01-2022,Micrograms/cubic meter (LC),,1,100,11.3,11.3,0,55.0,145,R & P Model 2025 PM-2.5 Sequential Air Sampler w/VSCC - Gravimetric,Los Angeles-North Main Street,"1630 N MAIN ST, LOS ANGELES",California,Los Angeles,Los Angeles,"Los Angeles-Long Beach-Anaheim, CA",17-05-2024,pm25
6,37,1103,88101,1,34.06659,-118.22688,WGS84,PM2.5 - Local Conditions,24 HOUR,PM25 24-hour 2012,31-01-2022,Micrograms/cubic meter (LC),,1,100,23.2,23.2,0,77.0,145,R & P Model 2025 PM-2.5 Sequential Air Sampler w/VSCC - Gravimetric,Los Angeles-North Main Street,"1630 N MAIN ST, LOS ANGELES",California,Los Angeles,Los Angeles,"Los Angeles-Long Beach-Anaheim, CA",17-05-2024,pm25
6,37,1103,88101,1,34.06659,-118.22688,WGS84,PM2.5 - Local Conditions,24 HOUR,PM25 24-hour 2012,01-02-2022,Micrograms/cubic meter (LC),,1,100,21.9,21.9,0,75.0,145,R & P Model 2025 PM-2.5 Sequential Air Sampler w/VSCC - Gravimetric,Los Angeles-North Main Street,"1630 N MAIN ST, LOS ANGELES",California,Los Angeles,Los Angeles,"Los Angeles-Long Beach-Anaheim, CA",17-05-2024,pm25
6,37,1103,88101,1,34.06659,-118.22688,WGS84,PM2.5 - Local Conditions,24 HOUR,PM25 24-hour 2012,02-02-2022,Micrograms/cubic meter (LC),,1,100,12.7,12.7,0,58.0,145,R & P Model 2025 PM-2.5 Sequential Air Sampler w/VSCC - Gravimetric,Los Angeles-North Main Street,"1630 N MAIN ST, LOS ANGELES",California,Los Angeles,Los Angeles,"Los Angeles-Long Beach-Anaheim, CA",17-05-2024,pm25
6,37,1103,88101,1,34.06659,-118.22688,WGS84,PM2.5 - Local Conditions,24 HOUR,PM25 24-hour 2012,03-02-2022,Micrograms/cubic meter (LC),,1,100,9.4,9.4,0,52.0,145,R & P Model 2025 PM-2.5 Sequential Air Sampler w/VSCC - Gravimetric,Los Angeles-North Main Street,"1630 N MAIN ST, LOS ANGELES",California,Los Angeles,Los Angeles,"Los Angeles-Long Beach-Anaheim, CA",17-05-2024,pm25
6,37,1103,88101,1,34.06659,-118.22688,WGS84,PM2.5 - Local Conditions,24 HOUR,PM25 24-hour 2012,04-02-2022,Micrograms/cubic meter (LC),,1,100,10.6,10.6,0,54.0,145,R & P Model 2025 PM-2.5 Sequential Air Sampler w/VSCC - Gravimetric,Los Angeles-North Main Street,"1630 N MAIN ST, LOS ANGELES",California,Los Angeles,Los Angeles,"Los Angeles-Long Beach-Anaheim, CA",17-05-2024,pm25
6,37,1103,88101,1,34.06659,-118.22688,WGS84,PM2.5 - Local Conditions,24 HOUR,PM25 24-hour 2012,05-02-2022,Micrograms/cubic meter (LC),,1,100,10.2,10.2,0,53.0,145,R & P Model 2025 PM-2.5 Sequential Air Sampler w/VSCC - Gravimetric,Los Angeles-North Main Street,"1630 N MAIN ST, LOS ANGELES",California,Los Angeles,Los Angeles,"Los Angeles-Long Beach-Anaheim, CA",17-05-2024,pm25
6,37,1103,88101,1,34.06659,-118.22688,WGS84,PM2.5 - Local Conditions,24 HOUR,PM25 24-hour 2012,06-02-2022,Micrograms/cubic meter (LC),,1,100,11.1,11.1,0,55.0,145,R & P Model 2025 PM-2.5 Sequential Air Sampler w/VSCC - Gravimetric,Los Angeles-North Main Street,"1630 N MAIN ST, LOS ANGELES",California,Los Angeles,Los Angeles,"Los Angeles-Long Beach-Anaheim, CA",17-05-2024,pm25
6,37,1103,88101,1,34.06659,-118.22688,WGS84,PM2.5 - Local Conditions,24 HOUR,PM25 24-hour 2012,07-02-2022,Micrograms/cubic meter (LC),,1,100,7.6,7.6,0,42.0,145,R & P Model 2025 PM-2.5 Sequential Air Sampler w/VSCC - Gravimetric,Los Angeles-North Main Street,"1630 N MAIN ST, LOS ANGELES",California,Los Angeles,Los Angeles,"Los Angeles-Long Beach-Anaheim, CA",17-05-2024,pm25
6,37,1103,88101,1,34.06659,-118.22688,WGS84,PM2.5 - Local Conditions,24 HOUR,PM25 24-hour 2012,08-02-2022,Micrograms/cubic meter (LC),,1,100,9.0,9.0,0,50.0,145,R & P Model 2025 PM-2.5 Sequential Air Sampler w/VSCC - Gravimetric,Los Angeles-North Main Street,"1630 N MAIN ST, LOS ANGELES",California,Los Angeles,Los Angeles,"Los Angeles-Long Beach-Anaheim, CA",17-05-2024,pm25
6,37,1103,88101,1,34.06659,-118.22688,WGS84,PM2.5 - Local Conditions,24 HOUR,PM25 24-hour 2012,09-02-2022,Micrograms/cubic meter (LC),,1,100,8.4,8.4,0,47.0,145,R & P Model 2025 PM-2.5 Sequential Air Sampler w/VSCC - Gravimetric,Los Angeles-North Main Street,"1630 N MAIN ST, LOS ANGELES",California,Los Angeles,Los Angeles,"Los Angeles-Long Beach-Anaheim, CA",17-05-2024,pm25
6,37,1103,88101,1,34.06659,-118.22688,WGS84,PM2.5 - Local Conditions,24 HOUR,PM25 24-hour 2012,10-02-2022,Micrograms/cubic meter (LC),,1,100,8.3,8.3,0,46.0,145,R & P Model 2025 PM-2.5 Sequential Air Sampler w/VSCC - Gravimetric,Los Angeles-North Main Street,"1630 N MAIN ST, LOS ANGELES",California,Los Angeles,Los Angeles,"Los Angeles-Long Beach-Anaheim, CA",17-05-2024,pm25
6,37,1103,88101,1,34.06659,-118.22688,WGS84,PM2.5 - Local Conditions,24 HOUR,PM25 24-hour 2012,11-02-2022,Micrograms/cubic meter (LC),,1,100,9.8,9.8,0,52.0,145,R & P Model 2025 PM-2.5 Sequential Air Sampler w/VSCC - Gravimetric,Los Angeles-North Main Street,"1630 N MAIN ST, LOS ANGELES",California,Los Angeles,Los Angeles,"Los Angeles-Long Beach-Anaheim, CA",17-05-2024,pm25
6,37,1103,88101,1,34.06659,-118.22688,WGS84,PM2.5 - Local Conditions,24 HOUR,PM25 24-hour 2012,12-02-2022,Micrograms/cubic meter (LC),,1,100,8.7,8.7,0,48.0,145,R & P Model 2025 PM-2.5 Sequential Air Sampler w/VSCC - Gravimetric,Los Angeles-North Main Street,"1630 N MAIN ST, LOS ANGELES",California,Los Angeles,Los Angeles,"Los Angeles-Long Beach-Anaheim, CA",17-05-2024,pm25
6,37,1103,88101,1,34.06659,-118.22688,WGS84,PM2.5 - Local Conditions,24 HOUR,PM25 24-hour 2012,13-02-2022,Micrograms/cubic meter (LC),,1,100,7.5,7.5,0,42.0,145,R & P Model 2025 PM-2.5 Sequential Air Sampler w/VSCC - Gravimetric,Los Angeles-North Main Street,"1630 N MAIN ST, LOS ANGELES",California,Los Angeles,Los Angeles,"Los Angeles-Long Beach-Anaheim, CA",17-05-2024,pm25
6,37,1103,88101,1,34.06659,-118.22688,WGS84,PM2.5 - Local Conditions,24 HOUR,PM25 24-hour 2012,14-02-2022,Micrograms/cubic meter (LC),,1,100,12.2,12.2,0,57.0,145,R & P Model 2025 PM-2.5 Sequential Air Sampler w/VSCC - Gravimetric,Los Angeles-North Main Street,"1630 N MAIN ST, LOS ANGELES",California,Los Angeles,Los Angeles,"Los Angeles-Long Beach-Anaheim, CA",17-05-2024,pm25
6,37,1103,88101,1,34.06659,-118.22688,WGS84,PM2.5 - Local Conditions,24 HOUR,PM25 24-hour 2012,15-02-2022,Micrograms/cubic meter (LC),,1,100,7.0,7.0,0,39.0,145,R & P Model 2025 PM-2.5 Sequential Air Sampler w/VSCC - Gravimetric,Los Angeles-North Main Street,"1630 N MAIN ST, LOS ANGELES",California,Los Angeles,Los Angeles,"Los Angeles-Long Beach-Anaheim, CA",17-05-2024,pm25
6,37,1103,88101,1,34.06659,-118.22688,WGS84,PM2.5 - Local Conditions,24 HOUR,PM25 24-hour 2012,16-02-2022,Micrograms/cubic meter (LC),,1,100,7.2,7.2,0,40.0,145,R & P Model 2025 PM-2.5 Sequential Air Sampler w/VSCC - Gravimetric,Los Angeles-North Main Street,"1630 N MAIN ST, LOS ANGELES",California,Los Angeles,Los Angeles,"Los Angeles-Long Beach-Anaheim, CA",17-05-2024,pm25
6,37,1103,88101,1,34.06659,-118.22688,WGS84,PM2.5 - Local Conditions,24 HOUR,PM25 24-hour 2012,17-02-2022,Micrograms/cubic meter (LC),,1,100,7.2,7.2,0,40.0,145,R & P Model 2025 PM-2.5 Sequential Air Sampler w/VSCC - Gravimetric,Los Angeles-North Main Street,"1630 N MAIN ST, LOS ANGELES",California,Los Angeles,Los Angeles,"Los Angeles-Long Beach-Anaheim, CA",17-05-2024,pm25
6,37,1103,88101,1,34.06659,-118.22688,WGS84,PM2.5 - Local Conditions,24 HOUR,PM25 24-hour 2012,18-02-2022,Micrograms/cubic meter (LC),,1,100,7.2,7.2,0,40.0,145,R & P Model 2025 PM-2.5 Sequential Air Sampler w/VSCC - Gravimetric,Los Angeles-North Main Street,"1630 N MAIN ST, LOS ANGELES",California,Los Angeles,Los Angeles,"Los Angeles-Long Beach-Anaheim, CA",17-05-2024,pm25
6,37,1103,88101,1,34.06659,-118.22688,WGS84,PM2.5 - Local Conditions,24 HOUR,PM25 24-hour 2012,19-02-2022,Micrograms/cubic meter (LC),,1,100,9.1,9.1,0,51.0,145,R & P Model 2025 PM-2.5 Sequential Air Sampler w/VSCC - Gravimetric,Los Angeles-North Main Street,"1630 N MAIN ST, LOS ANGELES",California,Los Angeles,Los Angeles,"Los Angeles-Long Beach-Anaheim, CA",17-05-2024,pm25
6,37,1103,88101,1,34.06659,-118.22688,WGS84,PM2.5 - Local Conditions,24 HOUR,PM25 24-hour 2012,20-02-2022,Micrograms/cubic meter (LC),,1,100,19.0,19.0,0,69.0,145,R & P Model 2025 PM-2.5 Sequential Air Sampler w/VSCC - Gravimetric,Los Angeles-North Main Street,"1630 N MAIN ST, LOS ANGELES",California,Los Angeles,Los Angeles,"Los Angeles-Long Beach-Anaheim, CA",17-05-2024,pm25
6,37,1103,88101,1,34.06659,-118.22688,WGS84,PM2.5 - Local Conditions,24 HOUR,PM25 24-hour 2012,21-02-2022,Micrograms/cubic meter (LC),,1,100,10.0,10.0,0,53.0,145,R & P Model 2025 PM-2.5 Sequential Air Sampler w/VSCC - Gravimetric,Los Angeles-North Main Street,"1630 N MAIN ST, LOS ANGELES",California,Los Angeles,Los Angeles,"Los Angeles-Long Beach-Anaheim, CA",17-05-2024,pm25
6,37,1103,88101,1,34.06659,-118.22688,WGS84,PM2.5 - Local Conditions,24 HOUR,PM25 24-hour 2012,22-02-2022,Micrograms/cubic meter (LC),,1,100,5.2,5.2,0,29.0,145,R & P Model 2025 PM-2.5 Sequential Air Sampler w/VSCC - Gravimetric,Los Angeles-North Main Street,"1630 N MAIN ST, LOS ANGELES",California,Los Angeles,Los Angeles,"Los Angeles-Long Beach-Anaheim, CA",17-05-2024,pm25
6,37,1103,88101,1,34.06659,-118.22688,WGS84,PM2.5 - Local Conditions,24 HOUR,PM25 24-hour 2012,23-02-2022,Micrograms/cubic meter (LC),,1,100,2.4,2.4,0,13.0,145,R & P Model 2025 PM-2.5 Sequential Air Sampler w/VSCC - Gravimetric,Los Angeles-North Main Street,"1630 N MAIN ST, LOS ANGELES",California,Los Angeles,Los Angeles,"Los Angeles-Long Beach-Anaheim, CA",17-05-2024,pm25
6,37,1103,88101,1,34.06659,-118.22688,WGS84,PM2.5 - Local Conditions,24 HOUR,PM25 24-hour 2012,24-02-2022,Micrograms/cubic meter (LC),,1,100,5.1,5.1,0,28.0,145,R & P Model 2025 PM-2.5 Sequential Air Sampler w/VSCC - Gravimetric,Los Angeles-North Main Street,"1630 N MAIN ST, LOS ANGELES",California,Los Angeles,Los Angeles,"Los Angeles-Long Beach-Anaheim, CA",17-05-2024,pm25
6,37,1103,88101,1,34.06659,-118.22688,WGS84,PM2.5 - Local Conditions,24 HOUR,PM25 24-hour 2012,25-02-2022,Micrograms/cubic meter (LC),,1,100,9.1,9.1,0,51.0,145,R & P Model 2025 PM-2.5 Sequential Air Sampler w/VSCC - Gravimetric,Los Angeles-North Main Street,"1630 N MAIN ST, LOS ANGELES",California,Los Angeles,Los Angeles,"Los Angeles-Long Beach-Anaheim, CA",17-05-2024,pm25
6,37,1103,88101,1,34.06659,-118.22688,WGS84,PM2.5 - Local Conditions,24 HOUR,PM25 24-hour 2012,26-02-2022,Micrograms/cubic meter (LC),,1,100,8.3,8.3,0,46.0,145,R & P Model 2025 PM-2.5 Sequential Air Sampler w/VSCC - Gravimetric,Los Angeles-North Main Street,"1630 N MAIN ST, LOS ANGELES",California,Los Angeles,Los Angeles,"Los Angeles-Long Beach-Anaheim, CA",17-05-2024,pm25
6,37,1103,88101,1,34.06659,-118.22688,WGS84,PM2.5 - Local Conditions,24 HOUR,PM25 24-hour 2012,27-02-2022,Micrograms/cubic meter (LC),,1,100,6.0,6.0,0,33.0,145,R & P Model 2025 PM-2.5 Sequential Air Sampler w/VSCC - Gravimetric,Los Angeles-North Main Street,"1630 N MAIN ST, LOS ANGELES",California,Los Angeles,Los Angeles,"Los Angeles-Long Beach-Anaheim, CA",17-05-2024,pm25
6,37,1103,88101,1,34.06659,-118.22688,WGS84,PM2.5 - Local Conditions,24 HOUR,PM25 24-hour 2012,28-02-2022,Micrograms/cubic meter (LC),,1,100,7.6,7.6,0,42.0,145,R & P Model 2025 PM-2.5 Sequential Air Sampler w/VSCC - Gravimetric,Los Angeles-North Main Street,"1630 N MAIN ST, LOS ANGELES",California,Los Angeles,Los Angeles,"Los Angeles-Long Beach-Anaheim, CA",17-05-2024,pm25
6,37,1103,88101,1,34.06659,-118.22688,WGS84,PM2.5 - Local Conditions,24 HOUR,PM25 24-hour 2012,01-03-2022,Micrograms/cubic meter (LC),,1,100,7.1,7.1,0,39.0,145,R & P Model 2025 PM-2.5 Sequential Air Sampler w/VSCC - Gravimetric,Los Angeles-North Main Street,"1630 N MAIN ST, LOS ANGELES",California,Los Angeles,Los Angeles,"Los Angeles-Long Beach-Anaheim, CA",17-05-2024,pm25
6,37,1103,88101,1,34.06659,-118.22688,WGS84,PM2.5 - Local Conditions,24 HOUR,PM25 24-hour 2012,02-03-2022,Micrograms/cubic meter (LC),,1,100,12.0,12.0,0,56.0,145,R & P Model 2025 PM-2.5 Sequential Air Sampler w/VSCC - Gravimetric,Los Angeles-North Main Street,"1630 N MAIN ST, LOS ANGELES",California,Los Angeles,Los Angeles,"Los Angeles-Long Beach-Anaheim, CA",17-05-2024,pm25
6,37,1103,88101,1,34.06659,-118.22688,WGS84,PM2.5 - Local Conditions,24 HOUR,PM25 24-hour 2012,03-03-2022,Micrograms/cubic meter (LC),,1,100,17.7,17.7,0,67.0,145,R & P Model 2025 PM-2.5 Sequential Air Sampler w/VSCC - Gravimetric,Los Angeles-North Main Street,"1630 N MAIN ST, LOS ANGELES",California,Los Angeles,Los Angeles,"Los Angeles-Long Beach-Anaheim, CA",17-05-2024,pm25
6,37,1103,88101,1,34.06659,-118.22688,WGS84,PM2.5 - Local Conditions,24 HOUR,PM25 24-hour 2012,04-03-2022,Micrograms/cubic meter (LC),,1,100,5.4,5.4,0,30.0,145,R & P Model 2025 PM-2.5 Sequential Air Sampler w/VSCC - Gravimetric,Los Angeles-North Main Street,"1630 N MAIN ST, LOS ANGELES",California,Los Angeles,Los Angeles,"Los Angeles-Long Beach-Anaheim, CA",17-05-2024,pm25
6,37,1103,88101,1,34.06659,-118.22688,WGS84,PM2.5 - Local Conditions,24 HOUR,PM25 24-hour 2012,05-03-2022,Micrograms/cubic meter (LC),,1,100,6.2,6.2,0,34.0,145,R & P Model 2025 PM-2.5 Sequential Air Sampler w/VSCC - Gravimetric,Los Angeles-North Main Street,"1630 N MAIN ST, LOS ANGELES",California,Los Angeles,Los Angeles,"Los Angeles-Long Beach-Anaheim, CA",17-05-2024,pm25
6,37,1103,88101,1,34.06659,-118.22688,WGS84,PM2.5 - Local Conditions,24 HOUR,PM25 24-hour 2012,06-03-2022,Micrograms/cubic meter (LC),,1,100,7.1,7.1,0,39.0,145,R & P Model 2025 PM-2.5 Sequential Air Sampler w/VSCC - Gravimetric,Los Angeles-North Main Street,"1630 N MAIN ST, LOS ANGELES",California,Los Angeles,Los Angeles,"Los Angeles-Long Beach-Anaheim, CA",17-05-2024,pm25
6,37,1103,88101,1,34.06659,-118.22688,WGS84,PM2.5 - Local Conditions,24 HOUR,PM25 24-hour 2012,07-03-2022,Micrograms/cubic meter (LC),,1,100,8.7,8.7,0,48.0,145,R & P Model 2025 PM-2.5 Sequential Air Sampler w/VSCC - Gravimetric,Los Angeles-North Main Street,"1630 N MAIN ST, LOS ANGELES",California,Los Angeles,Los Angeles,"Los Angeles-Long Beach-Anaheim, CA",17-05-2024,pm25
6,37,1103,88101,1,34.06659,-118.22688,WGS84,PM2.5 - Local Conditions,24 HOUR,PM25 24-hour 2012,08-03-2022,Micrograms/cubic meter (LC),,1,100,7.1,7.1,0,39.0,145,R & P Model 2025 PM-2.5 Sequential Air Sampler w/VSCC - Gravimetric,Los Angeles-North Main Street,"1630 N MAIN ST, LOS ANGELES",California,Los Angeles,Los Angeles,"Los Angeles-Long Beach-Anaheim, CA",17-05-2024,pm25
6,37,1103,88101,1,34.06659,-118.22688,WGS84,PM2.5 - Local Conditions,24 HOUR,PM25 24-hour 2012,10-03-2022,Micrograms/cubic meter (LC),,1,100,13.9,13.9,0,60.0,145,R & P Model 2025 PM-2.5 Sequential Air Sampler w/VSCC - Gravimetric,Los Angeles-North Main Street,"1630 N MAIN ST, LOS ANGELES",California,Los Angeles,Los Angeles,"Los Angeles-Long Beach-Anaheim, CA",17-05-2024,pm25
6,37,1103,88101,1,34.06659,-118.22688,WGS84,PM2.5 - Local Conditions,24 HOUR,PM25 24-hour 2012,11-03-2022,Micrograms/cubic meter (LC),,1,100,8.9,8.9,0,49.0,145,R & P Model 2025 PM-2.5 Sequential Air Sampler w/VSCC - Gravimetric,Los Angeles-North Main Street,"1630 N MAIN ST, LOS ANGELES",California,Los Angeles,Los Angeles,"Los Angeles-Long Beach-Anaheim, CA",17-05-2024,pm25
6,37,1103,88101,1,34.06659,-118.22688,WGS84,PM2.5 - Local Conditions,24 HOUR,PM25 24-hour 2012,12-03-2022,Micrograms/cubic meter (LC),,1,100,7.2,7.2,0,40.0,145,R & P Model 2025 PM-2.5 Sequential Air Sampler w/VSCC - Gravimetric,Los Angeles-North Main Street,"1630 N MAIN ST, LOS ANGELES",California,Los Angeles,Los Angeles,"Los Angeles-Long Beach-Anaheim, CA",17-05-2024,pm25
6,37,1103,88101,1,34.06659,-118.22688,WGS84,PM2.5 - Local Conditions,24 HOUR,PM25 24-hour 2012,13-03-2022,Micrograms/cubic meter (LC),,1,100,11.0,11.0,0,55.0,145,R & P Model 2025 PM-2.5 Sequential Air Sampler w/VSCC - Gravimetric,Los Angeles-North Main Street,"1630 N MAIN ST, LOS ANGELES",California,Los Angeles,Los Angeles,"Los Angeles-Long Beach-Anaheim, CA",17-05-2024,pm25
6,37,1103,88101,1,34.06659,-118.22688,WGS84,PM2.5 - Local Conditions,24 HOUR,PM25 24-hour 2012,15-03-2022,Micrograms/cubic meter (LC),,1,100,13.4,13.4,0,59.0,145,R & P Model 2025 PM-2.5 Sequential Air Sampler w/VSCC - Gravimetric,Los Angeles-North Main Street,"1630 N MAIN ST, LOS ANGELES",California,Los Angeles,Los Angeles,"Los Angeles-Long Beach-Anaheim, CA",17-05-2024,pm25
6,37,1103,88101,1,34.06659,-118.22688,WGS84,PM2.5 - Local Conditions,24 HOUR,PM25 24-hour 2012,16-03-2022,Micrograms/cubic meter (LC),,1,100,9.1,9.1,0,51.0,145,R & P Model 2025 PM-2.5 Sequential Air Sampler w/VSCC - Gravimetric,Los Angeles-North Main Street,"1630 N MAIN ST, LOS ANGELES",California,Los Angeles,Los Angeles,"Los Angeles-Long Beach-Anaheim, CA",17-05-2024,pm25
6,37,1103,88101,1,34.06659,-118.22688,WGS84,PM2.5 - Local Conditions,24 HOUR,PM25 24-hour 2012,17-03-2022,Micrograms/cubic meter (LC),,1,100,10.3,10.3,0,53.0,145,R & P Model 2025 PM-2.5 Sequential Air Sampler w/VSCC - Gravimetric,Los Angeles-North Main Street,"1630 N MAIN ST, LOS ANGELES",California,Los Angeles,Los Angeles,"Los Angeles-Long Beach-Anaheim, CA",17-05-2024,pm25
6,37,1103,88101,1,34.06659,-118.22688,WGS84,PM2.5 - Local Conditions,24 HOUR,PM25 24-hour 2012,18-03-2022,Micrograms/cubic meter (LC),,1,100,11.5,11.5,0,55.0,145,R & P Model 2025 PM-2.5 Sequential Air Sampler w/VSCC - Gravimetric,Los Angeles-North Main Street,"1630 N MAIN ST, LOS ANGELES",California,Los Angeles,Los Angeles,"Los Angeles-Long Beach-Anaheim, CA",17-05-2024,pm25
6,37,1103,88101,1,34.06659,-118.22688,WGS84,PM2.5 - Local Conditions,24 HOUR,PM25 24-hour 2012,19-03-2022,Micrograms/cubic meter (LC),,1,100,11.8,11.8,0,56.0,145,R & P Model 2025 PM-2.5 Sequential Air Sampler w/VSCC - Gravimetric,Los Angeles-North Main Street,"1630 N MAIN ST, LOS ANGELES",California,Los Angeles,Los Angeles,"Los Angeles-Long Beach-Anaheim, CA",17-05-2024,pm25
6,37,1103,88101,1,34.06659,-118.22688,WGS84,PM2.5 - Local Conditions,24 HOUR,PM25 24-hour 2012,20-03-2022,Micrograms/cubic meter (LC),,1,100,2.6,2.6,0,14.0,145,R & P Model 2025 PM-2.5 Sequential Air Sampler w/VSCC - Gravimetric,Los Angeles-North Main Street,"1630 N MAIN ST, LOS ANGELES",California,Los Angeles,Los Angeles,"Los Angeles-Long Beach-Anaheim, CA",17-05-2024,pm25
6,37,1103,88101,1,34.06659,-118.22688,WGS84,PM2.5 - Local Conditions,24 HOUR,PM25 24-hour 2012,21-03-2022,Micrograms/cubic meter (LC),,1,100,11.1,11.1,0,55.0,145,R & P Model 2025 PM-2.5 Sequential Air Sampler w/VSCC - Gravimetric,Los Angeles-North Main Street,"1630 N MAIN ST, LOS ANGELES",California,Los Angeles,Los Angeles,"Los Angeles-Long Beach-Anaheim, CA",17-05-2024,pm25
6,37,1103,88101,1,34.06659,-118.22688,WGS84,PM2.5 - Local Conditions,24 HOUR,PM25 24-hour 2012,22-03-2022,Micrograms/cubic meter (LC),,1,100,9.9,9.9,0,52.0,145,R & P Model 2025 PM-2.5 Sequential Air Sampler w/VSCC - Gravimetric,Los Angeles-North Main Street,"1630 N MAIN ST, LOS ANGELES",California,Los Angeles,Los Angeles,"Los Angeles-Long Beach-Anaheim, CA",17-05-2024,pm25
6,37,1103,88101,1,34.06659,-118.22688,WGS84,PM2.5 - Local Conditions,24 HOUR,PM25 24-hour 2012,23-03-2022,Micrograms/cubic meter (LC),,1,100,7.2,7.2,0,40.0,145,R & P Model 2025 PM-2.5 Sequential Air Sampler w/VSCC - Gravimetric,Los Angeles-North Main Street,"1630 N MAIN ST, LOS ANGELES",California,Los Angeles,Los Angeles,"Los Angeles-Long Beach-Anaheim, CA",17-05-2024,pm25
6,37,1103,88101,1,34.06659,-118.22688,WGS84,PM2.5 - Local Conditions,24 HOUR,PM25 24-hour 2012,24-03-2022,Micrograms/cubic meter (LC),,1,100,9.6,9.6,0,52.0,145,R & P Model 2025 PM-2.5 Sequential Air Sampler w/VSCC - Gravimetric,Los Angeles-North Main Street,"1630 N MAIN ST, LOS ANGELES",California,Los Angeles,Los Angeles,"Los Angeles-Long Beach-Anaheim, CA",17-05-2024,pm25
6,37,1103,88101,1,34.06659,-118.22688,WGS84,PM2.5 - Local Conditions,24 HOUR,PM25 24-hour 2012,25-03-2022,Micrograms/cubic meter (LC),,1,100,12.2,12.2,0,57.0,145,R & P Model 2025 PM-2.5 Sequential Air Sampler w/VSCC - Gravimetric,Los Angeles-North Main Street,"1630 N MAIN ST, LOS ANGELES",California,Los Angeles,Los Angeles,"Los Angeles-Long Beach-Anaheim, CA",17-05-2024,pm25
6,37,1103,88101,1,34.06659,-118.22688,WGS84,PM2.5 - Local Conditions,24 HOUR,PM25 24-hour 2012,26-03-2022,Micrograms/cubic meter (LC),,1,100,16.7,16.7,0,65.0,145,R & P Model 2025 PM-2.5 Sequential Air Sampler w/VSCC - Gravimetric,Los Angeles-North Main Street,"1630 N MAIN ST, LOS ANGELES",California,Los Angeles,Los Angeles,"Los Angeles-Long Beach-Anaheim, CA",17-05-2024,pm25
6,37,1103,88101,1,34.06659,-118.22688,WGS84,PM2.5 - Local Conditions,24 HOUR,PM25 24-hour 2012,27-03-2022,Micrograms/cubic meter (LC),,1,100,7.5,7.5,0,42.0,145,R & P Model 2025 PM-2.5 Sequential Air Sampler w/VSCC - Gravimetric,Los Angeles-North Main Street,"1630 N MAIN ST, LOS ANGELES",California,Los Angeles,Los Angeles,"Los Angeles-Long Beach-Anaheim, CA",17-05-2024,pm25
6,37,1103,88101,1,34.06659,-118.22688,WGS84,PM2.5 - Local Conditions,24 HOUR,PM25 24-hour 2012,28-03-2022,Micrograms/cubic meter (LC),,1,100,4.9,4.9,0,27.0,145,R & P Model 2025 PM-2.5 Sequential Air Sampler w/VSCC - Gravimetric,Los Angeles-North Main Street,"1630 N MAIN ST, LOS ANGELES",California,Los Angeles,Los Angeles,"Los Angeles-Long Beach-Anaheim, CA",17-05-2024,pm25
6,37,1103,88101,1,34.06659,-118.22688,WGS84,PM2.5 - Local Conditions,24 HOUR,PM25 24-hour 2012,29-03-2022,Micrograms/cubic meter (LC),,1,100,6.2,6.2,0,34.0,145,R & P Model 2025 PM-2.5 Sequential Air Sampler w/VSCC - Gravimetric,Los Angeles-North Main Street,"1630 N MAIN ST, LOS ANGELES",California,Los Angeles,Los Angeles,"Los Angeles-Long Beach-Anaheim, CA",17-05-2024,pm25
6,37,1103,88101,1,34.06659,-118.22688,WGS84,PM2.5 - Local Conditions,24 HOUR,PM25 24-hour 2012,30-03-2022,Micrograms/cubic meter (LC),,1,100,9.3,9.3,0,51.0,145,R & P Model 2025 PM-2.5 Sequential Air Sampler w/VSCC - Gravimetric,Los Angeles-North Main Street,"1630 N MAIN ST, LOS ANGELES",California,Los Angeles,Los Angeles,"Los Angeles-Long Beach-Anaheim, CA",17-05-2024,pm25
6,37,1103,88101,1,34.06659,-118.22688,WGS84,PM2.5 - Local Conditions,24 HOUR,PM25 24-hour 2012,31-03-2022,Micrograms/cubic meter (LC),,1,100,10.1,10.1,0,53.0,145,R & P Model 2025 PM-2.5 Sequential Air Sampler w/VSCC - Gravimetric,Los Angeles-North Main Street,"1630 N MAIN ST, LOS ANGELES",California,Los Angeles,Los Angeles,"Los Angeles-Long Beach-Anaheim, CA",17-05-2024,pm25
6,37,1103,88101,1,34.06659,-118.22688,WGS84,PM2.5 - Local Conditions,24 HOUR,PM25 24-hour 2012,01-04-2022,Micrograms/cubic meter (LC),,1,100,12.0,12.0,0,56.0,145,R & P Model 2025 PM-2.5 Sequential Air Sampler w/VSCC - Gravimetric,Los Angeles-North Main Street,"1630 N MAIN ST, LOS ANGELES",California,Los Angeles,Los Angeles,"Los Angeles-Long Beach-Anaheim, CA",17-05-2024,pm25
6,37,1103,88101,1,34.06659,-118.22688,WGS84,PM2.5 - Local Conditions,24 HOUR,PM25 24-hour 2012,02-04-2022,Micrograms/cubic meter (LC),,1,100,12.4,12.4,0,57.0,145,R & P Model 2025 PM-2.5 Sequential Air Sampler w/VSCC - Gravimetric,Los Angeles-North Main Street,"1630 N MAIN ST, LOS ANGELES",California,Los Angeles,Los Angeles,"Los Angeles-Long Beach-Anaheim, CA",17-05-2024,pm25
6,37,1103,88101,1,34.06659,-118.22688,WGS84,PM2.5 - Local Conditions,24 HOUR,PM25 24-hour 2012,03-04-2022,Micrograms/cubic meter (LC),,1,100,9.7,9.7,0,52.0,145,R & P Model 2025 PM-2.5 Sequential Air Sampler w/VSCC - Gravimetric,Los Angeles-North Main Street,"1630 N MAIN ST, LOS ANGELES",California,Los Angeles,Los Angeles,"Los Angeles-Long Beach-Anaheim, CA",17-05-2024,pm25
6,37,1103,88101,1,34.06659,-118.22688,WGS84,PM2.5 - Local Conditions,24 HOUR,PM25 24-hour 2012,04-04-2022,Micrograms/cubic meter (LC),,1,100,13.8,13.8,0,60.0,145,R & P Model 2025 PM-2.5 Sequential Air Sampler w/VSCC - Gravimetric,Los Angeles-North Main Street,"1630 N MAIN ST, LOS ANGELES",California,Los Angeles,Los Angeles,"Los Angeles-Long Beach-Anaheim, CA",17-05-2024,pm25
6,37,1103,88101,1,34.06659,-118.22688,WGS84,PM2.5 - Local Conditions,24 HOUR,PM25 24-hour 2012,06-04-2022,Micrograms/cubic meter (LC),,1,100,14.7,14.7,0,61.0,145,R & P Model 2025 PM-2.5 Sequential Air Sampler w/VSCC - Gravimetric,Los Angeles-North Main Street,"1630 N MAIN ST, LOS ANGELES",California,Los Angeles,Los Angeles,"Los Angeles-Long Beach-Anaheim, CA",17-05-2024,pm25
6,37,1103,88101,1,34.06659,-118.22688,WGS84,PM2.5 - Local Conditions,24 HOUR,PM25 24-hour 2012,07-04-2022,Micrograms/cubic meter (LC),,1,100,11.9,11.9,0,56.0,145,R & P Model 2025 PM-2.5 Sequential Air Sampler w/VSCC - Gravimetric,Los Angeles-North Main Street,"1630 N MAIN ST, LOS ANGELES",California,Los Angeles,Los Angeles,"Los Angeles-Long Beach-Anaheim, CA",17-05-2024,pm25
6,37,1103,88101,1,34.06659,-118.22688,WGS84,PM2.5 - Local Conditions,24 HOUR,PM25 24-hour 2012,08-04-2022,Micrograms/cubic meter (LC),,1,100,9.5,9.5,0,52.0,145,R & P Model 2025 PM-2.5 Sequential Air Sampler w/VSCC - Gravimetric,Los Angeles-North Main Street,"1630 N MAIN ST, LOS ANGELES",California,Los Angeles,Los Angeles,"Los Angeles-Long Beach-Anaheim, CA",17-05-2024,pm25
6,37,1103,88101,1,34.06659,-118.22688,WGS84,PM2.5 - Local Conditions,24 HOUR,PM25 24-hour 2012,09-04-2022,Micrograms/cubic meter (LC),,1,100,18.4,18.4,0,68.0,145,R & P Model 2025 PM-2.5 Sequential Air Sampler w/VSCC - Gravimetric,Los Angeles-North Main Street,"1630 N MAIN ST, LOS ANGELES",California,Los Angeles,Los Angeles,"Los Angeles-Long Beach-Anaheim, CA",17-05-2024,pm25
6,37,1103,88101,1,34.06659,-118.22688,WGS84,PM2.5 - Local Conditions,24 HOUR,PM25 24-hour 2012,10-04-2022,Micrograms/cubic meter (LC),,1,100,20.2,20.2,0,72.0,145,R & P Model 2025 PM-2.5 Sequential Air Sampler w/VSCC - Gravimetric,Los Angeles-North Main Street,"1630 N MAIN ST, LOS ANGELES",California,Los Angeles,Los Angeles,"Los Angeles-Long Beach-Anaheim, CA",17-05-2024,pm25
6,37,1103,88101,1,34.06659,-118.22688,WGS84,PM2.5 - Local Conditions,24 HOUR,PM25 24-hour 2012,11-04-2022,Micrograms/cubic meter (LC),,1,100,14.2,14.2,0,61.0,145,R & P Model 2025 PM-2.5 Sequential Air Sampler w/VSCC - Gravimetric,Los Angeles-North Main Street,"1630 N MAIN ST, LOS ANGELES",California,Los Angeles,Los Angeles,"Los Angeles-Long Beach-Anaheim, CA",17-05-2024,pm25
6,37,1103,88101,1,34.06659,-118.22688,WGS84,PM2.5 - Local Conditions,24 HOUR,PM25 24-hour 2012,12-04-2022,Micrograms/cubic meter (LC),,1,100,3.8,3.8,0,21.0,145,R & P Model 2025 PM-2.5 Sequential Air Sampler w/VSCC - Gravimetric,Los Angeles-North Main Street,"1630 N MAIN ST, LOS ANGELES",California,Los Angeles,Los Angeles,"Los Angeles-Long Beach-Anaheim, CA",17-05-2024,pm25
6,37,1103,88101,1,34.06659,-118.22688,WGS84,PM2.5 - Local Conditions,24 HOUR,PM25 24-hour 2012,14-04-2022,Micrograms/cubic meter (LC),,1,100,10.0,10.0,0,53.0,145,R & P Model 2025 PM-2.5 Sequential Air Sampler w/VSCC - Gravimetric,Los Angeles-North Main Street,"1630 N MAIN ST, LOS ANGELES",California,Los Angeles,Los Angeles,"Los Angeles-Long Beach-Anaheim, CA",17-05-2024,pm25
6,37,1103,88101,1,34.06659,-118.22688,WGS84,PM2.5 - Local Conditions,24 HOUR,PM25 24-hour 2012,15-04-2022,Micrograms/cubic meter (LC),,1,100,8.8,8.8,0,49.0,145,R & P Model 2025 PM-2.5 Sequential Air Sampler w/VSCC - Gravimetric,Los Angeles-North Main Street,"1630 N MAIN ST, LOS ANGELES",California,Los Angeles,Los Angeles,"Los Angeles-Long Beach-Anaheim, CA",17-05-2024,pm25
6,37,1103,88101,1,34.06659,-118.22688,WGS84,PM2.5 - Local Conditions,24 HOUR,PM25 24-hour 2012,16-04-2022,Micrograms/cubic meter (LC),,1,100,5.5,5.5,0,31.0,145,R & P Model 2025 PM-2.5 Sequential Air Sampler w/VSCC - Gravimetric,Los Angeles-North Main Street,"1630 N MAIN ST, LOS ANGELES",California,Los Angeles,Los Angeles,"Los Angeles-Long Beach-Anaheim, CA",17-05-2024,pm25
6,37,1103,88101,1,34.06659,-118.22688,WGS84,PM2.5 - Local Conditions,24 HOUR,PM25 24-hour 2012,17-04-2022,Micrograms/cubic meter (LC),,1,100,7.5,7.5,0,42.0,145,R & P Model 2025 PM-2.5 Sequential Air Sampler w/VSCC - Gravimetric,Los Angeles-North Main Street,"1630 N MAIN ST, LOS ANGELES",California,Los Angeles,Los Angeles,"Los Angeles-Long Beach-Anaheim, CA",17-05-2024,pm25
6,37,1103,88101,1,34.06659,-118.22688,WGS84,PM2.5 - Local Conditions,24 HOUR,PM25 24-hour 2012,18-04-2022,Micrograms/cubic meter (LC),,1,100,10.0,10.0,0,53.0,145,R & P Model 2025 PM-2.5 Sequential Air Sampler w/VSCC - Gravimetric,Los Angeles-North Main Street,"1630 N MAIN ST, LOS ANGELES",California,Los Angeles,Los Angeles,"Los Angeles-Long Beach-Anaheim, CA",17-05-2024,pm25
6,37,1103,88101,1,34.06659,-118.22688,WGS84,PM2.5 - Local Conditions,24 HOUR,PM25 24-hour 2012,19-04-2022,Micrograms/cubic meter (LC),,1,100,8.5,8.5,0,47.0,145,R & P Model 2025 PM-2.5 Sequential Air Sampler w/VSCC - Gravimetric,Los Angeles-North Main Street,"1630 N MAIN ST, LOS ANGELES",California,Los Angeles,Los Angeles,"Los Angeles-Long Beach-Anaheim, CA",17-05-2024,pm25
6,37,1103,88101,1,34.06659,-118.22688,WGS84,PM2.5 - Local Conditions,24 HOUR,PM25 24-hour 2012,20-04-2022,Micrograms/cubic meter (LC),,1,100,6.4,6.4,0,36.0,145,R & P Model 2025 PM-2.5 Sequential Air Sampler w/VSCC - Gravimetric,Los Angeles-North Main Street,"1630 N MAIN ST, LOS ANGELES",California,Los Angeles,Los Angeles,"Los Angeles-Long Beach-Anaheim, CA",17-05-2024,pm25
6,37,1103,88101,1,34.06659,-118.22688,WGS84,PM2.5 - Local Conditions,24 HOUR,PM25 24-hour 2012,21-04-2022,Micrograms/cubic meter (LC),,1,100,5.9,5.9,0,33.0,145,R & P Model 2025 PM-2.5 Sequential Air Sampler w/VSCC - Gravimetric,Los Angeles-North Main Street,"1630 N MAIN ST, LOS ANGELES",California,Los Angeles,Los Angeles,"Los Angeles-Long Beach-Anaheim, CA",17-05-2024,pm25
6,37,1103,88101,1,34.06659,-118.22688,WGS84,PM2.5 - Local Conditions,24 HOUR,PM25 24-hour 2012,22-04-2022,Micrograms/cubic meter (LC),,1,100,5.9,5.9,0,33.0,145,R & P Model 2025 PM-2.5 Sequential Air Sampler w/VSCC - Gravimetric,Los Angeles-North Main Street,"1630 N MAIN ST, LOS ANGELES",California,Los Angeles,Los Angeles,"Los Angeles-Long Beach-Anaheim, CA",17-05-2024,pm25
6,37,1103,88101,1,34.06659,-118.22688,WGS84,PM2.5 - Local Conditions,24 HOUR,PM25 24-hour 2012,23-04-2022,Micrograms/cubic meter (LC),,1,100,9.4,9.4,0,52.0,145,R & P Model 2025 PM-2.5 Sequential Air Sampler w/VSCC - Gravimetric,Los Angeles-North Main Street,"1630 N MAIN ST, LOS ANGELES",California,Los Angeles,Los Angeles,"Los Angeles-Long Beach-Anaheim, CA",17-05-2024,pm25
6,37,1103,88101,1,34.06659,-118.22688,WGS84,PM2.5 - Local Conditions,24 HOUR,PM25 24-hour 2012,24-04-2022,Micrograms/cubic meter (LC),,1,100,6.1,6.1,0,34.0,145,R & P Model 2025 PM-2.5 Sequential Air Sampler w/VSCC - Gravimetric,Los Angeles-North Main Street,"1630 N MAIN ST, LOS ANGELES",California,Los Angeles,Los Angeles,"Los Angeles-Long Beach-Anaheim, CA",17-05-2024,pm25
6,37,1103,88101,1,34.06659,-118.22688,WGS84,PM2.5 - Local Conditions,24 HOUR,PM25 24-hour 2012,25-04-2022,Micrograms/cubic meter (LC),,1,100,7.5,7.5,0,42.0,145,R & P Model 2025 PM-2.5 Sequential Air Sampler w/VSCC - Gravimetric,Los Angeles-North Main Street,"1630 N MAIN ST, LOS ANGELES",California,Los Angeles,Los Angeles,"Los Angeles-Long Beach-Anaheim, CA",17-05-2024,pm25
6,37,1103,88101,1,34.06659,-118.22688,WGS84,PM2.5 - Local Conditions,24 HOUR,PM25 24-hour 2012,26-04-2022,Micrograms/cubic meter (LC),,1,100,14.1,14.1,0,60.0,145,R & P Model 2025 PM-2.5 Sequential Air Sampler w/VSCC - Gravimetric,Los Angeles-North Main Street,"1630 N MAIN ST, LOS ANGELES",California,Los Angeles,Los Angeles,"Los Angeles-Long Beach-Anaheim, CA",17-05-2024,pm25
6,37,1103,88101,1,34.06659,-118.22688,WGS84,PM2.5 - Local Conditions,24 HOUR,PM25 24-hour 2012,27-04-2022,Micrograms/cubic meter (LC),,1,100,18.8,18.8,0,69.0,145,R & P Model 2025 PM-2.5 Sequential Air Sampler w/VSCC - Gravimetric,Los Angeles-North Main Street,"1630 N MAIN ST, LOS ANGELES",California,Los Angeles,Los Angeles,"Los Angeles-Long Beach-Anaheim, CA",17-05-2024,pm25
6,37,1103,88101,1,34.06659,-118.22688,WGS84,PM2.5 - Local Conditions,24 HOUR,PM25 24-hour 2012,28-04-2022,Micrograms/cubic meter (LC),,1,100,15.3,15.3,0,63.0,145,R & P Model 2025 PM-2.5 Sequential Air Sampler w/VSCC - Gravimetric,Los Angeles-North Main Street,"1630 N MAIN ST, LOS ANGELES",California,Los Angeles,Los Angeles,"Los Angeles-Long Beach-Anaheim, CA",17-05-2024,pm25
6,37,1103,88101,1,34.06659,-118.22688,WGS84,PM2.5 - Local Conditions,24 HOUR,PM25 24-hour 2012,29-04-2022,Micrograms/cubic meter (LC),,1,100,14.9,14.9,0,62.0,145,R & P Model 2025 PM-2.5 Sequential Air Sampler w/VSCC - Gravimetric,Los Angeles-North Main Street,"1630 N MAIN ST, LOS ANGELES",California,Los Angeles,Los Angeles,"Los Angeles-Long Beach-Anaheim, CA",17-05-2024,pm25
6,37,1103,88101,1,34.06659,-118.22688,WGS84,PM2.5 - Local Conditions,24 HOUR,PM25 24-hour 2012,30-04-2022,Micrograms/cubic meter (LC),,1,100,15.7,15.7,0,63.0,145,R & P Model 2025 PM-2.5 Sequential Air Sampler w/VSCC - Gravimetric,Los Angeles-North Main Street,"1630 N MAIN ST, LOS ANGELES",California,Los Angeles,Los Angeles,"Los Angeles-Long Beach-Anaheim, CA",17-05-2024,pm25
6,37,1103,88101,1,34.06659,-118.22688,WGS84,PM2.5 - Local Conditions,24 HOUR,PM25 24-hour 2012,01-05-2022,Micrograms/cubic meter (LC),,1,100,16.8,16.8,0,65.0,145,R & P Model 2025 PM-2.5 Sequential Air Sampler w/VSCC - Gravimetric,Los Angeles-North Main Street,"1630 N MAIN ST, LOS ANGELES",California,Los Angeles,Los Angeles,"Los Angeles-Long Beach-Anaheim, CA",17-05-2024,pm25
6,37,1103,88101,1,34.06659,-118.22688,WGS84,PM2.5 - Local Conditions,24 HOUR,PM25 24-hour 2012,02-05-2022,Micrograms/cubic meter (LC),,1,100,14.5,14.5,0,61.0,145,R & P Model 2025 PM-2.5 Sequential Air Sampler w/VSCC - Gravimetric,Los Angeles-North Main Street,"1630 N MAIN ST, LOS ANGELES",California,Los Angeles,Los Angeles,"Los Angeles-Long Beach-Anaheim, CA",17-05-2024,pm25
6,37,1103,88101,1,34.06659,-118.22688,WGS84,PM2.5 - Local Conditions,24 HOUR,PM25 24-hour 2012,03-05-2022,Micrograms/cubic meter (LC),,1,100,12.8,12.8,0,58.0,145,R & P Model 2025 PM-2.5 Sequential Air Sampler w/VSCC - Gravimetric,Los Angeles-North Main Street,"1630 N MAIN ST, LOS ANGELES",California,Los Angeles,Los Angeles,"Los Angeles-Long Beach-Anaheim, CA",17-05-2024,pm25
6,37,1103,88101,1,34.06659,-118.22688,WGS84,PM2.5 - Local Conditions,24 HOUR,PM25 24-hour 2012,04-05-2022,Micrograms/cubic meter (LC),,1,100,16.0,16.0,0,64.0,145,R & P Model 2025 PM-2.5 Sequential Air Sampler w/VSCC - Gravimetric,Los Angeles-North Main Street,"1630 N MAIN ST, LOS ANGELES",California,Los Angeles,Los Angeles,"Los Angeles-Long Beach-Anaheim, CA",17-05-2024,pm25
6,37,1103,88101,1,34.06659,-118.22688,WGS84,PM2.5 - Local Conditions,24 HOUR,PM25 24-hour 2012,05-05-2022,Micrograms/cubic meter (LC),,1,100,17.4,17.4,0,66.0,145,R & P Model 2025 PM-2.5 Sequential Air Sampler w/VSCC - Gravimetric,Los Angeles-North Main Street,"1630 N MAIN ST, LOS ANGELES",California,Los Angeles,Los Angeles,"Los Angeles-Long Beach-Anaheim, CA",17-05-2024,pm25
6,37,1103,88101,1,34.06659,-118.22688,WGS84,PM2.5 - Local Conditions,24 HOUR,PM25 24-hour 2012,06-05-2022,Micrograms/cubic meter (LC),,1,100,12.8,12.8,0,58.0,145,R & P Model 2025 PM-2.5 Sequential Air Sampler w/VSCC - Gravimetric,Los Angeles-North Main Street,"1630 N MAIN ST, LOS ANGELES",California,Los Angeles,Los Angeles,"Los Angeles-Long Beach-Anaheim, CA",17-05-2024,pm25
6,37,1103,88101,1,34.06659,-118.22688,WGS84,PM2.5 - Local Conditions,24 HOUR,PM25 24-hour 2012,07-05-2022,Micrograms/cubic meter (LC),,1,100,11.6,11.6,0,56.0,145,R & P Model 2025 PM-2.5 Sequential Air Sampler w/VSCC - Gravimetric,Los Angeles-North Main Street,"1630 N MAIN ST, LOS ANGELES",California,Los Angeles,Los Angeles,"Los Angeles-Long Beach-Anaheim, CA",17-05-2024,pm25
6,37,1103,88101,1,34.06659,-118.22688,WGS84,PM2.5 - Local Conditions,24 HOUR,PM25 24-hour 2012,08-05-2022,Micrograms/cubic meter (LC),,1,100,11.4,11.4,0,55.0,145,R & P Model 2025 PM-2.5 Sequential Air Sampler w/VSCC - Gravimetric,Los Angeles-North Main Street,"1630 N MAIN ST, LOS ANGELES",California,Los Angeles,Los Angeles,"Los Angeles-Long Beach-Anaheim, CA",17-05-2024,pm25
6,37,1103,88101,1,34.06659,-118.22688,WGS84,PM2.5 - Local Conditions,24 HOUR,PM25 24-hour 2012,09-05-2022,Micrograms/cubic meter (LC),,1,100,10.0,10.0,0,53.0,145,R & P Model 2025 PM-2.5 Sequential Air Sampler w/VSCC - Gravimetric,Los Angeles-North Main Street,"1630 N MAIN ST, LOS ANGELES",California,Los Angeles,Los Angeles,"Los Angeles-Long Beach-Anaheim, CA",17-05-2024,pm25
6,37,1103,88101,1,34.06659,-118.22688,WGS84,PM2.5 - Local Conditions,24 HOUR,PM25 24-hour 2012,10-05-2022,Micrograms/cubic meter (LC),,1,100,8.5,8.5,0,47.0,145,R & P Model 2025 PM-2.5 Sequential Air Sampler w/VSCC - Gravimetric,Los Angeles-North Main Street,"1630 N MAIN ST, LOS ANGELES",California,Los Angeles,Los Angeles,"Los Angeles-Long Beach-Anaheim, CA",17-05-2024,pm25
6,37,1103,88101,1,34.06659,-118.22688,WGS84,PM2.5 - Local Conditions,24 HOUR,PM25 24-hour 2012,11-05-2022,Micrograms/cubic meter (LC),,1,100,5.2,5.2,0,29.0,145,R & P Model 2025 PM-2.5 Sequential Air Sampler w/VSCC - Gravimetric,Los Angeles-North Main Street,"1630 N MAIN ST, LOS ANGELES",California,Los Angeles,Los Angeles,"Los Angeles-Long Beach-Anaheim, CA",17-05-2024,pm25
6,37,1103,88101,1,34.06659,-118.22688,WGS84,PM2.5 - Local Conditions,24 HOUR,PM25 24-hour 2012,12-05-2022,Micrograms/cubic meter (LC),,1,100,6.7,6.7,0,37.0,145,R & P Model 2025 PM-2.5 Sequential Air Sampler w/VSCC - Gravimetric,Los Angeles-North Main Street,"1630 N MAIN ST, LOS ANGELES",California,Los Angeles,Los Angeles,"Los Angeles-Long Beach-Anaheim, CA",17-05-2024,pm25
6,37,1103,88101,1,34.06659,-118.22688,WGS84,PM2.5 - Local Conditions,24 HOUR,PM25 24-hour 2012,13-05-2022,Micrograms/cubic meter (LC),,1,100,9.5,9.5,0,52.0,145,R & P Model 2025 PM-2.5 Sequential Air Sampler w/VSCC - Gravimetric,Los Angeles-North Main Street,"1630 N MAIN ST, LOS ANGELES",California,Los Angeles,Los Angeles,"Los Angeles-Long Beach-Anaheim, CA",17-05-2024,pm25
6,37,1103,88101,1,34.06659,-118.22688,WGS84,PM2.5 - Local Conditions,24 HOUR,PM25 24-hour 2012,14-05-2022,Micrograms/cubic meter (LC),,1,100,11.6,11.6,0,56.0,145,R & P Model 2025 PM-2.5 Sequential Air Sampler w/VSCC - Gravimetric,Los Angeles-North Main Street,"1630 N MAIN ST, LOS ANGELES",California,Los Angeles,Los Angeles,"Los Angeles-Long Beach-Anaheim, CA",17-05-2024,pm25
6,37,1103,88101,1,34.06659,-118.22688,WGS84,PM2.5 - Local Conditions,24 HOUR,PM25 24-hour 2012,15-05-2022,Micrograms/cubic meter (LC),,1,100,16.5,16.5,0,65.0,145,R & P Model 2025 PM-2.5 Sequential Air Sampler w/VSCC - Gravimetric,Los Angeles-North Main Street,"1630 N MAIN ST, LOS ANGELES",California,Los Angeles,Los Angeles,"Los Angeles-Long Beach-Anaheim, CA",17-05-2024,pm25
6,37,1103,88101,1,34.06659,-118.22688,WGS84,PM2.5 - Local Conditions,24 HOUR,PM25 24-hour 2012,16-05-2022,Micrograms/cubic meter (LC),,1,100,13.7,13.7,0,60.0,145,R & P Model 2025 PM-2.5 Sequential Air Sampler w/VSCC - Gravimetric,Los Angeles-North Main Street,"1630 N MAIN ST, LOS ANGELES",California,Los Angeles,Los Angeles,"Los Angeles-Long Beach-Anaheim, CA",17-05-2024,pm25
6,37,1103,88101,1,34.06659,-118.22688,WGS84,PM2.5 - Local Conditions,24 HOUR,PM25 24-hour 2012,17-05-2022,Micrograms/cubic meter (LC),,1,100,12.7,12.7,0,58.0,145,R & P Model 2025 PM-2.5 Sequential Air Sampler w/VSCC - Gravimetric,Los Angeles-North Main Street,"1630 N MAIN ST, LOS ANGELES",California,Los Angeles,Los Angeles,"Los Angeles-Long Beach-Anaheim, CA",17-05-2024,pm25
6,37,1103,88101,1,34.06659,-118.22688,WGS84,PM2.5 - Local Conditions,24 HOUR,PM25 24-hour 2012,18-05-2022,Micrograms/cubic meter (LC),,1,100,15.7,15.7,0,63.0,145,R & P Model 2025 PM-2.5 Sequential Air Sampler w/VSCC - Gravimetric,Los Angeles-North Main Street,"1630 N MAIN ST, LOS ANGELES",California,Los Angeles,Los Angeles,"Los Angeles-Long Beach-Anaheim, CA",17-05-2024,pm25
6,37,1103,88101,1,34.06659,-118.22688,WGS84,PM2.5 - Local Conditions,24 HOUR,PM25 24-hour 2012,19-05-2022,Micrograms/cubic meter (LC),,1,100,17.0,17.0,0,66.0,145,R & P Model 2025 PM-2.5 Sequential Air Sampler w/VSCC - Gravimetric,Los Angeles-North Main Street,"1630 N MAIN ST, LOS ANGELES",California,Los Angeles,Los Angeles,"Los Angeles-Long Beach-Anaheim, CA",17-05-2024,pm25
6,37,1103,88101,1,34.06659,-118.22688,WGS84,PM2.5 - Local Conditions,24 HOUR,PM25 24-hour 2012,20-05-2022,Micrograms/cubic meter (LC),,1,100,5.6,5.6,0,31.0,145,R & P Model 2025 PM-2.5 Sequential Air Sampler w/VSCC - Gravimetric,Los Angeles-North Main Street,"1630 N MAIN ST, LOS ANGELES",California,Los Angeles,Los Angeles,"Los Angeles-Long Beach-Anaheim, CA",17-05-2024,pm25
6,37,1103,88101,1,34.06659,-118.22688,WGS84,PM2.5 - Local Conditions,24 HOUR,PM25 24-hour 2012,21-05-2022,Micrograms/cubic meter (LC),,1,100,6.3,6.3,0,35.0,145,R & P Model 2025 PM-2.5 Sequential Air Sampler w/VSCC - Gravimetric,Los Angeles-North Main Street,"1630 N MAIN ST, LOS ANGELES",California,Los Angeles,Los Angeles,"Los Angeles-Long Beach-Anaheim, CA",17-05-2024,pm25
6,37,1103,88101,1,34.06659,-118.22688,WGS84,PM2.5 - Local Conditions,24 HOUR,PM25 24-hour 2012,22-05-2022,Micrograms/cubic meter (LC),,1,100,11.9,11.9,0,56.0,145,R & P Model 2025 PM-2.5 Sequential Air Sampler w/VSCC - Gravimetric,Los Angeles-North Main Street,"1630 N MAIN ST, LOS ANGELES",California,Los Angeles,Los Angeles,"Los Angeles-Long Beach-Anaheim, CA",17-05-2024,pm25
6,37,1103,88101,1,34.06659,-118.22688,WGS84,PM2.5 - Local Conditions,24 HOUR,PM25 24-hour 2012,23-05-2022,Micrograms/cubic meter (LC),,1,100,16.5,16.5,0,65.0,145,R & P Model 2025 PM-2.5 Sequential Air Sampler w/VSCC - Gravimetric,Los Angeles-North Main Street,"1630 N MAIN ST, LOS ANGELES",California,Los Angeles,Los Angeles,"Los Angeles-Long Beach-Anaheim, CA",17-05-2024,pm25
6,37,1103,88101,1,34.06659,-118.22688,WGS84,PM2.5 - Local Conditions,24 HOUR,PM25 24-hour 2012,24-05-2022,Micrograms/cubic meter (LC),,1,100,17.9,17.9,0,67.0,145,R & P Model 2025 PM-2.5 Sequential Air Sampler w/VSCC - Gravimetric,Los Angeles-North Main Street,"1630 N MAIN ST, LOS ANGELES",California,Los Angeles,Los Angeles,"Los Angeles-Long Beach-Anaheim, CA",17-05-2024,pm25
6,37,1103,88101,1,34.06659,-118.22688,WGS84,PM2.5 - Local Conditions,24 HOUR,PM25 24-hour 2012,25-05-2022,Micrograms/cubic meter (LC),,1,100,19.5,19.5,0,70.0,145,R & P Model 2025 PM-2.5 Sequential Air Sampler w/VSCC - Gravimetric,Los Angeles-North Main Street,"1630 N MAIN ST, LOS ANGELES",California,Los Angeles,Los Angeles,"Los Angeles-Long Beach-Anaheim, CA",17-05-2024,pm25
6,37,1103,88101,1,34.06659,-118.22688,WGS84,PM2.5 - Local Conditions,24 HOUR,PM25 24-hour 2012,26-05-2022,Micrograms/cubic meter (LC),,1,100,13.2,13.2,0,59.0,145,R & P Model 2025 PM-2.5 Sequential Air Sampler w/VSCC - Gravimetric,Los Angeles-North Main Street,"1630 N MAIN ST, LOS ANGELES",California,Los Angeles,Los Angeles,"Los Angeles-Long Beach-Anaheim, CA",17-05-2024,pm25
6,37,1103,88101,1,34.06659,-118.22688,WGS84,PM2.5 - Local Conditions,24 HOUR,PM25 24-hour 2012,27-05-2022,Micrograms/cubic meter (LC),,1,100,7.2,7.2,0,40.0,145,R & P Model 2025 PM-2.5 Sequential Air Sampler w/VSCC - Gravimetric,Los Angeles-North Main Street,"1630 N MAIN ST, LOS ANGELES",California,Los Angeles,Los Angeles,"Los Angeles-Long Beach-Anaheim, CA",17-05-2024,pm25
6,37,1103,88101,1,34.06659,-118.22688,WGS84,PM2.5 - Local Conditions,24 HOUR,PM25 24-hour 2012,28-05-2022,Micrograms/cubic meter (LC),,1,100,6.9,6.9,0,38.0,145,R & P Model 2025 PM-2.5 Sequential Air Sampler w/VSCC - Gravimetric,Los Angeles-North Main Street,"1630 N MAIN ST, LOS ANGELES",California,Los Angeles,Los Angeles,"Los Angeles-Long Beach-Anaheim, CA",17-05-2024,pm25
6,37,1103,88101,1,34.06659,-118.22688,WGS84,PM2.5 - Local Conditions,24 HOUR,PM25 24-hour 2012,29-05-2022,Micrograms/cubic meter (LC),,1,100,7.7,7.7,0,43.0,145,R & P Model 2025 PM-2.5 Sequential Air Sampler w/VSCC - Gravimetric,Los Angeles-North Main Street,"1630 N MAIN ST, LOS ANGELES",California,Los Angeles,Los Angeles,"Los Angeles-Long Beach-Anaheim, CA",17-05-2024,pm25
6,37,1103,88101,1,34.06659,-118.22688,WGS84,PM2.5 - Local Conditions,24 HOUR,PM25 24-hour 2012,30-05-2022,Micrograms/cubic meter (LC),,1,100,12.6,12.6,0,58.0,145,R & P Model 2025 PM-2.5 Sequential Air Sampler w/VSCC - Gravimetric,Los Angeles-North Main Street,"1630 N MAIN ST, LOS ANGELES",California,Los Angeles,Los Angeles,"Los Angeles-Long Beach-Anaheim, CA",17-05-2024,pm25
6,37,1103,88101,1,34.06659,-118.22688,WGS84,PM2.5 - Local Conditions,24 HOUR,PM25 24-hour 2012,31-05-2022,Micrograms/cubic meter (LC),,1,100,16.3,16.3,0,64.0,145,R & P Model 2025 PM-2.5 Sequential Air Sampler w/VSCC - Gravimetric,Los Angeles-North Main Street,"1630 N MAIN ST, LOS ANGELES",California,Los Angeles,Los Angeles,"Los Angeles-Long Beach-Anaheim, CA",17-05-2024,pm25
6,37,1103,88101,1,34.06659,-118.22688,WGS84,PM2.5 - Local Conditions,24 HOUR,PM25 24-hour 2012,01-06-2022,Micrograms/cubic meter (LC),,1,100,19.0,19.0,0,69.0,145,R & P Model 2025 PM-2.5 Sequential Air Sampler w/VSCC - Gravimetric,Los Angeles-North Main Street,"1630 N MAIN ST, LOS ANGELES",California,Los Angeles,Los Angeles,"Los Angeles-Long Beach-Anaheim, CA",17-05-2024,pm25
6,37,1103,88101,1,34.06659,-118.22688,WGS84,PM2.5 - Local Conditions,24 HOUR,PM25 24-hour 2012,02-06-2022,Micrograms/cubic meter (LC),,1,100,18.9,18.9,0,69.0,145,R & P Model 2025 PM-2.5 Sequential Air Sampler w/VSCC - Gravimetric,Los Angeles-North Main Street,"1630 N MAIN ST, LOS ANGELES",California,Los Angeles,Los Angeles,"Los Angeles-Long Beach-Anaheim, CA",17-05-2024,pm25
6,37,1103,88101,1,34.06659,-118.22688,WGS84,PM2.5 - Local Conditions,24 HOUR,PM25 24-hour 2012,03-06-2022,Micrograms/cubic meter (LC),,1,100,13.0,13.0,0,58.0,145,R & P Model 2025 PM-2.5 Sequential Air Sampler w/VSCC - Gravimetric,Los Angeles-North Main Street,"1630 N MAIN ST, LOS ANGELES",California,Los Angeles,Los Angeles,"Los Angeles-Long Beach-Anaheim, CA",17-05-2024,pm25
6,37,1103,88101,1,34.06659,-118.22688,WGS84,PM2.5 - Local Conditions,24 HOUR,PM25 24-hour 2012,04-06-2022,Micrograms/cubic meter (LC),,1,100,9.3,9.3,0,51.0,145,R & P Model 2025 PM-2.5 Sequential Air Sampler w/VSCC - Gravimetric,Los Angeles-North Main Street,"1630 N MAIN ST, LOS ANGELES",California,Los Angeles,Los Angeles,"Los Angeles-Long Beach-Anaheim, CA",17-05-2024,pm25
6,37,1103,88101,1,34.06659,-118.22688,WGS84,PM2.5 - Local Conditions,24 HOUR,PM25 24-hour 2012,05-06-2022,Micrograms/cubic meter (LC),,1,100,7.2,7.2,0,40.0,145,R & P Model 2025 PM-2.5 Sequential Air Sampler w/VSCC - Gravimetric,Los Angeles-North Main Street,"1630 N MAIN ST, LOS ANGELES",California,Los Angeles,Los Angeles,"Los Angeles-Long Beach-Anaheim, CA",17-05-2024,pm25
6,37,1103,88101,1,34.06659,-118.22688,WGS84,PM2.5 - Local Conditions,24 HOUR,PM25 24-hour 2012,06-06-2022,Micrograms/cubic meter (LC),,1,100,7.3,7.3,0,41.0,145,R & P Model 2025 PM-2.5 Sequential Air Sampler w/VSCC - Gravimetric,Los Angeles-North Main Street,"1630 N MAIN ST, LOS ANGELES",California,Los Angeles,Los Angeles,"Los Angeles-Long Beach-Anaheim, CA",17-05-2024,pm25
6,37,1103,88101,1,34.06659,-118.22688,WGS84,PM2.5 - Local Conditions,24 HOUR,PM25 24-hour 2012,07-06-2022,Micrograms/cubic meter (LC),,1,100,11.8,11.8,0,56.0,145,R & P Model 2025 PM-2.5 Sequential Air Sampler w/VSCC - Gravimetric,Los Angeles-North Main Street,"1630 N MAIN ST, LOS ANGELES",California,Los Angeles,Los Angeles,"Los Angeles-Long Beach-Anaheim, CA",17-05-2024,pm25
6,37,1103,88101,1,34.06659,-118.22688,WGS84,PM2.5 - Local Conditions,24 HOUR,PM25 24-hour 2012,08-06-2022,Micrograms/cubic meter (LC),,1,100,13.0,13.0,0,58.0,145,R & P Model 2025 PM-2.5 Sequential Air Sampler w/VSCC - Gravimetric,Los Angeles-North Main Street,"1630 N MAIN ST, LOS ANGELES",California,Los Angeles,Los Angeles,"Los Angeles-Long Beach-Anaheim, CA",17-05-2024,pm25
6,37,1103,88101,1,34.06659,-118.22688,WGS84,PM2.5 - Local Conditions,24 HOUR,PM25 24-hour 2012,09-06-2022,Micrograms/cubic meter (LC),,1,100,16.9,16.9,0,66.0,145,R & P Model 2025 PM-2.5 Sequential Air Sampler w/VSCC - Gravimetric,Los Angeles-North Main Street,"1630 N MAIN ST, LOS ANGELES",California,Los Angeles,Los Angeles,"Los Angeles-Long Beach-Anaheim, CA",17-05-2024,pm25
6,37,1103,88101,1,34.06659,-118.22688,WGS84,PM2.5 - Local Conditions,24 HOUR,PM25 24-hour 2012,10-06-2022,Micrograms/cubic meter (LC),,1,100,15.6,15.6,0,63.0,145,R & P Model 2025 PM-2.5 Sequential Air Sampler w/VSCC - Gravimetric,Los Angeles-North Main Street,"1630 N MAIN ST, LOS ANGELES",California,Los Angeles,Los Angeles,"Los Angeles-Long Beach-Anaheim, CA",17-05-2024,pm25
6,37,1103,88101,1,34.06659,-118.22688,WGS84,PM2.5 - Local Conditions,24 HOUR,PM25 24-hour 2012,11-06-2022,Micrograms/cubic meter (LC),,1,100,9.9,9.9,0,52.0,145,R & P Model 2025 PM-2.5 Sequential Air Sampler w/VSCC - Gravimetric,Los Angeles-North Main Street,"1630 N MAIN ST, LOS ANGELES",California,Los Angeles,Los Angeles,"Los Angeles-Long Beach-Anaheim, CA",17-05-2024,pm25
6,37,1103,88101,1,34.06659,-118.22688,WGS84,PM2.5 - Local Conditions,24 HOUR,PM25 24-hour 2012,12-06-2022,Micrograms/cubic meter (LC),,1,100,11.3,11.3,0,55.0,145,R & P Model 2025 PM-2.5 Sequential Air Sampler w/VSCC - Gravimetric,Los Angeles-North Main Street,"1630 N MAIN ST, LOS ANGELES",California,Los Angeles,Los Angeles,"Los Angeles-Long Beach-Anaheim, CA",17-05-2024,pm25
6,37,1103,88101,1,34.06659,-118.22688,WGS84,PM2.5 - Local Conditions,24 HOUR,PM25 24-hour 2012,13-06-2022,Micrograms/cubic meter (LC),,1,100,6.3,6.3,0,35.0,145,R & P Model 2025 PM-2.5 Sequential Air Sampler w/VSCC - Gravimetric,Los Angeles-North Main Street,"1630 N MAIN ST, LOS ANGELES",California,Los Angeles,Los Angeles,"Los Angeles-Long Beach-Anaheim, CA",17-05-2024,pm25
6,37,1103,88101,1,34.06659,-118.22688,WGS84,PM2.5 - Local Conditions,24 HOUR,PM25 24-hour 2012,14-06-2022,Micrograms/cubic meter (LC),,1,100,11.0,11.0,0,55.0,145,R & P Model 2025 PM-2.5 Sequential Air Sampler w/VSCC - Gravimetric,Los Angeles-North Main Street,"1630 N MAIN ST, LOS ANGELES",California,Los Angeles,Los Angeles,"Los Angeles-Long Beach-Anaheim, CA",17-05-2024,pm25
6,37,1103,88101,1,34.06659,-118.22688,WGS84,PM2.5 - Local Conditions,24 HOUR,PM25 24-hour 2012,15-06-2022,Micrograms/cubic meter (LC),,1,100,15.8,15.8,0,63.0,145,R & P Model 2025 PM-2.5 Sequential Air Sampler w/VSCC - Gravimetric,Los Angeles-North Main Street,"1630 N MAIN ST, LOS ANGELES",California,Los Angeles,Los Angeles,"Los Angeles-Long Beach-Anaheim, CA",17-05-2024,pm25
6,37,1103,88101,1,34.06659,-118.22688,WGS84,PM2.5 - Local Conditions,24 HOUR,PM25 24-hour 2012,16-06-2022,Micrograms/cubic meter (LC),,1,100,17.4,17.4,0,66.0,145,R & P Model 2025 PM-2.5 Sequential Air Sampler w/VSCC - Gravimetric,Los Angeles-North Main Street,"1630 N MAIN ST, LOS ANGELES",California,Los Angeles,Los Angeles,"Los Angeles-Long Beach-Anaheim, CA",17-05-2024,pm25
6,37,1103,88101,1,34.06659,-118.22688,WGS84,PM2.5 - Local Conditions,24 HOUR,PM25 24-hour 2012,17-06-2022,Micrograms/cubic meter (LC),,1,100,10.2,10.2,0,53.0,145,R & P Model 2025 PM-2.5 Sequential Air Sampler w/VSCC - Gravimetric,Los Angeles-North Main Street,"1630 N MAIN ST, LOS ANGELES",California,Los Angeles,Los Angeles,"Los Angeles-Long Beach-Anaheim, CA",17-05-2024,pm25
6,37,1103,88101,1,34.06659,-118.22688,WGS84,PM2.5 - Local Conditions,24 HOUR,PM25 24-hour 2012,18-06-2022,Micrograms/cubic meter (LC),,1,100,8.1,8.1,0,45.0,145,R & P Model 2025 PM-2.5 Sequential Air Sampler w/VSCC - Gravimetric,Los Angeles-North Main Street,"1630 N MAIN ST, LOS ANGELES",California,Los Angeles,Los Angeles,"Los Angeles-Long Beach-Anaheim, CA",17-05-2024,pm25
6,37,1103,88101,1,34.06659,-118.22688,WGS84,PM2.5 - Local Conditions,24 HOUR,PM25 24-hour 2012,19-06-2022,Micrograms/cubic meter (LC),,1,100,9.3,9.3,0,51.0,145,R & P Model 2025 PM-2.5 Sequential Air Sampler w/VSCC - Gravimetric,Los Angeles-North Main Street,"1630 N MAIN ST, LOS ANGELES",California,Los Angeles,Los Angeles,"Los Angeles-Long Beach-Anaheim, CA",17-05-2024,pm25
6,37,1103,88101,1,34.06659,-118.22688,WGS84,PM2.5 - Local Conditions,24 HOUR,PM25 24-hour 2012,20-06-2022,Micrograms/cubic meter (LC),,1,100,12.4,12.4,0,57.0,145,R & P Model 2025 PM-2.5 Sequential Air Sampler w/VSCC - Gravimetric,Los Angeles-North Main Street,"1630 N MAIN ST, LOS ANGELES",California,Los Angeles,Los Angeles,"Los Angeles-Long Beach-Anaheim, CA",17-05-2024,pm25
6,37,1103,88101,1,34.06659,-118.22688,WGS84,PM2.5 - Local Conditions,24 HOUR,PM25 24-hour 2012,21-06-2022,Micrograms/cubic meter (LC),,1,100,17.0,17.0,0,66.0,145,R & P Model 2025 PM-2.5 Sequential Air Sampler w/VSCC - Gravimetric,Los Angeles-North Main Street,"1630 N MAIN ST, LOS ANGELES",California,Los Angeles,Los Angeles,"Los Angeles-Long Beach-Anaheim, CA",17-05-2024,pm25
6,37,1103,88101,1,34.06659,-118.22688,WGS84,PM2.5 - Local Conditions,24 HOUR,PM25 24-hour 2012,22-06-2022,Micrograms/cubic meter (LC),,1,100,16.4,16.4,0,65.0,145,R & P Model 2025 PM-2.5 Sequential Air Sampler w/VSCC - Gravimetric,Los Angeles-North Main Street,"1630 N MAIN ST, LOS ANGELES",California,Los Angeles,Los Angeles,"Los Angeles-Long Beach-Anaheim, CA",17-05-2024,pm25
6,37,1103,88101,1,34.06659,-118.22688,WGS84,PM2.5 - Local Conditions,24 HOUR,PM25 24-hour 2012,23-06-2022,Micrograms/cubic meter (LC),,1,100,12.7,12.7,0,58.0,145,R & P Model 2025 PM-2.5 Sequential Air Sampler w/VSCC - Gravimetric,Los Angeles-North Main Street,"1630 N MAIN ST, LOS ANGELES",California,Los Angeles,Los Angeles,"Los Angeles-Long Beach-Anaheim, CA",17-05-2024,pm25
6,37,1103,88101,1,34.06659,-118.22688,WGS84,PM2.5 - Local Conditions,24 HOUR,PM25 24-hour 2012,24-06-2022,Micrograms/cubic meter (LC),,1,100,12.1,12.1,0,57.0,145,R & P Model 2025 PM-2.5 Sequential Air Sampler w/VSCC - Gravimetric,Los Angeles-North Main Street,"1630 N MAIN ST, LOS ANGELES",California,Los Angeles,Los Angeles,"Los Angeles-Long Beach-Anaheim, CA",17-05-2024,pm25
6,37,1103,88101,1,34.06659,-118.22688,WGS84,PM2.5 - Local Conditions,24 HOUR,PM25 24-hour 2012,25-06-2022,Micrograms/cubic meter (LC),,1,100,11.6,11.6,0,56.0,145,R & P Model 2025 PM-2.5 Sequential Air Sampler w/VSCC - Gravimetric,Los Angeles-North Main Street,"1630 N MAIN ST, LOS ANGELES",California,Los Angeles,Los Angeles,"Los Angeles-Long Beach-Anaheim, CA",17-05-2024,pm25
6,37,1103,88101,1,34.06659,-118.22688,WGS84,PM2.5 - Local Conditions,24 HOUR,PM25 24-hour 2012,26-06-2022,Micrograms/cubic meter (LC),,1,100,13.5,13.5,0,59.0,145,R & P Model 2025 PM-2.5 Sequential Air Sampler w/VSCC - Gravimetric,Los Angeles-North Main Street,"1630 N MAIN ST, LOS ANGELES",California,Los Angeles,Los Angeles,"Los Angeles-Long Beach-Anaheim, CA",17-05-2024,pm25
6,37,1103,88101,1,34.06659,-118.22688,WGS84,PM2.5 - Local Conditions,24 HOUR,PM25 24-hour 2012,27-06-2022,Micrograms/cubic meter (LC),,1,100,12.8,12.8,0,58.0,145,R & P Model 2025 PM-2.5 Sequential Air Sampler w/VSCC - Gravimetric,Los Angeles-North Main Street,"1630 N MAIN ST, LOS ANGELES",California,Los Angeles,Los Angeles,"Los Angeles-Long Beach-Anaheim, CA",17-05-2024,pm25
6,37,1103,88101,1,34.06659,-118.22688,WGS84,PM2.5 - Local Conditions,24 HOUR,PM25 24-hour 2012,28-06-2022,Micrograms/cubic meter (LC),,1,100,13.1,13.1,0,58.0,145,R & P Model 2025 PM-2.5 Sequential Air Sampler w/VSCC - Gravimetric,Los Angeles-North Main Street,"1630 N MAIN ST, LOS ANGELES",California,Los Angeles,Los Angeles,"Los Angeles-Long Beach-Anaheim, CA",17-05-2024,pm25
6,37,1103,88101,1,34.06659,-118.22688,WGS84,PM2.5 - Local Conditions,24 HOUR,PM25 24-hour 2012,29-06-2022,Micrograms/cubic meter (LC),,1,100,14.2,14.2,0,61.0,145,R & P Model 2025 PM-2.5 Sequential Air Sampler w/VSCC - Gravimetric,Los Angeles-North Main Street,"1630 N MAIN ST, LOS ANGELES",California,Los Angeles,Los Angeles,"Los Angeles-Long Beach-Anaheim, CA",17-05-2024,pm25
6,37,1103,88101,1,34.06659,-118.22688,WGS84,PM2.5 - Local Conditions,24 HOUR,PM25 24-hour 2012,30-06-2022,Micrograms/cubic meter (LC),,1,100,14.2,14.2,0,61.0,145,R & P Model 2025 PM-2.5 Sequential Air Sampler w/VSCC - Gravimetric,Los Angeles-North Main Street,"1630 N MAIN ST, LOS ANGELES",California,Los Angeles,Los Angeles,"Los Angeles-Long Beach-Anaheim, CA",17-05-2024,pm25
6,37,1103,88101,1,34.06659,-118.22688,WGS84,PM2.5 - Local Conditions,24 HOUR,PM25 24-hour 2012,01-07-2022,Micrograms/cubic meter (LC),,1,100,12.5,12.5,0,57.0,145,R & P Model 2025 PM-2.5 Sequential Air Sampler w/VSCC - Gravimetric,Los Angeles-North Main Street,"1630 N MAIN ST, LOS ANGELES",California,Los Angeles,Los Angeles,"Los Angeles-Long Beach-Anaheim, CA",17-05-2024,pm25
6,37,1103,88101,1,34.06659,-118.22688,WGS84,PM2.5 - Local Conditions,24 HOUR,PM25 24-hour 2012,02-07-2022,Micrograms/cubic meter (LC),,1,100,11.2,11.2,0,55.0,145,R & P Model 2025 PM-2.5 Sequential Air Sampler w/VSCC - Gravimetric,Los Angeles-North Main Street,"1630 N MAIN ST, LOS ANGELES",California,Los Angeles,Los Angeles,"Los Angeles-Long Beach-Anaheim, CA",17-05-2024,pm25
6,37,1103,88101,1,34.06659,-118.22688,WGS84,PM2.5 - Local Conditions,24 HOUR,PM25 24-hour 2012,03-07-2022,Micrograms/cubic meter (LC),,1,100,9.8,9.8,0,52.0,145,R & P Model 2025 PM-2.5 Sequential Air Sampler w/VSCC - Gravimetric,Los Angeles-North Main Street,"1630 N MAIN ST, LOS ANGELES",California,Los Angeles,Los Angeles,"Los Angeles-Long Beach-Anaheim, CA",17-05-2024,pm25
6,37,1103,88101,1,34.06659,-118.22688,WGS84,PM2.5 - Local Conditions,24 HOUR,PM25 24-hour 2012,04-07-2022,Micrograms/cubic meter (LC),,1,100,21.9,21.9,0,75.0,145,R & P Model 2025 PM-2.5 Sequential Air Sampler w/VSCC - Gravimetric,Los Angeles-North Main Street,"1630 N MAIN ST, LOS ANGELES",California,Los Angeles,Los Angeles,"Los Angeles-Long Beach-Anaheim, CA",17-05-2024,pm25
6,37,1103,88101,1,34.06659,-118.22688,WGS84,PM2.5 - Local Conditions,24 HOUR,PM25 24-hour 2012,05-07-2022,Micrograms/cubic meter (LC),,1,100,31.6,31.6,0,93.0,145,R & P Model 2025 PM-2.5 Sequential Air Sampler w/VSCC - Gravimetric,Los Angeles-North Main Street,"1630 N MAIN ST, LOS ANGELES",California,Los Angeles,Los Angeles,"Los Angeles-Long Beach-Anaheim, CA",17-05-2024,pm25
6,37,1103,88101,1,34.06659,-118.22688,WGS84,PM2.5 - Local Conditions,24 HOUR,PM25 24-hour 2012,06-07-2022,Micrograms/cubic meter (LC),,1,100,5.7,5.7,0,32.0,145,R & P Model 2025 PM-2.5 Sequential Air Sampler w/VSCC - Gravimetric,Los Angeles-North Main Street,"1630 N MAIN ST, LOS ANGELES",California,Los Angeles,Los Angeles,"Los Angeles-Long Beach-Anaheim, CA",17-05-2024,pm25
6,37,1103,88101,1,34.06659,-118.22688,WGS84,PM2.5 - Local Conditions,24 HOUR,PM25 24-hour 2012,07-07-2022,Micrograms/cubic meter (LC),,1,100,7.0,7.0,0,39.0,145,R & P Model 2025 PM-2.5 Sequential Air Sampler w/VSCC - Gravimetric,Los Angeles-North Main Street,"1630 N MAIN ST, LOS ANGELES",California,Los Angeles,Los Angeles,"Los Angeles-Long Beach-Anaheim, CA",17-05-2024,pm25
6,37,1103,88101,1,34.06659,-118.22688,WGS84,PM2.5 - Local Conditions,24 HOUR,PM25 24-hour 2012,08-07-2022,Micrograms/cubic meter (LC),,1,100,9.0,9.0,0,50.0,145,R & P Model 2025 PM-2.5 Sequential Air Sampler w/VSCC - Gravimetric,Los Angeles-North Main Street,"1630 N MAIN ST, LOS ANGELES",California,Los Angeles,Los Angeles,"Los Angeles-Long Beach-Anaheim, CA",17-05-2024,pm25
6,37,1103,88101,1,34.06659,-118.22688,WGS84,PM2.5 - Local Conditions,24 HOUR,PM25 24-hour 2012,09-07-2022,Micrograms/cubic meter (LC),,1,100,9.4,9.4,0,52.0,145,R & P Model 2025 PM-2.5 Sequential Air Sampler w/VSCC - Gravimetric,Los Angeles-North Main Street,"1630 N MAIN ST, LOS ANGELES",California,Los Angeles,Los Angeles,"Los Angeles-Long Beach-Anaheim, CA",17-05-2024,pm25
6,37,1103,88101,1,34.06659,-118.22688,WGS84,PM2.5 - Local Conditions,24 HOUR,PM25 24-hour 2012,10-07-2022,Micrograms/cubic meter (LC),,1,100,11.1,11.1,0,55.0,145,R & P Model 2025 PM-2.5 Sequential Air Sampler w/VSCC - Gravimetric,Los Angeles-North Main Street,"1630 N MAIN ST, LOS ANGELES",California,Los Angeles,Los Angeles,"Los Angeles-Long Beach-Anaheim, CA",17-05-2024,pm25
6,37,1103,88101,1,34.06659,-118.22688,WGS84,PM2.5 - Local Conditions,24 HOUR,PM25 24-hour 2012,11-07-2022,Micrograms/cubic meter (LC),,1,100,11.2,11.2,0,55.0,145,R & P Model 2025 PM-2.5 Sequential Air Sampler w/VSCC - Gravimetric,Los Angeles-North Main Street,"1630 N MAIN ST, LOS ANGELES",California,Los Angeles,Los Angeles,"Los Angeles-Long Beach-Anaheim, CA",17-05-2024,pm25
6,37,1103,88101,1,34.06659,-118.22688,WGS84,PM2.5 - Local Conditions,24 HOUR,PM25 24-hour 2012,12-07-2022,Micrograms/cubic meter (LC),,1,100,10.2,10.2,0,53.0,145,R & P Model 2025 PM-2.5 Sequential Air Sampler w/VSCC - Gravimetric,Los Angeles-North Main Street,"1630 N MAIN ST, LOS ANGELES",California,Los Angeles,Los Angeles,"Los Angeles-Long Beach-Anaheim, CA",17-05-2024,pm25
6,37,1103,88101,1,34.06659,-118.22688,WGS84,PM2.5 - Local Conditions,24 HOUR,PM25 24-hour 2012,13-07-2022,Micrograms/cubic meter (LC),,1,100,7.0,7.0,0,39.0,145,R & P Model 2025 PM-2.5 Sequential Air Sampler w/VSCC - Gravimetric,Los Angeles-North Main Street,"1630 N MAIN ST, LOS ANGELES",California,Los Angeles,Los Angeles,"Los Angeles-Long Beach-Anaheim, CA",17-05-2024,pm25
6,37,1103,88101,1,34.06659,-118.22688,WGS84,PM2.5 - Local Conditions,24 HOUR,PM25 24-hour 2012,14-07-2022,Micrograms/cubic meter (LC),,1,100,6.4,6.4,0,36.0,145,R & P Model 2025 PM-2.5 Sequential Air Sampler w/VSCC - Gravimetric,Los Angeles-North Main Street,"1630 N MAIN ST, LOS ANGELES",California,Los Angeles,Los Angeles,"Los Angeles-Long Beach-Anaheim, CA",17-05-2024,pm25
6,37,1103,88101,1,34.06659,-118.22688,WGS84,PM2.5 - Local Conditions,24 HOUR,PM25 24-hour 2012,15-07-2022,Micrograms/cubic meter (LC),,1,100,9.0,9.0,0,50.0,145,R & P Model 2025 PM-2.5 Sequential Air Sampler w/VSCC - Gravimetric,Los Angeles-North Main Street,"1630 N MAIN ST, LOS ANGELES",California,Los Angeles,Los Angeles,"Los Angeles-Long Beach-Anaheim, CA",17-05-2024,pm25
6,37,1103,88101,1,34.06659,-118.22688,WGS84,PM2.5 - Local Conditions,24 HOUR,PM25 24-hour 2012,16-07-2022,Micrograms/cubic meter (LC),,1,100,12.0,12.0,0,56.0,145,R & P Model 2025 PM-2.5 Sequential Air Sampler w/VSCC - Gravimetric,Los Angeles-North Main Street,"1630 N MAIN ST, LOS ANGELES",California,Los Angeles,Los Angeles,"Los Angeles-Long Beach-Anaheim, CA",17-05-2024,pm25
6,37,1103,88101,1,34.06659,-118.22688,WGS84,PM2.5 - Local Conditions,24 HOUR,PM25 24-hour 2012,17-07-2022,Micrograms/cubic meter (LC),,1,100,10.8,10.8,0,54.0,145,R & P Model 2025 PM-2.5 Sequential Air Sampler w/VSCC - Gravimetric,Los Angeles-North Main Street,"1630 N MAIN ST, LOS ANGELES",California,Los Angeles,Los Angeles,"Los Angeles-Long Beach-Anaheim, CA",17-05-2024,pm25
6,37,1103,88101,1,34.06659,-118.22688,WGS84,PM2.5 - Local Conditions,24 HOUR,PM25 24-hour 2012,18-07-2022,Micrograms/cubic meter (LC),,1,100,10.2,10.2,0,53.0,145,R & P Model 2025 PM-2.5 Sequential Air Sampler w/VSCC - Gravimetric,Los Angeles-North Main Street,"1630 N MAIN ST, LOS ANGELES",California,Los Angeles,Los Angeles,"Los Angeles-Long Beach-Anaheim, CA",17-05-2024,pm25
6,37,1103,88101,1,34.06659,-118.22688,WGS84,PM2.5 - Local Conditions,24 HOUR,PM25 24-hour 2012,19-07-2022,Micrograms/cubic meter (LC),,1,100,9.1,9.1,0,51.0,145,R & P Model 2025 PM-2.5 Sequential Air Sampler w/VSCC - Gravimetric,Los Angeles-North Main Street,"1630 N MAIN ST, LOS ANGELES",California,Los Angeles,Los Angeles,"Los Angeles-Long Beach-Anaheim, CA",17-05-2024,pm25
6,37,1103,88101,1,34.06659,-118.22688,WGS84,PM2.5 - Local Conditions,24 HOUR,PM25 24-hour 2012,20-07-2022,Micrograms/cubic meter (LC),,1,100,9.9,9.9,0,52.0,145,R & P Model 2025 PM-2.5 Sequential Air Sampler w/VSCC - Gravimetric,Los Angeles-North Main Street,"1630 N MAIN ST, LOS ANGELES",California,Los Angeles,Los Angeles,"Los Angeles-Long Beach-Anaheim, CA",17-05-2024,pm25
6,37,1103,88101,1,34.06659,-118.22688,WGS84,PM2.5 - Local Conditions,24 HOUR,PM25 24-hour 2012,21-07-2022,Micrograms/cubic meter (LC),,1,100,10.3,10.3,0,53.0,145,R & P Model 2025 PM-2.5 Sequential Air Sampler w/VSCC - Gravimetric,Los Angeles-North Main Street,"1630 N MAIN ST, LOS ANGELES",California,Los Angeles,Los Angeles,"Los Angeles-Long Beach-Anaheim, CA",17-05-2024,pm25
6,37,1103,88101,1,34.06659,-118.22688,WGS84,PM2.5 - Local Conditions,24 HOUR,PM25 24-hour 2012,22-07-2022,Micrograms/cubic meter (LC),,1,100,11.8,11.8,0,56.0,145,R & P Model 2025 PM-2.5 Sequential Air Sampler w/VSCC - Gravimetric,Los Angeles-North Main Street,"1630 N MAIN ST, LOS ANGELES",California,Los Angeles,Los Angeles,"Los Angeles-Long Beach-Anaheim, CA",17-05-2024,pm25
6,37,1103,88101,1,34.06659,-118.22688,WGS84,PM2.5 - Local Conditions,24 HOUR,PM25 24-hour 2012,23-07-2022,Micrograms/cubic meter (LC),,1,100,12.6,12.6,0,58.0,145,R & P Model 2025 PM-2.5 Sequential Air Sampler w/VSCC - Gravimetric,Los Angeles-North Main Street,"1630 N MAIN ST, LOS ANGELES",California,Los Angeles,Los Angeles,"Los Angeles-Long Beach-Anaheim, CA",17-05-2024,pm25
6,37,1103,88101,1,34.06659,-118.22688,WGS84,PM2.5 - Local Conditions,24 HOUR,PM25 24-hour 2012,24-07-2022,Micrograms/cubic meter (LC),,1,100,13.1,13.1,0,58.0,145,R & P Model 2025 PM-2.5 Sequential Air Sampler w/VSCC - Gravimetric,Los Angeles-North Main Street,"1630 N MAIN ST, LOS ANGELES",California,Los Angeles,Los Angeles,"Los Angeles-Long Beach-Anaheim, CA",17-05-2024,pm25
6,37,1103,88101,1,34.06659,-118.22688,WGS84,PM2.5 - Local Conditions,24 HOUR,PM25 24-hour 2012,25-07-2022,Micrograms/cubic meter (LC),,1,100,10.5,10.5,0,54.0,145,R & P Model 2025 PM-2.5 Sequential Air Sampler w/VSCC - Gravimetric,Los Angeles-North Main Street,"1630 N MAIN ST, LOS ANGELES",California,Los Angeles,Los Angeles,"Los Angeles-Long Beach-Anaheim, CA",17-05-2024,pm25
6,37,1103,88101,1,34.06659,-118.22688,WGS84,PM2.5 - Local Conditions,24 HOUR,PM25 24-hour 2012,26-07-2022,Micrograms/cubic meter (LC),,1,100,9.5,9.5,0,52.0,145,R & P Model 2025 PM-2.5 Sequential Air Sampler w/VSCC - Gravimetric,Los Angeles-North Main Street,"1630 N MAIN ST, LOS ANGELES",California,Los Angeles,Los Angeles,"Los Angeles-Long Beach-Anaheim, CA",17-05-2024,pm25
6,37,1103,88101,1,34.06659,-118.22688,WGS84,PM2.5 - Local Conditions,24 HOUR,PM25 24-hour 2012,27-07-2022,Micrograms/cubic meter (LC),,1,100,8.1,8.1,0,45.0,145,R & P Model 2025 PM-2.5 Sequential Air Sampler w/VSCC - Gravimetric,Los Angeles-North Main Street,"1630 N MAIN ST, LOS ANGELES",California,Los Angeles,Los Angeles,"Los Angeles-Long Beach-Anaheim, CA",17-05-2024,pm25
6,37,1103,88101,1,34.06659,-118.22688,WGS84,PM2.5 - Local Conditions,24 HOUR,PM25 24-hour 2012,28-07-2022,Micrograms/cubic meter (LC),,1,100,9.0,9.0,0,50.0,145,R & P Model 2025 PM-2.5 Sequential Air Sampler w/VSCC - Gravimetric,Los Angeles-North Main Street,"1630 N MAIN ST, LOS ANGELES",California,Los Angeles,Los Angeles,"Los Angeles-Long Beach-Anaheim, CA",17-05-2024,pm25
6,37,1103,88101,1,34.06659,-118.22688,WGS84,PM2.5 - Local Conditions,24 HOUR,PM25 24-hour 2012,29-07-2022,Micrograms/cubic meter (LC),,1,100,7.7,7.7,0,43.0,145,R & P Model 2025 PM-2.5 Sequential Air Sampler w/VSCC - Gravimetric,Los Angeles-North Main Street,"1630 N MAIN ST, LOS ANGELES",California,Los Angeles,Los Angeles,"Los Angeles-Long Beach-Anaheim, CA",17-05-2024,pm25
6,37,1103,88101,1,34.06659,-118.22688,WGS84,PM2.5 - Local Conditions,24 HOUR,PM25 24-hour 2012,30-07-2022,Micrograms/cubic meter (LC),,1,100,7.8,7.8,0,43.0,145,R & P Model 2025 PM-2.5 Sequential Air Sampler w/VSCC - Gravimetric,Los Angeles-North Main Street,"1630 N MAIN ST, LOS ANGELES",California,Los Angeles,Los Angeles,"Los Angeles-Long Beach-Anaheim, CA",17-05-2024,pm25
6,37,1103,88101,1,34.06659,-118.22688,WGS84,PM2.5 - Local Conditions,24 HOUR,PM25 24-hour 2012,31-07-2022,Micrograms/cubic meter (LC),,1,100,6.7,6.7,0,37.0,145,R & P Model 2025 PM-2.5 Sequential Air Sampler w/VSCC - Gravimetric,Los Angeles-North Main Street,"1630 N MAIN ST, LOS ANGELES",California,Los Angeles,Los Angeles,"Los Angeles-Long Beach-Anaheim, CA",17-05-2024,pm25
6,37,1103,88101,1,34.06659,-118.22688,WGS84,PM2.5 - Local Conditions,24 HOUR,PM25 24-hour 2012,01-08-2022,Micrograms/cubic meter (LC),,1,100,6.6,6.6,0,37.0,145,R & P Model 2025 PM-2.5 Sequential Air Sampler w/VSCC - Gravimetric,Los Angeles-North Main Street,"1630 N MAIN ST, LOS ANGELES",California,Los Angeles,Los Angeles,"Los Angeles-Long Beach-Anaheim, CA",17-05-2024,pm25
6,37,1103,88101,1,34.06659,-118.22688,WGS84,PM2.5 - Local Conditions,24 HOUR,PM25 24-hour 2012,02-08-2022,Micrograms/cubic meter (LC),,1,100,6.0,6.0,0,33.0,145,R & P Model 2025 PM-2.5 Sequential Air Sampler w/VSCC - Gravimetric,Los Angeles-North Main Street,"1630 N MAIN ST, LOS ANGELES",California,Los Angeles,Los Angeles,"Los Angeles-Long Beach-Anaheim, CA",17-05-2024,pm25
6,37,1103,88101,1,34.06659,-118.22688,WGS84,PM2.5 - Local Conditions,24 HOUR,PM25 24-hour 2012,03-08-2022,Micrograms/cubic meter (LC),,1,100,8.7,8.7,0,48.0,145,R & P Model 2025 PM-2.5 Sequential Air Sampler w/VSCC - Gravimetric,Los Angeles-North Main Street,"1630 N MAIN ST, LOS ANGELES",California,Los Angeles,Los Angeles,"Los Angeles-Long Beach-Anaheim, CA",17-05-2024,pm25
6,37,1103,88101,1,34.06659,-118.22688,WGS84,PM2.5 - Local Conditions,24 HOUR,PM25 24-hour 2012,04-08-2022,Micrograms/cubic meter (LC),,1,100,9.2,9.2,0,51.0,145,R & P Model 2025 PM-2.5 Sequential Air Sampler w/VSCC - Gravimetric,Los Angeles-North Main Street,"1630 N MAIN ST, LOS ANGELES",California,Los Angeles,Los Angeles,"Los Angeles-Long Beach-Anaheim, CA",17-05-2024,pm25
6,37,1103,88101,1,34.06659,-118.22688,WGS84,PM2.5 - Local Conditions,24 HOUR,PM25 24-hour 2012,05-08-2022,Micrograms/cubic meter (LC),,1,100,7.8,7.8,0,43.0,145,R & P Model 2025 PM-2.5 Sequential Air Sampler w/VSCC - Gravimetric,Los Angeles-North Main Street,"1630 N MAIN ST, LOS ANGELES",California,Los Angeles,Los Angeles,"Los Angeles-Long Beach-Anaheim, CA",17-05-2024,pm25
6,37,1103,88101,1,34.06659,-118.22688,WGS84,PM2.5 - Local Conditions,24 HOUR,PM25 24-hour 2012,06-08-2022,Micrograms/cubic meter (LC),,1,100,9.0,9.0,0,50.0,145,R & P Model 2025 PM-2.5 Sequential Air Sampler w/VSCC - Gravimetric,Los Angeles-North Main Street,"1630 N MAIN ST, LOS ANGELES",California,Los Angeles,Los Angeles,"Los Angeles-Long Beach-Anaheim, CA",17-05-2024,pm25
6,37,1103,88101,1,34.06659,-118.22688,WGS84,PM2.5 - Local Conditions,24 HOUR,PM25 24-hour 2012,07-08-2022,Micrograms/cubic meter (LC),,1,100,11.1,11.1,0,55.0,145,R & P Model 2025 PM-2.5 Sequential Air Sampler w/VSCC - Gravimetric,Los Angeles-North Main Street,"1630 N MAIN ST, LOS ANGELES",California,Los Angeles,Los Angeles,"Los Angeles-Long Beach-Anaheim, CA",17-05-2024,pm25
6,37,1103,88101,1,34.06659,-118.22688,WGS84,PM2.5 - Local Conditions,24 HOUR,PM25 24-hour 2012,08-08-2022,Micrograms/cubic meter (LC),,1,100,12.4,12.4,0,57.0,145,R & P Model 2025 PM-2.5 Sequential Air Sampler w/VSCC - Gravimetric,Los Angeles-North Main Street,"1630 N MAIN ST, LOS ANGELES",California,Los Angeles,Los Angeles,"Los Angeles-Long Beach-Anaheim, CA",17-05-2024,pm25
6,37,1103,88101,1,34.06659,-118.22688,WGS84,PM2.5 - Local Conditions,24 HOUR,PM25 24-hour 2012,09-08-2022,Micrograms/cubic meter (LC),,1,100,11.0,11.0,0,55.0,145,R & P Model 2025 PM-2.5 Sequential Air Sampler w/VSCC - Gravimetric,Los Angeles-North Main Street,"1630 N MAIN ST, LOS ANGELES",California,Los Angeles,Los Angeles,"Los Angeles-Long Beach-Anaheim, CA",17-05-2024,pm25
6,37,1103,88101,1,34.06659,-118.22688,WGS84,PM2.5 - Local Conditions,24 HOUR,PM25 24-hour 2012,10-08-2022,Micrograms/cubic meter (LC),,1,100,10.7,10.7,0,54.0,145,R & P Model 2025 PM-2.5 Sequential Air Sampler w/VSCC - Gravimetric,Los Angeles-North Main Street,"1630 N MAIN ST, LOS ANGELES",California,Los Angeles,Los Angeles,"Los Angeles-Long Beach-Anaheim, CA",17-05-2024,pm25
6,37,1103,88101,1,34.06659,-118.22688,WGS84,PM2.5 - Local Conditions,24 HOUR,PM25 24-hour 2012,11-08-2022,Micrograms/cubic meter (LC),,1,100,10.4,10.4,0,53.0,145,R & P Model 2025 PM-2.5 Sequential Air Sampler w/VSCC - Gravimetric,Los Angeles-North Main Street,"1630 N MAIN ST, LOS ANGELES",California,Los Angeles,Los Angeles,"Los Angeles-Long Beach-Anaheim, CA",17-05-2024,pm25
6,37,1103,88101,1,34.06659,-118.22688,WGS84,PM2.5 - Local Conditions,24 HOUR,PM25 24-hour 2012,12-08-2022,Micrograms/cubic meter (LC),,1,100,12.2,12.2,0,57.0,145,R & P Model 2025 PM-2.5 Sequential Air Sampler w/VSCC - Gravimetric,Los Angeles-North Main Street,"1630 N MAIN ST, LOS ANGELES",California,Los Angeles,Los Angeles,"Los Angeles-Long Beach-Anaheim, CA",17-05-2024,pm25
6,37,1103,88101,1,34.06659,-118.22688,WGS84,PM2.5 - Local Conditions,24 HOUR,PM25 24-hour 2012,13-08-2022,Micrograms/cubic meter (LC),,1,100,13.5,13.5,0,59.0,145,R & P Model 2025 PM-2.5 Sequential Air Sampler w/VSCC - Gravimetric,Los Angeles-North Main Street,"1630 N MAIN ST, LOS ANGELES",California,Los Angeles,Los Angeles,"Los Angeles-Long Beach-Anaheim, CA",17-05-2024,pm25
6,37,1103,88101,1,34.06659,-118.22688,WGS84,PM2.5 - Local Conditions,24 HOUR,PM25 24-hour 2012,14-08-2022,Micrograms/cubic meter (LC),,1,100,14.5,14.5,0,61.0,145,R & P Model 2025 PM-2.5 Sequential Air Sampler w/VSCC - Gravimetric,Los Angeles-North Main Street,"1630 N MAIN ST, LOS ANGELES",California,Los Angeles,Los Angeles,"Los Angeles-Long Beach-Anaheim, CA",17-05-2024,pm25
6,37,1103,88101,1,34.06659,-118.22688,WGS84,PM2.5 - Local Conditions,24 HOUR,PM25 24-hour 2012,15-08-2022,Micrograms/cubic meter (LC),,1,100,15.6,15.6,0,63.0,145,R & P Model 2025 PM-2.5 Sequential Air Sampler w/VSCC - Gravimetric,Los Angeles-North Main Street,"1630 N MAIN ST, LOS ANGELES",California,Los Angeles,Los Angeles,"Los Angeles-Long Beach-Anaheim, CA",17-05-2024,pm25
6,37,1103,88101,1,34.06659,-118.22688,WGS84,PM2.5 - Local Conditions,24 HOUR,PM25 24-hour 2012,16-08-2022,Micrograms/cubic meter (LC),,1,100,13.2,13.2,0,59.0,145,R & P Model 2025 PM-2.5 Sequential Air Sampler w/VSCC - Gravimetric,Los Angeles-North Main Street,"1630 N MAIN ST, LOS ANGELES",California,Los Angeles,Los Angeles,"Los Angeles-Long Beach-Anaheim, CA",17-05-2024,pm25
6,37,1103,88101,1,34.06659,-118.22688,WGS84,PM2.5 - Local Conditions,24 HOUR,PM25 24-hour 2012,17-08-2022,Micrograms/cubic meter (LC),,1,100,9.6,9.6,0,52.0,145,R & P Model 2025 PM-2.5 Sequential Air Sampler w/VSCC - Gravimetric,Los Angeles-North Main Street,"1630 N MAIN ST, LOS ANGELES",California,Los Angeles,Los Angeles,"Los Angeles-Long Beach-Anaheim, CA",17-05-2024,pm25
6,37,1103,88101,1,34.06659,-118.22688,WGS84,PM2.5 - Local Conditions,24 HOUR,PM25 24-hour 2012,18-08-2022,Micrograms/cubic meter (LC),,1,100,8.5,8.5,0,47.0,145,R & P Model 2025 PM-2.5 Sequential Air Sampler w/VSCC - Gravimetric,Los Angeles-North Main Street,"1630 N MAIN ST, LOS ANGELES",California,Los Angeles,Los Angeles,"Los Angeles-Long Beach-Anaheim, CA",17-05-2024,pm25
6,37,1103,88101,1,34.06659,-118.22688,WGS84,PM2.5 - Local Conditions,24 HOUR,PM25 24-hour 2012,19-08-2022,Micrograms/cubic meter (LC),,1,100,10.3,10.3,0,53.0,145,R & P Model 2025 PM-2.5 Sequential Air Sampler w/VSCC - Gravimetric,Los Angeles-North Main Street,"1630 N MAIN ST, LOS ANGELES",California,Los Angeles,Los Angeles,"Los Angeles-Long Beach-Anaheim, CA",17-05-2024,pm25
6,37,1103,88101,1,34.06659,-118.22688,WGS84,PM2.5 - Local Conditions,24 HOUR,PM25 24-hour 2012,20-08-2022,Micrograms/cubic meter (LC),,1,100,10.6,10.6,0,54.0,145,R & P Model 2025 PM-2.5 Sequential Air Sampler w/VSCC - Gravimetric,Los Angeles-North Main Street,"1630 N MAIN ST, LOS ANGELES",California,Los Angeles,Los Angeles,"Los Angeles-Long Beach-Anaheim, CA",17-05-2024,pm25
6,37,1103,88101,1,34.06659,-118.22688,WGS84,PM2.5 - Local Conditions,24 HOUR,PM25 24-hour 2012,21-08-2022,Micrograms/cubic meter (LC),,1,100,10.7,10.7,0,54.0,145,R & P Model 2025 PM-2.5 Sequential Air Sampler w/VSCC - Gravimetric,Los Angeles-North Main Street,"1630 N MAIN ST, LOS ANGELES",California,Los Angeles,Los Angeles,"Los Angeles-Long Beach-Anaheim, CA",17-05-2024,pm25
6,37,1103,88101,1,34.06659,-118.22688,WGS84,PM2.5 - Local Conditions,24 HOUR,PM25 24-hour 2012,22-08-2022,Micrograms/cubic meter (LC),,1,100,8.8,8.8,0,49.0,145,R & P Model 2025 PM-2.5 Sequential Air Sampler w/VSCC - Gravimetric,Los Angeles-North Main Street,"1630 N MAIN ST, LOS ANGELES",California,Los Angeles,Los Angeles,"Los Angeles-Long Beach-Anaheim, CA",17-05-2024,pm25
6,37,1103,88101,1,34.06659,-118.22688,WGS84,PM2.5 - Local Conditions,24 HOUR,PM25 24-hour 2012,23-08-2022,Micrograms/cubic meter (LC),,1,100,13.4,13.4,0,59.0,145,R & P Model 2025 PM-2.5 Sequential Air Sampler w/VSCC - Gravimetric,Los Angeles-North Main Street,"1630 N MAIN ST, LOS ANGELES",California,Los Angeles,Los Angeles,"Los Angeles-Long Beach-Anaheim, CA",17-05-2024,pm25
6,37,1103,88101,1,34.06659,-118.22688,WGS84,PM2.5 - Local Conditions,24 HOUR,PM25 24-hour 2012,24-08-2022,Micrograms/cubic meter (LC),,1,100,10.2,10.2,0,53.0,145,R & P Model 2025 PM-2.5 Sequential Air Sampler w/VSCC - Gravimetric,Los Angeles-North Main Street,"1630 N MAIN ST, LOS ANGELES",California,Los Angeles,Los Angeles,"Los Angeles-Long Beach-Anaheim, CA",17-05-2024,pm25
6,37,1103,88101,1,34.06659,-118.22688,WGS84,PM2.5 - Local Conditions,24 HOUR,PM25 24-hour 2012,25-08-2022,Micrograms/cubic meter (LC),,1,100,10.5,10.5,0,54.0,145,R & P Model 2025 PM-2.5 Sequential Air Sampler w/VSCC - Gravimetric,Los Angeles-North Main Street,"1630 N MAIN ST, LOS ANGELES",California,Los Angeles,Los Angeles,"Los Angeles-Long Beach-Anaheim, CA",17-05-2024,pm25
6,37,1103,88101,1,34.06659,-118.22688,WGS84,PM2.5 - Local Conditions,24 HOUR,PM25 24-hour 2012,26-08-2022,Micrograms/cubic meter (LC),,1,100,8.7,8.7,0,48.0,145,R & P Model 2025 PM-2.5 Sequential Air Sampler w/VSCC - Gravimetric,Los Angeles-North Main Street,"1630 N MAIN ST, LOS ANGELES",California,Los Angeles,Los Angeles,"Los Angeles-Long Beach-Anaheim, CA",17-05-2024,pm25
6,37,1103,88101,1,34.06659,-118.22688,WGS84,PM2.5 - Local Conditions,24 HOUR,PM25 24-hour 2012,27-08-2022,Micrograms/cubic meter (LC),,1,100,8.7,8.7,0,48.0,145,R & P Model 2025 PM-2.5 Sequential Air Sampler w/VSCC - Gravimetric,Los Angeles-North Main Street,"1630 N MAIN ST, LOS ANGELES",California,Los Angeles,Los Angeles,"Los Angeles-Long Beach-Anaheim, CA",17-05-2024,pm25
6,37,1103,88101,1,34.06659,-118.22688,WGS84,PM2.5 - Local Conditions,24 HOUR,PM25 24-hour 2012,28-08-2022,Micrograms/cubic meter (LC),,1,100,6.8,6.8,0,38.0,145,R & P Model 2025 PM-2.5 Sequential Air Sampler w/VSCC - Gravimetric,Los Angeles-North Main Street,"1630 N MAIN ST, LOS ANGELES",California,Los Angeles,Los Angeles,"Los Angeles-Long Beach-Anaheim, CA",17-05-2024,pm25
6,37,1103,88101,1,34.06659,-118.22688,WGS84,PM2.5 - Local Conditions,24 HOUR,PM25 24-hour 2012,29-08-2022,Micrograms/cubic meter (LC),,1,100,9.4,9.4,0,52.0,145,R & P Model 2025 PM-2.5 Sequential Air Sampler w/VSCC - Gravimetric,Los Angeles-North Main Street,"1630 N MAIN ST, LOS ANGELES",California,Los Angeles,Los Angeles,"Los Angeles-Long Beach-Anaheim, CA",17-05-2024,pm25
6,37,1103,88101,1,34.06659,-118.22688,WGS84,PM2.5 - Local Conditions,24 HOUR,PM25 24-hour 2012,30-08-2022,Micrograms/cubic meter (LC),,1,100,14.7,14.7,0,61.0,145,R & P Model 2025 PM-2.5 Sequential Air Sampler w/VSCC - Gravimetric,Los Angeles-North Main Street,"1630 N MAIN ST, LOS ANGELES",California,Los Angeles,Los Angeles,"Los Angeles-Long Beach-Anaheim, CA",17-05-2024,pm25
6,37,1103,88101,1,34.06659,-118.22688,WGS84,PM2.5 - Local Conditions,24 HOUR,PM25 24-hour 2012,31-08-2022,Micrograms/cubic meter (LC),,1,100,15.2,15.2,0,62.0,145,R & P Model 2025 PM-2.5 Sequential Air Sampler w/VSCC - Gravimetric,Los Angeles-North Main Street,"1630 N MAIN ST, LOS ANGELES",California,Los Angeles,Los Angeles,"Los Angeles-Long Beach-Anaheim, CA",17-05-2024,pm25
6,37,1103,88101,1,34.06659,-118.22688,WGS84,PM2.5 - Local Conditions,24 HOUR,PM25 24-hour 2012,01-09-2022,Micrograms/cubic meter (LC),,1,100,17.2,17.2,0,66.0,145,R & P Model 2025 PM-2.5 Sequential Air Sampler w/VSCC - Gravimetric,Los Angeles-North Main Street,"1630 N MAIN ST, LOS ANGELES",California,Los Angeles,Los Angeles,"Los Angeles-Long Beach-Anaheim, CA",17-05-2024,pm25
6,37,1103,88101,1,34.06659,-118.22688,WGS84,PM2.5 - Local Conditions,24 HOUR,PM25 24-hour 2012,02-09-2022,Micrograms/cubic meter (LC),,1,100,15.7,15.7,0,63.0,145,R & P Model 2025 PM-2.5 Sequential Air Sampler w/VSCC - Gravimetric,Los Angeles-North Main Street,"1630 N MAIN ST, LOS ANGELES",California,Los Angeles,Los Angeles,"Los Angeles-Long Beach-Anaheim, CA",17-05-2024,pm25
6,37,1103,88101,1,34.06659,-118.22688,WGS84,PM2.5 - Local Conditions,24 HOUR,PM25 24-hour 2012,03-09-2022,Micrograms/cubic meter (LC),,1,100,13.4,13.4,0,59.0,145,R & P Model 2025 PM-2.5 Sequential Air Sampler w/VSCC - Gravimetric,Los Angeles-North Main Street,"1630 N MAIN ST, LOS ANGELES",California,Los Angeles,Los Angeles,"Los Angeles-Long Beach-Anaheim, CA",17-05-2024,pm25
6,37,1103,88101,1,34.06659,-118.22688,WGS84,PM2.5 - Local Conditions,24 HOUR,PM25 24-hour 2012,04-09-2022,Micrograms/cubic meter (LC),,1,100,11.5,11.5,0,55.0,145,R & P Model 2025 PM-2.5 Sequential Air Sampler w/VSCC - Gravimetric,Los Angeles-North Main Street,"1630 N MAIN ST, LOS ANGELES",California,Los Angeles,Los Angeles,"Los Angeles-Long Beach-Anaheim, CA",17-05-2024,pm25
6,37,1103,88101,1,34.06659,-118.22688,WGS84,PM2.5 - Local Conditions,24 HOUR,PM25 24-hour 2012,05-09-2022,Micrograms/cubic meter (LC),,1,100,11.8,11.8,0,56.0,145,R & P Model 2025 PM-2.5 Sequential Air Sampler w/VSCC - Gravimetric,Los Angeles-North Main Street,"1630 N MAIN ST, LOS ANGELES",California,Los Angeles,Los Angeles,"Los Angeles-Long Beach-Anaheim, CA",17-05-2024,pm25
6,37,1103,88101,1,34.06659,-118.22688,WGS84,PM2.5 - Local Conditions,24 HOUR,PM25 24-hour 2012,06-09-2022,Micrograms/cubic meter (LC),,1,100,14.0,14.0,0,60.0,145,R & P Model 2025 PM-2.5 Sequential Air Sampler w/VSCC - Gravimetric,Los Angeles-North Main Street,"1630 N MAIN ST, LOS ANGELES",California,Los Angeles,Los Angeles,"Los Angeles-Long Beach-Anaheim, CA",17-05-2024,pm25
6,37,1103,88101,1,34.06659,-118.22688,WGS84,PM2.5 - Local Conditions,24 HOUR,PM25 24-hour 2012,07-09-2022,Micrograms/cubic meter (LC),,1,100,15.9,15.9,0,64.0,145,R & P Model 2025 PM-2.5 Sequential Air Sampler w/VSCC - Gravimetric,Los Angeles-North Main Street,"1630 N MAIN ST, LOS ANGELES",California,Los Angeles,Los Angeles,"Los Angeles-Long Beach-Anaheim, CA",17-05-2024,pm25
6,37,1103,88101,1,34.06659,-118.22688,WGS84,PM2.5 - Local Conditions,24 HOUR,PM25 24-hour 2012,08-09-2022,Micrograms/cubic meter (LC),,1,100,13.7,13.7,0,60.0,145,R & P Model 2025 PM-2.5 Sequential Air Sampler w/VSCC - Gravimetric,Los Angeles-North Main Street,"1630 N MAIN ST, LOS ANGELES",California,Los Angeles,Los Angeles,"Los Angeles-Long Beach-Anaheim, CA",17-05-2024,pm25
6,37,1103,88101,1,34.06659,-118.22688,WGS84,PM2.5 - Local Conditions,24 HOUR,PM25 24-hour 2012,09-09-2022,Micrograms/cubic meter (LC),,1,100,7.6,7.6,0,42.0,145,R & P Model 2025 PM-2.5 Sequential Air Sampler w/VSCC - Gravimetric,Los Angeles-North Main Street,"1630 N MAIN ST, LOS ANGELES",California,Los Angeles,Los Angeles,"Los Angeles-Long Beach-Anaheim, CA",17-05-2024,pm25
6,37,1103,88101,1,34.06659,-118.22688,WGS84,PM2.5 - Local Conditions,24 HOUR,PM25 24-hour 2012,10-09-2022,Micrograms/cubic meter (LC),,1,100,7.0,7.0,0,39.0,145,R & P Model 2025 PM-2.5 Sequential Air Sampler w/VSCC - Gravimetric,Los Angeles-North Main Street,"1630 N MAIN ST, LOS ANGELES",California,Los Angeles,Los Angeles,"Los Angeles-Long Beach-Anaheim, CA",17-05-2024,pm25
6,37,1103,88101,1,34.06659,-118.22688,WGS84,PM2.5 - Local Conditions,24 HOUR,PM25 24-hour 2012,11-09-2022,Micrograms/cubic meter (LC),,1,100,5.0,5.0,0,28.0,145,R & P Model 2025 PM-2.5 Sequential Air Sampler w/VSCC - Gravimetric,Los Angeles-North Main Street,"1630 N MAIN ST, LOS ANGELES",California,Los Angeles,Los Angeles,"Los Angeles-Long Beach-Anaheim, CA",17-05-2024,pm25
6,37,1103,88101,1,34.06659,-118.22688,WGS84,PM2.5 - Local Conditions,24 HOUR,PM25 24-hour 2012,12-09-2022,Micrograms/cubic meter (LC),,1,100,6.2,6.2,0,34.0,145,R & P Model 2025 PM-2.5 Sequential Air Sampler w/VSCC - Gravimetric,Los Angeles-North Main Street,"1630 N MAIN ST, LOS ANGELES",California,Los Angeles,Los Angeles,"Los Angeles-Long Beach-Anaheim, CA",17-05-2024,pm25
6,37,1103,88101,1,34.06659,-118.22688,WGS84,PM2.5 - Local Conditions,24 HOUR,PM25 24-hour 2012,13-09-2022,Micrograms/cubic meter (LC),,1,100,12.7,12.7,0,58.0,145,R & P Model 2025 PM-2.5 Sequential Air Sampler w/VSCC - Gravimetric,Los Angeles-North Main Street,"1630 N MAIN ST, LOS ANGELES",California,Los Angeles,Los Angeles,"Los Angeles-Long Beach-Anaheim, CA",17-05-2024,pm25
6,37,1103,88101,1,34.06659,-118.22688,WGS84,PM2.5 - Local Conditions,24 HOUR,PM25 24-hour 2012,15-09-2022,Micrograms/cubic meter (LC),,1,100,9.5,9.5,0,52.0,145,R & P Model 2025 PM-2.5 Sequential Air Sampler w/VSCC - Gravimetric,Los Angeles-North Main Street,"1630 N MAIN ST, LOS ANGELES",California,Los Angeles,Los Angeles,"Los Angeles-Long Beach-Anaheim, CA",17-05-2024,pm25
6,37,1103,88101,1,34.06659,-118.22688,WGS84,PM2.5 - Local Conditions,24 HOUR,PM25 24-hour 2012,16-09-2022,Micrograms/cubic meter (LC),,1,100,12.6,12.6,0,58.0,145,R & P Model 2025 PM-2.5 Sequential Air Sampler w/VSCC - Gravimetric,Los Angeles-North Main Street,"1630 N MAIN ST, LOS ANGELES",California,Los Angeles,Los Angeles,"Los Angeles-Long Beach-Anaheim, CA",17-05-2024,pm25
6,37,1103,88101,1,34.06659,-118.22688,WGS84,PM2.5 - Local Conditions,24 HOUR,PM25 24-hour 2012,17-09-2022,Micrograms/cubic meter (LC),,1,100,12.5,12.5,0,57.0,145,R & P Model 2025 PM-2.5 Sequential Air Sampler w/VSCC - Gravimetric,Los Angeles-North Main Street,"1630 N MAIN ST, LOS ANGELES",California,Los Angeles,Los Angeles,"Los Angeles-Long Beach-Anaheim, CA",17-05-2024,pm25
6,37,1103,88101,1,34.06659,-118.22688,WGS84,PM2.5 - Local Conditions,24 HOUR,PM25 24-hour 2012,18-09-2022,Micrograms/cubic meter (LC),,1,100,8.9,8.9,0,49.0,145,R & P Model 2025 PM-2.5 Sequential Air Sampler w/VSCC - Gravimetric,Los Angeles-North Main Street,"1630 N MAIN ST, LOS ANGELES",California,Los Angeles,Los Angeles,"Los Angeles-Long Beach-Anaheim, CA",17-05-2024,pm25
6,37,1103,88101,1,34.06659,-118.22688,WGS84,PM2.5 - Local Conditions,24 HOUR,PM25 24-hour 2012,19-09-2022,Micrograms/cubic meter (LC),,1,100,5.4,5.4,0,30.0,145,R & P Model 2025 PM-2.5 Sequential Air Sampler w/VSCC - Gravimetric,Los Angeles-North Main Street,"1630 N MAIN ST, LOS ANGELES",California,Los Angeles,Los Angeles,"Los Angeles-Long Beach-Anaheim, CA",17-05-2024,pm25
6,37,1103,88101,1,34.06659,-118.22688,WGS84,PM2.5 - Local Conditions,24 HOUR,PM25 24-hour 2012,20-09-2022,Micrograms/cubic meter (LC),,1,100,4.0,4.0,0,22.0,145,R & P Model 2025 PM-2.5 Sequential Air Sampler w/VSCC - Gravimetric,Los Angeles-North Main Street,"1630 N MAIN ST, LOS ANGELES",California,Los Angeles,Los Angeles,"Los Angeles-Long Beach-Anaheim, CA",17-05-2024,pm25
6,37,1103,88101,1,34.06659,-118.22688,WGS84,PM2.5 - Local Conditions,24 HOUR,PM25 24-hour 2012,21-09-2022,Micrograms/cubic meter (LC),,1,100,4.6,4.6,0,26.0,145,R & P Model 2025 PM-2.5 Sequential Air Sampler w/VSCC - Gravimetric,Los Angeles-North Main Street,"1630 N MAIN ST, LOS ANGELES",California,Los Angeles,Los Angeles,"Los Angeles-Long Beach-Anaheim, CA",17-05-2024,pm25
6,37,1103,88101,1,34.06659,-118.22688,WGS84,PM2.5 - Local Conditions,24 HOUR,PM25 24-hour 2012,22-09-2022,Micrograms/cubic meter (LC),,1,100,8.1,8.1,0,45.0,145,R & P Model 2025 PM-2.5 Sequential Air Sampler w/VSCC - Gravimetric,Los Angeles-North Main Street,"1630 N MAIN ST, LOS ANGELES",California,Los Angeles,Los Angeles,"Los Angeles-Long Beach-Anaheim, CA",17-05-2024,pm25
6,37,1103,88101,1,34.06659,-118.22688,WGS84,PM2.5 - Local Conditions,24 HOUR,PM25 24-hour 2012,23-09-2022,Micrograms/cubic meter (LC),,1,100,9.9,9.9,0,52.0,145,R & P Model 2025 PM-2.5 Sequential Air Sampler w/VSCC - Gravimetric,Los Angeles-North Main Street,"1630 N MAIN ST, LOS ANGELES",California,Los Angeles,Los Angeles,"Los Angeles-Long Beach-Anaheim, CA",17-05-2024,pm25
6,37,1103,88101,1,34.06659,-118.22688,WGS84,PM2.5 - Local Conditions,24 HOUR,PM25 24-hour 2012,24-09-2022,Micrograms/cubic meter (LC),,1,100,10.2,10.2,0,53.0,145,R & P Model 2025 PM-2.5 Sequential Air Sampler w/VSCC - Gravimetric,Los Angeles-North Main Street,"1630 N MAIN ST, LOS ANGELES",California,Los Angeles,Los Angeles,"Los Angeles-Long Beach-Anaheim, CA",17-05-2024,pm25
6,37,1103,88101,1,34.06659,-118.22688,WGS84,PM2.5 - Local Conditions,24 HOUR,PM25 24-hour 2012,25-09-2022,Micrograms/cubic meter (LC),,1,100,12.5,12.5,0,57.0,145,R & P Model 2025 PM-2.5 Sequential Air Sampler w/VSCC - Gravimetric,Los Angeles-North Main Street,"1630 N MAIN ST, LOS ANGELES",California,Los Angeles,Los Angeles,"Los Angeles-Long Beach-Anaheim, CA",17-05-2024,pm25
6,37,1103,88101,1,34.06659,-118.22688,WGS84,PM2.5 - Local Conditions,24 HOUR,PM25 24-hour 2012,26-09-2022,Micrograms/cubic meter (LC),,1,100,12.4,12.4,0,57.0,145,R & P Model 2025 PM-2.5 Sequential Air Sampler w/VSCC - Gravimetric,Los Angeles-North Main Street,"1630 N MAIN ST, LOS ANGELES",California,Los Angeles,Los Angeles,"Los Angeles-Long Beach-Anaheim, CA",17-05-2024,pm25
6,37,1103,88101,1,34.06659,-118.22688,WGS84,PM2.5 - Local Conditions,24 HOUR,PM25 24-hour 2012,27-09-2022,Micrograms/cubic meter (LC),,1,100,13.1,13.1,0,58.0,145,R & P Model 2025 PM-2.5 Sequential Air Sampler w/VSCC - Gravimetric,Los Angeles-North Main Street,"1630 N MAIN ST, LOS ANGELES",California,Los Angeles,Los Angeles,"Los Angeles-Long Beach-Anaheim, CA",17-05-2024,pm25
6,37,1103,88101,1,34.06659,-118.22688,WGS84,PM2.5 - Local Conditions,24 HOUR,PM25 24-hour 2012,28-09-2022,Micrograms/cubic meter (LC),,1,100,15.5,15.5,0,63.0,145,R & P Model 2025 PM-2.5 Sequential Air Sampler w/VSCC - Gravimetric,Los Angeles-North Main Street,"1630 N MAIN ST, LOS ANGELES",California,Los Angeles,Los Angeles,"Los Angeles-Long Beach-Anaheim, CA",17-05-2024,pm25
6,37,1103,88101,1,34.06659,-118.22688,WGS84,PM2.5 - Local Conditions,24 HOUR,PM25 24-hour 2012,29-09-2022,Micrograms/cubic meter (LC),,1,100,14.2,14.2,0,61.0,145,R & P Model 2025 PM-2.5 Sequential Air Sampler w/VSCC - Gravimetric,Los Angeles-North Main Street,"1630 N MAIN ST, LOS ANGELES",California,Los Angeles,Los Angeles,"Los Angeles-Long Beach-Anaheim, CA",17-05-2024,pm25
6,37,1103,88101,1,34.06659,-118.22688,WGS84,PM2.5 - Local Conditions,24 HOUR,PM25 24-hour 2012,30-09-2022,Micrograms/cubic meter (LC),,1,100,11.1,11.1,0,55.0,145,R & P Model 2025 PM-2.5 Sequential Air Sampler w/VSCC - Gravimetric,Los Angeles-North Main Street,"1630 N MAIN ST, LOS ANGELES",California,Los Angeles,Los Angeles,"Los Angeles-Long Beach-Anaheim, CA",17-05-2024,pm25
6,37,1103,88101,1,34.06659,-118.22688,WGS84,PM2.5 - Local Conditions,24 HOUR,PM25 24-hour 2012,01-10-2022,Micrograms/cubic meter (LC),,1,100,8.4,8.4,0,47.0,145,R & P Model 2025 PM-2.5 Sequential Air Sampler w/VSCC - Gravimetric,Los Angeles-North Main Street,"1630 N MAIN ST, LOS ANGELES",California,Los Angeles,Los Angeles,"Los Angeles-Long Beach-Anaheim, CA",17-05-2024,pm25
6,37,1103,88101,1,34.06659,-118.22688,WGS84,PM2.5 - Local Conditions,24 HOUR,PM25 24-hour 2012,02-10-2022,Micrograms/cubic meter (LC),,1,100,8.4,8.4,0,47.0,145,R & P Model 2025 PM-2.5 Sequential Air Sampler w/VSCC - Gravimetric,Los Angeles-North Main Street,"1630 N MAIN ST, LOS ANGELES",California,Los Angeles,Los Angeles,"Los Angeles-Long Beach-Anaheim, CA",17-05-2024,pm25
6,37,1103,88101,1,34.06659,-118.22688,WGS84,PM2.5 - Local Conditions,24 HOUR,PM25 24-hour 2012,03-10-2022,Micrograms/cubic meter (LC),,1,100,9.0,9.0,0,50.0,145,R & P Model 2025 PM-2.5 Sequential Air Sampler w/VSCC - Gravimetric,Los Angeles-North Main Street,"1630 N MAIN ST, LOS ANGELES",California,Los Angeles,Los Angeles,"Los Angeles-Long Beach-Anaheim, CA",17-05-2024,pm25
6,37,1103,88101,1,34.06659,-118.22688,WGS84,PM2.5 - Local Conditions,24 HOUR,PM25 24-hour 2012,04-10-2022,Micrograms/cubic meter (LC),,1,100,12.3,12.3,0,57.0,145,R & P Model 2025 PM-2.5 Sequential Air Sampler w/VSCC - Gravimetric,Los Angeles-North Main Street,"1630 N MAIN ST, LOS ANGELES",California,Los Angeles,Los Angeles,"Los Angeles-Long Beach-Anaheim, CA",17-05-2024,pm25
6,37,1103,88101,1,34.06659,-118.22688,WGS84,PM2.5 - Local Conditions,24 HOUR,PM25 24-hour 2012,05-10-2022,Micrograms/cubic meter (LC),,1,100,17.1,17.1,0,66.0,145,R & P Model 2025 PM-2.5 Sequential Air Sampler w/VSCC - Gravimetric,Los Angeles-North Main Street,"1630 N MAIN ST, LOS ANGELES",California,Los Angeles,Los Angeles,"Los Angeles-Long Beach-Anaheim, CA",17-05-2024,pm25
6,37,1103,88101,1,34.06659,-118.22688,WGS84,PM2.5 - Local Conditions,24 HOUR,PM25 24-hour 2012,06-10-2022,Micrograms/cubic meter (LC),,1,100,18.7,18.7,0,69.0,145,R & P Model 2025 PM-2.5 Sequential Air Sampler w/VSCC - Gravimetric,Los Angeles-North Main Street,"1630 N MAIN ST, LOS ANGELES",California,Los Angeles,Los Angeles,"Los Angeles-Long Beach-Anaheim, CA",17-05-2024,pm25
6,37,1103,88101,1,34.06659,-118.22688,WGS84,PM2.5 - Local Conditions,24 HOUR,PM25 24-hour 2012,07-10-2022,Micrograms/cubic meter (LC),,1,100,19.8,19.8,0,71.0,145,R & P Model 2025 PM-2.5 Sequential Air Sampler w/VSCC - Gravimetric,Los Angeles-North Main Street,"1630 N MAIN ST, LOS ANGELES",California,Los Angeles,Los Angeles,"Los Angeles-Long Beach-Anaheim, CA",17-05-2024,pm25
6,37,1103,88101,1,34.06659,-118.22688,WGS84,PM2.5 - Local Conditions,24 HOUR,PM25 24-hour 2012,08-10-2022,Micrograms/cubic meter (LC),,1,100,18.9,18.9,0,69.0,145,R & P Model 2025 PM-2.5 Sequential Air Sampler w/VSCC - Gravimetric,Los Angeles-North Main Street,"1630 N MAIN ST, LOS ANGELES",California,Los Angeles,Los Angeles,"Los Angeles-Long Beach-Anaheim, CA",17-05-2024,pm25
6,37,1103,88101,1,34.06659,-118.22688,WGS84,PM2.5 - Local Conditions,24 HOUR,PM25 24-hour 2012,09-10-2022,Micrograms/cubic meter (LC),,1,100,14.0,14.0,0,60.0,145,R & P Model 2025 PM-2.5 Sequential Air Sampler w/VSCC - Gravimetric,Los Angeles-North Main Street,"1630 N MAIN ST, LOS ANGELES",California,Los Angeles,Los Angeles,"Los Angeles-Long Beach-Anaheim, CA",17-05-2024,pm25
6,37,1103,88101,1,34.06659,-118.22688,WGS84,PM2.5 - Local Conditions,24 HOUR,PM25 24-hour 2012,10-10-2022,Micrograms/cubic meter (LC),,1,100,13.7,13.7,0,60.0,145,R & P Model 2025 PM-2.5 Sequential Air Sampler w/VSCC - Gravimetric,Los Angeles-North Main Street,"1630 N MAIN ST, LOS ANGELES",California,Los Angeles,Los Angeles,"Los Angeles-Long Beach-Anaheim, CA",17-05-2024,pm25
6,37,1103,88101,1,34.06659,-118.22688,WGS84,PM2.5 - Local Conditions,24 HOUR,PM25 24-hour 2012,11-10-2022,Micrograms/cubic meter (LC),,1,100,11.7,11.7,0,56.0,145,R & P Model 2025 PM-2.5 Sequential Air Sampler w/VSCC - Gravimetric,Los Angeles-North Main Street,"1630 N MAIN ST, LOS ANGELES",California,Los Angeles,Los Angeles,"Los Angeles-Long Beach-Anaheim, CA",17-05-2024,pm25
6,37,1103,88101,1,34.06659,-118.22688,WGS84,PM2.5 - Local Conditions,24 HOUR,PM25 24-hour 2012,12-10-2022,Micrograms/cubic meter (LC),,1,100,9.9,9.9,0,52.0,145,R & P Model 2025 PM-2.5 Sequential Air Sampler w/VSCC - Gravimetric,Los Angeles-North Main Street,"1630 N MAIN ST, LOS ANGELES",California,Los Angeles,Los Angeles,"Los Angeles-Long Beach-Anaheim, CA",17-05-2024,pm25
6,37,1103,88101,1,34.06659,-118.22688,WGS84,PM2.5 - Local Conditions,24 HOUR,PM25 24-hour 2012,13-10-2022,Micrograms/cubic meter (LC),,1,100,22.1,22.1,0,75.0,145,R & P Model 2025 PM-2.5 Sequential Air Sampler w/VSCC - Gravimetric,Los Angeles-North Main Street,"1630 N MAIN ST, LOS ANGELES",California,Los Angeles,Los Angeles,"Los Angeles-Long Beach-Anaheim, CA",17-05-2024,pm25
6,37,1103,88101,1,34.06659,-118.22688,WGS84,PM2.5 - Local Conditions,24 HOUR,PM25 24-hour 2012,14-10-2022,Micrograms/cubic meter (LC),,1,100,12.0,12.0,0,56.0,145,R & P Model 2025 PM-2.5 Sequential Air Sampler w/VSCC - Gravimetric,Los Angeles-North Main Street,"1630 N MAIN ST, LOS ANGELES",California,Los Angeles,Los Angeles,"Los Angeles-Long Beach-Anaheim, CA",17-05-2024,pm25
6,37,1103,88101,1,34.06659,-118.22688,WGS84,PM2.5 - Local Conditions,24 HOUR,PM25 24-hour 2012,15-10-2022,Micrograms/cubic meter (LC),,1,100,5.2,5.2,0,29.0,145,R & P Model 2025 PM-2.5 Sequential Air Sampler w/VSCC - Gravimetric,Los Angeles-North Main Street,"1630 N MAIN ST, LOS ANGELES",California,Los Angeles,Los Angeles,"Los Angeles-Long Beach-Anaheim, CA",17-05-2024,pm25
6,37,1103,88101,1,34.06659,-118.22688,WGS84,PM2.5 - Local Conditions,24 HOUR,PM25 24-hour 2012,16-10-2022,Micrograms/cubic meter (LC),,1,100,5.7,5.7,0,32.0,145,R & P Model 2025 PM-2.5 Sequential Air Sampler w/VSCC - Gravimetric,Los Angeles-North Main Street,"1630 N MAIN ST, LOS ANGELES",California,Los Angeles,Los Angeles,"Los Angeles-Long Beach-Anaheim, CA",17-05-2024,pm25
6,37,1103,88101,1,34.06659,-118.22688,WGS84,PM2.5 - Local Conditions,24 HOUR,PM25 24-hour 2012,17-10-2022,Micrograms/cubic meter (LC),,1,100,8.0,8.0,0,44.0,145,R & P Model 2025 PM-2.5 Sequential Air Sampler w/VSCC - Gravimetric,Los Angeles-North Main Street,"1630 N MAIN ST, LOS ANGELES",California,Los Angeles,Los Angeles,"Los Angeles-Long Beach-Anaheim, CA",17-05-2024,pm25
6,37,1103,88101,1,34.06659,-118.22688,WGS84,PM2.5 - Local Conditions,24 HOUR,PM25 24-hour 2012,18-10-2022,Micrograms/cubic meter (LC),,1,100,10.9,10.9,0,54.0,145,R & P Model 2025 PM-2.5 Sequential Air Sampler w/VSCC - Gravimetric,Los Angeles-North Main Street,"1630 N MAIN ST, LOS ANGELES",California,Los Angeles,Los Angeles,"Los Angeles-Long Beach-Anaheim, CA",17-05-2024,pm25
6,37,1103,88101,1,34.06659,-118.22688,WGS84,PM2.5 - Local Conditions,24 HOUR,PM25 24-hour 2012,19-10-2022,Micrograms/cubic meter (LC),,1,100,7.0,7.0,0,39.0,145,R & P Model 2025 PM-2.5 Sequential Air Sampler w/VSCC - Gravimetric,Los Angeles-North Main Street,"1630 N MAIN ST, LOS ANGELES",California,Los Angeles,Los Angeles,"Los Angeles-Long Beach-Anaheim, CA",17-05-2024,pm25
6,37,1103,88101,1,34.06659,-118.22688,WGS84,PM2.5 - Local Conditions,24 HOUR,PM25 24-hour 2012,20-10-2022,Micrograms/cubic meter (LC),,1,100,9.0,9.0,0,50.0,145,R & P Model 2025 PM-2.5 Sequential Air Sampler w/VSCC - Gravimetric,Los Angeles-North Main Street,"1630 N MAIN ST, LOS ANGELES",California,Los Angeles,Los Angeles,"Los Angeles-Long Beach-Anaheim, CA",17-05-2024,pm25
6,37,1103,88101,1,34.06659,-118.22688,WGS84,PM2.5 - Local Conditions,24 HOUR,PM25 24-hour 2012,21-10-2022,Micrograms/cubic meter (LC),,1,100,10.9,10.9,0,54.0,145,R & P Model 2025 PM-2.5 Sequential Air Sampler w/VSCC - Gravimetric,Los Angeles-North Main Street,"1630 N MAIN ST, LOS ANGELES",California,Los Angeles,Los Angeles,"Los Angeles-Long Beach-Anaheim, CA",17-05-2024,pm25
6,37,1103,88101,1,34.06659,-118.22688,WGS84,PM2.5 - Local Conditions,24 HOUR,PM25 24-hour 2012,22-10-2022,Micrograms/cubic meter (LC),,1,100,9.7,9.7,0,52.0,145,R & P Model 2025 PM-2.5 Sequential Air Sampler w/VSCC - Gravimetric,Los Angeles-North Main Street,"1630 N MAIN ST, LOS ANGELES",California,Los Angeles,Los Angeles,"Los Angeles-Long Beach-Anaheim, CA",17-05-2024,pm25
6,37,1103,88101,1,34.06659,-118.22688,WGS84,PM2.5 - Local Conditions,24 HOUR,PM25 24-hour 2012,23-10-2022,Micrograms/cubic meter (LC),,1,100,7.2,7.2,0,40.0,145,R & P Model 2025 PM-2.5 Sequential Air Sampler w/VSCC - Gravimetric,Los Angeles-North Main Street,"1630 N MAIN ST, LOS ANGELES",California,Los Angeles,Los Angeles,"Los Angeles-Long Beach-Anaheim, CA",17-05-2024,pm25
6,37,1103,88101,1,34.06659,-118.22688,WGS84,PM2.5 - Local Conditions,24 HOUR,PM25 24-hour 2012,24-10-2022,Micrograms/cubic meter (LC),,1,100,7.0,7.0,0,39.0,145,R & P Model 2025 PM-2.5 Sequential Air Sampler w/VSCC - Gravimetric,Los Angeles-North Main Street,"1630 N MAIN ST, LOS ANGELES",California,Los Angeles,Los Angeles,"Los Angeles-Long Beach-Anaheim, CA",17-05-2024,pm25
6,37,1103,88101,1,34.06659,-118.22688,WGS84,PM2.5 - Local Conditions,24 HOUR,PM25 24-hour 2012,25-10-2022,Micrograms/cubic meter (LC),,1,100,7.5,7.5,0,42.0,145,R & P Model 2025 PM-2.5 Sequential Air Sampler w/VSCC - Gravimetric,Los Angeles-North Main Street,"1630 N MAIN ST, LOS ANGELES",California,Los Angeles,Los Angeles,"Los Angeles-Long Beach-Anaheim, CA",17-05-2024,pm25
6,37,1103,88101,1,34.06659,-118.22688,WGS84,PM2.5 - Local Conditions,24 HOUR,PM25 24-hour 2012,28-10-2022,Micrograms/cubic meter (LC),,1,100,14.6,14.6,0,61.0,145,R & P Model 2025 PM-2.5 Sequential Air Sampler w/VSCC - Gravimetric,Los Angeles-North Main Street,"1630 N MAIN ST, LOS ANGELES",California,Los Angeles,Los Angeles,"Los Angeles-Long Beach-Anaheim, CA",17-05-2024,pm25
6,37,1103,88101,1,34.06659,-118.22688,WGS84,PM2.5 - Local Conditions,24 HOUR,PM25 24-hour 2012,29-10-2022,Micrograms/cubic meter (LC),,1,100,13.6,13.6,0,59.0,145,R & P Model 2025 PM-2.5 Sequential Air Sampler w/VSCC - Gravimetric,Los Angeles-North Main Street,"1630 N MAIN ST, LOS ANGELES",California,Los Angeles,Los Angeles,"Los Angeles-Long Beach-Anaheim, CA",17-05-2024,pm25
6,37,1103,88101,1,34.06659,-118.22688,WGS84,PM2.5 - Local Conditions,24 HOUR,PM25 24-hour 2012,30-10-2022,Micrograms/cubic meter (LC),,1,100,13.7,13.7,0,60.0,145,R & P Model 2025 PM-2.5 Sequential Air Sampler w/VSCC - Gravimetric,Los Angeles-North Main Street,"1630 N MAIN ST, LOS ANGELES",California,Los Angeles,Los Angeles,"Los Angeles-Long Beach-Anaheim, CA",17-05-2024,pm25
6,37,1103,88101,1,34.06659,-118.22688,WGS84,PM2.5 - Local Conditions,24 HOUR,PM25 24-hour 2012,31-10-2022,Micrograms/cubic meter (LC),,1,100,15.4,15.4,0,63.0,145,R & P Model 2025 PM-2.5 Sequential Air Sampler w/VSCC - Gravimetric,Los Angeles-North Main Street,"1630 N MAIN ST, LOS ANGELES",California,Los Angeles,Los Angeles,"Los Angeles-Long Beach-Anaheim, CA",17-05-2024,pm25
6,37,1103,88101,1,34.06659,-118.22688,WGS84,PM2.5 - Local Conditions,24 HOUR,PM25 24-hour 2012,01-11-2022,Micrograms/cubic meter (LC),,1,100,13.1,13.1,0,58.0,145,R & P Model 2025 PM-2.5 Sequential Air Sampler w/VSCC - Gravimetric,Los Angeles-North Main Street,"1630 N MAIN ST, LOS ANGELES",California,Los Angeles,Los Angeles,"Los Angeles-Long Beach-Anaheim, CA",17-05-2024,pm25
6,37,1103,88101,1,34.06659,-118.22688,WGS84,PM2.5 - Local Conditions,24 HOUR,PM25 24-hour 2012,02-11-2022,Micrograms/cubic meter (LC),,1,100,4.3,4.3,0,24.0,145,R & P Model 2025 PM-2.5 Sequential Air Sampler w/VSCC - Gravimetric,Los Angeles-North Main Street,"1630 N MAIN ST, LOS ANGELES",California,Los Angeles,Los Angeles,"Los Angeles-Long Beach-Anaheim, CA",17-05-2024,pm25
6,37,1103,88101,1,34.06659,-118.22688,WGS84,PM2.5 - Local Conditions,24 HOUR,PM25 24-hour 2012,03-11-2022,Micrograms/cubic meter (LC),,1,100,2.8,2.8,0,16.0,145,R & P Model 2025 PM-2.5 Sequential Air Sampler w/VSCC - Gravimetric,Los Angeles-North Main Street,"1630 N MAIN ST, LOS ANGELES",California,Los Angeles,Los Angeles,"Los Angeles-Long Beach-Anaheim, CA",17-05-2024,pm25
6,37,1103,88101,1,34.06659,-118.22688,WGS84,PM2.5 - Local Conditions,24 HOUR,PM25 24-hour 2012,04-11-2022,Micrograms/cubic meter (LC),,1,100,5.0,5.0,0,28.0,145,R & P Model 2025 PM-2.5 Sequential Air Sampler w/VSCC - Gravimetric,Los Angeles-North Main Street,"1630 N MAIN ST, LOS ANGELES",California,Los Angeles,Los Angeles,"Los Angeles-Long Beach-Anaheim, CA",17-05-2024,pm25
6,37,1103,88101,1,34.06659,-118.22688,WGS84,PM2.5 - Local Conditions,24 HOUR,PM25 24-hour 2012,05-11-2022,Micrograms/cubic meter (LC),,1,100,10.1,10.1,0,53.0,145,R & P Model 2025 PM-2.5 Sequential Air Sampler w/VSCC - Gravimetric,Los Angeles-North Main Street,"1630 N MAIN ST, LOS ANGELES",California,Los Angeles,Los Angeles,"Los Angeles-Long Beach-Anaheim, CA",17-05-2024,pm25
6,37,1103,88101,1,34.06659,-118.22688,WGS84,PM2.5 - Local Conditions,24 HOUR,PM25 24-hour 2012,06-11-2022,Micrograms/cubic meter (LC),,1,100,11.5,11.5,0,55.0,145,R & P Model 2025 PM-2.5 Sequential Air Sampler w/VSCC - Gravimetric,Los Angeles-North Main Street,"1630 N MAIN ST, LOS ANGELES",California,Los Angeles,Los Angeles,"Los Angeles-Long Beach-Anaheim, CA",17-05-2024,pm25
6,37,1103,88101,1,34.06659,-118.22688,WGS84,PM2.5 - Local Conditions,24 HOUR,PM25 24-hour 2012,07-11-2022,Micrograms/cubic meter (LC),,1,100,7.7,7.7,0,43.0,145,R & P Model 2025 PM-2.5 Sequential Air Sampler w/VSCC - Gravimetric,Los Angeles-North Main Street,"1630 N MAIN ST, LOS ANGELES",California,Los Angeles,Los Angeles,"Los Angeles-Long Beach-Anaheim, CA",17-05-2024,pm25
6,37,1103,88101,1,34.06659,-118.22688,WGS84,PM2.5 - Local Conditions,24 HOUR,PM25 24-hour 2012,08-11-2022,Micrograms/cubic meter (LC),,1,100,3.1,3.1,0,17.0,145,R & P Model 2025 PM-2.5 Sequential Air Sampler w/VSCC - Gravimetric,Los Angeles-North Main Street,"1630 N MAIN ST, LOS ANGELES",California,Los Angeles,Los Angeles,"Los Angeles-Long Beach-Anaheim, CA",17-05-2024,pm25
6,37,1103,88101,1,34.06659,-118.22688,WGS84,PM2.5 - Local Conditions,24 HOUR,PM25 24-hour 2012,09-11-2022,Micrograms/cubic meter (LC),,1,100,4.4,4.4,0,24.0,145,R & P Model 2025 PM-2.5 Sequential Air Sampler w/VSCC - Gravimetric,Los Angeles-North Main Street,"1630 N MAIN ST, LOS ANGELES",California,Los Angeles,Los Angeles,"Los Angeles-Long Beach-Anaheim, CA",17-05-2024,pm25
6,37,1103,88101,1,34.06659,-118.22688,WGS84,PM2.5 - Local Conditions,24 HOUR,PM25 24-hour 2012,10-11-2022,Micrograms/cubic meter (LC),,1,100,6.2,6.2,0,34.0,145,R & P Model 2025 PM-2.5 Sequential Air Sampler w/VSCC - Gravimetric,Los Angeles-North Main Street,"1630 N MAIN ST, LOS ANGELES",California,Los Angeles,Los Angeles,"Los Angeles-Long Beach-Anaheim, CA",17-05-2024,pm25
6,37,1103,88101,1,34.06659,-118.22688,WGS84,PM2.5 - Local Conditions,24 HOUR,PM25 24-hour 2012,11-11-2022,Micrograms/cubic meter (LC),,1,100,6.2,6.2,0,34.0,145,R & P Model 2025 PM-2.5 Sequential Air Sampler w/VSCC - Gravimetric,Los Angeles-North Main Street,"1630 N MAIN ST, LOS ANGELES",California,Los Angeles,Los Angeles,"Los Angeles-Long Beach-Anaheim, CA",17-05-2024,pm25
6,37,1103,88101,1,34.06659,-118.22688,WGS84,PM2.5 - Local Conditions,24 HOUR,PM25 24-hour 2012,12-11-2022,Micrograms/cubic meter (LC),,1,100,9.7,9.7,0,52.0,145,R & P Model 2025 PM-2.5 Sequential Air Sampler w/VSCC - Gravimetric,Los Angeles-North Main Street,"1630 N MAIN ST, LOS ANGELES",California,Los Angeles,Los Angeles,"Los Angeles-Long Beach-Anaheim, CA",17-05-2024,pm25
6,37,1103,88101,1,34.06659,-118.22688,WGS84,PM2.5 - Local Conditions,24 HOUR,PM25 24-hour 2012,13-11-2022,Micrograms/cubic meter (LC),,1,100,8.1,8.1,0,45.0,145,R & P Model 2025 PM-2.5 Sequential Air Sampler w/VSCC - Gravimetric,Los Angeles-North Main Street,"1630 N MAIN ST, LOS ANGELES",California,Los Angeles,Los Angeles,"Los Angeles-Long Beach-Anaheim, CA",17-05-2024,pm25
6,37,1103,88101,1,34.06659,-118.22688,WGS84,PM2.5 - Local Conditions,24 HOUR,PM25 24-hour 2012,14-11-2022,Micrograms/cubic meter (LC),,1,100,7.7,7.7,0,43.0,145,R & P Model 2025 PM-2.5 Sequential Air Sampler w/VSCC - Gravimetric,Los Angeles-North Main Street,"1630 N MAIN ST, LOS ANGELES",California,Los Angeles,Los Angeles,"Los Angeles-Long Beach-Anaheim, CA",17-05-2024,pm25
6,37,1103,88101,1,34.06659,-118.22688,WGS84,PM2.5 - Local Conditions,24 HOUR,PM25 24-hour 2012,15-11-2022,Micrograms/cubic meter (LC),,1,100,8.6,8.6,0,48.0,145,R & P Model 2025 PM-2.5 Sequential Air Sampler w/VSCC - Gravimetric,Los Angeles-North Main Street,"1630 N MAIN ST, LOS ANGELES",California,Los Angeles,Los Angeles,"Los Angeles-Long Beach-Anaheim, CA",17-05-2024,pm25
6,37,1103,88101,1,34.06659,-118.22688,WGS84,PM2.5 - Local Conditions,24 HOUR,PM25 24-hour 2012,16-11-2022,Micrograms/cubic meter (LC),,1,100,8.4,8.4,0,47.0,145,R & P Model 2025 PM-2.5 Sequential Air Sampler w/VSCC - Gravimetric,Los Angeles-North Main Street,"1630 N MAIN ST, LOS ANGELES",California,Los Angeles,Los Angeles,"Los Angeles-Long Beach-Anaheim, CA",17-05-2024,pm25
6,37,1103,88101,1,34.06659,-118.22688,WGS84,PM2.5 - Local Conditions,24 HOUR,PM25 24-hour 2012,17-11-2022,Micrograms/cubic meter (LC),,1,100,7.6,7.6,0,42.0,145,R & P Model 2025 PM-2.5 Sequential Air Sampler w/VSCC - Gravimetric,Los Angeles-North Main Street,"1630 N MAIN ST, LOS ANGELES",California,Los Angeles,Los Angeles,"Los Angeles-Long Beach-Anaheim, CA",17-05-2024,pm25
6,37,1103,88101,1,34.06659,-118.22688,WGS84,PM2.5 - Local Conditions,24 HOUR,PM25 24-hour 2012,18-11-2022,Micrograms/cubic meter (LC),,1,100,13.3,13.3,0,59.0,145,R & P Model 2025 PM-2.5 Sequential Air Sampler w/VSCC - Gravimetric,Los Angeles-North Main Street,"1630 N MAIN ST, LOS ANGELES",California,Los Angeles,Los Angeles,"Los Angeles-Long Beach-Anaheim, CA",17-05-2024,pm25
6,37,1103,88101,1,34.06659,-118.22688,WGS84,PM2.5 - Local Conditions,24 HOUR,PM25 24-hour 2012,19-11-2022,Micrograms/cubic meter (LC),,1,100,9.4,9.4,0,52.0,145,R & P Model 2025 PM-2.5 Sequential Air Sampler w/VSCC - Gravimetric,Los Angeles-North Main Street,"1630 N MAIN ST, LOS ANGELES",California,Los Angeles,Los Angeles,"Los Angeles-Long Beach-Anaheim, CA",17-05-2024,pm25
6,37,1103,88101,1,34.06659,-118.22688,WGS84,PM2.5 - Local Conditions,24 HOUR,PM25 24-hour 2012,20-11-2022,Micrograms/cubic meter (LC),,1,100,7.7,7.7,0,43.0,145,R & P Model 2025 PM-2.5 Sequential Air Sampler w/VSCC - Gravimetric,Los Angeles-North Main Street,"1630 N MAIN ST, LOS ANGELES",California,Los Angeles,Los Angeles,"Los Angeles-Long Beach-Anaheim, CA",17-05-2024,pm25
6,37,1103,88101,1,34.06659,-118.22688,WGS84,PM2.5 - Local Conditions,24 HOUR,PM25 24-hour 2012,21-11-2022,Micrograms/cubic meter (LC),,1,100,6.3,6.3,0,35.0,145,R & P Model 2025 PM-2.5 Sequential Air Sampler w/VSCC - Gravimetric,Los Angeles-North Main Street,"1630 N MAIN ST, LOS ANGELES",California,Los Angeles,Los Angeles,"Los Angeles-Long Beach-Anaheim, CA",17-05-2024,pm25
6,37,1103,88101,1,34.06659,-118.22688,WGS84,PM2.5 - Local Conditions,24 HOUR,PM25 24-hour 2012,22-11-2022,Micrograms/cubic meter (LC),,1,100,7.2,7.2,0,40.0,145,R & P Model 2025 PM-2.5 Sequential Air Sampler w/VSCC - Gravimetric,Los Angeles-North Main Street,"1630 N MAIN ST, LOS ANGELES",California,Los Angeles,Los Angeles,"Los Angeles-Long Beach-Anaheim, CA",17-05-2024,pm25
6,37,1103,88101,1,34.06659,-118.22688,WGS84,PM2.5 - Local Conditions,24 HOUR,PM25 24-hour 2012,23-11-2022,Micrograms/cubic meter (LC),,1,100,16.5,16.5,0,65.0,145,R & P Model 2025 PM-2.5 Sequential Air Sampler w/VSCC - Gravimetric,Los Angeles-North Main Street,"1630 N MAIN ST, LOS ANGELES",California,Los Angeles,Los Angeles,"Los Angeles-Long Beach-Anaheim, CA",17-05-2024,pm25
6,37,1103,88101,1,34.06659,-118.22688,WGS84,PM2.5 - Local Conditions,24 HOUR,PM25 24-hour 2012,24-11-2022,Micrograms/cubic meter (LC),,1,100,14.8,14.8,0,62.0,145,R & P Model 2025 PM-2.5 Sequential Air Sampler w/VSCC - Gravimetric,Los Angeles-North Main Street,"1630 N MAIN ST, LOS ANGELES",California,Los Angeles,Los Angeles,"Los Angeles-Long Beach-Anaheim, CA",17-05-2024,pm25
6,37,1103,88101,1,34.06659,-118.22688,WGS84,PM2.5 - Local Conditions,24 HOUR,PM25 24-hour 2012,25-11-2022,Micrograms/cubic meter (LC),,1,100,8.2,8.2,0,46.0,145,R & P Model 2025 PM-2.5 Sequential Air Sampler w/VSCC - Gravimetric,Los Angeles-North Main Street,"1630 N MAIN ST, LOS ANGELES",California,Los Angeles,Los Angeles,"Los Angeles-Long Beach-Anaheim, CA",17-05-2024,pm25
6,37,1103,88101,1,34.06659,-118.22688,WGS84,PM2.5 - Local Conditions,24 HOUR,PM25 24-hour 2012,26-11-2022,Micrograms/cubic meter (LC),,1,100,11.6,11.6,0,56.0,145,R & P Model 2025 PM-2.5 Sequential Air Sampler w/VSCC - Gravimetric,Los Angeles-North Main Street,"1630 N MAIN ST, LOS ANGELES",California,Los Angeles,Los Angeles,"Los Angeles-Long Beach-Anaheim, CA",17-05-2024,pm25
6,37,1103,88101,1,34.06659,-118.22688,WGS84,PM2.5 - Local Conditions,24 HOUR,PM25 24-hour 2012,27-11-2022,Micrograms/cubic meter (LC),,1,100,16.5,16.5,0,65.0,145,R & P Model 2025 PM-2.5 Sequential Air Sampler w/VSCC - Gravimetric,Los Angeles-North Main Street,"1630 N MAIN ST, LOS ANGELES",California,Los Angeles,Los Angeles,"Los Angeles-Long Beach-Anaheim, CA",17-05-2024,pm25
6,37,1103,88101,1,34.06659,-118.22688,WGS84,PM2.5 - Local Conditions,24 HOUR,PM25 24-hour 2012,28-11-2022,Micrograms/cubic meter (LC),,1,100,16.0,16.0,0,64.0,145,R & P Model 2025 PM-2.5 Sequential Air Sampler w/VSCC - Gravimetric,Los Angeles-North Main Street,"1630 N MAIN ST, LOS ANGELES",California,Los Angeles,Los Angeles,"Los Angeles-Long Beach-Anaheim, CA",17-05-2024,pm25
6,37,1103,88101,1,34.06659,-118.22688,WGS84,PM2.5 - Local Conditions,24 HOUR,PM25 24-hour 2012,29-11-2022,Micrograms/cubic meter (LC),,1,100,12.7,12.7,0,58.0,145,R & P Model 2025 PM-2.5 Sequential Air Sampler w/VSCC - Gravimetric,Los Angeles-North Main Street,"1630 N MAIN ST, LOS ANGELES",California,Los Angeles,Los Angeles,"Los Angeles-Long Beach-Anaheim, CA",17-05-2024,pm25
6,37,1103,88101,1,34.06659,-118.22688,WGS84,PM2.5 - Local Conditions,24 HOUR,PM25 24-hour 2012,30-11-2022,Micrograms/cubic meter (LC),,1,100,11.2,11.2,0,55.0,145,R & P Model 2025 PM-2.5 Sequential Air Sampler w/VSCC - Gravimetric,Los Angeles-North Main Street,"1630 N MAIN ST, LOS ANGELES",California,Los Angeles,Los Angeles,"Los Angeles-Long Beach-Anaheim, CA",17-05-2024,pm25
6,37,1103,88101,1,34.06659,-118.22688,WGS84,PM2.5 - Local Conditions,24 HOUR,PM25 24-hour 2012,01-12-2022,Micrograms/cubic meter (LC),,1,100,5.2,5.2,0,29.0,145,R & P Model 2025 PM-2.5 Sequential Air Sampler w/VSCC - Gravimetric,Los Angeles-North Main Street,"1630 N MAIN ST, LOS ANGELES",California,Los Angeles,Los Angeles,"Los Angeles-Long Beach-Anaheim, CA",17-05-2024,pm25
6,37,1103,88101,1,34.06659,-118.22688,WGS84,PM2.5 - Local Conditions,24 HOUR,PM25 24-hour 2012,02-12-2022,Micrograms/cubic meter (LC),,1,100,5.5,5.5,0,31.0,145,R & P Model 2025 PM-2.5 Sequential Air Sampler w/VSCC - Gravimetric,Los Angeles-North Main Street,"1630 N MAIN ST, LOS ANGELES",California,Los Angeles,Los Angeles,"Los Angeles-Long Beach-Anaheim, CA",17-05-2024,pm25
6,37,1103,88101,1,34.06659,-118.22688,WGS84,PM2.5 - Local Conditions,24 HOUR,PM25 24-hour 2012,03-12-2022,Micrograms/cubic meter (LC),,1,100,6.5,6.5,0,36.0,145,R & P Model 2025 PM-2.5 Sequential Air Sampler w/VSCC - Gravimetric,Los Angeles-North Main Street,"1630 N MAIN ST, LOS ANGELES",California,Los Angeles,Los Angeles,"Los Angeles-Long Beach-Anaheim, CA",17-05-2024,pm25
6,37,1103,88101,1,34.06659,-118.22688,WGS84,PM2.5 - Local Conditions,24 HOUR,PM25 24-hour 2012,04-12-2022,Micrograms/cubic meter (LC),,1,100,9.8,9.8,0,52.0,145,R & P Model 2025 PM-2.5 Sequential Air Sampler w/VSCC - Gravimetric,Los Angeles-North Main Street,"1630 N MAIN ST, LOS ANGELES",California,Los Angeles,Los Angeles,"Los Angeles-Long Beach-Anaheim, CA",17-05-2024,pm25
6,37,1103,88101,1,34.06659,-118.22688,WGS84,PM2.5 - Local Conditions,24 HOUR,PM25 24-hour 2012,05-12-2022,Micrograms/cubic meter (LC),,1,100,4.6,4.6,0,26.0,145,R & P Model 2025 PM-2.5 Sequential Air Sampler w/VSCC - Gravimetric,Los Angeles-North Main Street,"1630 N MAIN ST, LOS ANGELES",California,Los Angeles,Los Angeles,"Los Angeles-Long Beach-Anaheim, CA",17-05-2024,pm25
6,37,1103,88101,1,34.06659,-118.22688,WGS84,PM2.5 - Local Conditions,24 HOUR,PM25 24-hour 2012,06-12-2022,Micrograms/cubic meter (LC),,1,100,7.4,7.4,0,41.0,145,R & P Model 2025 PM-2.5 Sequential Air Sampler w/VSCC - Gravimetric,Los Angeles-North Main Street,"1630 N MAIN ST, LOS ANGELES",California,Los Angeles,Los Angeles,"Los Angeles-Long Beach-Anaheim, CA",17-05-2024,pm25
6,37,1103,88101,1,34.06659,-118.22688,WGS84,PM2.5 - Local Conditions,24 HOUR,PM25 24-hour 2012,07-12-2022,Micrograms/cubic meter (LC),,1,100,8.7,8.7,0,48.0,145,R & P Model 2025 PM-2.5 Sequential Air Sampler w/VSCC - Gravimetric,Los Angeles-North Main Street,"1630 N MAIN ST, LOS ANGELES",California,Los Angeles,Los Angeles,"Los Angeles-Long Beach-Anaheim, CA",17-05-2024,pm25
6,37,1103,88101,1,34.06659,-118.22688,WGS84,PM2.5 - Local Conditions,24 HOUR,PM25 24-hour 2012,08-12-2022,Micrograms/cubic meter (LC),,1,100,6.9,6.9,0,38.0,145,R & P Model 2025 PM-2.5 Sequential Air Sampler w/VSCC - Gravimetric,Los Angeles-North Main Street,"1630 N MAIN ST, LOS ANGELES",California,Los Angeles,Los Angeles,"Los Angeles-Long Beach-Anaheim, CA",17-05-2024,pm25
6,37,1103,88101,1,34.06659,-118.22688,WGS84,PM2.5 - Local Conditions,24 HOUR,PM25 24-hour 2012,09-12-2022,Micrograms/cubic meter (LC),,1,100,12.5,12.5,0,57.0,145,R & P Model 2025 PM-2.5 Sequential Air Sampler w/VSCC - Gravimetric,Los Angeles-North Main Street,"1630 N MAIN ST, LOS ANGELES",California,Los Angeles,Los Angeles,"Los Angeles-Long Beach-Anaheim, CA",17-05-2024,pm25
6,37,1103,88101,1,34.06659,-118.22688,WGS84,PM2.5 - Local Conditions,24 HOUR,PM25 24-hour 2012,10-12-2022,Micrograms/cubic meter (LC),,1,100,11.2,11.2,0,55.0,145,R & P Model 2025 PM-2.5 Sequential Air Sampler w/VSCC - Gravimetric,Los Angeles-North Main Street,"1630 N MAIN ST, LOS ANGELES",California,Los Angeles,Los Angeles,"Los Angeles-Long Beach-Anaheim, CA",17-05-2024,pm25
6,37,1103,88101,1,34.06659,-118.22688,WGS84,PM2.5 - Local Conditions,24 HOUR,PM25 24-hour 2012,11-12-2022,Micrograms/cubic meter (LC),,1,100,4.5,4.5,0,25.0,145,R & P Model 2025 PM-2.5 Sequential Air Sampler w/VSCC - Gravimetric,Los Angeles-North Main Street,"1630 N MAIN ST, LOS ANGELES",California,Los Angeles,Los Angeles,"Los Angeles-Long Beach-Anaheim, CA",17-05-2024,pm25
6,37,1103,88101,1,34.06659,-118.22688,WGS84,PM2.5 - Local Conditions,24 HOUR,PM25 24-hour 2012,12-12-2022,Micrograms/cubic meter (LC),,1,100,5.1,5.1,0,28.0,145,R & P Model 2025 PM-2.5 Sequential Air Sampler w/VSCC - Gravimetric,Los Angeles-North Main Street,"1630 N MAIN ST, LOS ANGELES",California,Los Angeles,Los Angeles,"Los Angeles-Long Beach-Anaheim, CA",17-05-2024,pm25
6,37,1103,88101,1,34.06659,-118.22688,WGS84,PM2.5 - Local Conditions,24 HOUR,PM25 24-hour 2012,13-12-2022,Micrograms/cubic meter (LC),,1,100,8.6,8.6,0,48.0,145,R & P Model 2025 PM-2.5 Sequential Air Sampler w/VSCC - Gravimetric,Los Angeles-North Main Street,"1630 N MAIN ST, LOS ANGELES",California,Los Angeles,Los Angeles,"Los Angeles-Long Beach-Anaheim, CA",17-05-2024,pm25
6,37,1103,88101,1,34.06659,-118.22688,WGS84,PM2.5 - Local Conditions,24 HOUR,PM25 24-hour 2012,14-12-2022,Micrograms/cubic meter (LC),,1,100,11.7,11.7,0,56.0,145,R & P Model 2025 PM-2.5 Sequential Air Sampler w/VSCC - Gravimetric,Los Angeles-North Main Street,"1630 N MAIN ST, LOS ANGELES",California,Los Angeles,Los Angeles,"Los Angeles-Long Beach-Anaheim, CA",17-05-2024,pm25
6,37,1103,88101,1,34.06659,-118.22688,WGS84,PM2.5 - Local Conditions,24 HOUR,PM25 24-hour 2012,15-12-2022,Micrograms/cubic meter (LC),,1,100,13.0,13.0,0,58.0,145,R & P Model 2025 PM-2.5 Sequential Air Sampler w/VSCC - Gravimetric,Los Angeles-North Main Street,"1630 N MAIN ST, LOS ANGELES",California,Los Angeles,Los Angeles,"Los Angeles-Long Beach-Anaheim, CA",17-05-2024,pm25
6,37,1103,88101,1,34.06659,-118.22688,WGS84,PM2.5 - Local Conditions,24 HOUR,PM25 24-hour 2012,16-12-2022,Micrograms/cubic meter (LC),,1,100,8.3,8.3,0,46.0,145,R & P Model 2025 PM-2.5 Sequential Air Sampler w/VSCC - Gravimetric,Los Angeles-North Main Street,"1630 N MAIN ST, LOS ANGELES",California,Los Angeles,Los Angeles,"Los Angeles-Long Beach-Anaheim, CA",17-05-2024,pm25
6,37,1103,88101,1,34.06659,-118.22688,WGS84,PM2.5 - Local Conditions,24 HOUR,PM25 24-hour 2012,17-12-2022,Micrograms/cubic meter (LC),,1,100,7.9,7.9,0,44.0,145,R & P Model 2025 PM-2.5 Sequential Air Sampler w/VSCC - Gravimetric,Los Angeles-North Main Street,"1630 N MAIN ST, LOS ANGELES",California,Los Angeles,Los Angeles,"Los Angeles-Long Beach-Anaheim, CA",17-05-2024,pm25
6,37,1103,88101,1,34.06659,-118.22688,WGS84,PM2.5 - Local Conditions,24 HOUR,PM25 24-hour 2012,18-12-2022,Micrograms/cubic meter (LC),,1,100,10.3,10.3,0,53.0,145,R & P Model 2025 PM-2.5 Sequential Air Sampler w/VSCC - Gravimetric,Los Angeles-North Main Street,"1630 N MAIN ST, LOS ANGELES",California,Los Angeles,Los Angeles,"Los Angeles-Long Beach-Anaheim, CA",17-05-2024,pm25
6,37,1103,88101,1,34.06659,-118.22688,WGS84,PM2.5 - Local Conditions,24 HOUR,PM25 24-hour 2012,19-12-2022,Micrograms/cubic meter (LC),,1,100,18.7,18.7,0,69.0,145,R & P Model 2025 PM-2.5 Sequential Air Sampler w/VSCC - Gravimetric,Los Angeles-North Main Street,"1630 N MAIN ST, LOS ANGELES",California,Los Angeles,Los Angeles,"Los Angeles-Long Beach-Anaheim, CA",17-05-2024,pm25
6,37,1103,88101,1,34.06659,-118.22688,WGS84,PM2.5 - Local Conditions,24 HOUR,PM25 24-hour 2012,20-12-2022,Micrograms/cubic meter (LC),,1,100,11.9,11.9,0,56.0,145,R & P Model 2025 PM-2.5 Sequential Air Sampler w/VSCC - Gravimetric,Los Angeles-North Main Street,"1630 N MAIN ST, LOS ANGELES",California,Los Angeles,Los Angeles,"Los Angeles-Long Beach-Anaheim, CA",17-05-2024,pm25
6,37,1103,88101,1,34.06659,-118.22688,WGS84,PM2.5 - Local Conditions,24 HOUR,PM25 24-hour 2012,21-12-2022,Micrograms/cubic meter (LC),,1,100,13.0,13.0,0,58.0,145,R & P Model 2025 PM-2.5 Sequential Air Sampler w/VSCC - Gravimetric,Los Angeles-North Main Street,"1630 N MAIN ST, LOS ANGELES",California,Los Angeles,Los Angeles,"Los Angeles-Long Beach-Anaheim, CA",17-05-2024,pm25
6,37,1103,88101,1,34.06659,-118.22688,WGS84,PM2.5 - Local Conditions,24 HOUR,PM25 24-hour 2012,22-12-2022,Micrograms/cubic meter (LC),,1,100,16.8,16.8,0,65.0,145,R & P Model 2025 PM-2.5 Sequential Air Sampler w/VSCC - Gravimetric,Los Angeles-North Main Street,"1630 N MAIN ST, LOS ANGELES",California,Los Angeles,Los Angeles,"Los Angeles-Long Beach-Anaheim, CA",17-05-2024,pm25
6,37,1103,88101,1,34.06659,-118.22688,WGS84,PM2.5 - Local Conditions,24 HOUR,PM25 24-hour 2012,23-12-2022,Micrograms/cubic meter (LC),,1,100,27.9,27.9,0,86.0,145,R & P Model 2025 PM-2.5 Sequential Air Sampler w/VSCC - Gravimetric,Los Angeles-North Main Street,"1630 N MAIN ST, LOS ANGELES",California,Los Angeles,Los Angeles,"Los Angeles-Long Beach-Anaheim, CA",17-05-2024,pm25
6,37,1103,88101,1,34.06659,-118.22688,WGS84,PM2.5 - Local Conditions,24 HOUR,PM25 24-hour 2012,24-12-2022,Micrograms/cubic meter (LC),,1,100,15.8,15.8,0,63.0,145,R & P Model 2025 PM-2.5 Sequential Air Sampler w/VSCC - Gravimetric,Los Angeles-North Main Street,"1630 N MAIN ST, LOS ANGELES",California,Los Angeles,Los Angeles,"Los Angeles-Long Beach-Anaheim, CA",17-05-2024,pm25
6,37,1103,88101,1,34.06659,-118.22688,WGS84,PM2.5 - Local Conditions,24 HOUR,PM25 24-hour 2012,25-12-2022,Micrograms/cubic meter (LC),,1,100,7.0,7.0,0,39.0,145,R & P Model 2025 PM-2.5 Sequential Air Sampler w/VSCC - Gravimetric,Los Angeles-North Main Street,"1630 N MAIN ST, LOS ANGELES",California,Los Angeles,Los Angeles,"Los Angeles-Long Beach-Anaheim, CA",17-05-2024,pm25
6,37,1103,88101,1,34.06659,-118.22688,WGS84,PM2.5 - Local Conditions,24 HOUR,PM25 24-hour 2012,26-12-2022,Micrograms/cubic meter (LC),,1,100,7.2,7.2,0,40.0,145,R & P Model 2025 PM-2.5 Sequential Air Sampler w/VSCC - Gravimetric,Los Angeles-North Main Street,"1630 N MAIN ST, LOS ANGELES",California,Los Angeles,Los Angeles,"Los Angeles-Long Beach-Anaheim, CA",17-05-2024,pm25
6,37,1103,88101,1,34.06659,-118.22688,WGS84,PM2.5 - Local Conditions,24 HOUR,PM25 24-hour 2012,27-12-2022,Micrograms/cubic meter (LC),,1,100,15.1,15.1,0,62.0,145,R & P Model 2025 PM-2.5 Sequential Air Sampler w/VSCC - Gravimetric,Los Angeles-North Main Street,"1630 N MAIN ST, LOS ANGELES",California,Los Angeles,Los Angeles,"Los Angeles-Long Beach-Anaheim, CA",17-05-2024,pm25
6,37,1103,88101,1,34.06659,-118.22688,WGS84,PM2.5 - Local Conditions,24 HOUR,PM25 24-hour 2012,28-12-2022,Micrograms/cubic meter (LC),,1,100,9.0,9.0,0,50.0,145,R & P Model 2025 PM-2.5 Sequential Air Sampler w/VSCC - Gravimetric,Los Angeles-North Main Street,"1630 N MAIN ST, LOS ANGELES",California,Los Angeles,Los Angeles,"Los Angeles-Long Beach-Anaheim, CA",17-05-2024,pm25
6,37,1103,88101,1,34.06659,-118.22688,WGS84,PM2.5 - Local Conditions,24 HOUR,PM25 24-hour 2012,29-12-2022,Micrograms/cubic meter (LC),,1,100,10.3,10.3,0,53.0,145,R & P Model 2025 PM-2.5 Sequential Air Sampler w/VSCC - Gravimetric,Los Angeles-North Main Street,"1630 N MAIN ST, LOS ANGELES",California,Los Angeles,Los Angeles,"Los Angeles-Long Beach-Anaheim, CA",17-05-2024,pm25
6,37,1103,88101,1,34.06659,-118.22688,WGS84,PM2.5 - Local Conditions,24 HOUR,PM25 24-hour 2012,30-12-2022,Micrograms/cubic meter (LC),,1,100,10.9,10.9,0,54.0,145,R & P Model 2025 PM-2.5 Sequential Air Sampler w/VSCC - Gravimetric,Los Angeles-North Main Street,"1630 N MAIN ST, LOS ANGELES",California,Los Angeles,Los Angeles,"Los Angeles-Long Beach-Anaheim, CA",17-05-2024,pm25
6,37,1103,88101,1,34.06659,-118.22688,WGS84,PM2.5 - Local Conditions,24 HOUR,PM25 24-hour 2012,31-12-2022,Micrograms/cubic meter (LC),,1,100,3.7,3.7,0,21.0,145,R & P Model 2025 PM-2.5 Sequential Air Sampler w/VSCC - Gravimetric,Los Angeles-North Main Street,"1630 N MAIN ST, LOS ANGELES",California,Los Angeles,Los Angeles,"Los Angeles-Long Beach-Anaheim, CA",17-05-2024,pm25
6,37,1103,88101,2,34.06659,-118.22688,WGS84,PM2.5 - Local Conditions,24 HOUR,PM25 24-hour 2012,05-01-2022,Micrograms/cubic meter (LC),,1,100,25.1,25.1,0,81.0,145,R & P Model 2025 PM-2.5 Sequential Air Sampler w/VSCC - Gravimetric,Los Angeles-North Main Street,"1630 N MAIN ST, LOS ANGELES",California,Los Angeles,Los Angeles,"Los Angeles-Long Beach-Anaheim, CA",17-05-2024,pm25
6,37,1103,88101,2,34.06659,-118.22688,WGS84,PM2.5 - Local Conditions,24 HOUR,PM25 24-hour 2012,11-01-2022,Micrograms/cubic meter (LC),,1,100,5.7,5.7,0,32.0,145,R & P Model 2025 PM-2.5 Sequential Air Sampler w/VSCC - Gravimetric,Los Angeles-North Main Street,"1630 N MAIN ST, LOS ANGELES",California,Los Angeles,Los Angeles,"Los Angeles-Long Beach-Anaheim, CA",17-05-2024,pm25
6,37,1103,88101,2,34.06659,-118.22688,WGS84,PM2.5 - Local Conditions,24 HOUR,PM25 24-hour 2012,17-01-2022,Micrograms/cubic meter (LC),,1,100,13.5,13.5,0,59.0,145,R & P Model 2025 PM-2.5 Sequential Air Sampler w/VSCC - Gravimetric,Los Angeles-North Main Street,"1630 N MAIN ST, LOS ANGELES",California,Los Angeles,Los Angeles,"Los Angeles-Long Beach-Anaheim, CA",17-05-2024,pm25
6,37,1103,88101,2,34.06659,-118.22688,WGS84,PM2.5 - Local Conditions,24 HOUR,PM25 24-hour 2012,23-01-2022,Micrograms/cubic meter (LC),,1,100,6.7,6.7,0,37.0,145,R & P Model 2025 PM-2.5 Sequential Air Sampler w/VSCC - Gravimetric,Los Angeles-North Main Street,"1630 N MAIN ST, LOS ANGELES",California,Los Angeles,Los Angeles,"Los Angeles-Long Beach-Anaheim, CA",17-05-2024,pm25
6,37,1103,88101,2,34.06659,-118.22688,WGS84,PM2.5 - Local Conditions,24 HOUR,PM25 24-hour 2012,29-01-2022,Micrograms/cubic meter (LC),,1,100,8.9,8.9,0,49.0,145,R & P Model 2025 PM-2.5 Sequential Air Sampler w/VSCC - Gravimetric,Los Angeles-North Main Street,"1630 N MAIN ST, LOS ANGELES",California,Los Angeles,Los Angeles,"Los Angeles-Long Beach-Anaheim, CA",17-05-2024,pm25
6,37,1103,88101,2,34.06659,-118.22688,WGS84,PM2.5 - Local Conditions,24 HOUR,PM25 24-hour 2012,04-02-2022,Micrograms/cubic meter (LC),,1,100,8.9,8.9,0,49.0,145,R & P Model 2025 PM-2.5 Sequential Air Sampler w/VSCC - Gravimetric,Los Angeles-North Main Street,"1630 N MAIN ST, LOS ANGELES",California,Los Angeles,Los Angeles,"Los Angeles-Long Beach-Anaheim, CA",17-05-2024,pm25
6,37,1103,88101,2,34.06659,-118.22688,WGS84,PM2.5 - Local Conditions,24 HOUR,PM25 24-hour 2012,10-02-2022,Micrograms/cubic meter (LC),,1,100,8.4,8.4,0,47.0,145,R & P Model 2025 PM-2.5 Sequential Air Sampler w/VSCC - Gravimetric,Los Angeles-North Main Street,"1630 N MAIN ST, LOS ANGELES",California,Los Angeles,Los Angeles,"Los Angeles-Long Beach-Anaheim, CA",17-05-2024,pm25
6,37,1103,88101,2,34.06659,-118.22688,WGS84,PM2.5 - Local Conditions,24 HOUR,PM25 24-hour 2012,16-02-2022,Micrograms/cubic meter (LC),,1,100,7.4,7.4,0,41.0,145,R & P Model 2025 PM-2.5 Sequential Air Sampler w/VSCC - Gravimetric,Los Angeles-North Main Street,"1630 N MAIN ST, LOS ANGELES",California,Los Angeles,Los Angeles,"Los Angeles-Long Beach-Anaheim, CA",17-05-2024,pm25
6,37,1103,88101,2,34.06659,-118.22688,WGS84,PM2.5 - Local Conditions,24 HOUR,PM25 24-hour 2012,22-02-2022,Micrograms/cubic meter (LC),,1,100,5.4,5.4,0,30.0,145,R & P Model 2025 PM-2.5 Sequential Air Sampler w/VSCC - Gravimetric,Los Angeles-North Main Street,"1630 N MAIN ST, LOS ANGELES",California,Los Angeles,Los Angeles,"Los Angeles-Long Beach-Anaheim, CA",17-05-2024,pm25
6,37,1103,88101,2,34.06659,-118.22688,WGS84,PM2.5 - Local Conditions,24 HOUR,PM25 24-hour 2012,28-02-2022,Micrograms/cubic meter (LC),,1,100,7.5,7.5,0,42.0,145,R & P Model 2025 PM-2.5 Sequential Air Sampler w/VSCC - Gravimetric,Los Angeles-North Main Street,"1630 N MAIN ST, LOS ANGELES",California,Los Angeles,Los Angeles,"Los Angeles-Long Beach-Anaheim, CA",17-05-2024,pm25
6,37,1103,88101,2,34.06659,-118.22688,WGS84,PM2.5 - Local Conditions,24 HOUR,PM25 24-hour 2012,06-03-2022,Micrograms/cubic meter (LC),,1,100,7.4,7.4,0,41.0,145,R & P Model 2025 PM-2.5 Sequential Air Sampler w/VSCC - Gravimetric,Los Angeles-North Main Street,"1630 N MAIN ST, LOS ANGELES",California,Los Angeles,Los Angeles,"Los Angeles-Long Beach-Anaheim, CA",17-05-2024,pm25
6,37,1103,88101,2,34.06659,-118.22688,WGS84,PM2.5 - Local Conditions,24 HOUR,PM25 24-hour 2012,12-03-2022,Micrograms/cubic meter (LC),,1,100,7.4,7.4,0,41.0,145,R & P Model 2025 PM-2.5 Sequential Air Sampler w/VSCC - Gravimetric,Los Angeles-North Main Street,"1630 N MAIN ST, LOS ANGELES",California,Los Angeles,Los Angeles,"Los Angeles-Long Beach-Anaheim, CA",17-05-2024,pm25
6,37,1103,88101,2,34.06659,-118.22688,WGS84,PM2.5 - Local Conditions,24 HOUR,PM25 24-hour 2012,18-03-2022,Micrograms/cubic meter (LC),,1,100,11.7,11.7,0,56.0,145,R & P Model 2025 PM-2.5 Sequential Air Sampler w/VSCC - Gravimetric,Los Angeles-North Main Street,"1630 N MAIN ST, LOS ANGELES",California,Los Angeles,Los Angeles,"Los Angeles-Long Beach-Anaheim, CA",17-05-2024,pm25
6,37,1103,88101,2,34.06659,-118.22688,WGS84,PM2.5 - Local Conditions,24 HOUR,PM25 24-hour 2012,24-03-2022,Micrograms/cubic meter (LC),,1,100,9.6,9.6,0,52.0,145,R & P Model 2025 PM-2.5 Sequential Air Sampler w/VSCC - Gravimetric,Los Angeles-North Main Street,"1630 N MAIN ST, LOS ANGELES",California,Los Angeles,Los Angeles,"Los Angeles-Long Beach-Anaheim, CA",17-05-2024,pm25
6,37,1103,88101,2,34.06659,-118.22688,WGS84,PM2.5 - Local Conditions,24 HOUR,PM25 24-hour 2012,30-03-2022,Micrograms/cubic meter (LC),,1,100,9.1,9.1,0,51.0,145,R & P Model 2025 PM-2.5 Sequential Air Sampler w/VSCC - Gravimetric,Los Angeles-North Main Street,"1630 N MAIN ST, LOS ANGELES",California,Los Angeles,Los Angeles,"Los Angeles-Long Beach-Anaheim, CA",17-05-2024,pm25
6,37,1103,88101,2,34.06659,-118.22688,WGS84,PM2.5 - Local Conditions,24 HOUR,PM25 24-hour 2012,05-04-2022,Micrograms/cubic meter (LC),,1,100,15.0,15.0,0,62.0,145,R & P Model 2025 PM-2.5 Sequential Air Sampler w/VSCC - Gravimetric,Los Angeles-North Main Street,"1630 N MAIN ST, LOS ANGELES",California,Los Angeles,Los Angeles,"Los Angeles-Long Beach-Anaheim, CA",17-05-2024,pm25
6,37,1103,88101,2,34.06659,-118.22688,WGS84,PM2.5 - Local Conditions,24 HOUR,PM25 24-hour 2012,11-04-2022,Micrograms/cubic meter (LC),,1,100,14.5,14.5,0,61.0,145,R & P Model 2025 PM-2.5 Sequential Air Sampler w/VSCC - Gravimetric,Los Angeles-North Main Street,"1630 N MAIN ST, LOS ANGELES",California,Los Angeles,Los Angeles,"Los Angeles-Long Beach-Anaheim, CA",17-05-2024,pm25
6,37,1103,88101,2,34.06659,-118.22688,WGS84,PM2.5 - Local Conditions,24 HOUR,PM25 24-hour 2012,17-04-2022,Micrograms/cubic meter (LC),,1,100,7.5,7.5,0,42.0,145,R & P Model 2025 PM-2.5 Sequential Air Sampler w/VSCC - Gravimetric,Los Angeles-North Main Street,"1630 N MAIN ST, LOS ANGELES",California,Los Angeles,Los Angeles,"Los Angeles-Long Beach-Anaheim, CA",17-05-2024,pm25
6,37,1103,88101,2,34.06659,-118.22688,WGS84,PM2.5 - Local Conditions,24 HOUR,PM25 24-hour 2012,23-04-2022,Micrograms/cubic meter (LC),,1,100,9.9,9.9,0,52.0,145,R & P Model 2025 PM-2.5 Sequential Air Sampler w/VSCC - Gravimetric,Los Angeles-North Main Street,"1630 N MAIN ST, LOS ANGELES",California,Los Angeles,Los Angeles,"Los Angeles-Long Beach-Anaheim, CA",17-05-2024,pm25
6,37,1103,88101,2,34.06659,-118.22688,WGS84,PM2.5 - Local Conditions,24 HOUR,PM25 24-hour 2012,29-04-2022,Micrograms/cubic meter (LC),,1,100,15.1,15.1,0,62.0,145,R & P Model 2025 PM-2.5 Sequential Air Sampler w/VSCC - Gravimetric,Los Angeles-North Main Street,"1630 N MAIN ST, LOS ANGELES",California,Los Angeles,Los Angeles,"Los Angeles-Long Beach-Anaheim, CA",17-05-2024,pm25
6,37,1103,88101,2,34.06659,-118.22688,WGS84,PM2.5 - Local Conditions,24 HOUR,PM25 24-hour 2012,05-05-2022,Micrograms/cubic meter (LC),,1,100,17.2,17.2,0,66.0,145,R & P Model 2025 PM-2.5 Sequential Air Sampler w/VSCC - Gravimetric,Los Angeles-North Main Street,"1630 N MAIN ST, LOS ANGELES",California,Los Angeles,Los Angeles,"Los Angeles-Long Beach-Anaheim, CA",17-05-2024,pm25
6,37,1103,88101,2,34.06659,-118.22688,WGS84,PM2.5 - Local Conditions,24 HOUR,PM25 24-hour 2012,11-05-2022,Micrograms/cubic meter (LC),,1,100,5.9,5.9,0,33.0,145,R & P Model 2025 PM-2.5 Sequential Air Sampler w/VSCC - Gravimetric,Los Angeles-North Main Street,"1630 N MAIN ST, LOS ANGELES",California,Los Angeles,Los Angeles,"Los Angeles-Long Beach-Anaheim, CA",17-05-2024,pm25
6,37,1103,88101,2,34.06659,-118.22688,WGS84,PM2.5 - Local Conditions,24 HOUR,PM25 24-hour 2012,17-05-2022,Micrograms/cubic meter (LC),,1,100,12.9,12.9,0,58.0,145,R & P Model 2025 PM-2.5 Sequential Air Sampler w/VSCC - Gravimetric,Los Angeles-North Main Street,"1630 N MAIN ST, LOS ANGELES",California,Los Angeles,Los Angeles,"Los Angeles-Long Beach-Anaheim, CA",17-05-2024,pm25
6,37,1103,88101,2,34.06659,-118.22688,WGS84,PM2.5 - Local Conditions,24 HOUR,PM25 24-hour 2012,23-05-2022,Micrograms/cubic meter (LC),,1,100,16.8,16.8,0,65.0,145,R & P Model 2025 PM-2.5 Sequential Air Sampler w/VSCC - Gravimetric,Los Angeles-North Main Street,"1630 N MAIN ST, LOS ANGELES",California,Los Angeles,Los Angeles,"Los Angeles-Long Beach-Anaheim, CA",17-05-2024,pm25
6,37,1103,88101,2,34.06659,-118.22688,WGS84,PM2.5 - Local Conditions,24 HOUR,PM25 24-hour 2012,29-05-2022,Micrograms/cubic meter (LC),,1,100,7.7,7.7,0,43.0,145,R & P Model 2025 PM-2.5 Sequential Air Sampler w/VSCC - Gravimetric,Los Angeles-North Main Street,"1630 N MAIN ST, LOS ANGELES",California,Los Angeles,Los Angeles,"Los Angeles-Long Beach-Anaheim, CA",17-05-2024,pm25
6,37,1103,88101,2,34.06659,-118.22688,WGS84,PM2.5 - Local Conditions,24 HOUR,PM25 24-hour 2012,04-06-2022,Micrograms/cubic meter (LC),,1,100,9.4,9.4,0,52.0,145,R & P Model 2025 PM-2.5 Sequential Air Sampler w/VSCC - Gravimetric,Los Angeles-North Main Street,"1630 N MAIN ST, LOS ANGELES",California,Los Angeles,Los Angeles,"Los Angeles-Long Beach-Anaheim, CA",17-05-2024,pm25
6,37,1103,88101,2,34.06659,-118.22688,WGS84,PM2.5 - Local Conditions,24 HOUR,PM25 24-hour 2012,10-06-2022,Micrograms/cubic meter (LC),,1,100,16.0,16.0,0,64.0,145,R & P Model 2025 PM-2.5 Sequential Air Sampler w/VSCC - Gravimetric,Los Angeles-North Main Street,"1630 N MAIN ST, LOS ANGELES",California,Los Angeles,Los Angeles,"Los Angeles-Long Beach-Anaheim, CA",17-05-2024,pm25
6,37,1103,88101,2,34.06659,-118.22688,WGS84,PM2.5 - Local Conditions,24 HOUR,PM25 24-hour 2012,16-06-2022,Micrograms/cubic meter (LC),,1,100,17.8,17.8,0,67.0,145,R & P Model 2025 PM-2.5 Sequential Air Sampler w/VSCC - Gravimetric,Los Angeles-North Main Street,"1630 N MAIN ST, LOS ANGELES",California,Los Angeles,Los Angeles,"Los Angeles-Long Beach-Anaheim, CA",17-05-2024,pm25
6,37,1103,88101,2,34.06659,-118.22688,WGS84,PM2.5 - Local Conditions,24 HOUR,PM25 24-hour 2012,22-06-2022,Micrograms/cubic meter (LC),,1,100,16.0,16.0,0,64.0,145,R & P Model 2025 PM-2.5 Sequential Air Sampler w/VSCC - Gravimetric,Los Angeles-North Main Street,"1630 N MAIN ST, LOS ANGELES",California,Los Angeles,Los Angeles,"Los Angeles-Long Beach-Anaheim, CA",17-05-2024,pm25
6,37,1103,88101,2,34.06659,-118.22688,WGS84,PM2.5 - Local Conditions,24 HOUR,PM25 24-hour 2012,28-06-2022,Micrograms/cubic meter (LC),,1,100,13.4,13.4,0,59.0,145,R & P Model 2025 PM-2.5 Sequential Air Sampler w/VSCC - Gravimetric,Los Angeles-North Main Street,"1630 N MAIN ST, LOS ANGELES",California,Los Angeles,Los Angeles,"Los Angeles-Long Beach-Anaheim, CA",17-05-2024,pm25
6,37,1103,88101,2,34.06659,-118.22688,WGS84,PM2.5 - Local Conditions,24 HOUR,PM25 24-hour 2012,04-07-2022,Micrograms/cubic meter (LC),,1,100,21.8,21.8,0,75.0,145,R & P Model 2025 PM-2.5 Sequential Air Sampler w/VSCC - Gravimetric,Los Angeles-North Main Street,"1630 N MAIN ST, LOS ANGELES",California,Los Angeles,Los Angeles,"Los Angeles-Long Beach-Anaheim, CA",17-05-2024,pm25
6,37,1103,88101,2,34.06659,-118.22688,WGS84,PM2.5 - Local Conditions,24 HOUR,PM25 24-hour 2012,10-07-2022,Micrograms/cubic meter (LC),,1,100,11.4,11.4,0,55.0,145,R & P Model 2025 PM-2.5 Sequential Air Sampler w/VSCC - Gravimetric,Los Angeles-North Main Street,"1630 N MAIN ST, LOS ANGELES",California,Los Angeles,Los Angeles,"Los Angeles-Long Beach-Anaheim, CA",17-05-2024,pm25
6,37,1103,88101,2,34.06659,-118.22688,WGS84,PM2.5 - Local Conditions,24 HOUR,PM25 24-hour 2012,16-07-2022,Micrograms/cubic meter (LC),,1,100,13.1,13.1,0,58.0,145,R & P Model 2025 PM-2.5 Sequential Air Sampler w/VSCC - Gravimetric,Los Angeles-North Main Street,"1630 N MAIN ST, LOS ANGELES",California,Los Angeles,Los Angeles,"Los Angeles-Long Beach-Anaheim, CA",17-05-2024,pm25
6,37,1103,88101,2,34.06659,-118.22688,WGS84,PM2.5 - Local Conditions,24 HOUR,PM25 24-hour 2012,22-07-2022,Micrograms/cubic meter (LC),,1,100,11.3,11.3,0,55.0,145,R & P Model 2025 PM-2.5 Sequential Air Sampler w/VSCC - Gravimetric,Los Angeles-North Main Street,"1630 N MAIN ST, LOS ANGELES",California,Los Angeles,Los Angeles,"Los Angeles-Long Beach-Anaheim, CA",17-05-2024,pm25
6,37,1103,88101,2,34.06659,-118.22688,WGS84,PM2.5 - Local Conditions,24 HOUR,PM25 24-hour 2012,28-07-2022,Micrograms/cubic meter (LC),,1,100,8.9,8.9,0,49.0,145,R & P Model 2025 PM-2.5 Sequential Air Sampler w/VSCC - Gravimetric,Los Angeles-North Main Street,"1630 N MAIN ST, LOS ANGELES",California,Los Angeles,Los Angeles,"Los Angeles-Long Beach-Anaheim, CA",17-05-2024,pm25
6,37,1103,88101,2,34.06659,-118.22688,WGS84,PM2.5 - Local Conditions,24 HOUR,PM25 24-hour 2012,03-08-2022,Micrograms/cubic meter (LC),,1,100,8.7,8.7,0,48.0,145,R & P Model 2025 PM-2.5 Sequential Air Sampler w/VSCC - Gravimetric,Los Angeles-North Main Street,"1630 N MAIN ST, LOS ANGELES",California,Los Angeles,Los Angeles,"Los Angeles-Long Beach-Anaheim, CA",17-05-2024,pm25
6,37,1103,88101,2,34.06659,-118.22688,WGS84,PM2.5 - Local Conditions,24 HOUR,PM25 24-hour 2012,09-08-2022,Micrograms/cubic meter (LC),,1,100,11.7,11.7,0,56.0,145,R & P Model 2025 PM-2.5 Sequential Air Sampler w/VSCC - Gravimetric,Los Angeles-North Main Street,"1630 N MAIN ST, LOS ANGELES",California,Los Angeles,Los Angeles,"Los Angeles-Long Beach-Anaheim, CA",17-05-2024,pm25
6,37,1103,88101,2,34.06659,-118.22688,WGS84,PM2.5 - Local Conditions,24 HOUR,PM25 24-hour 2012,15-08-2022,Micrograms/cubic meter (LC),,1,100,16.0,16.0,0,64.0,145,R & P Model 2025 PM-2.5 Sequential Air Sampler w/VSCC - Gravimetric,Los Angeles-North Main Street,"1630 N MAIN ST, LOS ANGELES",California,Los Angeles,Los Angeles,"Los Angeles-Long Beach-Anaheim, CA",17-05-2024,pm25
6,37,1103,88101,2,34.06659,-118.22688,WGS84,PM2.5 - Local Conditions,24 HOUR,PM25 24-hour 2012,21-08-2022,Micrograms/cubic meter (LC),,1,100,11.0,11.0,0,55.0,145,R & P Model 2025 PM-2.5 Sequential Air Sampler w/VSCC - Gravimetric,Los Angeles-North Main Street,"1630 N MAIN ST, LOS ANGELES",California,Los Angeles,Los Angeles,"Los Angeles-Long Beach-Anaheim, CA",17-05-2024,pm25
6,37,1103,88101,2,34.06659,-118.22688,WGS84,PM2.5 - Local Conditions,24 HOUR,PM25 24-hour 2012,27-08-2022,Micrograms/cubic meter (LC),,1,100,9.0,9.0,0,50.0,145,R & P Model 2025 PM-2.5 Sequential Air Sampler w/VSCC - Gravimetric,Los Angeles-North Main Street,"1630 N MAIN ST, LOS ANGELES",California,Los Angeles,Los Angeles,"Los Angeles-Long Beach-Anaheim, CA",17-05-2024,pm25
6,37,1103,88101,2,34.06659,-118.22688,WGS84,PM2.5 - Local Conditions,24 HOUR,PM25 24-hour 2012,02-09-2022,Micrograms/cubic meter (LC),,1,100,15.9,15.9,0,64.0,145,R & P Model 2025 PM-2.5 Sequential Air Sampler w/VSCC - Gravimetric,Los Angeles-North Main Street,"1630 N MAIN ST, LOS ANGELES",California,Los Angeles,Los Angeles,"Los Angeles-Long Beach-Anaheim, CA",17-05-2024,pm25
6,37,1103,88101,2,34.06659,-118.22688,WGS84,PM2.5 - Local Conditions,24 HOUR,PM25 24-hour 2012,08-09-2022,Micrograms/cubic meter (LC),,1,100,13.9,13.9,0,60.0,145,R & P Model 2025 PM-2.5 Sequential Air Sampler w/VSCC - Gravimetric,Los Angeles-North Main Street,"1630 N MAIN ST, LOS ANGELES",California,Los Angeles,Los Angeles,"Los Angeles-Long Beach-Anaheim, CA",17-05-2024,pm25
6,37,1103,88101,2,34.06659,-118.22688,WGS84,PM2.5 - Local Conditions,24 HOUR,PM25 24-hour 2012,14-09-2022,Micrograms/cubic meter (LC),,1,100,10.0,10.0,0,53.0,145,R & P Model 2025 PM-2.5 Sequential Air Sampler w/VSCC - Gravimetric,Los Angeles-North Main Street,"1630 N MAIN ST, LOS ANGELES",California,Los Angeles,Los Angeles,"Los Angeles-Long Beach-Anaheim, CA",17-05-2024,pm25
6,37,1103,88101,2,34.06659,-118.22688,WGS84,PM2.5 - Local Conditions,24 HOUR,PM25 24-hour 2012,20-09-2022,Micrograms/cubic meter (LC),,1,100,4.3,4.3,0,24.0,145,R & P Model 2025 PM-2.5 Sequential Air Sampler w/VSCC - Gravimetric,Los Angeles-North Main Street,"1630 N MAIN ST, LOS ANGELES",California,Los Angeles,Los Angeles,"Los Angeles-Long Beach-Anaheim, CA",17-05-2024,pm25
6,37,1103,88101,2,34.06659,-118.22688,WGS84,PM2.5 - Local Conditions,24 HOUR,PM25 24-hour 2012,26-09-2022,Micrograms/cubic meter (LC),,1,100,12.9,12.9,0,58.0,145,R & P Model 2025 PM-2.5 Sequential Air Sampler w/VSCC - Gravimetric,Los Angeles-North Main Street,"1630 N MAIN ST, LOS ANGELES",California,Los Angeles,Los Angeles,"Los Angeles-Long Beach-Anaheim, CA",17-05-2024,pm25
6,37,1103,88101,2,34.06659,-118.22688,WGS84,PM2.5 - Local Conditions,24 HOUR,PM25 24-hour 2012,02-10-2022,Micrograms/cubic meter (LC),,1,100,8.0,8.0,0,44.0,145,R & P Model 2025 PM-2.5 Sequential Air Sampler w/VSCC - Gravimetric,Los Angeles-North Main Street,"1630 N MAIN ST, LOS ANGELES",California,Los Angeles,Los Angeles,"Los Angeles-Long Beach-Anaheim, CA",17-05-2024,pm25
6,37,1103,88101,2,34.06659,-118.22688,WGS84,PM2.5 - Local Conditions,24 HOUR,PM25 24-hour 2012,08-10-2022,Micrograms/cubic meter (LC),,1,100,19.5,19.5,0,70.0,145,R & P Model 2025 PM-2.5 Sequential Air Sampler w/VSCC - Gravimetric,Los Angeles-North Main Street,"1630 N MAIN ST, LOS ANGELES",California,Los Angeles,Los Angeles,"Los Angeles-Long Beach-Anaheim, CA",17-05-2024,pm25
6,37,1103,88101,2,34.06659,-118.22688,WGS84,PM2.5 - Local Conditions,24 HOUR,PM25 24-hour 2012,14-10-2022,Micrograms/cubic meter (LC),,1,100,12.7,12.7,0,58.0,145,R & P Model 2025 PM-2.5 Sequential Air Sampler w/VSCC - Gravimetric,Los Angeles-North Main Street,"1630 N MAIN ST, LOS ANGELES",California,Los Angeles,Los Angeles,"Los Angeles-Long Beach-Anaheim, CA",17-05-2024,pm25
6,37,1103,88101,2,34.06659,-118.22688,WGS84,PM2.5 - Local Conditions,24 HOUR,PM25 24-hour 2012,20-10-2022,Micrograms/cubic meter (LC),,1,100,9.0,9.0,0,50.0,145,R & P Model 2025 PM-2.5 Sequential Air Sampler w/VSCC - Gravimetric,Los Angeles-North Main Street,"1630 N MAIN ST, LOS ANGELES",California,Los Angeles,Los Angeles,"Los Angeles-Long Beach-Anaheim, CA",17-05-2024,pm25
6,37,1103,88101,2,34.06659,-118.22688,WGS84,PM2.5 - Local Conditions,24 HOUR,PM25 24-hour 2012,26-10-2022,Micrograms/cubic meter (LC),,1,100,10.0,10.0,0,53.0,145,R & P Model 2025 PM-2.5 Sequential Air Sampler w/VSCC - Gravimetric,Los Angeles-North Main Street,"1630 N MAIN ST, LOS ANGELES",California,Los Angeles,Los Angeles,"Los Angeles-Long Beach-Anaheim, CA",17-05-2024,pm25
6,37,1103,88101,2,34.06659,-118.22688,WGS84,PM2.5 - Local Conditions,24 HOUR,PM25 24-hour 2012,01-11-2022,Micrograms/cubic meter (LC),,1,100,12.2,12.2,0,57.0,145,R & P Model 2025 PM-2.5 Sequential Air Sampler w/VSCC - Gravimetric,Los Angeles-North Main Street,"1630 N MAIN ST, LOS ANGELES",California,Los Angeles,Los Angeles,"Los Angeles-Long Beach-Anaheim, CA",17-05-2024,pm25
6,37,1103,88101,2,34.06659,-118.22688,WGS84,PM2.5 - Local Conditions,24 HOUR,PM25 24-hour 2012,07-11-2022,Micrograms/cubic meter (LC),,1,100,7.7,7.7,0,43.0,145,R & P Model 2025 PM-2.5 Sequential Air Sampler w/VSCC - Gravimetric,Los Angeles-North Main Street,"1630 N MAIN ST, LOS ANGELES",California,Los Angeles,Los Angeles,"Los Angeles-Long Beach-Anaheim, CA",17-05-2024,pm25
6,37,1103,88101,2,34.06659,-118.22688,WGS84,PM2.5 - Local Conditions,24 HOUR,PM25 24-hour 2012,13-11-2022,Micrograms/cubic meter (LC),,1,100,8.3,8.3,0,46.0,145,R & P Model 2025 PM-2.5 Sequential Air Sampler w/VSCC - Gravimetric,Los Angeles-North Main Street,"1630 N MAIN ST, LOS ANGELES",California,Los Angeles,Los Angeles,"Los Angeles-Long Beach-Anaheim, CA",17-05-2024,pm25
6,37,1103,88101,2,34.06659,-118.22688,WGS84,PM2.5 - Local Conditions,24 HOUR,PM25 24-hour 2012,19-11-2022,Micrograms/cubic meter (LC),,1,100,9.1,9.1,0,51.0,145,R & P Model 2025 PM-2.5 Sequential Air Sampler w/VSCC - Gravimetric,Los Angeles-North Main Street,"1630 N MAIN ST, LOS ANGELES",California,Los Angeles,Los Angeles,"Los Angeles-Long Beach-Anaheim, CA",17-05-2024,pm25
6,37,1103,88101,2,34.06659,-118.22688,WGS84,PM2.5 - Local Conditions,24 HOUR,PM25 24-hour 2012,25-11-2022,Micrograms/cubic meter (LC),,1,100,7.9,7.9,0,44.0,145,R & P Model 2025 PM-2.5 Sequential Air Sampler w/VSCC - Gravimetric,Los Angeles-North Main Street,"1630 N MAIN ST, LOS ANGELES",California,Los Angeles,Los Angeles,"Los Angeles-Long Beach-Anaheim, CA",17-05-2024,pm25
6,37,1103,88101,2,34.06659,-118.22688,WGS84,PM2.5 - Local Conditions,24 HOUR,PM25 24-hour 2012,01-12-2022,Micrograms/cubic meter (LC),,1,100,5.0,5.0,0,28.0,145,R & P Model 2025 PM-2.5 Sequential Air Sampler w/VSCC - Gravimetric,Los Angeles-North Main Street,"1630 N MAIN ST, LOS ANGELES",California,Los Angeles,Los Angeles,"Los Angeles-Long Beach-Anaheim, CA",17-05-2024,pm25
6,37,1103,88101,2,34.06659,-118.22688,WGS84,PM2.5 - Local Conditions,24 HOUR,PM25 24-hour 2012,07-12-2022,Micrograms/cubic meter (LC),,1,100,9.2,9.2,0,51.0,145,R & P Model 2025 PM-2.5 Sequential Air Sampler w/VSCC - Gravimetric,Los Angeles-North Main Street,"1630 N MAIN ST, LOS ANGELES",California,Los Angeles,Los Angeles,"Los Angeles-Long Beach-Anaheim, CA",17-05-2024,pm25
6,37,1103,88101,2,34.06659,-118.22688,WGS84,PM2.5 - Local Conditions,24 HOUR,PM25 24-hour 2012,13-12-2022,Micrograms/cubic meter (LC),,1,100,8.7,8.7,0,48.0,145,R & P Model 2025 PM-2.5 Sequential Air Sampler w/VSCC - Gravimetric,Los Angeles-North Main Street,"1630 N MAIN ST, LOS ANGELES",California,Los Angeles,Los Angeles,"Los Angeles-Long Beach-Anaheim, CA",17-05-2024,pm25
6,37,1103,88101,2,34.06659,-118.22688,WGS84,PM2.5 - Local Conditions,24 HOUR,PM25 24-hour 2012,19-12-2022,Micrograms/cubic meter (LC),,1,100,18.7,18.7,0,69.0,145,R & P Model 2025 PM-2.5 Sequential Air Sampler w/VSCC - Gravimetric,Los Angeles-North Main Street,"1630 N MAIN ST, LOS ANGELES",California,Los Angeles,Los Angeles,"Los Angeles-Long Beach-Anaheim, CA",17-05-2024,pm25
6,37,1103,88101,2,34.06659,-118.22688,WGS84,PM2.5 - Local Conditions,24 HOUR,PM25 24-hour 2012,25-12-2022,Micrograms/cubic meter (LC),,1,100,7.2,7.2,0,40.0,145,R & P Model 2025 PM-2.5 Sequential Air Sampler w/VSCC - Gravimetric,Los Angeles-North Main Street,"1630 N MAIN ST, LOS ANGELES",California,Los Angeles,Los Angeles,"Los Angeles-Long Beach-Anaheim, CA",17-05-2024,pm25
6,37,1103,88101,2,34.06659,-118.22688,WGS84,PM2.5 - Local Conditions,24 HOUR,PM25 24-hour 2012,31-12-2022,Micrograms/cubic meter (LC),,1,100,3.2,3.2,0,18.0,145,R & P Model 2025 PM-2.5 Sequential Air Sampler w/VSCC - Gravimetric,Los Angeles-North Main Street,"1630 N MAIN ST, LOS ANGELES",California,Los Angeles,Los Angeles,"Los Angeles-Long Beach-Anaheim, CA",17-05-2024,pm25
6,37,1103,88101,3,34.06659,-118.22688,WGS84,PM2.5 - Local Conditions,24-HR BLK AVG,PM25 24-hour 2012,01-01-2022,Micrograms/cubic meter (LC),,1,100,12.1,12.1,0,57.0,170,Met One BAM-1020 Mass Monitor w/VSCC - Beta Attenuation,Los Angeles-North Main Street,"1630 N MAIN ST, LOS ANGELES",California,Los Angeles,Los Angeles,"Los Angeles-Long Beach-Anaheim, CA",21-05-2024,pm25
6,37,1103,88101,3,34.06659,-118.22688,WGS84,PM2.5 - Local Conditions,24-HR BLK AVG,PM25 24-hour 2012,02-01-2022,Micrograms/cubic meter (LC),,1,100,6.2,6.2,0,34.0,170,Met One BAM-1020 Mass Monitor w/VSCC - Beta Attenuation,Los Angeles-North Main Street,"1630 N MAIN ST, LOS ANGELES",California,Los Angeles,Los Angeles,"Los Angeles-Long Beach-Anaheim, CA",21-05-2024,pm25
6,37,1103,88101,3,34.06659,-118.22688,WGS84,PM2.5 - Local Conditions,24-HR BLK AVG,PM25 24-hour 2012,03-01-2022,Micrograms/cubic meter (LC),,1,100,8.0,8.0,0,44.0,170,Met One BAM-1020 Mass Monitor w/VSCC - Beta Attenuation,Los Angeles-North Main Street,"1630 N MAIN ST, LOS ANGELES",California,Los Angeles,Los Angeles,"Los Angeles-Long Beach-Anaheim, CA",21-05-2024,pm25
6,37,1103,88101,3,34.06659,-118.22688,WGS84,PM2.5 - Local Conditions,24-HR BLK AVG,PM25 24-hour 2012,04-01-2022,Micrograms/cubic meter (LC),,1,100,15.0,15.0,0,62.0,170,Met One BAM-1020 Mass Monitor w/VSCC - Beta Attenuation,Los Angeles-North Main Street,"1630 N MAIN ST, LOS ANGELES",California,Los Angeles,Los Angeles,"Los Angeles-Long Beach-Anaheim, CA",21-05-2024,pm25
6,37,1103,88101,3,34.06659,-118.22688,WGS84,PM2.5 - Local Conditions,24-HR BLK AVG,PM25 24-hour 2012,05-01-2022,Micrograms/cubic meter (LC),,1,100,23.2,23.2,0,77.0,170,Met One BAM-1020 Mass Monitor w/VSCC - Beta Attenuation,Los Angeles-North Main Street,"1630 N MAIN ST, LOS ANGELES",California,Los Angeles,Los Angeles,"Los Angeles-Long Beach-Anaheim, CA",21-05-2024,pm25
6,37,1103,88101,3,34.06659,-118.22688,WGS84,PM2.5 - Local Conditions,24-HR BLK AVG,PM25 24-hour 2012,06-01-2022,Micrograms/cubic meter (LC),,1,100,20.6,20.6,0,72.0,170,Met One BAM-1020 Mass Monitor w/VSCC - Beta Attenuation,Los Angeles-North Main Street,"1630 N MAIN ST, LOS ANGELES",California,Los Angeles,Los Angeles,"Los Angeles-Long Beach-Anaheim, CA",21-05-2024,pm25
6,37,1103,88101,3,34.06659,-118.22688,WGS84,PM2.5 - Local Conditions,24-HR BLK AVG,PM25 24-hour 2012,07-01-2022,Micrograms/cubic meter (LC),,1,100,27.5,27.5,0,85.0,170,Met One BAM-1020 Mass Monitor w/VSCC - Beta Attenuation,Los Angeles-North Main Street,"1630 N MAIN ST, LOS ANGELES",California,Los Angeles,Los Angeles,"Los Angeles-Long Beach-Anaheim, CA",21-05-2024,pm25
6,37,1103,88101,3,34.06659,-118.22688,WGS84,PM2.5 - Local Conditions,24-HR BLK AVG,PM25 24-hour 2012,08-01-2022,Micrograms/cubic meter (LC),,1,100,14.6,14.6,0,61.0,170,Met One BAM-1020 Mass Monitor w/VSCC - Beta Attenuation,Los Angeles-North Main Street,"1630 N MAIN ST, LOS ANGELES",California,Los Angeles,Los Angeles,"Los Angeles-Long Beach-Anaheim, CA",21-05-2024,pm25
6,37,1103,88101,3,34.06659,-118.22688,WGS84,PM2.5 - Local Conditions,24-HR BLK AVG,PM25 24-hour 2012,09-01-2022,Micrograms/cubic meter (LC),,1,100,14.1,14.1,0,60.0,170,Met One BAM-1020 Mass Monitor w/VSCC - Beta Attenuation,Los Angeles-North Main Street,"1630 N MAIN ST, LOS ANGELES",California,Los Angeles,Los Angeles,"Los Angeles-Long Beach-Anaheim, CA",21-05-2024,pm25
6,37,1103,88101,3,34.06659,-118.22688,WGS84,PM2.5 - Local Conditions,24-HR BLK AVG,PM25 24-hour 2012,10-01-2022,Micrograms/cubic meter (LC),,1,100,5.1,5.1,0,28.0,170,Met One BAM-1020 Mass Monitor w/VSCC - Beta Attenuation,Los Angeles-North Main Street,"1630 N MAIN ST, LOS ANGELES",California,Los Angeles,Los Angeles,"Los Angeles-Long Beach-Anaheim, CA",21-05-2024,pm25
6,37,1103,88101,3,34.06659,-118.22688,WGS84,PM2.5 - Local Conditions,24-HR BLK AVG,PM25 24-hour 2012,11-01-2022,Micrograms/cubic meter (LC),,1,100,4.4,4.4,0,24.0,170,Met One BAM-1020 Mass Monitor w/VSCC - Beta Attenuation,Los Angeles-North Main Street,"1630 N MAIN ST, LOS ANGELES",California,Los Angeles,Los Angeles,"Los Angeles-Long Beach-Anaheim, CA",21-05-2024,pm25
6,37,1103,88101,3,34.06659,-118.22688,WGS84,PM2.5 - Local Conditions,24-HR BLK AVG,PM25 24-hour 2012,12-01-2022,Micrograms/cubic meter (LC),,1,100,6.9,6.9,0,38.0,170,Met One BAM-1020 Mass Monitor w/VSCC - Beta Attenuation,Los Angeles-North Main Street,"1630 N MAIN ST, LOS ANGELES",California,Los Angeles,Los Angeles,"Los Angeles-Long Beach-Anaheim, CA",21-05-2024,pm25
6,37,1103,88101,3,34.06659,-118.22688,WGS84,PM2.5 - Local Conditions,24-HR BLK AVG,PM25 24-hour 2012,13-01-2022,Micrograms/cubic meter (LC),,1,100,14.5,14.5,0,61.0,170,Met One BAM-1020 Mass Monitor w/VSCC - Beta Attenuation,Los Angeles-North Main Street,"1630 N MAIN ST, LOS ANGELES",California,Los Angeles,Los Angeles,"Los Angeles-Long Beach-Anaheim, CA",21-05-2024,pm25
6,37,1103,88101,3,34.06659,-118.22688,WGS84,PM2.5 - Local Conditions,24-HR BLK AVG,PM25 24-hour 2012,14-01-2022,Micrograms/cubic meter (LC),,1,100,19.3,19.3,0,70.0,170,Met One BAM-1020 Mass Monitor w/VSCC - Beta Attenuation,Los Angeles-North Main Street,"1630 N MAIN ST, LOS ANGELES",California,Los Angeles,Los Angeles,"Los Angeles-Long Beach-Anaheim, CA",21-05-2024,pm25
6,37,1103,88101,3,34.06659,-118.22688,WGS84,PM2.5 - Local Conditions,24-HR BLK AVG,PM25 24-hour 2012,15-01-2022,Micrograms/cubic meter (LC),,1,100,9.5,9.5,0,52.0,170,Met One BAM-1020 Mass Monitor w/VSCC - Beta Attenuation,Los Angeles-North Main Street,"1630 N MAIN ST, LOS ANGELES",California,Los Angeles,Los Angeles,"Los Angeles-Long Beach-Anaheim, CA",21-05-2024,pm25
6,37,1103,88101,3,34.06659,-118.22688,WGS84,PM2.5 - Local Conditions,24-HR BLK AVG,PM25 24-hour 2012,16-01-2022,Micrograms/cubic meter (LC),,1,100,5.6,5.6,0,31.0,170,Met One BAM-1020 Mass Monitor w/VSCC - Beta Attenuation,Los Angeles-North Main Street,"1630 N MAIN ST, LOS ANGELES",California,Los Angeles,Los Angeles,"Los Angeles-Long Beach-Anaheim, CA",21-05-2024,pm25
6,37,1103,88101,3,34.06659,-118.22688,WGS84,PM2.5 - Local Conditions,24-HR BLK AVG,PM25 24-hour 2012,17-01-2022,Micrograms/cubic meter (LC),,1,100,10.4,10.4,0,53.0,170,Met One BAM-1020 Mass Monitor w/VSCC - Beta Attenuation,Los Angeles-North Main Street,"1630 N MAIN ST, LOS ANGELES",California,Los Angeles,Los Angeles,"Los Angeles-Long Beach-Anaheim, CA",21-05-2024,pm25
6,37,1103,88101,3,34.06659,-118.22688,WGS84,PM2.5 - Local Conditions,24-HR BLK AVG,PM25 24-hour 2012,18-01-2022,Micrograms/cubic meter (LC),,1,100,8.8,8.8,0,49.0,170,Met One BAM-1020 Mass Monitor w/VSCC - Beta Attenuation,Los Angeles-North Main Street,"1630 N MAIN ST, LOS ANGELES",California,Los Angeles,Los Angeles,"Los Angeles-Long Beach-Anaheim, CA",21-05-2024,pm25
6,37,1103,88101,3,34.06659,-118.22688,WGS84,PM2.5 - Local Conditions,24-HR BLK AVG,PM25 24-hour 2012,19-01-2022,Micrograms/cubic meter (LC),,1,100,14.8,14.8,0,62.0,170,Met One BAM-1020 Mass Monitor w/VSCC - Beta Attenuation,Los Angeles-North Main Street,"1630 N MAIN ST, LOS ANGELES",California,Los Angeles,Los Angeles,"Los Angeles-Long Beach-Anaheim, CA",21-05-2024,pm25
6,37,1103,88101,3,34.06659,-118.22688,WGS84,PM2.5 - Local Conditions,24-HR BLK AVG,PM25 24-hour 2012,20-01-2022,Micrograms/cubic meter (LC),,1,100,9.7,9.7,0,52.0,170,Met One BAM-1020 Mass Monitor w/VSCC - Beta Attenuation,Los Angeles-North Main Street,"1630 N MAIN ST, LOS ANGELES",California,Los Angeles,Los Angeles,"Los Angeles-Long Beach-Anaheim, CA",21-05-2024,pm25
6,37,1103,88101,3,34.06659,-118.22688,WGS84,PM2.5 - Local Conditions,24-HR BLK AVG,PM25 24-hour 2012,21-01-2022,Micrograms/cubic meter (LC),,1,100,7.4,7.4,0,41.0,170,Met One BAM-1020 Mass Monitor w/VSCC - Beta Attenuation,Los Angeles-North Main Street,"1630 N MAIN ST, LOS ANGELES",California,Los Angeles,Los Angeles,"Los Angeles-Long Beach-Anaheim, CA",21-05-2024,pm25
6,37,1103,88101,3,34.06659,-118.22688,WGS84,PM2.5 - Local Conditions,24-HR BLK AVG,PM25 24-hour 2012,22-01-2022,Micrograms/cubic meter (LC),,1,100,4.8,4.8,0,27.0,170,Met One BAM-1020 Mass Monitor w/VSCC - Beta Attenuation,Los Angeles-North Main Street,"1630 N MAIN ST, LOS ANGELES",California,Los Angeles,Los Angeles,"Los Angeles-Long Beach-Anaheim, CA",21-05-2024,pm25
6,37,1103,88101,3,34.06659,-118.22688,WGS84,PM2.5 - Local Conditions,24-HR BLK AVG,PM25 24-hour 2012,23-01-2022,Micrograms/cubic meter (LC),,1,100,6.1,6.1,0,34.0,170,Met One BAM-1020 Mass Monitor w/VSCC - Beta Attenuation,Los Angeles-North Main Street,"1630 N MAIN ST, LOS ANGELES",California,Los Angeles,Los Angeles,"Los Angeles-Long Beach-Anaheim, CA",21-05-2024,pm25
6,37,1103,88101,3,34.06659,-118.22688,WGS84,PM2.5 - Local Conditions,24-HR BLK AVG,PM25 24-hour 2012,24-01-2022,Micrograms/cubic meter (LC),,1,100,11.0,11.0,0,55.0,170,Met One BAM-1020 Mass Monitor w/VSCC - Beta Attenuation,Los Angeles-North Main Street,"1630 N MAIN ST, LOS ANGELES",California,Los Angeles,Los Angeles,"Los Angeles-Long Beach-Anaheim, CA",21-05-2024,pm25
6,37,1103,88101,3,34.06659,-118.22688,WGS84,PM2.5 - Local Conditions,24-HR BLK AVG,PM25 24-hour 2012,25-01-2022,Micrograms/cubic meter (LC),,1,100,14.5,14.5,0,61.0,170,Met One BAM-1020 Mass Monitor w/VSCC - Beta Attenuation,Los Angeles-North Main Street,"1630 N MAIN ST, LOS ANGELES",California,Los Angeles,Los Angeles,"Los Angeles-Long Beach-Anaheim, CA",21-05-2024,pm25
6,37,1103,88101,3,34.06659,-118.22688,WGS84,PM2.5 - Local Conditions,24-HR BLK AVG,PM25 24-hour 2012,26-01-2022,Micrograms/cubic meter (LC),,1,100,12.6,12.6,0,58.0,170,Met One BAM-1020 Mass Monitor w/VSCC - Beta Attenuation,Los Angeles-North Main Street,"1630 N MAIN ST, LOS ANGELES",California,Los Angeles,Los Angeles,"Los Angeles-Long Beach-Anaheim, CA",21-05-2024,pm25
6,37,1103,88101,3,34.06659,-118.22688,WGS84,PM2.5 - Local Conditions,24-HR BLK AVG,PM25 24-hour 2012,27-01-2022,Micrograms/cubic meter (LC),,1,100,8.3,8.3,0,46.0,170,Met One BAM-1020 Mass Monitor w/VSCC - Beta Attenuation,Los Angeles-North Main Street,"1630 N MAIN ST, LOS ANGELES",California,Los Angeles,Los Angeles,"Los Angeles-Long Beach-Anaheim, CA",21-05-2024,pm25
6,37,1103,88101,3,34.06659,-118.22688,WGS84,PM2.5 - Local Conditions,24-HR BLK AVG,PM25 24-hour 2012,28-01-2022,Micrograms/cubic meter (LC),,1,100,8.0,8.0,0,44.0,170,Met One BAM-1020 Mass Monitor w/VSCC - Beta Attenuation,Los Angeles-North Main Street,"1630 N MAIN ST, LOS ANGELES",California,Los Angeles,Los Angeles,"Los Angeles-Long Beach-Anaheim, CA",21-05-2024,pm25
6,37,1103,88101,3,34.06659,-118.22688,WGS84,PM2.5 - Local Conditions,24-HR BLK AVG,PM25 24-hour 2012,29-01-2022,Micrograms/cubic meter (LC),,1,100,8.9,8.9,0,49.0,170,Met One BAM-1020 Mass Monitor w/VSCC - Beta Attenuation,Los Angeles-North Main Street,"1630 N MAIN ST, LOS ANGELES",California,Los Angeles,Los Angeles,"Los Angeles-Long Beach-Anaheim, CA",21-05-2024,pm25
6,37,1103,88101,3,34.06659,-118.22688,WGS84,PM2.5 - Local Conditions,24-HR BLK AVG,PM25 24-hour 2012,30-01-2022,Micrograms/cubic meter (LC),,1,100,10.7,10.7,0,54.0,170,Met One BAM-1020 Mass Monitor w/VSCC - Beta Attenuation,Los Angeles-North Main Street,"1630 N MAIN ST, LOS ANGELES",California,Los Angeles,Los Angeles,"Los Angeles-Long Beach-Anaheim, CA",21-05-2024,pm25
6,37,1103,88101,3,34.06659,-118.22688,WGS84,PM2.5 - Local Conditions,24-HR BLK AVG,PM25 24-hour 2012,31-01-2022,Micrograms/cubic meter (LC),,1,100,18.9,18.9,0,69.0,170,Met One BAM-1020 Mass Monitor w/VSCC - Beta Attenuation,Los Angeles-North Main Street,"1630 N MAIN ST, LOS ANGELES",California,Los Angeles,Los Angeles,"Los Angeles-Long Beach-Anaheim, CA",21-05-2024,pm25
6,37,1103,88101,3,34.06659,-118.22688,WGS84,PM2.5 - Local Conditions,24-HR BLK AVG,PM25 24-hour 2012,01-02-2022,Micrograms/cubic meter (LC),,1,100,17.6,17.6,0,67.0,170,Met One BAM-1020 Mass Monitor w/VSCC - Beta Attenuation,Los Angeles-North Main Street,"1630 N MAIN ST, LOS ANGELES",California,Los Angeles,Los Angeles,"Los Angeles-Long Beach-Anaheim, CA",21-05-2024,pm25
6,37,1103,88101,3,34.06659,-118.22688,WGS84,PM2.5 - Local Conditions,24-HR BLK AVG,PM25 24-hour 2012,02-02-2022,Micrograms/cubic meter (LC),,1,100,12.5,12.5,0,57.0,170,Met One BAM-1020 Mass Monitor w/VSCC - Beta Attenuation,Los Angeles-North Main Street,"1630 N MAIN ST, LOS ANGELES",California,Los Angeles,Los Angeles,"Los Angeles-Long Beach-Anaheim, CA",21-05-2024,pm25
6,37,1103,88101,3,34.06659,-118.22688,WGS84,PM2.5 - Local Conditions,24-HR BLK AVG,PM25 24-hour 2012,03-02-2022,Micrograms/cubic meter (LC),,1,100,9.0,9.0,0,50.0,170,Met One BAM-1020 Mass Monitor w/VSCC - Beta Attenuation,Los Angeles-North Main Street,"1630 N MAIN ST, LOS ANGELES",California,Los Angeles,Los Angeles,"Los Angeles-Long Beach-Anaheim, CA",21-05-2024,pm25
6,37,1103,88101,3,34.06659,-118.22688,WGS84,PM2.5 - Local Conditions,24-HR BLK AVG,PM25 24-hour 2012,04-02-2022,Micrograms/cubic meter (LC),,1,100,9.0,9.0,0,50.0,170,Met One BAM-1020 Mass Monitor w/VSCC - Beta Attenuation,Los Angeles-North Main Street,"1630 N MAIN ST, LOS ANGELES",California,Los Angeles,Los Angeles,"Los Angeles-Long Beach-Anaheim, CA",21-05-2024,pm25
6,37,1103,88101,3,34.06659,-118.22688,WGS84,PM2.5 - Local Conditions,24-HR BLK AVG,PM25 24-hour 2012,05-02-2022,Micrograms/cubic meter (LC),,1,100,7.6,7.6,0,42.0,170,Met One BAM-1020 Mass Monitor w/VSCC - Beta Attenuation,Los Angeles-North Main Street,"1630 N MAIN ST, LOS ANGELES",California,Los Angeles,Los Angeles,"Los Angeles-Long Beach-Anaheim, CA",21-05-2024,pm25
6,37,1103,88101,3,34.06659,-118.22688,WGS84,PM2.5 - Local Conditions,24-HR BLK AVG,PM25 24-hour 2012,06-02-2022,Micrograms/cubic meter (LC),,1,100,9.7,9.7,0,52.0,170,Met One BAM-1020 Mass Monitor w/VSCC - Beta Attenuation,Los Angeles-North Main Street,"1630 N MAIN ST, LOS ANGELES",California,Los Angeles,Los Angeles,"Los Angeles-Long Beach-Anaheim, CA",21-05-2024,pm25
6,37,1103,88101,3,34.06659,-118.22688,WGS84,PM2.5 - Local Conditions,24-HR BLK AVG,PM25 24-hour 2012,07-02-2022,Micrograms/cubic meter (LC),,1,100,7.6,7.6,0,42.0,170,Met One BAM-1020 Mass Monitor w/VSCC - Beta Attenuation,Los Angeles-North Main Street,"1630 N MAIN ST, LOS ANGELES",California,Los Angeles,Los Angeles,"Los Angeles-Long Beach-Anaheim, CA",21-05-2024,pm25
6,37,1103,88101,3,34.06659,-118.22688,WGS84,PM2.5 - Local Conditions,24-HR BLK AVG,PM25 24-hour 2012,08-02-2022,Micrograms/cubic meter (LC),,1,100,6.5,6.5,0,36.0,170,Met One BAM-1020 Mass Monitor w/VSCC - Beta Attenuation,Los Angeles-North Main Street,"1630 N MAIN ST, LOS ANGELES",California,Los Angeles,Los Angeles,"Los Angeles-Long Beach-Anaheim, CA",21-05-2024,pm25
6,37,1103,88101,3,34.06659,-118.22688,WGS84,PM2.5 - Local Conditions,24-HR BLK AVG,PM25 24-hour 2012,09-02-2022,Micrograms/cubic meter (LC),,1,100,8.1,8.1,0,45.0,170,Met One BAM-1020 Mass Monitor w/VSCC - Beta Attenuation,Los Angeles-North Main Street,"1630 N MAIN ST, LOS ANGELES",California,Los Angeles,Los Angeles,"Los Angeles-Long Beach-Anaheim, CA",21-05-2024,pm25
6,37,1103,88101,3,34.06659,-118.22688,WGS84,PM2.5 - Local Conditions,24-HR BLK AVG,PM25 24-hour 2012,10-02-2022,Micrograms/cubic meter (LC),,1,100,8.6,8.6,0,48.0,170,Met One BAM-1020 Mass Monitor w/VSCC - Beta Attenuation,Los Angeles-North Main Street,"1630 N MAIN ST, LOS ANGELES",California,Los Angeles,Los Angeles,"Los Angeles-Long Beach-Anaheim, CA",21-05-2024,pm25
6,37,1103,88101,3,34.06659,-118.22688,WGS84,PM2.5 - Local Conditions,24-HR BLK AVG,PM25 24-hour 2012,11-02-2022,Micrograms/cubic meter (LC),,1,100,11.1,11.1,0,55.0,170,Met One BAM-1020 Mass Monitor w/VSCC - Beta Attenuation,Los Angeles-North Main Street,"1630 N MAIN ST, LOS ANGELES",California,Los Angeles,Los Angeles,"Los Angeles-Long Beach-Anaheim, CA",21-05-2024,pm25
6,37,1103,88101,3,34.06659,-118.22688,WGS84,PM2.5 - Local Conditions,24-HR BLK AVG,PM25 24-hour 2012,12-02-2022,Micrograms/cubic meter (LC),,1,100,8.1,8.1,0,45.0,170,Met One BAM-1020 Mass Monitor w/VSCC - Beta Attenuation,Los Angeles-North Main Street,"1630 N MAIN ST, LOS ANGELES",California,Los Angeles,Los Angeles,"Los Angeles-Long Beach-Anaheim, CA",21-05-2024,pm25
6,37,1103,88101,3,34.06659,-118.22688,WGS84,PM2.5 - Local Conditions,24-HR BLK AVG,PM25 24-hour 2012,13-02-2022,Micrograms/cubic meter (LC),,1,100,8.0,8.0,0,44.0,170,Met One BAM-1020 Mass Monitor w/VSCC - Beta Attenuation,Los Angeles-North Main Street,"1630 N MAIN ST, LOS ANGELES",California,Los Angeles,Los Angeles,"Los Angeles-Long Beach-Anaheim, CA",21-05-2024,pm25
6,37,1103,88101,3,34.06659,-118.22688,WGS84,PM2.5 - Local Conditions,24-HR BLK AVG,PM25 24-hour 2012,14-02-2022,Micrograms/cubic meter (LC),,1,100,11.8,11.8,0,56.0,170,Met One BAM-1020 Mass Monitor w/VSCC - Beta Attenuation,Los Angeles-North Main Street,"1630 N MAIN ST, LOS ANGELES",California,Los Angeles,Los Angeles,"Los Angeles-Long Beach-Anaheim, CA",21-05-2024,pm25
6,37,1103,88101,3,34.06659,-118.22688,WGS84,PM2.5 - Local Conditions,24-HR BLK AVG,PM25 24-hour 2012,15-02-2022,Micrograms/cubic meter (LC),,1,100,6.1,6.1,0,34.0,170,Met One BAM-1020 Mass Monitor w/VSCC - Beta Attenuation,Los Angeles-North Main Street,"1630 N MAIN ST, LOS ANGELES",California,Los Angeles,Los Angeles,"Los Angeles-Long Beach-Anaheim, CA",21-05-2024,pm25
6,37,1103,88101,3,34.06659,-118.22688,WGS84,PM2.5 - Local Conditions,24-HR BLK AVG,PM25 24-hour 2012,16-02-2022,Micrograms/cubic meter (LC),,1,100,6.9,6.9,0,38.0,170,Met One BAM-1020 Mass Monitor w/VSCC - Beta Attenuation,Los Angeles-North Main Street,"1630 N MAIN ST, LOS ANGELES",California,Los Angeles,Los Angeles,"Los Angeles-Long Beach-Anaheim, CA",21-05-2024,pm25
6,37,1103,88101,3,34.06659,-118.22688,WGS84,PM2.5 - Local Conditions,24-HR BLK AVG,PM25 24-hour 2012,17-02-2022,Micrograms/cubic meter (LC),,1,100,6.8,6.8,0,38.0,170,Met One BAM-1020 Mass Monitor w/VSCC - Beta Attenuation,Los Angeles-North Main Street,"1630 N MAIN ST, LOS ANGELES",California,Los Angeles,Los Angeles,"Los Angeles-Long Beach-Anaheim, CA",21-05-2024,pm25
6,37,1103,88101,3,34.06659,-118.22688,WGS84,PM2.5 - Local Conditions,24-HR BLK AVG,PM25 24-hour 2012,18-02-2022,Micrograms/cubic meter (LC),,1,100,6.7,6.7,0,37.0,170,Met One BAM-1020 Mass Monitor w/VSCC - Beta Attenuation,Los Angeles-North Main Street,"1630 N MAIN ST, LOS ANGELES",California,Los Angeles,Los Angeles,"Los Angeles-Long Beach-Anaheim, CA",21-05-2024,pm25
6,37,1103,88101,3,34.06659,-118.22688,WGS84,PM2.5 - Local Conditions,24-HR BLK AVG,PM25 24-hour 2012,19-02-2022,Micrograms/cubic meter (LC),,1,100,8.0,8.0,0,44.0,170,Met One BAM-1020 Mass Monitor w/VSCC - Beta Attenuation,Los Angeles-North Main Street,"1630 N MAIN ST, LOS ANGELES",California,Los Angeles,Los Angeles,"Los Angeles-Long Beach-Anaheim, CA",21-05-2024,pm25
6,37,1103,88101,3,34.06659,-118.22688,WGS84,PM2.5 - Local Conditions,24-HR BLK AVG,PM25 24-hour 2012,20-02-2022,Micrograms/cubic meter (LC),,1,100,14.8,14.8,0,62.0,170,Met One BAM-1020 Mass Monitor w/VSCC - Beta Attenuation,Los Angeles-North Main Street,"1630 N MAIN ST, LOS ANGELES",California,Los Angeles,Los Angeles,"Los Angeles-Long Beach-Anaheim, CA",21-05-2024,pm25
6,37,1103,88101,3,34.06659,-118.22688,WGS84,PM2.5 - Local Conditions,24-HR BLK AVG,PM25 24-hour 2012,21-02-2022,Micrograms/cubic meter (LC),,1,100,9.5,9.5,0,52.0,170,Met One BAM-1020 Mass Monitor w/VSCC - Beta Attenuation,Los Angeles-North Main Street,"1630 N MAIN ST, LOS ANGELES",California,Los Angeles,Los Angeles,"Los Angeles-Long Beach-Anaheim, CA",21-05-2024,pm25
6,37,1103,88101,3,34.06659,-118.22688,WGS84,PM2.5 - Local Conditions,24-HR BLK AVG,PM25 24-hour 2012,22-02-2022,Micrograms/cubic meter (LC),,1,100,5.1,5.1,0,28.0,170,Met One BAM-1020 Mass Monitor w/VSCC - Beta Attenuation,Los Angeles-North Main Street,"1630 N MAIN ST, LOS ANGELES",California,Los Angeles,Los Angeles,"Los Angeles-Long Beach-Anaheim, CA",21-05-2024,pm25
6,37,1103,88101,3,34.06659,-118.22688,WGS84,PM2.5 - Local Conditions,24-HR BLK AVG,PM25 24-hour 2012,23-02-2022,Micrograms/cubic meter (LC),,1,100,3.2,3.2,0,18.0,170,Met One BAM-1020 Mass Monitor w/VSCC - Beta Attenuation,Los Angeles-North Main Street,"1630 N MAIN ST, LOS ANGELES",California,Los Angeles,Los Angeles,"Los Angeles-Long Beach-Anaheim, CA",21-05-2024,pm25
6,37,1103,88101,3,34.06659,-118.22688,WGS84,PM2.5 - Local Conditions,24-HR BLK AVG,PM25 24-hour 2012,24-02-2022,Micrograms/cubic meter (LC),,1,100,6.6,6.6,0,37.0,170,Met One BAM-1020 Mass Monitor w/VSCC - Beta Attenuation,Los Angeles-North Main Street,"1630 N MAIN ST, LOS ANGELES",California,Los Angeles,Los Angeles,"Los Angeles-Long Beach-Anaheim, CA",21-05-2024,pm25
6,37,1103,88101,3,34.06659,-118.22688,WGS84,PM2.5 - Local Conditions,24-HR BLK AVG,PM25 24-hour 2012,25-02-2022,Micrograms/cubic meter (LC),,1,100,10.1,10.1,0,53.0,170,Met One BAM-1020 Mass Monitor w/VSCC - Beta Attenuation,Los Angeles-North Main Street,"1630 N MAIN ST, LOS ANGELES",California,Los Angeles,Los Angeles,"Los Angeles-Long Beach-Anaheim, CA",21-05-2024,pm25
6,37,1103,88101,3,34.06659,-118.22688,WGS84,PM2.5 - Local Conditions,24-HR BLK AVG,PM25 24-hour 2012,26-02-2022,Micrograms/cubic meter (LC),,1,100,9.8,9.8,0,52.0,170,Met One BAM-1020 Mass Monitor w/VSCC - Beta Attenuation,Los Angeles-North Main Street,"1630 N MAIN ST, LOS ANGELES",California,Los Angeles,Los Angeles,"Los Angeles-Long Beach-Anaheim, CA",21-05-2024,pm25
6,37,1103,88101,3,34.06659,-118.22688,WGS84,PM2.5 - Local Conditions,24-HR BLK AVG,PM25 24-hour 2012,27-02-2022,Micrograms/cubic meter (LC),,1,100,6.3,6.3,0,35.0,170,Met One BAM-1020 Mass Monitor w/VSCC - Beta Attenuation,Los Angeles-North Main Street,"1630 N MAIN ST, LOS ANGELES",California,Los Angeles,Los Angeles,"Los Angeles-Long Beach-Anaheim, CA",21-05-2024,pm25
6,37,1103,88101,3,34.06659,-118.22688,WGS84,PM2.5 - Local Conditions,24-HR BLK AVG,PM25 24-hour 2012,28-02-2022,Micrograms/cubic meter (LC),,1,100,8.7,8.7,0,48.0,170,Met One BAM-1020 Mass Monitor w/VSCC - Beta Attenuation,Los Angeles-North Main Street,"1630 N MAIN ST, LOS ANGELES",California,Los Angeles,Los Angeles,"Los Angeles-Long Beach-Anaheim, CA",21-05-2024,pm25
6,37,1103,88101,3,34.06659,-118.22688,WGS84,PM2.5 - Local Conditions,24-HR BLK AVG,PM25 24-hour 2012,01-03-2022,Micrograms/cubic meter (LC),,1,100,7.2,7.2,0,40.0,170,Met One BAM-1020 Mass Monitor w/VSCC - Beta Attenuation,Los Angeles-North Main Street,"1630 N MAIN ST, LOS ANGELES",California,Los Angeles,Los Angeles,"Los Angeles-Long Beach-Anaheim, CA",21-05-2024,pm25
6,37,1103,88101,3,34.06659,-118.22688,WGS84,PM2.5 - Local Conditions,24-HR BLK AVG,PM25 24-hour 2012,02-03-2022,Micrograms/cubic meter (LC),,1,100,14.1,14.1,0,60.0,170,Met One BAM-1020 Mass Monitor w/VSCC - Beta Attenuation,Los Angeles-North Main Street,"1630 N MAIN ST, LOS ANGELES",California,Los Angeles,Los Angeles,"Los Angeles-Long Beach-Anaheim, CA",21-05-2024,pm25
6,37,1103,88101,3,34.06659,-118.22688,WGS84,PM2.5 - Local Conditions,24-HR BLK AVG,PM25 24-hour 2012,03-03-2022,Micrograms/cubic meter (LC),,1,100,14.9,14.9,0,62.0,170,Met One BAM-1020 Mass Monitor w/VSCC - Beta Attenuation,Los Angeles-North Main Street,"1630 N MAIN ST, LOS ANGELES",California,Los Angeles,Los Angeles,"Los Angeles-Long Beach-Anaheim, CA",21-05-2024,pm25
6,37,1103,88101,3,34.06659,-118.22688,WGS84,PM2.5 - Local Conditions,24-HR BLK AVG,PM25 24-hour 2012,04-03-2022,Micrograms/cubic meter (LC),,1,100,7.0,7.0,0,39.0,170,Met One BAM-1020 Mass Monitor w/VSCC - Beta Attenuation,Los Angeles-North Main Street,"1630 N MAIN ST, LOS ANGELES",California,Los Angeles,Los Angeles,"Los Angeles-Long Beach-Anaheim, CA",21-05-2024,pm25
6,37,1103,88101,3,34.06659,-118.22688,WGS84,PM2.5 - Local Conditions,24-HR BLK AVG,PM25 24-hour 2012,05-03-2022,Micrograms/cubic meter (LC),,1,100,6.3,6.3,0,35.0,170,Met One BAM-1020 Mass Monitor w/VSCC - Beta Attenuation,Los Angeles-North Main Street,"1630 N MAIN ST, LOS ANGELES",California,Los Angeles,Los Angeles,"Los Angeles-Long Beach-Anaheim, CA",21-05-2024,pm25
6,37,1103,88101,3,34.06659,-118.22688,WGS84,PM2.5 - Local Conditions,24-HR BLK AVG,PM25 24-hour 2012,06-03-2022,Micrograms/cubic meter (LC),,1,100,7.4,7.4,0,41.0,170,Met One BAM-1020 Mass Monitor w/VSCC - Beta Attenuation,Los Angeles-North Main Street,"1630 N MAIN ST, LOS ANGELES",California,Los Angeles,Los Angeles,"Los Angeles-Long Beach-Anaheim, CA",21-05-2024,pm25
6,37,1103,88101,3,34.06659,-118.22688,WGS84,PM2.5 - Local Conditions,24-HR BLK AVG,PM25 24-hour 2012,07-03-2022,Micrograms/cubic meter (LC),,1,100,9.8,9.8,0,52.0,170,Met One BAM-1020 Mass Monitor w/VSCC - Beta Attenuation,Los Angeles-North Main Street,"1630 N MAIN ST, LOS ANGELES",California,Los Angeles,Los Angeles,"Los Angeles-Long Beach-Anaheim, CA",21-05-2024,pm25
6,37,1103,88101,3,34.06659,-118.22688,WGS84,PM2.5 - Local Conditions,24-HR BLK AVG,PM25 24-hour 2012,08-03-2022,Micrograms/cubic meter (LC),,1,100,8.0,8.0,0,44.0,170,Met One BAM-1020 Mass Monitor w/VSCC - Beta Attenuation,Los Angeles-North Main Street,"1630 N MAIN ST, LOS ANGELES",California,Los Angeles,Los Angeles,"Los Angeles-Long Beach-Anaheim, CA",21-05-2024,pm25
6,37,1103,88101,3,34.06659,-118.22688,WGS84,PM2.5 - Local Conditions,24-HR BLK AVG,PM25 24-hour 2012,09-03-2022,Micrograms/cubic meter (LC),,1,100,9.5,9.5,0,52.0,170,Met One BAM-1020 Mass Monitor w/VSCC - Beta Attenuation,Los Angeles-North Main Street,"1630 N MAIN ST, LOS ANGELES",California,Los Angeles,Los Angeles,"Los Angeles-Long Beach-Anaheim, CA",21-05-2024,pm25
6,37,1103,88101,3,34.06659,-118.22688,WGS84,PM2.5 - Local Conditions,24-HR BLK AVG,PM25 24-hour 2012,10-03-2022,Micrograms/cubic meter (LC),,1,100,13.2,13.2,0,59.0,170,Met One BAM-1020 Mass Monitor w/VSCC - Beta Attenuation,Los Angeles-North Main Street,"1630 N MAIN ST, LOS ANGELES",California,Los Angeles,Los Angeles,"Los Angeles-Long Beach-Anaheim, CA",21-05-2024,pm25
6,37,1103,88101,3,34.06659,-118.22688,WGS84,PM2.5 - Local Conditions,24-HR BLK AVG,PM25 24-hour 2012,11-03-2022,Micrograms/cubic meter (LC),,1,100,9.6,9.6,0,52.0,170,Met One BAM-1020 Mass Monitor w/VSCC - Beta Attenuation,Los Angeles-North Main Street,"1630 N MAIN ST, LOS ANGELES",California,Los Angeles,Los Angeles,"Los Angeles-Long Beach-Anaheim, CA",21-05-2024,pm25
6,37,1103,88101,3,34.06659,-118.22688,WGS84,PM2.5 - Local Conditions,24-HR BLK AVG,PM25 24-hour 2012,12-03-2022,Micrograms/cubic meter (LC),,1,100,7.5,7.5,0,42.0,170,Met One BAM-1020 Mass Monitor w/VSCC - Beta Attenuation,Los Angeles-North Main Street,"1630 N MAIN ST, LOS ANGELES",California,Los Angeles,Los Angeles,"Los Angeles-Long Beach-Anaheim, CA",21-05-2024,pm25
6,37,1103,88101,3,34.06659,-118.22688,WGS84,PM2.5 - Local Conditions,24-HR BLK AVG,PM25 24-hour 2012,13-03-2022,Micrograms/cubic meter (LC),,1,100,12.0,12.0,0,56.0,170,Met One BAM-1020 Mass Monitor w/VSCC - Beta Attenuation,Los Angeles-North Main Street,"1630 N MAIN ST, LOS ANGELES",California,Los Angeles,Los Angeles,"Los Angeles-Long Beach-Anaheim, CA",21-05-2024,pm25
6,37,1103,88101,3,34.06659,-118.22688,WGS84,PM2.5 - Local Conditions,24-HR BLK AVG,PM25 24-hour 2012,14-03-2022,Micrograms/cubic meter (LC),,1,100,12.1,12.1,0,57.0,170,Met One BAM-1020 Mass Monitor w/VSCC - Beta Attenuation,Los Angeles-North Main Street,"1630 N MAIN ST, LOS ANGELES",California,Los Angeles,Los Angeles,"Los Angeles-Long Beach-Anaheim, CA",21-05-2024,pm25
6,37,1103,88101,3,34.06659,-118.22688,WGS84,PM2.5 - Local Conditions,24-HR BLK AVG,PM25 24-hour 2012,15-03-2022,Micrograms/cubic meter (LC),,1,100,14.7,14.7,0,61.0,170,Met One BAM-1020 Mass Monitor w/VSCC - Beta Attenuation,Los Angeles-North Main Street,"1630 N MAIN ST, LOS ANGELES",California,Los Angeles,Los Angeles,"Los Angeles-Long Beach-Anaheim, CA",21-05-2024,pm25
6,37,1103,88101,3,34.06659,-118.22688,WGS84,PM2.5 - Local Conditions,24-HR BLK AVG,PM25 24-hour 2012,16-03-2022,Micrograms/cubic meter (LC),,1,100,9.3,9.3,0,51.0,170,Met One BAM-1020 Mass Monitor w/VSCC - Beta Attenuation,Los Angeles-North Main Street,"1630 N MAIN ST, LOS ANGELES",California,Los Angeles,Los Angeles,"Los Angeles-Long Beach-Anaheim, CA",21-05-2024,pm25
6,37,1103,88101,3,34.06659,-118.22688,WGS84,PM2.5 - Local Conditions,24-HR BLK AVG,PM25 24-hour 2012,17-03-2022,Micrograms/cubic meter (LC),,1,100,13.1,13.1,0,58.0,170,Met One BAM-1020 Mass Monitor w/VSCC - Beta Attenuation,Los Angeles-North Main Street,"1630 N MAIN ST, LOS ANGELES",California,Los Angeles,Los Angeles,"Los Angeles-Long Beach-Anaheim, CA",21-05-2024,pm25
6,37,1103,88101,3,34.06659,-118.22688,WGS84,PM2.5 - Local Conditions,24-HR BLK AVG,PM25 24-hour 2012,18-03-2022,Micrograms/cubic meter (LC),,1,100,15.6,15.6,0,63.0,170,Met One BAM-1020 Mass Monitor w/VSCC - Beta Attenuation,Los Angeles-North Main Street,"1630 N MAIN ST, LOS ANGELES",California,Los Angeles,Los Angeles,"Los Angeles-Long Beach-Anaheim, CA",21-05-2024,pm25
6,37,1103,88101,3,34.06659,-118.22688,WGS84,PM2.5 - Local Conditions,24-HR BLK AVG,PM25 24-hour 2012,19-03-2022,Micrograms/cubic meter (LC),,1,100,14.4,14.4,0,61.0,170,Met One BAM-1020 Mass Monitor w/VSCC - Beta Attenuation,Los Angeles-North Main Street,"1630 N MAIN ST, LOS ANGELES",California,Los Angeles,Los Angeles,"Los Angeles-Long Beach-Anaheim, CA",21-05-2024,pm25
6,37,1103,88101,3,34.06659,-118.22688,WGS84,PM2.5 - Local Conditions,24-HR BLK AVG,PM25 24-hour 2012,20-03-2022,Micrograms/cubic meter (LC),,1,100,5.0,5.0,0,28.0,170,Met One BAM-1020 Mass Monitor w/VSCC - Beta Attenuation,Los Angeles-North Main Street,"1630 N MAIN ST, LOS ANGELES",California,Los Angeles,Los Angeles,"Los Angeles-Long Beach-Anaheim, CA",21-05-2024,pm25
6,37,1103,88101,3,34.06659,-118.22688,WGS84,PM2.5 - Local Conditions,24-HR BLK AVG,PM25 24-hour 2012,21-03-2022,Micrograms/cubic meter (LC),,1,100,14.4,14.4,0,61.0,170,Met One BAM-1020 Mass Monitor w/VSCC - Beta Attenuation,Los Angeles-North Main Street,"1630 N MAIN ST, LOS ANGELES",California,Los Angeles,Los Angeles,"Los Angeles-Long Beach-Anaheim, CA",21-05-2024,pm25
6,37,1103,88101,3,34.06659,-118.22688,WGS84,PM2.5 - Local Conditions,24-HR BLK AVG,PM25 24-hour 2012,22-03-2022,Micrograms/cubic meter (LC),,1,100,13.0,13.0,0,58.0,170,Met One BAM-1020 Mass Monitor w/VSCC - Beta Attenuation,Los Angeles-North Main Street,"1630 N MAIN ST, LOS ANGELES",California,Los Angeles,Los Angeles,"Los Angeles-Long Beach-Anaheim, CA",21-05-2024,pm25
6,37,1103,88101,3,34.06659,-118.22688,WGS84,PM2.5 - Local Conditions,24-HR BLK AVG,PM25 24-hour 2012,23-03-2022,Micrograms/cubic meter (LC),,1,100,8.9,8.9,0,49.0,170,Met One BAM-1020 Mass Monitor w/VSCC - Beta Attenuation,Los Angeles-North Main Street,"1630 N MAIN ST, LOS ANGELES",California,Los Angeles,Los Angeles,"Los Angeles-Long Beach-Anaheim, CA",21-05-2024,pm25
6,37,1103,88101,3,34.06659,-118.22688,WGS84,PM2.5 - Local Conditions,24-HR BLK AVG,PM25 24-hour 2012,24-03-2022,Micrograms/cubic meter (LC),,1,100,11.3,11.3,0,55.0,170,Met One BAM-1020 Mass Monitor w/VSCC - Beta Attenuation,Los Angeles-North Main Street,"1630 N MAIN ST, LOS ANGELES",California,Los Angeles,Los Angeles,"Los Angeles-Long Beach-Anaheim, CA",21-05-2024,pm25
6,37,1103,88101,3,34.06659,-118.22688,WGS84,PM2.5 - Local Conditions,24-HR BLK AVG,PM25 24-hour 2012,25-03-2022,Micrograms/cubic meter (LC),,1,100,16.8,16.8,0,65.0,170,Met One BAM-1020 Mass Monitor w/VSCC - Beta Attenuation,Los Angeles-North Main Street,"1630 N MAIN ST, LOS ANGELES",California,Los Angeles,Los Angeles,"Los Angeles-Long Beach-Anaheim, CA",21-05-2024,pm25
6,37,1103,88101,3,34.06659,-118.22688,WGS84,PM2.5 - Local Conditions,24-HR BLK AVG,PM25 24-hour 2012,26-03-2022,Micrograms/cubic meter (LC),,1,100,19.0,19.0,0,69.0,170,Met One BAM-1020 Mass Monitor w/VSCC - Beta Attenuation,Los Angeles-North Main Street,"1630 N MAIN ST, LOS ANGELES",California,Los Angeles,Los Angeles,"Los Angeles-Long Beach-Anaheim, CA",21-05-2024,pm25
6,37,1103,88101,3,34.06659,-118.22688,WGS84,PM2.5 - Local Conditions,24-HR BLK AVG,PM25 24-hour 2012,27-03-2022,Micrograms/cubic meter (LC),,1,100,10.2,10.2,0,53.0,170,Met One BAM-1020 Mass Monitor w/VSCC - Beta Attenuation,Los Angeles-North Main Street,"1630 N MAIN ST, LOS ANGELES",California,Los Angeles,Los Angeles,"Los Angeles-Long Beach-Anaheim, CA",21-05-2024,pm25
6,37,1103,88101,3,34.06659,-118.22688,WGS84,PM2.5 - Local Conditions,24-HR BLK AVG,PM25 24-hour 2012,28-03-2022,Micrograms/cubic meter (LC),,1,100,7.4,7.4,0,41.0,170,Met One BAM-1020 Mass Monitor w/VSCC - Beta Attenuation,Los Angeles-North Main Street,"1630 N MAIN ST, LOS ANGELES",California,Los Angeles,Los Angeles,"Los Angeles-Long Beach-Anaheim, CA",21-05-2024,pm25
6,37,1103,88101,3,34.06659,-118.22688,WGS84,PM2.5 - Local Conditions,24-HR BLK AVG,PM25 24-hour 2012,29-03-2022,Micrograms/cubic meter (LC),,1,100,9.1,9.1,0,51.0,170,Met One BAM-1020 Mass Monitor w/VSCC - Beta Attenuation,Los Angeles-North Main Street,"1630 N MAIN ST, LOS ANGELES",California,Los Angeles,Los Angeles,"Los Angeles-Long Beach-Anaheim, CA",21-05-2024,pm25
6,37,1103,88101,3,34.06659,-118.22688,WGS84,PM2.5 - Local Conditions,24-HR BLK AVG,PM25 24-hour 2012,30-03-2022,Micrograms/cubic meter (LC),,1,100,11.8,11.8,0,56.0,170,Met One BAM-1020 Mass Monitor w/VSCC - Beta Attenuation,Los Angeles-North Main Street,"1630 N MAIN ST, LOS ANGELES",California,Los Angeles,Los Angeles,"Los Angeles-Long Beach-Anaheim, CA",21-05-2024,pm25
6,37,1103,88101,3,34.06659,-118.22688,WGS84,PM2.5 - Local Conditions,24-HR BLK AVG,PM25 24-hour 2012,31-03-2022,Micrograms/cubic meter (LC),,1,100,12.4,12.4,0,57.0,170,Met One BAM-1020 Mass Monitor w/VSCC - Beta Attenuation,Los Angeles-North Main Street,"1630 N MAIN ST, LOS ANGELES",California,Los Angeles,Los Angeles,"Los Angeles-Long Beach-Anaheim, CA",21-05-2024,pm25
6,37,1103,88101,3,34.06659,-118.22688,WGS84,PM2.5 - Local Conditions,24-HR BLK AVG,PM25 24-hour 2012,01-04-2022,Micrograms/cubic meter (LC),,1,100,13.8,13.8,0,60.0,170,Met One BAM-1020 Mass Monitor w/VSCC - Beta Attenuation,Los Angeles-North Main Street,"1630 N MAIN ST, LOS ANGELES",California,Los Angeles,Los Angeles,"Los Angeles-Long Beach-Anaheim, CA",21-05-2024,pm25
6,37,1103,88101,3,34.06659,-118.22688,WGS84,PM2.5 - Local Conditions,24-HR BLK AVG,PM25 24-hour 2012,02-04-2022,Micrograms/cubic meter (LC),,1,100,13.6,13.6,0,59.0,170,Met One BAM-1020 Mass Monitor w/VSCC - Beta Attenuation,Los Angeles-North Main Street,"1630 N MAIN ST, LOS ANGELES",California,Los Angeles,Los Angeles,"Los Angeles-Long Beach-Anaheim, CA",21-05-2024,pm25
6,37,1103,88101,3,34.06659,-118.22688,WGS84,PM2.5 - Local Conditions,24-HR BLK AVG,PM25 24-hour 2012,03-04-2022,Micrograms/cubic meter (LC),,1,100,11.1,11.1,0,55.0,170,Met One BAM-1020 Mass Monitor w/VSCC - Beta Attenuation,Los Angeles-North Main Street,"1630 N MAIN ST, LOS ANGELES",California,Los Angeles,Los Angeles,"Los Angeles-Long Beach-Anaheim, CA",21-05-2024,pm25
6,37,1103,88101,3,34.06659,-118.22688,WGS84,PM2.5 - Local Conditions,24-HR BLK AVG,PM25 24-hour 2012,04-04-2022,Micrograms/cubic meter (LC),,1,100,16.1,16.1,0,64.0,170,Met One BAM-1020 Mass Monitor w/VSCC - Beta Attenuation,Los Angeles-North Main Street,"1630 N MAIN ST, LOS ANGELES",California,Los Angeles,Los Angeles,"Los Angeles-Long Beach-Anaheim, CA",21-05-2024,pm25
6,37,1103,88101,3,34.06659,-118.22688,WGS84,PM2.5 - Local Conditions,24-HR BLK AVG,PM25 24-hour 2012,05-04-2022,Micrograms/cubic meter (LC),,1,100,18.7,18.7,0,69.0,170,Met One BAM-1020 Mass Monitor w/VSCC - Beta Attenuation,Los Angeles-North Main Street,"1630 N MAIN ST, LOS ANGELES",California,Los Angeles,Los Angeles,"Los Angeles-Long Beach-Anaheim, CA",21-05-2024,pm25
6,37,1103,88101,3,34.06659,-118.22688,WGS84,PM2.5 - Local Conditions,24-HR BLK AVG,PM25 24-hour 2012,06-04-2022,Micrograms/cubic meter (LC),,1,100,18.8,18.8,0,69.0,170,Met One BAM-1020 Mass Monitor w/VSCC - Beta Attenuation,Los Angeles-North Main Street,"1630 N MAIN ST, LOS ANGELES",California,Los Angeles,Los Angeles,"Los Angeles-Long Beach-Anaheim, CA",21-05-2024,pm25
6,37,1103,88101,3,34.06659,-118.22688,WGS84,PM2.5 - Local Conditions,24-HR BLK AVG,PM25 24-hour 2012,07-04-2022,Micrograms/cubic meter (LC),,1,100,15.0,15.0,0,62.0,170,Met One BAM-1020 Mass Monitor w/VSCC - Beta Attenuation,Los Angeles-North Main Street,"1630 N MAIN ST, LOS ANGELES",California,Los Angeles,Los Angeles,"Los Angeles-Long Beach-Anaheim, CA",21-05-2024,pm25
6,37,1103,88101,3,34.06659,-118.22688,WGS84,PM2.5 - Local Conditions,24-HR BLK AVG,PM25 24-hour 2012,08-04-2022,Micrograms/cubic meter (LC),,1,100,11.7,11.7,0,56.0,170,Met One BAM-1020 Mass Monitor w/VSCC - Beta Attenuation,Los Angeles-North Main Street,"1630 N MAIN ST, LOS ANGELES",California,Los Angeles,Los Angeles,"Los Angeles-Long Beach-Anaheim, CA",21-05-2024,pm25
6,37,1103,88101,3,34.06659,-118.22688,WGS84,PM2.5 - Local Conditions,24-HR BLK AVG,PM25 24-hour 2012,09-04-2022,Micrograms/cubic meter (LC),,1,100,19.7,19.7,0,71.0,170,Met One BAM-1020 Mass Monitor w/VSCC - Beta Attenuation,Los Angeles-North Main Street,"1630 N MAIN ST, LOS ANGELES",California,Los Angeles,Los Angeles,"Los Angeles-Long Beach-Anaheim, CA",21-05-2024,pm25
6,37,1103,88101,3,34.06659,-118.22688,WGS84,PM2.5 - Local Conditions,24-HR BLK AVG,PM25 24-hour 2012,10-04-2022,Micrograms/cubic meter (LC),,1,100,20.9,20.9,0,73.0,170,Met One BAM-1020 Mass Monitor w/VSCC - Beta Attenuation,Los Angeles-North Main Street,"1630 N MAIN ST, LOS ANGELES",California,Los Angeles,Los Angeles,"Los Angeles-Long Beach-Anaheim, CA",21-05-2024,pm25
6,37,1103,88101,3,34.06659,-118.22688,WGS84,PM2.5 - Local Conditions,24-HR BLK AVG,PM25 24-hour 2012,11-04-2022,Micrograms/cubic meter (LC),,1,100,15.3,15.3,0,63.0,170,Met One BAM-1020 Mass Monitor w/VSCC - Beta Attenuation,Los Angeles-North Main Street,"1630 N MAIN ST, LOS ANGELES",California,Los Angeles,Los Angeles,"Los Angeles-Long Beach-Anaheim, CA",21-05-2024,pm25
6,37,1103,88101,3,34.06659,-118.22688,WGS84,PM2.5 - Local Conditions,24-HR BLK AVG,PM25 24-hour 2012,12-04-2022,Micrograms/cubic meter (LC),,1,100,5.9,5.9,0,33.0,170,Met One BAM-1020 Mass Monitor w/VSCC - Beta Attenuation,Los Angeles-North Main Street,"1630 N MAIN ST, LOS ANGELES",California,Los Angeles,Los Angeles,"Los Angeles-Long Beach-Anaheim, CA",21-05-2024,pm25
6,37,1103,88101,3,34.06659,-118.22688,WGS84,PM2.5 - Local Conditions,24-HR BLK AVG,PM25 24-hour 2012,13-04-2022,Micrograms/cubic meter (LC),,1,100,8.5,8.5,0,47.0,170,Met One BAM-1020 Mass Monitor w/VSCC - Beta Attenuation,Los Angeles-North Main Street,"1630 N MAIN ST, LOS ANGELES",California,Los Angeles,Los Angeles,"Los Angeles-Long Beach-Anaheim, CA",21-05-2024,pm25
6,37,1103,88101,3,34.06659,-118.22688,WGS84,PM2.5 - Local Conditions,24-HR BLK AVG,PM25 24-hour 2012,14-04-2022,Micrograms/cubic meter (LC),,1,100,11.5,11.5,0,55.0,170,Met One BAM-1020 Mass Monitor w/VSCC - Beta Attenuation,Los Angeles-North Main Street,"1630 N MAIN ST, LOS ANGELES",California,Los Angeles,Los Angeles,"Los Angeles-Long Beach-Anaheim, CA",21-05-2024,pm25
6,37,1103,88101,3,34.06659,-118.22688,WGS84,PM2.5 - Local Conditions,24-HR BLK AVG,PM25 24-hour 2012,15-04-2022,Micrograms/cubic meter (LC),,1,100,10.7,10.7,0,54.0,170,Met One BAM-1020 Mass Monitor w/VSCC - Beta Attenuation,Los Angeles-North Main Street,"1630 N MAIN ST, LOS ANGELES",California,Los Angeles,Los Angeles,"Los Angeles-Long Beach-Anaheim, CA",21-05-2024,pm25
6,37,1103,88101,3,34.06659,-118.22688,WGS84,PM2.5 - Local Conditions,24-HR BLK AVG,PM25 24-hour 2012,16-04-2022,Micrograms/cubic meter (LC),,1,100,6.8,6.8,0,38.0,170,Met One BAM-1020 Mass Monitor w/VSCC - Beta Attenuation,Los Angeles-North Main Street,"1630 N MAIN ST, LOS ANGELES",California,Los Angeles,Los Angeles,"Los Angeles-Long Beach-Anaheim, CA",21-05-2024,pm25
6,37,1103,88101,3,34.06659,-118.22688,WGS84,PM2.5 - Local Conditions,24-HR BLK AVG,PM25 24-hour 2012,17-04-2022,Micrograms/cubic meter (LC),,1,100,8.2,8.2,0,46.0,170,Met One BAM-1020 Mass Monitor w/VSCC - Beta Attenuation,Los Angeles-North Main Street,"1630 N MAIN ST, LOS ANGELES",California,Los Angeles,Los Angeles,"Los Angeles-Long Beach-Anaheim, CA",21-05-2024,pm25
6,37,1103,88101,3,34.06659,-118.22688,WGS84,PM2.5 - Local Conditions,24-HR BLK AVG,PM25 24-hour 2012,18-04-2022,Micrograms/cubic meter (LC),,1,100,12.1,12.1,0,57.0,170,Met One BAM-1020 Mass Monitor w/VSCC - Beta Attenuation,Los Angeles-North Main Street,"1630 N MAIN ST, LOS ANGELES",California,Los Angeles,Los Angeles,"Los Angeles-Long Beach-Anaheim, CA",21-05-2024,pm25
6,37,1103,88101,3,34.06659,-118.22688,WGS84,PM2.5 - Local Conditions,24-HR BLK AVG,PM25 24-hour 2012,19-04-2022,Micrograms/cubic meter (LC),,1,100,10.1,10.1,0,53.0,170,Met One BAM-1020 Mass Monitor w/VSCC - Beta Attenuation,Los Angeles-North Main Street,"1630 N MAIN ST, LOS ANGELES",California,Los Angeles,Los Angeles,"Los Angeles-Long Beach-Anaheim, CA",21-05-2024,pm25
6,37,1103,88101,3,34.06659,-118.22688,WGS84,PM2.5 - Local Conditions,24-HR BLK AVG,PM25 24-hour 2012,20-04-2022,Micrograms/cubic meter (LC),,1,100,8.5,8.5,0,47.0,170,Met One BAM-1020 Mass Monitor w/VSCC - Beta Attenuation,Los Angeles-North Main Street,"1630 N MAIN ST, LOS ANGELES",California,Los Angeles,Los Angeles,"Los Angeles-Long Beach-Anaheim, CA",21-05-2024,pm25
6,37,1103,88101,3,34.06659,-118.22688,WGS84,PM2.5 - Local Conditions,24-HR BLK AVG,PM25 24-hour 2012,21-04-2022,Micrograms/cubic meter (LC),,1,100,5.8,5.8,0,32.0,170,Met One BAM-1020 Mass Monitor w/VSCC - Beta Attenuation,Los Angeles-North Main Street,"1630 N MAIN ST, LOS ANGELES",California,Los Angeles,Los Angeles,"Los Angeles-Long Beach-Anaheim, CA",21-05-2024,pm25
6,37,1103,88101,3,34.06659,-118.22688,WGS84,PM2.5 - Local Conditions,24-HR BLK AVG,PM25 24-hour 2012,22-04-2022,Micrograms/cubic meter (LC),,1,100,7.6,7.6,0,42.0,170,Met One BAM-1020 Mass Monitor w/VSCC - Beta Attenuation,Los Angeles-North Main Street,"1630 N MAIN ST, LOS ANGELES",California,Los Angeles,Los Angeles,"Los Angeles-Long Beach-Anaheim, CA",21-05-2024,pm25
6,37,1103,88101,3,34.06659,-118.22688,WGS84,PM2.5 - Local Conditions,24-HR BLK AVG,PM25 24-hour 2012,23-04-2022,Micrograms/cubic meter (LC),,1,100,11.1,11.1,0,55.0,170,Met One BAM-1020 Mass Monitor w/VSCC - Beta Attenuation,Los Angeles-North Main Street,"1630 N MAIN ST, LOS ANGELES",California,Los Angeles,Los Angeles,"Los Angeles-Long Beach-Anaheim, CA",21-05-2024,pm25
6,37,1103,88101,3,34.06659,-118.22688,WGS84,PM2.5 - Local Conditions,24-HR BLK AVG,PM25 24-hour 2012,24-04-2022,Micrograms/cubic meter (LC),,1,100,7.9,7.9,0,44.0,170,Met One BAM-1020 Mass Monitor w/VSCC - Beta Attenuation,Los Angeles-North Main Street,"1630 N MAIN ST, LOS ANGELES",California,Los Angeles,Los Angeles,"Los Angeles-Long Beach-Anaheim, CA",21-05-2024,pm25
6,37,1103,88101,3,34.06659,-118.22688,WGS84,PM2.5 - Local Conditions,24-HR BLK AVG,PM25 24-hour 2012,25-04-2022,Micrograms/cubic meter (LC),,1,100,8.8,8.8,0,49.0,170,Met One BAM-1020 Mass Monitor w/VSCC - Beta Attenuation,Los Angeles-North Main Street,"1630 N MAIN ST, LOS ANGELES",California,Los Angeles,Los Angeles,"Los Angeles-Long Beach-Anaheim, CA",21-05-2024,pm25
6,37,1103,88101,3,34.06659,-118.22688,WGS84,PM2.5 - Local Conditions,24-HR BLK AVG,PM25 24-hour 2012,26-04-2022,Micrograms/cubic meter (LC),,1,100,16.2,16.2,0,64.0,170,Met One BAM-1020 Mass Monitor w/VSCC - Beta Attenuation,Los Angeles-North Main Street,"1630 N MAIN ST, LOS ANGELES",California,Los Angeles,Los Angeles,"Los Angeles-Long Beach-Anaheim, CA",21-05-2024,pm25
6,37,1103,88101,3,34.06659,-118.22688,WGS84,PM2.5 - Local Conditions,24-HR BLK AVG,PM25 24-hour 2012,27-04-2022,Micrograms/cubic meter (LC),,1,100,19.0,19.0,0,69.0,170,Met One BAM-1020 Mass Monitor w/VSCC - Beta Attenuation,Los Angeles-North Main Street,"1630 N MAIN ST, LOS ANGELES",California,Los Angeles,Los Angeles,"Los Angeles-Long Beach-Anaheim, CA",21-05-2024,pm25
6,37,1103,88101,3,34.06659,-118.22688,WGS84,PM2.5 - Local Conditions,24-HR BLK AVG,PM25 24-hour 2012,28-04-2022,Micrograms/cubic meter (LC),,1,100,15.7,15.7,0,63.0,170,Met One BAM-1020 Mass Monitor w/VSCC - Beta Attenuation,Los Angeles-North Main Street,"1630 N MAIN ST, LOS ANGELES",California,Los Angeles,Los Angeles,"Los Angeles-Long Beach-Anaheim, CA",21-05-2024,pm25
6,37,1103,88101,3,34.06659,-118.22688,WGS84,PM2.5 - Local Conditions,24-HR BLK AVG,PM25 24-hour 2012,29-04-2022,Micrograms/cubic meter (LC),,1,100,17.0,17.0,0,66.0,170,Met One BAM-1020 Mass Monitor w/VSCC - Beta Attenuation,Los Angeles-North Main Street,"1630 N MAIN ST, LOS ANGELES",California,Los Angeles,Los Angeles,"Los Angeles-Long Beach-Anaheim, CA",21-05-2024,pm25
6,37,1103,88101,3,34.06659,-118.22688,WGS84,PM2.5 - Local Conditions,24-HR BLK AVG,PM25 24-hour 2012,30-04-2022,Micrograms/cubic meter (LC),,1,100,17.7,17.7,0,67.0,170,Met One BAM-1020 Mass Monitor w/VSCC - Beta Attenuation,Los Angeles-North Main Street,"1630 N MAIN ST, LOS ANGELES",California,Los Angeles,Los Angeles,"Los Angeles-Long Beach-Anaheim, CA",21-05-2024,pm25
6,37,1103,88101,3,34.06659,-118.22688,WGS84,PM2.5 - Local Conditions,24-HR BLK AVG,PM25 24-hour 2012,01-05-2022,Micrograms/cubic meter (LC),,1,100,17.3,17.3,0,66.0,170,Met One BAM-1020 Mass Monitor w/VSCC - Beta Attenuation,Los Angeles-North Main Street,"1630 N MAIN ST, LOS ANGELES",California,Los Angeles,Los Angeles,"Los Angeles-Long Beach-Anaheim, CA",21-05-2024,pm25
6,37,1103,88101,3,34.06659,-118.22688,WGS84,PM2.5 - Local Conditions,24-HR BLK AVG,PM25 24-hour 2012,02-05-2022,Micrograms/cubic meter (LC),,1,100,14.2,14.2,0,61.0,170,Met One BAM-1020 Mass Monitor w/VSCC - Beta Attenuation,Los Angeles-North Main Street,"1630 N MAIN ST, LOS ANGELES",California,Los Angeles,Los Angeles,"Los Angeles-Long Beach-Anaheim, CA",21-05-2024,pm25
6,37,1103,88101,3,34.06659,-118.22688,WGS84,PM2.5 - Local Conditions,24-HR BLK AVG,PM25 24-hour 2012,03-05-2022,Micrograms/cubic meter (LC),,1,100,15.2,15.2,0,62.0,170,Met One BAM-1020 Mass Monitor w/VSCC - Beta Attenuation,Los Angeles-North Main Street,"1630 N MAIN ST, LOS ANGELES",California,Los Angeles,Los Angeles,"Los Angeles-Long Beach-Anaheim, CA",21-05-2024,pm25
6,37,1103,88101,3,34.06659,-118.22688,WGS84,PM2.5 - Local Conditions,24-HR BLK AVG,PM25 24-hour 2012,04-05-2022,Micrograms/cubic meter (LC),,1,100,17.8,17.8,0,67.0,170,Met One BAM-1020 Mass Monitor w/VSCC - Beta Attenuation,Los Angeles-North Main Street,"1630 N MAIN ST, LOS ANGELES",California,Los Angeles,Los Angeles,"Los Angeles-Long Beach-Anaheim, CA",21-05-2024,pm25
6,37,1103,88101,3,34.06659,-118.22688,WGS84,PM2.5 - Local Conditions,24-HR BLK AVG,PM25 24-hour 2012,05-05-2022,Micrograms/cubic meter (LC),,1,100,19.9,19.9,0,71.0,170,Met One BAM-1020 Mass Monitor w/VSCC - Beta Attenuation,Los Angeles-North Main Street,"1630 N MAIN ST, LOS ANGELES",California,Los Angeles,Los Angeles,"Los Angeles-Long Beach-Anaheim, CA",21-05-2024,pm25
6,37,1103,88101,3,34.06659,-118.22688,WGS84,PM2.5 - Local Conditions,24-HR BLK AVG,PM25 24-hour 2012,06-05-2022,Micrograms/cubic meter (LC),,1,100,17.3,17.3,0,66.0,170,Met One BAM-1020 Mass Monitor w/VSCC - Beta Attenuation,Los Angeles-North Main Street,"1630 N MAIN ST, LOS ANGELES",California,Los Angeles,Los Angeles,"Los Angeles-Long Beach-Anaheim, CA",21-05-2024,pm25
6,37,1103,88101,3,34.06659,-118.22688,WGS84,PM2.5 - Local Conditions,24-HR BLK AVG,PM25 24-hour 2012,07-05-2022,Micrograms/cubic meter (LC),,1,100,13.2,13.2,0,59.0,170,Met One BAM-1020 Mass Monitor w/VSCC - Beta Attenuation,Los Angeles-North Main Street,"1630 N MAIN ST, LOS ANGELES",California,Los Angeles,Los Angeles,"Los Angeles-Long Beach-Anaheim, CA",21-05-2024,pm25
6,37,1103,88101,3,34.06659,-118.22688,WGS84,PM2.5 - Local Conditions,24-HR BLK AVG,PM25 24-hour 2012,08-05-2022,Micrograms/cubic meter (LC),,1,100,12.0,12.0,0,56.0,170,Met One BAM-1020 Mass Monitor w/VSCC - Beta Attenuation,Los Angeles-North Main Street,"1630 N MAIN ST, LOS ANGELES",California,Los Angeles,Los Angeles,"Los Angeles-Long Beach-Anaheim, CA",21-05-2024,pm25
6,37,1103,88101,3,34.06659,-118.22688,WGS84,PM2.5 - Local Conditions,24-HR BLK AVG,PM25 24-hour 2012,09-05-2022,Micrograms/cubic meter (LC),,1,100,11.1,11.1,0,55.0,170,Met One BAM-1020 Mass Monitor w/VSCC - Beta Attenuation,Los Angeles-North Main Street,"1630 N MAIN ST, LOS ANGELES",California,Los Angeles,Los Angeles,"Los Angeles-Long Beach-Anaheim, CA",21-05-2024,pm25
6,37,1103,88101,3,34.06659,-118.22688,WGS84,PM2.5 - Local Conditions,24-HR BLK AVG,PM25 24-hour 2012,10-05-2022,Micrograms/cubic meter (LC),,1,100,9.9,9.9,0,52.0,170,Met One BAM-1020 Mass Monitor w/VSCC - Beta Attenuation,Los Angeles-North Main Street,"1630 N MAIN ST, LOS ANGELES",California,Los Angeles,Los Angeles,"Los Angeles-Long Beach-Anaheim, CA",21-05-2024,pm25
6,37,1103,88101,3,34.06659,-118.22688,WGS84,PM2.5 - Local Conditions,24-HR BLK AVG,PM25 24-hour 2012,11-05-2022,Micrograms/cubic meter (LC),,1,100,6.8,6.8,0,38.0,170,Met One BAM-1020 Mass Monitor w/VSCC - Beta Attenuation,Los Angeles-North Main Street,"1630 N MAIN ST, LOS ANGELES",California,Los Angeles,Los Angeles,"Los Angeles-Long Beach-Anaheim, CA",21-05-2024,pm25
6,37,1103,88101,3,34.06659,-118.22688,WGS84,PM2.5 - Local Conditions,24-HR BLK AVG,PM25 24-hour 2012,12-05-2022,Micrograms/cubic meter (LC),,1,100,9.2,9.2,0,51.0,170,Met One BAM-1020 Mass Monitor w/VSCC - Beta Attenuation,Los Angeles-North Main Street,"1630 N MAIN ST, LOS ANGELES",California,Los Angeles,Los Angeles,"Los Angeles-Long Beach-Anaheim, CA",21-05-2024,pm25
6,37,1103,88101,3,34.06659,-118.22688,WGS84,PM2.5 - Local Conditions,24-HR BLK AVG,PM25 24-hour 2012,13-05-2022,Micrograms/cubic meter (LC),,1,100,10.9,10.9,0,54.0,170,Met One BAM-1020 Mass Monitor w/VSCC - Beta Attenuation,Los Angeles-North Main Street,"1630 N MAIN ST, LOS ANGELES",California,Los Angeles,Los Angeles,"Los Angeles-Long Beach-Anaheim, CA",21-05-2024,pm25
6,37,1103,88101,3,34.06659,-118.22688,WGS84,PM2.5 - Local Conditions,24-HR BLK AVG,PM25 24-hour 2012,14-05-2022,Micrograms/cubic meter (LC),,1,100,14.2,14.2,0,61.0,170,Met One BAM-1020 Mass Monitor w/VSCC - Beta Attenuation,Los Angeles-North Main Street,"1630 N MAIN ST, LOS ANGELES",California,Los Angeles,Los Angeles,"Los Angeles-Long Beach-Anaheim, CA",21-05-2024,pm25
6,37,1103,88101,3,34.06659,-118.22688,WGS84,PM2.5 - Local Conditions,24-HR BLK AVG,PM25 24-hour 2012,15-05-2022,Micrograms/cubic meter (LC),,1,100,20.1,20.1,0,71.0,170,Met One BAM-1020 Mass Monitor w/VSCC - Beta Attenuation,Los Angeles-North Main Street,"1630 N MAIN ST, LOS ANGELES",California,Los Angeles,Los Angeles,"Los Angeles-Long Beach-Anaheim, CA",21-05-2024,pm25
6,37,1103,88101,3,34.06659,-118.22688,WGS84,PM2.5 - Local Conditions,24-HR BLK AVG,PM25 24-hour 2012,16-05-2022,Micrograms/cubic meter (LC),,1,100,16.5,16.5,0,65.0,170,Met One BAM-1020 Mass Monitor w/VSCC - Beta Attenuation,Los Angeles-North Main Street,"1630 N MAIN ST, LOS ANGELES",California,Los Angeles,Los Angeles,"Los Angeles-Long Beach-Anaheim, CA",21-05-2024,pm25
6,37,1103,88101,3,34.06659,-118.22688,WGS84,PM2.5 - Local Conditions,24-HR BLK AVG,PM25 24-hour 2012,17-05-2022,Micrograms/cubic meter (LC),,1,100,14.3,14.3,0,61.0,170,Met One BAM-1020 Mass Monitor w/VSCC - Beta Attenuation,Los Angeles-North Main Street,"1630 N MAIN ST, LOS ANGELES",California,Los Angeles,Los Angeles,"Los Angeles-Long Beach-Anaheim, CA",21-05-2024,pm25
6,37,1103,88101,3,34.06659,-118.22688,WGS84,PM2.5 - Local Conditions,24-HR BLK AVG,PM25 24-hour 2012,18-05-2022,Micrograms/cubic meter (LC),,1,100,16.8,16.8,0,65.0,170,Met One BAM-1020 Mass Monitor w/VSCC - Beta Attenuation,Los Angeles-North Main Street,"1630 N MAIN ST, LOS ANGELES",California,Los Angeles,Los Angeles,"Los Angeles-Long Beach-Anaheim, CA",21-05-2024,pm25
6,37,1103,88101,3,34.06659,-118.22688,WGS84,PM2.5 - Local Conditions,24-HR BLK AVG,PM25 24-hour 2012,19-05-2022,Micrograms/cubic meter (LC),,1,100,18.0,18.0,0,68.0,170,Met One BAM-1020 Mass Monitor w/VSCC - Beta Attenuation,Los Angeles-North Main Street,"1630 N MAIN ST, LOS ANGELES",California,Los Angeles,Los Angeles,"Los Angeles-Long Beach-Anaheim, CA",21-05-2024,pm25
6,37,1103,88101,3,34.06659,-118.22688,WGS84,PM2.5 - Local Conditions,24-HR BLK AVG,PM25 24-hour 2012,20-05-2022,Micrograms/cubic meter (LC),,1,100,7.7,7.7,0,43.0,170,Met One BAM-1020 Mass Monitor w/VSCC - Beta Attenuation,Los Angeles-North Main Street,"1630 N MAIN ST, LOS ANGELES",California,Los Angeles,Los Angeles,"Los Angeles-Long Beach-Anaheim, CA",21-05-2024,pm25
6,37,1103,88101,3,34.06659,-118.22688,WGS84,PM2.5 - Local Conditions,24-HR BLK AVG,PM25 24-hour 2012,21-05-2022,Micrograms/cubic meter (LC),,1,100,7.8,7.8,0,43.0,170,Met One BAM-1020 Mass Monitor w/VSCC - Beta Attenuation,Los Angeles-North Main Street,"1630 N MAIN ST, LOS ANGELES",California,Los Angeles,Los Angeles,"Los Angeles-Long Beach-Anaheim, CA",21-05-2024,pm25
6,37,1103,88101,3,34.06659,-118.22688,WGS84,PM2.5 - Local Conditions,24-HR BLK AVG,PM25 24-hour 2012,22-05-2022,Micrograms/cubic meter (LC),,1,100,12.6,12.6,0,58.0,170,Met One BAM-1020 Mass Monitor w/VSCC - Beta Attenuation,Los Angeles-North Main Street,"1630 N MAIN ST, LOS ANGELES",California,Los Angeles,Los Angeles,"Los Angeles-Long Beach-Anaheim, CA",21-05-2024,pm25
6,37,1103,88101,3,34.06659,-118.22688,WGS84,PM2.5 - Local Conditions,24-HR BLK AVG,PM25 24-hour 2012,23-05-2022,Micrograms/cubic meter (LC),,1,100,16.9,16.9,0,66.0,170,Met One BAM-1020 Mass Monitor w/VSCC - Beta Attenuation,Los Angeles-North Main Street,"1630 N MAIN ST, LOS ANGELES",California,Los Angeles,Los Angeles,"Los Angeles-Long Beach-Anaheim, CA",21-05-2024,pm25
6,37,1103,88101,3,34.06659,-118.22688,WGS84,PM2.5 - Local Conditions,24-HR BLK AVG,PM25 24-hour 2012,24-05-2022,Micrograms/cubic meter (LC),,1,100,21.8,21.8,0,75.0,170,Met One BAM-1020 Mass Monitor w/VSCC - Beta Attenuation,Los Angeles-North Main Street,"1630 N MAIN ST, LOS ANGELES",California,Los Angeles,Los Angeles,"Los Angeles-Long Beach-Anaheim, CA",21-05-2024,pm25
6,37,1103,88101,3,34.06659,-118.22688,WGS84,PM2.5 - Local Conditions,24-HR BLK AVG,PM25 24-hour 2012,25-05-2022,Micrograms/cubic meter (LC),,1,100,23.4,23.4,0,78.0,170,Met One BAM-1020 Mass Monitor w/VSCC - Beta Attenuation,Los Angeles-North Main Street,"1630 N MAIN ST, LOS ANGELES",California,Los Angeles,Los Angeles,"Los Angeles-Long Beach-Anaheim, CA",21-05-2024,pm25
6,37,1103,88101,3,34.06659,-118.22688,WGS84,PM2.5 - Local Conditions,24-HR BLK AVG,PM25 24-hour 2012,26-05-2022,Micrograms/cubic meter (LC),,1,100,16.6,16.6,0,65.0,170,Met One BAM-1020 Mass Monitor w/VSCC - Beta Attenuation,Los Angeles-North Main Street,"1630 N MAIN ST, LOS ANGELES",California,Los Angeles,Los Angeles,"Los Angeles-Long Beach-Anaheim, CA",21-05-2024,pm25
6,37,1103,88101,3,34.06659,-118.22688,WGS84,PM2.5 - Local Conditions,24-HR BLK AVG,PM25 24-hour 2012,27-05-2022,Micrograms/cubic meter (LC),,1,100,10.1,10.1,0,53.0,170,Met One BAM-1020 Mass Monitor w/VSCC - Beta Attenuation,Los Angeles-North Main Street,"1630 N MAIN ST, LOS ANGELES",California,Los Angeles,Los Angeles,"Los Angeles-Long Beach-Anaheim, CA",21-05-2024,pm25
6,37,1103,88101,3,34.06659,-118.22688,WGS84,PM2.5 - Local Conditions,24-HR BLK AVG,PM25 24-hour 2012,28-05-2022,Micrograms/cubic meter (LC),,1,100,8.4,8.4,0,47.0,170,Met One BAM-1020 Mass Monitor w/VSCC - Beta Attenuation,Los Angeles-North Main Street,"1630 N MAIN ST, LOS ANGELES",California,Los Angeles,Los Angeles,"Los Angeles-Long Beach-Anaheim, CA",21-05-2024,pm25
6,37,1103,88101,3,34.06659,-118.22688,WGS84,PM2.5 - Local Conditions,24-HR BLK AVG,PM25 24-hour 2012,29-05-2022,Micrograms/cubic meter (LC),,1,100,8.4,8.4,0,47.0,170,Met One BAM-1020 Mass Monitor w/VSCC - Beta Attenuation,Los Angeles-North Main Street,"1630 N MAIN ST, LOS ANGELES",California,Los Angeles,Los Angeles,"Los Angeles-Long Beach-Anaheim, CA",21-05-2024,pm25
6,37,1103,88101,3,34.06659,-118.22688,WGS84,PM2.5 - Local Conditions,24-HR BLK AVG,PM25 24-hour 2012,30-05-2022,Micrograms/cubic meter (LC),,1,100,13.5,13.5,0,59.0,170,Met One BAM-1020 Mass Monitor w/VSCC - Beta Attenuation,Los Angeles-North Main Street,"1630 N MAIN ST, LOS ANGELES",California,Los Angeles,Los Angeles,"Los Angeles-Long Beach-Anaheim, CA",21-05-2024,pm25
6,37,1103,88101,3,34.06659,-118.22688,WGS84,PM2.5 - Local Conditions,24-HR BLK AVG,PM25 24-hour 2012,31-05-2022,Micrograms/cubic meter (LC),,1,100,17.5,17.5,0,67.0,170,Met One BAM-1020 Mass Monitor w/VSCC - Beta Attenuation,Los Angeles-North Main Street,"1630 N MAIN ST, LOS ANGELES",California,Los Angeles,Los Angeles,"Los Angeles-Long Beach-Anaheim, CA",21-05-2024,pm25
6,37,1103,88101,3,34.06659,-118.22688,WGS84,PM2.5 - Local Conditions,24-HR BLK AVG,PM25 24-hour 2012,01-06-2022,Micrograms/cubic meter (LC),,1,100,19.0,19.0,0,69.0,170,Met One BAM-1020 Mass Monitor w/VSCC - Beta Attenuation,Los Angeles-North Main Street,"1630 N MAIN ST, LOS ANGELES",California,Los Angeles,Los Angeles,"Los Angeles-Long Beach-Anaheim, CA",21-05-2024,pm25
6,37,1103,88101,3,34.06659,-118.22688,WGS84,PM2.5 - Local Conditions,24-HR BLK AVG,PM25 24-hour 2012,02-06-2022,Micrograms/cubic meter (LC),,1,100,19.3,19.3,0,70.0,170,Met One BAM-1020 Mass Monitor w/VSCC - Beta Attenuation,Los Angeles-North Main Street,"1630 N MAIN ST, LOS ANGELES",California,Los Angeles,Los Angeles,"Los Angeles-Long Beach-Anaheim, CA",21-05-2024,pm25
6,37,1103,88101,3,34.06659,-118.22688,WGS84,PM2.5 - Local Conditions,24-HR BLK AVG,PM25 24-hour 2012,03-06-2022,Micrograms/cubic meter (LC),,1,100,15.4,15.4,0,63.0,170,Met One BAM-1020 Mass Monitor w/VSCC - Beta Attenuation,Los Angeles-North Main Street,"1630 N MAIN ST, LOS ANGELES",California,Los Angeles,Los Angeles,"Los Angeles-Long Beach-Anaheim, CA",21-05-2024,pm25
6,37,1103,88101,3,34.06659,-118.22688,WGS84,PM2.5 - Local Conditions,24-HR BLK AVG,PM25 24-hour 2012,04-06-2022,Micrograms/cubic meter (LC),,1,100,10.6,10.6,0,54.0,170,Met One BAM-1020 Mass Monitor w/VSCC - Beta Attenuation,Los Angeles-North Main Street,"1630 N MAIN ST, LOS ANGELES",California,Los Angeles,Los Angeles,"Los Angeles-Long Beach-Anaheim, CA",21-05-2024,pm25
6,37,1103,88101,3,34.06659,-118.22688,WGS84,PM2.5 - Local Conditions,24-HR BLK AVG,PM25 24-hour 2012,05-06-2022,Micrograms/cubic meter (LC),,1,100,8.7,8.7,0,48.0,170,Met One BAM-1020 Mass Monitor w/VSCC - Beta Attenuation,Los Angeles-North Main Street,"1630 N MAIN ST, LOS ANGELES",California,Los Angeles,Los Angeles,"Los Angeles-Long Beach-Anaheim, CA",21-05-2024,pm25
6,37,1103,88101,3,34.06659,-118.22688,WGS84,PM2.5 - Local Conditions,24-HR BLK AVG,PM25 24-hour 2012,06-06-2022,Micrograms/cubic meter (LC),,1,100,8.8,8.8,0,49.0,170,Met One BAM-1020 Mass Monitor w/VSCC - Beta Attenuation,Los Angeles-North Main Street,"1630 N MAIN ST, LOS ANGELES",California,Los Angeles,Los Angeles,"Los Angeles-Long Beach-Anaheim, CA",21-05-2024,pm25
6,37,1103,88101,3,34.06659,-118.22688,WGS84,PM2.5 - Local Conditions,24-HR BLK AVG,PM25 24-hour 2012,07-06-2022,Micrograms/cubic meter (LC),,1,100,14.2,14.2,0,61.0,170,Met One BAM-1020 Mass Monitor w/VSCC - Beta Attenuation,Los Angeles-North Main Street,"1630 N MAIN ST, LOS ANGELES",California,Los Angeles,Los Angeles,"Los Angeles-Long Beach-Anaheim, CA",21-05-2024,pm25
6,37,1103,88101,3,34.06659,-118.22688,WGS84,PM2.5 - Local Conditions,24-HR BLK AVG,PM25 24-hour 2012,08-06-2022,Micrograms/cubic meter (LC),,1,100,15.8,15.8,0,63.0,170,Met One BAM-1020 Mass Monitor w/VSCC - Beta Attenuation,Los Angeles-North Main Street,"1630 N MAIN ST, LOS ANGELES",California,Los Angeles,Los Angeles,"Los Angeles-Long Beach-Anaheim, CA",21-05-2024,pm25
6,37,1103,88101,3,34.06659,-118.22688,WGS84,PM2.5 - Local Conditions,24-HR BLK AVG,PM25 24-hour 2012,09-06-2022,Micrograms/cubic meter (LC),,1,100,18.8,18.8,0,69.0,170,Met One BAM-1020 Mass Monitor w/VSCC - Beta Attenuation,Los Angeles-North Main Street,"1630 N MAIN ST, LOS ANGELES",California,Los Angeles,Los Angeles,"Los Angeles-Long Beach-Anaheim, CA",21-05-2024,pm25
6,37,1103,88101,3,34.06659,-118.22688,WGS84,PM2.5 - Local Conditions,24-HR BLK AVG,PM25 24-hour 2012,10-06-2022,Micrograms/cubic meter (LC),,1,100,20.3,20.3,0,72.0,170,Met One BAM-1020 Mass Monitor w/VSCC - Beta Attenuation,Los Angeles-North Main Street,"1630 N MAIN ST, LOS ANGELES",California,Los Angeles,Los Angeles,"Los Angeles-Long Beach-Anaheim, CA",21-05-2024,pm25
6,37,1103,88101,3,34.06659,-118.22688,WGS84,PM2.5 - Local Conditions,24-HR BLK AVG,PM25 24-hour 2012,11-06-2022,Micrograms/cubic meter (LC),,1,100,14.8,14.8,0,62.0,170,Met One BAM-1020 Mass Monitor w/VSCC - Beta Attenuation,Los Angeles-North Main Street,"1630 N MAIN ST, LOS ANGELES",California,Los Angeles,Los Angeles,"Los Angeles-Long Beach-Anaheim, CA",21-05-2024,pm25
6,37,1103,88101,3,34.06659,-118.22688,WGS84,PM2.5 - Local Conditions,24-HR BLK AVG,PM25 24-hour 2012,12-06-2022,Micrograms/cubic meter (LC),,1,100,16.1,16.1,0,64.0,170,Met One BAM-1020 Mass Monitor w/VSCC - Beta Attenuation,Los Angeles-North Main Street,"1630 N MAIN ST, LOS ANGELES",California,Los Angeles,Los Angeles,"Los Angeles-Long Beach-Anaheim, CA",21-05-2024,pm25
6,37,1103,88101,3,34.06659,-118.22688,WGS84,PM2.5 - Local Conditions,24-HR BLK AVG,PM25 24-hour 2012,13-06-2022,Micrograms/cubic meter (LC),,1,100,9.9,9.9,0,52.0,170,Met One BAM-1020 Mass Monitor w/VSCC - Beta Attenuation,Los Angeles-North Main Street,"1630 N MAIN ST, LOS ANGELES",California,Los Angeles,Los Angeles,"Los Angeles-Long Beach-Anaheim, CA",21-05-2024,pm25
6,37,1103,88101,3,34.06659,-118.22688,WGS84,PM2.5 - Local Conditions,24-HR BLK AVG,PM25 24-hour 2012,14-06-2022,Micrograms/cubic meter (LC),,1,100,14.1,14.1,0,60.0,170,Met One BAM-1020 Mass Monitor w/VSCC - Beta Attenuation,Los Angeles-North Main Street,"1630 N MAIN ST, LOS ANGELES",California,Los Angeles,Los Angeles,"Los Angeles-Long Beach-Anaheim, CA",21-05-2024,pm25
6,37,1103,88101,3,34.06659,-118.22688,WGS84,PM2.5 - Local Conditions,24-HR BLK AVG,PM25 24-hour 2012,15-06-2022,Micrograms/cubic meter (LC),,1,100,17.8,17.8,0,67.0,170,Met One BAM-1020 Mass Monitor w/VSCC - Beta Attenuation,Los Angeles-North Main Street,"1630 N MAIN ST, LOS ANGELES",California,Los Angeles,Los Angeles,"Los Angeles-Long Beach-Anaheim, CA",21-05-2024,pm25
6,37,1103,88101,3,34.06659,-118.22688,WGS84,PM2.5 - Local Conditions,24-HR BLK AVG,PM25 24-hour 2012,16-06-2022,Micrograms/cubic meter (LC),,1,100,21.3,21.3,0,74.0,170,Met One BAM-1020 Mass Monitor w/VSCC - Beta Attenuation,Los Angeles-North Main Street,"1630 N MAIN ST, LOS ANGELES",California,Los Angeles,Los Angeles,"Los Angeles-Long Beach-Anaheim, CA",21-05-2024,pm25
6,37,1103,88101,3,34.06659,-118.22688,WGS84,PM2.5 - Local Conditions,24-HR BLK AVG,PM25 24-hour 2012,17-06-2022,Micrograms/cubic meter (LC),,1,100,14.6,14.6,0,61.0,170,Met One BAM-1020 Mass Monitor w/VSCC - Beta Attenuation,Los Angeles-North Main Street,"1630 N MAIN ST, LOS ANGELES",California,Los Angeles,Los Angeles,"Los Angeles-Long Beach-Anaheim, CA",21-05-2024,pm25
6,37,1103,88101,3,34.06659,-118.22688,WGS84,PM2.5 - Local Conditions,24-HR BLK AVG,PM25 24-hour 2012,18-06-2022,Micrograms/cubic meter (LC),,1,100,11.5,11.5,0,55.0,170,Met One BAM-1020 Mass Monitor w/VSCC - Beta Attenuation,Los Angeles-North Main Street,"1630 N MAIN ST, LOS ANGELES",California,Los Angeles,Los Angeles,"Los Angeles-Long Beach-Anaheim, CA",21-05-2024,pm25
6,37,1103,88101,3,34.06659,-118.22688,WGS84,PM2.5 - Local Conditions,24-HR BLK AVG,PM25 24-hour 2012,19-06-2022,Micrograms/cubic meter (LC),,1,100,12.4,12.4,0,57.0,170,Met One BAM-1020 Mass Monitor w/VSCC - Beta Attenuation,Los Angeles-North Main Street,"1630 N MAIN ST, LOS ANGELES",California,Los Angeles,Los Angeles,"Los Angeles-Long Beach-Anaheim, CA",21-05-2024,pm25
6,37,1103,88101,3,34.06659,-118.22688,WGS84,PM2.5 - Local Conditions,24-HR BLK AVG,PM25 24-hour 2012,20-06-2022,Micrograms/cubic meter (LC),,1,100,15.2,15.2,0,62.0,170,Met One BAM-1020 Mass Monitor w/VSCC - Beta Attenuation,Los Angeles-North Main Street,"1630 N MAIN ST, LOS ANGELES",California,Los Angeles,Los Angeles,"Los Angeles-Long Beach-Anaheim, CA",21-05-2024,pm25
6,37,1103,88101,3,34.06659,-118.22688,WGS84,PM2.5 - Local Conditions,24-HR BLK AVG,PM25 24-hour 2012,21-06-2022,Micrograms/cubic meter (LC),,1,100,20.5,20.5,0,72.0,170,Met One BAM-1020 Mass Monitor w/VSCC - Beta Attenuation,Los Angeles-North Main Street,"1630 N MAIN ST, LOS ANGELES",California,Los Angeles,Los Angeles,"Los Angeles-Long Beach-Anaheim, CA",21-05-2024,pm25
6,37,1103,88101,3,34.06659,-118.22688,WGS84,PM2.5 - Local Conditions,24-HR BLK AVG,PM25 24-hour 2012,22-06-2022,Micrograms/cubic meter (LC),,1,100,18.4,18.4,0,68.0,170,Met One BAM-1020 Mass Monitor w/VSCC - Beta Attenuation,Los Angeles-North Main Street,"1630 N MAIN ST, LOS ANGELES",California,Los Angeles,Los Angeles,"Los Angeles-Long Beach-Anaheim, CA",21-05-2024,pm25
6,37,1103,88101,3,34.06659,-118.22688,WGS84,PM2.5 - Local Conditions,24-HR BLK AVG,PM25 24-hour 2012,23-06-2022,Micrograms/cubic meter (LC),,1,100,15.6,15.6,0,63.0,170,Met One BAM-1020 Mass Monitor w/VSCC - Beta Attenuation,Los Angeles-North Main Street,"1630 N MAIN ST, LOS ANGELES",California,Los Angeles,Los Angeles,"Los Angeles-Long Beach-Anaheim, CA",21-05-2024,pm25
6,37,1103,88101,3,34.06659,-118.22688,WGS84,PM2.5 - Local Conditions,24-HR BLK AVG,PM25 24-hour 2012,24-06-2022,Micrograms/cubic meter (LC),,1,100,15.8,15.8,0,63.0,170,Met One BAM-1020 Mass Monitor w/VSCC - Beta Attenuation,Los Angeles-North Main Street,"1630 N MAIN ST, LOS ANGELES",California,Los Angeles,Los Angeles,"Los Angeles-Long Beach-Anaheim, CA",21-05-2024,pm25
6,37,1103,88101,3,34.06659,-118.22688,WGS84,PM2.5 - Local Conditions,24-HR BLK AVG,PM25 24-hour 2012,25-06-2022,Micrograms/cubic meter (LC),,1,100,16.8,16.8,0,65.0,170,Met One BAM-1020 Mass Monitor w/VSCC - Beta Attenuation,Los Angeles-North Main Street,"1630 N MAIN ST, LOS ANGELES",California,Los Angeles,Los Angeles,"Los Angeles-Long Beach-Anaheim, CA",21-05-2024,pm25
6,37,1103,88101,3,34.06659,-118.22688,WGS84,PM2.5 - Local Conditions,24-HR BLK AVG,PM25 24-hour 2012,26-06-2022,Micrograms/cubic meter (LC),,1,100,18.0,18.0,0,68.0,170,Met One BAM-1020 Mass Monitor w/VSCC - Beta Attenuation,Los Angeles-North Main Street,"1630 N MAIN ST, LOS ANGELES",California,Los Angeles,Los Angeles,"Los Angeles-Long Beach-Anaheim, CA",21-05-2024,pm25
6,37,1103,88101,3,34.06659,-118.22688,WGS84,PM2.5 - Local Conditions,24-HR BLK AVG,PM25 24-hour 2012,27-06-2022,Micrograms/cubic meter (LC),,1,100,16.4,16.4,0,65.0,170,Met One BAM-1020 Mass Monitor w/VSCC - Beta Attenuation,Los Angeles-North Main Street,"1630 N MAIN ST, LOS ANGELES",California,Los Angeles,Los Angeles,"Los Angeles-Long Beach-Anaheim, CA",21-05-2024,pm25
6,37,1103,88101,3,34.06659,-118.22688,WGS84,PM2.5 - Local Conditions,24-HR BLK AVG,PM25 24-hour 2012,28-06-2022,Micrograms/cubic meter (LC),,1,100,17.4,17.4,0,66.0,170,Met One BAM-1020 Mass Monitor w/VSCC - Beta Attenuation,Los Angeles-North Main Street,"1630 N MAIN ST, LOS ANGELES",California,Los Angeles,Los Angeles,"Los Angeles-Long Beach-Anaheim, CA",21-05-2024,pm25
6,37,1103,88101,3,34.06659,-118.22688,WGS84,PM2.5 - Local Conditions,24-HR BLK AVG,PM25 24-hour 2012,29-06-2022,Micrograms/cubic meter (LC),,1,100,16.5,16.5,0,65.0,170,Met One BAM-1020 Mass Monitor w/VSCC - Beta Attenuation,Los Angeles-North Main Street,"1630 N MAIN ST, LOS ANGELES",California,Los Angeles,Los Angeles,"Los Angeles-Long Beach-Anaheim, CA",21-05-2024,pm25
6,37,1103,88101,3,34.06659,-118.22688,WGS84,PM2.5 - Local Conditions,24-HR BLK AVG,PM25 24-hour 2012,30-06-2022,Micrograms/cubic meter (LC),,1,100,18.3,18.3,0,68.0,170,Met One BAM-1020 Mass Monitor w/VSCC - Beta Attenuation,Los Angeles-North Main Street,"1630 N MAIN ST, LOS ANGELES",California,Los Angeles,Los Angeles,"Los Angeles-Long Beach-Anaheim, CA",21-05-2024,pm25
6,37,1103,88101,3,34.06659,-118.22688,WGS84,PM2.5 - Local Conditions,24-HR BLK AVG,PM25 24-hour 2012,01-07-2022,Micrograms/cubic meter (LC),,1,100,16.9,16.9,0,66.0,170,Met One BAM-1020 Mass Monitor w/VSCC - Beta Attenuation,Los Angeles-North Main Street,"1630 N MAIN ST, LOS ANGELES",California,Los Angeles,Los Angeles,"Los Angeles-Long Beach-Anaheim, CA",21-05-2024,pm25
6,37,1103,88101,3,34.06659,-118.22688,WGS84,PM2.5 - Local Conditions,24-HR BLK AVG,PM25 24-hour 2012,02-07-2022,Micrograms/cubic meter (LC),,1,100,13.9,13.9,0,60.0,170,Met One BAM-1020 Mass Monitor w/VSCC - Beta Attenuation,Los Angeles-North Main Street,"1630 N MAIN ST, LOS ANGELES",California,Los Angeles,Los Angeles,"Los Angeles-Long Beach-Anaheim, CA",21-05-2024,pm25
6,37,1103,88101,3,34.06659,-118.22688,WGS84,PM2.5 - Local Conditions,24-HR BLK AVG,PM25 24-hour 2012,03-07-2022,Micrograms/cubic meter (LC),,1,100,12.4,12.4,0,57.0,170,Met One BAM-1020 Mass Monitor w/VSCC - Beta Attenuation,Los Angeles-North Main Street,"1630 N MAIN ST, LOS ANGELES",California,Los Angeles,Los Angeles,"Los Angeles-Long Beach-Anaheim, CA",21-05-2024,pm25
6,37,1103,88101,3,34.06659,-118.22688,WGS84,PM2.5 - Local Conditions,24-HR BLK AVG,PM25 24-hour 2012,04-07-2022,Micrograms/cubic meter (LC),,1,100,25.3,25.3,0,81.0,170,Met One BAM-1020 Mass Monitor w/VSCC - Beta Attenuation,Los Angeles-North Main Street,"1630 N MAIN ST, LOS ANGELES",California,Los Angeles,Los Angeles,"Los Angeles-Long Beach-Anaheim, CA",21-05-2024,pm25
6,37,1103,88101,3,34.06659,-118.22688,WGS84,PM2.5 - Local Conditions,24-HR BLK AVG,PM25 24-hour 2012,05-07-2022,Micrograms/cubic meter (LC),,1,100,38.0,38.0,0,107.0,170,Met One BAM-1020 Mass Monitor w/VSCC - Beta Attenuation,Los Angeles-North Main Street,"1630 N MAIN ST, LOS ANGELES",California,Los Angeles,Los Angeles,"Los Angeles-Long Beach-Anaheim, CA",21-05-2024,pm25
6,37,1103,88101,3,34.06659,-118.22688,WGS84,PM2.5 - Local Conditions,24-HR BLK AVG,PM25 24-hour 2012,06-07-2022,Micrograms/cubic meter (LC),,1,100,8.5,8.5,0,47.0,170,Met One BAM-1020 Mass Monitor w/VSCC - Beta Attenuation,Los Angeles-North Main Street,"1630 N MAIN ST, LOS ANGELES",California,Los Angeles,Los Angeles,"Los Angeles-Long Beach-Anaheim, CA",21-05-2024,pm25
6,37,1103,88101,3,34.06659,-118.22688,WGS84,PM2.5 - Local Conditions,24-HR BLK AVG,PM25 24-hour 2012,07-07-2022,Micrograms/cubic meter (LC),,1,100,10.1,10.1,0,53.0,170,Met One BAM-1020 Mass Monitor w/VSCC - Beta Attenuation,Los Angeles-North Main Street,"1630 N MAIN ST, LOS ANGELES",California,Los Angeles,Los Angeles,"Los Angeles-Long Beach-Anaheim, CA",21-05-2024,pm25
6,37,1103,88101,3,34.06659,-118.22688,WGS84,PM2.5 - Local Conditions,24-HR BLK AVG,PM25 24-hour 2012,08-07-2022,Micrograms/cubic meter (LC),,1,100,11.8,11.8,0,56.0,170,Met One BAM-1020 Mass Monitor w/VSCC - Beta Attenuation,Los Angeles-North Main Street,"1630 N MAIN ST, LOS ANGELES",California,Los Angeles,Los Angeles,"Los Angeles-Long Beach-Anaheim, CA",21-05-2024,pm25
6,37,1103,88101,3,34.06659,-118.22688,WGS84,PM2.5 - Local Conditions,24-HR BLK AVG,PM25 24-hour 2012,09-07-2022,Micrograms/cubic meter (LC),,1,100,13.7,13.7,0,60.0,170,Met One BAM-1020 Mass Monitor w/VSCC - Beta Attenuation,Los Angeles-North Main Street,"1630 N MAIN ST, LOS ANGELES",California,Los Angeles,Los Angeles,"Los Angeles-Long Beach-Anaheim, CA",21-05-2024,pm25
6,37,1103,88101,3,34.06659,-118.22688,WGS84,PM2.5 - Local Conditions,24-HR BLK AVG,PM25 24-hour 2012,10-07-2022,Micrograms/cubic meter (LC),,1,100,14.7,14.7,0,61.0,170,Met One BAM-1020 Mass Monitor w/VSCC - Beta Attenuation,Los Angeles-North Main Street,"1630 N MAIN ST, LOS ANGELES",California,Los Angeles,Los Angeles,"Los Angeles-Long Beach-Anaheim, CA",21-05-2024,pm25
6,37,1103,88101,3,34.06659,-118.22688,WGS84,PM2.5 - Local Conditions,24-HR BLK AVG,PM25 24-hour 2012,11-07-2022,Micrograms/cubic meter (LC),,1,100,15.6,15.6,0,63.0,170,Met One BAM-1020 Mass Monitor w/VSCC - Beta Attenuation,Los Angeles-North Main Street,"1630 N MAIN ST, LOS ANGELES",California,Los Angeles,Los Angeles,"Los Angeles-Long Beach-Anaheim, CA",21-05-2024,pm25
6,37,1103,88101,3,34.06659,-118.22688,WGS84,PM2.5 - Local Conditions,24-HR BLK AVG,PM25 24-hour 2012,12-07-2022,Micrograms/cubic meter (LC),,1,100,15.5,15.5,0,63.0,170,Met One BAM-1020 Mass Monitor w/VSCC - Beta Attenuation,Los Angeles-North Main Street,"1630 N MAIN ST, LOS ANGELES",California,Los Angeles,Los Angeles,"Los Angeles-Long Beach-Anaheim, CA",21-05-2024,pm25
6,37,1103,88101,3,34.06659,-118.22688,WGS84,PM2.5 - Local Conditions,24-HR BLK AVG,PM25 24-hour 2012,13-07-2022,Micrograms/cubic meter (LC),,1,100,10.9,10.9,0,54.0,170,Met One BAM-1020 Mass Monitor w/VSCC - Beta Attenuation,Los Angeles-North Main Street,"1630 N MAIN ST, LOS ANGELES",California,Los Angeles,Los Angeles,"Los Angeles-Long Beach-Anaheim, CA",21-05-2024,pm25
6,37,1103,88101,3,34.06659,-118.22688,WGS84,PM2.5 - Local Conditions,24-HR BLK AVG,PM25 24-hour 2012,14-07-2022,Micrograms/cubic meter (LC),,1,100,9.5,9.5,0,52.0,170,Met One BAM-1020 Mass Monitor w/VSCC - Beta Attenuation,Los Angeles-North Main Street,"1630 N MAIN ST, LOS ANGELES",California,Los Angeles,Los Angeles,"Los Angeles-Long Beach-Anaheim, CA",21-05-2024,pm25
6,37,1103,88101,3,34.06659,-118.22688,WGS84,PM2.5 - Local Conditions,24-HR BLK AVG,PM25 24-hour 2012,15-07-2022,Micrograms/cubic meter (LC),,1,100,12.7,12.7,0,58.0,170,Met One BAM-1020 Mass Monitor w/VSCC - Beta Attenuation,Los Angeles-North Main Street,"1630 N MAIN ST, LOS ANGELES",California,Los Angeles,Los Angeles,"Los Angeles-Long Beach-Anaheim, CA",21-05-2024,pm25
6,37,1103,88101,3,34.06659,-118.22688,WGS84,PM2.5 - Local Conditions,24-HR BLK AVG,PM25 24-hour 2012,16-07-2022,Micrograms/cubic meter (LC),,1,100,17.2,17.2,0,66.0,170,Met One BAM-1020 Mass Monitor w/VSCC - Beta Attenuation,Los Angeles-North Main Street,"1630 N MAIN ST, LOS ANGELES",California,Los Angeles,Los Angeles,"Los Angeles-Long Beach-Anaheim, CA",21-05-2024,pm25
6,37,1103,88101,3,34.06659,-118.22688,WGS84,PM2.5 - Local Conditions,24-HR BLK AVG,PM25 24-hour 2012,17-07-2022,Micrograms/cubic meter (LC),,1,100,14.6,14.6,0,61.0,170,Met One BAM-1020 Mass Monitor w/VSCC - Beta Attenuation,Los Angeles-North Main Street,"1630 N MAIN ST, LOS ANGELES",California,Los Angeles,Los Angeles,"Los Angeles-Long Beach-Anaheim, CA",21-05-2024,pm25
6,37,1103,88101,3,34.06659,-118.22688,WGS84,PM2.5 - Local Conditions,24-HR BLK AVG,PM25 24-hour 2012,18-07-2022,Micrograms/cubic meter (LC),,1,100,13.7,13.7,0,60.0,170,Met One BAM-1020 Mass Monitor w/VSCC - Beta Attenuation,Los Angeles-North Main Street,"1630 N MAIN ST, LOS ANGELES",California,Los Angeles,Los Angeles,"Los Angeles-Long Beach-Anaheim, CA",21-05-2024,pm25
6,37,1103,88101,3,34.06659,-118.22688,WGS84,PM2.5 - Local Conditions,24-HR BLK AVG,PM25 24-hour 2012,19-07-2022,Micrograms/cubic meter (LC),,1,100,11.9,11.9,0,56.0,170,Met One BAM-1020 Mass Monitor w/VSCC - Beta Attenuation,Los Angeles-North Main Street,"1630 N MAIN ST, LOS ANGELES",California,Los Angeles,Los Angeles,"Los Angeles-Long Beach-Anaheim, CA",21-05-2024,pm25
6,37,1103,88101,3,34.06659,-118.22688,WGS84,PM2.5 - Local Conditions,24-HR BLK AVG,PM25 24-hour 2012,20-07-2022,Micrograms/cubic meter (LC),,1,100,13.3,13.3,0,59.0,170,Met One BAM-1020 Mass Monitor w/VSCC - Beta Attenuation,Los Angeles-North Main Street,"1630 N MAIN ST, LOS ANGELES",California,Los Angeles,Los Angeles,"Los Angeles-Long Beach-Anaheim, CA",21-05-2024,pm25
6,37,1103,88101,3,34.06659,-118.22688,WGS84,PM2.5 - Local Conditions,24-HR BLK AVG,PM25 24-hour 2012,21-07-2022,Micrograms/cubic meter (LC),,1,100,13.4,13.4,0,59.0,170,Met One BAM-1020 Mass Monitor w/VSCC - Beta Attenuation,Los Angeles-North Main Street,"1630 N MAIN ST, LOS ANGELES",California,Los Angeles,Los Angeles,"Los Angeles-Long Beach-Anaheim, CA",21-05-2024,pm25
6,37,1103,88101,3,34.06659,-118.22688,WGS84,PM2.5 - Local Conditions,24-HR BLK AVG,PM25 24-hour 2012,22-07-2022,Micrograms/cubic meter (LC),,1,100,14.6,14.6,0,61.0,170,Met One BAM-1020 Mass Monitor w/VSCC - Beta Attenuation,Los Angeles-North Main Street,"1630 N MAIN ST, LOS ANGELES",California,Los Angeles,Los Angeles,"Los Angeles-Long Beach-Anaheim, CA",21-05-2024,pm25
6,37,1103,88101,3,34.06659,-118.22688,WGS84,PM2.5 - Local Conditions,24-HR BLK AVG,PM25 24-hour 2012,23-07-2022,Micrograms/cubic meter (LC),,1,100,15.5,15.5,0,63.0,170,Met One BAM-1020 Mass Monitor w/VSCC - Beta Attenuation,Los Angeles-North Main Street,"1630 N MAIN ST, LOS ANGELES",California,Los Angeles,Los Angeles,"Los Angeles-Long Beach-Anaheim, CA",21-05-2024,pm25
6,37,1103,88101,3,34.06659,-118.22688,WGS84,PM2.5 - Local Conditions,24-HR BLK AVG,PM25 24-hour 2012,24-07-2022,Micrograms/cubic meter (LC),,1,100,15.9,15.9,0,64.0,170,Met One BAM-1020 Mass Monitor w/VSCC - Beta Attenuation,Los Angeles-North Main Street,"1630 N MAIN ST, LOS ANGELES",California,Los Angeles,Los Angeles,"Los Angeles-Long Beach-Anaheim, CA",21-05-2024,pm25
6,37,1103,88101,3,34.06659,-118.22688,WGS84,PM2.5 - Local Conditions,24-HR BLK AVG,PM25 24-hour 2012,25-07-2022,Micrograms/cubic meter (LC),,1,100,15.0,15.0,0,62.0,170,Met One BAM-1020 Mass Monitor w/VSCC - Beta Attenuation,Los Angeles-North Main Street,"1630 N MAIN ST, LOS ANGELES",California,Los Angeles,Los Angeles,"Los Angeles-Long Beach-Anaheim, CA",21-05-2024,pm25
6,37,1103,88101,3,34.06659,-118.22688,WGS84,PM2.5 - Local Conditions,24-HR BLK AVG,PM25 24-hour 2012,26-07-2022,Micrograms/cubic meter (LC),,1,100,14.4,14.4,0,61.0,170,Met One BAM-1020 Mass Monitor w/VSCC - Beta Attenuation,Los Angeles-North Main Street,"1630 N MAIN ST, LOS ANGELES",California,Los Angeles,Los Angeles,"Los Angeles-Long Beach-Anaheim, CA",21-05-2024,pm25
6,37,1103,88101,3,34.06659,-118.22688,WGS84,PM2.5 - Local Conditions,24-HR BLK AVG,PM25 24-hour 2012,27-07-2022,Micrograms/cubic meter (LC),,1,100,11.8,11.8,0,56.0,170,Met One BAM-1020 Mass Monitor w/VSCC - Beta Attenuation,Los Angeles-North Main Street,"1630 N MAIN ST, LOS ANGELES",California,Los Angeles,Los Angeles,"Los Angeles-Long Beach-Anaheim, CA",21-05-2024,pm25
6,37,1103,88101,3,34.06659,-118.22688,WGS84,PM2.5 - Local Conditions,24-HR BLK AVG,PM25 24-hour 2012,28-07-2022,Micrograms/cubic meter (LC),,1,100,11.8,11.8,0,56.0,170,Met One BAM-1020 Mass Monitor w/VSCC - Beta Attenuation,Los Angeles-North Main Street,"1630 N MAIN ST, LOS ANGELES",California,Los Angeles,Los Angeles,"Los Angeles-Long Beach-Anaheim, CA",21-05-2024,pm25
6,37,1103,88101,3,34.06659,-118.22688,WGS84,PM2.5 - Local Conditions,24-HR BLK AVG,PM25 24-hour 2012,29-07-2022,Micrograms/cubic meter (LC),,1,100,10.0,10.0,0,53.0,170,Met One BAM-1020 Mass Monitor w/VSCC - Beta Attenuation,Los Angeles-North Main Street,"1630 N MAIN ST, LOS ANGELES",California,Los Angeles,Los Angeles,"Los Angeles-Long Beach-Anaheim, CA",21-05-2024,pm25
6,37,1103,88101,3,34.06659,-118.22688,WGS84,PM2.5 - Local Conditions,24-HR BLK AVG,PM25 24-hour 2012,30-07-2022,Micrograms/cubic meter (LC),,1,100,10.9,10.9,0,54.0,170,Met One BAM-1020 Mass Monitor w/VSCC - Beta Attenuation,Los Angeles-North Main Street,"1630 N MAIN ST, LOS ANGELES",California,Los Angeles,Los Angeles,"Los Angeles-Long Beach-Anaheim, CA",21-05-2024,pm25
6,37,1103,88101,3,34.06659,-118.22688,WGS84,PM2.5 - Local Conditions,24-HR BLK AVG,PM25 24-hour 2012,31-07-2022,Micrograms/cubic meter (LC),,1,100,8.9,8.9,0,49.0,170,Met One BAM-1020 Mass Monitor w/VSCC - Beta Attenuation,Los Angeles-North Main Street,"1630 N MAIN ST, LOS ANGELES",California,Los Angeles,Los Angeles,"Los Angeles-Long Beach-Anaheim, CA",21-05-2024,pm25
6,37,1103,88101,3,34.06659,-118.22688,WGS84,PM2.5 - Local Conditions,24-HR BLK AVG,PM25 24-hour 2012,01-08-2022,Micrograms/cubic meter (LC),,1,100,9.1,9.1,0,51.0,170,Met One BAM-1020 Mass Monitor w/VSCC - Beta Attenuation,Los Angeles-North Main Street,"1630 N MAIN ST, LOS ANGELES",California,Los Angeles,Los Angeles,"Los Angeles-Long Beach-Anaheim, CA",21-05-2024,pm25
6,37,1103,88101,3,34.06659,-118.22688,WGS84,PM2.5 - Local Conditions,24-HR BLK AVG,PM25 24-hour 2012,02-08-2022,Micrograms/cubic meter (LC),,1,100,8.8,8.8,0,49.0,170,Met One BAM-1020 Mass Monitor w/VSCC - Beta Attenuation,Los Angeles-North Main Street,"1630 N MAIN ST, LOS ANGELES",California,Los Angeles,Los Angeles,"Los Angeles-Long Beach-Anaheim, CA",21-05-2024,pm25
6,37,1103,88101,3,34.06659,-118.22688,WGS84,PM2.5 - Local Conditions,24-HR BLK AVG,PM25 24-hour 2012,03-08-2022,Micrograms/cubic meter (LC),,1,100,10.5,10.5,0,54.0,170,Met One BAM-1020 Mass Monitor w/VSCC - Beta Attenuation,Los Angeles-North Main Street,"1630 N MAIN ST, LOS ANGELES",California,Los Angeles,Los Angeles,"Los Angeles-Long Beach-Anaheim, CA",21-05-2024,pm25
6,37,1103,88101,3,34.06659,-118.22688,WGS84,PM2.5 - Local Conditions,24-HR BLK AVG,PM25 24-hour 2012,04-08-2022,Micrograms/cubic meter (LC),,1,100,12.4,12.4,0,57.0,170,Met One BAM-1020 Mass Monitor w/VSCC - Beta Attenuation,Los Angeles-North Main Street,"1630 N MAIN ST, LOS ANGELES",California,Los Angeles,Los Angeles,"Los Angeles-Long Beach-Anaheim, CA",21-05-2024,pm25
6,37,1103,88101,3,34.06659,-118.22688,WGS84,PM2.5 - Local Conditions,24-HR BLK AVG,PM25 24-hour 2012,05-08-2022,Micrograms/cubic meter (LC),,1,100,10.5,10.5,0,54.0,170,Met One BAM-1020 Mass Monitor w/VSCC - Beta Attenuation,Los Angeles-North Main Street,"1630 N MAIN ST, LOS ANGELES",California,Los Angeles,Los Angeles,"Los Angeles-Long Beach-Anaheim, CA",21-05-2024,pm25
6,37,1103,88101,3,34.06659,-118.22688,WGS84,PM2.5 - Local Conditions,24-HR BLK AVG,PM25 24-hour 2012,06-08-2022,Micrograms/cubic meter (LC),,1,100,11.4,11.4,0,55.0,170,Met One BAM-1020 Mass Monitor w/VSCC - Beta Attenuation,Los Angeles-North Main Street,"1630 N MAIN ST, LOS ANGELES",California,Los Angeles,Los Angeles,"Los Angeles-Long Beach-Anaheim, CA",21-05-2024,pm25
6,37,1103,88101,3,34.06659,-118.22688,WGS84,PM2.5 - Local Conditions,24-HR BLK AVG,PM25 24-hour 2012,07-08-2022,Micrograms/cubic meter (LC),,1,100,13.5,13.5,0,59.0,170,Met One BAM-1020 Mass Monitor w/VSCC - Beta Attenuation,Los Angeles-North Main Street,"1630 N MAIN ST, LOS ANGELES",California,Los Angeles,Los Angeles,"Los Angeles-Long Beach-Anaheim, CA",21-05-2024,pm25
6,37,1103,88101,3,34.06659,-118.22688,WGS84,PM2.5 - Local Conditions,24-HR BLK AVG,PM25 24-hour 2012,08-08-2022,Micrograms/cubic meter (LC),,1,100,15.7,15.7,0,63.0,170,Met One BAM-1020 Mass Monitor w/VSCC - Beta Attenuation,Los Angeles-North Main Street,"1630 N MAIN ST, LOS ANGELES",California,Los Angeles,Los Angeles,"Los Angeles-Long Beach-Anaheim, CA",21-05-2024,pm25
6,37,1103,88101,3,34.06659,-118.22688,WGS84,PM2.5 - Local Conditions,24-HR BLK AVG,PM25 24-hour 2012,09-08-2022,Micrograms/cubic meter (LC),,1,100,13.2,13.2,0,59.0,170,Met One BAM-1020 Mass Monitor w/VSCC - Beta Attenuation,Los Angeles-North Main Street,"1630 N MAIN ST, LOS ANGELES",California,Los Angeles,Los Angeles,"Los Angeles-Long Beach-Anaheim, CA",21-05-2024,pm25
6,37,1103,88101,3,34.06659,-118.22688,WGS84,PM2.5 - Local Conditions,24-HR BLK AVG,PM25 24-hour 2012,10-08-2022,Micrograms/cubic meter (LC),,1,100,13.4,13.4,0,59.0,170,Met One BAM-1020 Mass Monitor w/VSCC - Beta Attenuation,Los Angeles-North Main Street,"1630 N MAIN ST, LOS ANGELES",California,Los Angeles,Los Angeles,"Los Angeles-Long Beach-Anaheim, CA",21-05-2024,pm25
6,37,1103,88101,3,34.06659,-118.22688,WGS84,PM2.5 - Local Conditions,24-HR BLK AVG,PM25 24-hour 2012,11-08-2022,Micrograms/cubic meter (LC),,1,100,10.4,10.4,0,53.0,170,Met One BAM-1020 Mass Monitor w/VSCC - Beta Attenuation,Los Angeles-North Main Street,"1630 N MAIN ST, LOS ANGELES",California,Los Angeles,Los Angeles,"Los Angeles-Long Beach-Anaheim, CA",21-05-2024,pm25
6,37,1103,88101,3,34.06659,-118.22688,WGS84,PM2.5 - Local Conditions,24-HR BLK AVG,PM25 24-hour 2012,12-08-2022,Micrograms/cubic meter (LC),,1,100,14.1,14.1,0,60.0,170,Met One BAM-1020 Mass Monitor w/VSCC - Beta Attenuation,Los Angeles-North Main Street,"1630 N MAIN ST, LOS ANGELES",California,Los Angeles,Los Angeles,"Los Angeles-Long Beach-Anaheim, CA",21-05-2024,pm25
6,37,1103,88101,3,34.06659,-118.22688,WGS84,PM2.5 - Local Conditions,24-HR BLK AVG,PM25 24-hour 2012,13-08-2022,Micrograms/cubic meter (LC),,1,100,15.1,15.1,0,62.0,170,Met One BAM-1020 Mass Monitor w/VSCC - Beta Attenuation,Los Angeles-North Main Street,"1630 N MAIN ST, LOS ANGELES",California,Los Angeles,Los Angeles,"Los Angeles-Long Beach-Anaheim, CA",21-05-2024,pm25
6,37,1103,88101,3,34.06659,-118.22688,WGS84,PM2.5 - Local Conditions,24-HR BLK AVG,PM25 24-hour 2012,14-08-2022,Micrograms/cubic meter (LC),,1,100,15.4,15.4,0,63.0,170,Met One BAM-1020 Mass Monitor w/VSCC - Beta Attenuation,Los Angeles-North Main Street,"1630 N MAIN ST, LOS ANGELES",California,Los Angeles,Los Angeles,"Los Angeles-Long Beach-Anaheim, CA",21-05-2024,pm25
6,37,1103,88101,3,34.06659,-118.22688,WGS84,PM2.5 - Local Conditions,24-HR BLK AVG,PM25 24-hour 2012,15-08-2022,Micrograms/cubic meter (LC),,1,100,16.8,16.8,0,65.0,170,Met One BAM-1020 Mass Monitor w/VSCC - Beta Attenuation,Los Angeles-North Main Street,"1630 N MAIN ST, LOS ANGELES",California,Los Angeles,Los Angeles,"Los Angeles-Long Beach-Anaheim, CA",21-05-2024,pm25
6,37,1103,88101,3,34.06659,-118.22688,WGS84,PM2.5 - Local Conditions,24-HR BLK AVG,PM25 24-hour 2012,16-08-2022,Micrograms/cubic meter (LC),,1,100,14.7,14.7,0,61.0,170,Met One BAM-1020 Mass Monitor w/VSCC - Beta Attenuation,Los Angeles-North Main Street,"1630 N MAIN ST, LOS ANGELES",California,Los Angeles,Los Angeles,"Los Angeles-Long Beach-Anaheim, CA",21-05-2024,pm25
6,37,1103,88101,3,34.06659,-118.22688,WGS84,PM2.5 - Local Conditions,24-HR BLK AVG,PM25 24-hour 2012,17-08-2022,Micrograms/cubic meter (LC),,1,100,11.1,11.1,0,55.0,170,Met One BAM-1020 Mass Monitor w/VSCC - Beta Attenuation,Los Angeles-North Main Street,"1630 N MAIN ST, LOS ANGELES",California,Los Angeles,Los Angeles,"Los Angeles-Long Beach-Anaheim, CA",21-05-2024,pm25
6,37,1103,88101,3,34.06659,-118.22688,WGS84,PM2.5 - Local Conditions,24-HR BLK AVG,PM25 24-hour 2012,18-08-2022,Micrograms/cubic meter (LC),,1,100,8.9,8.9,0,49.0,170,Met One BAM-1020 Mass Monitor w/VSCC - Beta Attenuation,Los Angeles-North Main Street,"1630 N MAIN ST, LOS ANGELES",California,Los Angeles,Los Angeles,"Los Angeles-Long Beach-Anaheim, CA",21-05-2024,pm25
6,37,1103,88101,3,34.06659,-118.22688,WGS84,PM2.5 - Local Conditions,24-HR BLK AVG,PM25 24-hour 2012,19-08-2022,Micrograms/cubic meter (LC),,1,100,12.7,12.7,0,58.0,170,Met One BAM-1020 Mass Monitor w/VSCC - Beta Attenuation,Los Angeles-North Main Street,"1630 N MAIN ST, LOS ANGELES",California,Los Angeles,Los Angeles,"Los Angeles-Long Beach-Anaheim, CA",21-05-2024,pm25
6,37,1103,88101,3,34.06659,-118.22688,WGS84,PM2.5 - Local Conditions,24-HR BLK AVG,PM25 24-hour 2012,20-08-2022,Micrograms/cubic meter (LC),,1,100,11.4,11.4,0,55.0,170,Met One BAM-1020 Mass Monitor w/VSCC - Beta Attenuation,Los Angeles-North Main Street,"1630 N MAIN ST, LOS ANGELES",California,Los Angeles,Los Angeles,"Los Angeles-Long Beach-Anaheim, CA",21-05-2024,pm25
6,37,1103,88101,3,34.06659,-118.22688,WGS84,PM2.5 - Local Conditions,24-HR BLK AVG,PM25 24-hour 2012,21-08-2022,Micrograms/cubic meter (LC),,1,100,11.5,11.5,0,55.0,170,Met One BAM-1020 Mass Monitor w/VSCC - Beta Attenuation,Los Angeles-North Main Street,"1630 N MAIN ST, LOS ANGELES",California,Los Angeles,Los Angeles,"Los Angeles-Long Beach-Anaheim, CA",21-05-2024,pm25
6,37,1103,88101,3,34.06659,-118.22688,WGS84,PM2.5 - Local Conditions,24-HR BLK AVG,PM25 24-hour 2012,22-08-2022,Micrograms/cubic meter (LC),,1,100,9.7,9.7,0,52.0,170,Met One BAM-1020 Mass Monitor w/VSCC - Beta Attenuation,Los Angeles-North Main Street,"1630 N MAIN ST, LOS ANGELES",California,Los Angeles,Los Angeles,"Los Angeles-Long Beach-Anaheim, CA",21-05-2024,pm25
6,37,1103,88101,3,34.06659,-118.22688,WGS84,PM2.5 - Local Conditions,24-HR BLK AVG,PM25 24-hour 2012,23-08-2022,Micrograms/cubic meter (LC),,1,100,15.2,15.2,0,62.0,170,Met One BAM-1020 Mass Monitor w/VSCC - Beta Attenuation,Los Angeles-North Main Street,"1630 N MAIN ST, LOS ANGELES",California,Los Angeles,Los Angeles,"Los Angeles-Long Beach-Anaheim, CA",21-05-2024,pm25
6,37,1103,88101,3,34.06659,-118.22688,WGS84,PM2.5 - Local Conditions,24-HR BLK AVG,PM25 24-hour 2012,24-08-2022,Micrograms/cubic meter (LC),,1,100,12.3,12.3,0,57.0,170,Met One BAM-1020 Mass Monitor w/VSCC - Beta Attenuation,Los Angeles-North Main Street,"1630 N MAIN ST, LOS ANGELES",California,Los Angeles,Los Angeles,"Los Angeles-Long Beach-Anaheim, CA",21-05-2024,pm25
6,37,1103,88101,3,34.06659,-118.22688,WGS84,PM2.5 - Local Conditions,24-HR BLK AVG,PM25 24-hour 2012,25-08-2022,Micrograms/cubic meter (LC),,1,100,10.6,10.6,0,54.0,170,Met One BAM-1020 Mass Monitor w/VSCC - Beta Attenuation,Los Angeles-North Main Street,"1630 N MAIN ST, LOS ANGELES",California,Los Angeles,Los Angeles,"Los Angeles-Long Beach-Anaheim, CA",21-05-2024,pm25
6,37,1103,88101,3,34.06659,-118.22688,WGS84,PM2.5 - Local Conditions,24-HR BLK AVG,PM25 24-hour 2012,26-08-2022,Micrograms/cubic meter (LC),,1,100,10.7,10.7,0,54.0,170,Met One BAM-1020 Mass Monitor w/VSCC - Beta Attenuation,Los Angeles-North Main Street,"1630 N MAIN ST, LOS ANGELES",California,Los Angeles,Los Angeles,"Los Angeles-Long Beach-Anaheim, CA",21-05-2024,pm25
6,37,1103,88101,3,34.06659,-118.22688,WGS84,PM2.5 - Local Conditions,24-HR BLK AVG,PM25 24-hour 2012,27-08-2022,Micrograms/cubic meter (LC),,1,100,10.1,10.1,0,53.0,170,Met One BAM-1020 Mass Monitor w/VSCC - Beta Attenuation,Los Angeles-North Main Street,"1630 N MAIN ST, LOS ANGELES",California,Los Angeles,Los Angeles,"Los Angeles-Long Beach-Anaheim, CA",21-05-2024,pm25
6,37,1103,88101,3,34.06659,-118.22688,WGS84,PM2.5 - Local Conditions,24-HR BLK AVG,PM25 24-hour 2012,28-08-2022,Micrograms/cubic meter (LC),,1,100,7.7,7.7,0,43.0,170,Met One BAM-1020 Mass Monitor w/VSCC - Beta Attenuation,Los Angeles-North Main Street,"1630 N MAIN ST, LOS ANGELES",California,Los Angeles,Los Angeles,"Los Angeles-Long Beach-Anaheim, CA",21-05-2024,pm25
6,37,1103,88101,3,34.06659,-118.22688,WGS84,PM2.5 - Local Conditions,24-HR BLK AVG,PM25 24-hour 2012,29-08-2022,Micrograms/cubic meter (LC),,1,100,10.0,10.0,0,53.0,170,Met One BAM-1020 Mass Monitor w/VSCC - Beta Attenuation,Los Angeles-North Main Street,"1630 N MAIN ST, LOS ANGELES",California,Los Angeles,Los Angeles,"Los Angeles-Long Beach-Anaheim, CA",21-05-2024,pm25
6,37,1103,88101,3,34.06659,-118.22688,WGS84,PM2.5 - Local Conditions,24-HR BLK AVG,PM25 24-hour 2012,30-08-2022,Micrograms/cubic meter (LC),,1,100,16.6,16.6,0,65.0,170,Met One BAM-1020 Mass Monitor w/VSCC - Beta Attenuation,Los Angeles-North Main Street,"1630 N MAIN ST, LOS ANGELES",California,Los Angeles,Los Angeles,"Los Angeles-Long Beach-Anaheim, CA",21-05-2024,pm25
6,37,1103,88101,3,34.06659,-118.22688,WGS84,PM2.5 - Local Conditions,24-HR BLK AVG,PM25 24-hour 2012,31-08-2022,Micrograms/cubic meter (LC),,1,100,17.1,17.1,0,66.0,170,Met One BAM-1020 Mass Monitor w/VSCC - Beta Attenuation,Los Angeles-North Main Street,"1630 N MAIN ST, LOS ANGELES",California,Los Angeles,Los Angeles,"Los Angeles-Long Beach-Anaheim, CA",21-05-2024,pm25
6,37,1103,88101,3,34.06659,-118.22688,WGS84,PM2.5 - Local Conditions,24-HR BLK AVG,PM25 24-hour 2012,01-09-2022,Micrograms/cubic meter (LC),,1,100,18.2,18.2,0,68.0,170,Met One BAM-1020 Mass Monitor w/VSCC - Beta Attenuation,Los Angeles-North Main Street,"1630 N MAIN ST, LOS ANGELES",California,Los Angeles,Los Angeles,"Los Angeles-Long Beach-Anaheim, CA",21-05-2024,pm25
6,37,1103,88101,3,34.06659,-118.22688,WGS84,PM2.5 - Local Conditions,24-HR BLK AVG,PM25 24-hour 2012,02-09-2022,Micrograms/cubic meter (LC),,1,100,17.0,17.0,0,66.0,170,Met One BAM-1020 Mass Monitor w/VSCC - Beta Attenuation,Los Angeles-North Main Street,"1630 N MAIN ST, LOS ANGELES",California,Los Angeles,Los Angeles,"Los Angeles-Long Beach-Anaheim, CA",21-05-2024,pm25
6,37,1103,88101,3,34.06659,-118.22688,WGS84,PM2.5 - Local Conditions,24-HR BLK AVG,PM25 24-hour 2012,03-09-2022,Micrograms/cubic meter (LC),,1,100,15.5,15.5,0,63.0,170,Met One BAM-1020 Mass Monitor w/VSCC - Beta Attenuation,Los Angeles-North Main Street,"1630 N MAIN ST, LOS ANGELES",California,Los Angeles,Los Angeles,"Los Angeles-Long Beach-Anaheim, CA",21-05-2024,pm25
6,37,1103,88101,3,34.06659,-118.22688,WGS84,PM2.5 - Local Conditions,24-HR BLK AVG,PM25 24-hour 2012,04-09-2022,Micrograms/cubic meter (LC),,1,100,11.8,11.8,0,56.0,170,Met One BAM-1020 Mass Monitor w/VSCC - Beta Attenuation,Los Angeles-North Main Street,"1630 N MAIN ST, LOS ANGELES",California,Los Angeles,Los Angeles,"Los Angeles-Long Beach-Anaheim, CA",21-05-2024,pm25
6,37,1103,88101,3,34.06659,-118.22688,WGS84,PM2.5 - Local Conditions,24-HR BLK AVG,PM25 24-hour 2012,05-09-2022,Micrograms/cubic meter (LC),,1,100,12.7,12.7,0,58.0,170,Met One BAM-1020 Mass Monitor w/VSCC - Beta Attenuation,Los Angeles-North Main Street,"1630 N MAIN ST, LOS ANGELES",California,Los Angeles,Los Angeles,"Los Angeles-Long Beach-Anaheim, CA",21-05-2024,pm25
6,37,1103,88101,3,34.06659,-118.22688,WGS84,PM2.5 - Local Conditions,24-HR BLK AVG,PM25 24-hour 2012,06-09-2022,Micrograms/cubic meter (LC),,1,100,13.9,13.9,0,60.0,170,Met One BAM-1020 Mass Monitor w/VSCC - Beta Attenuation,Los Angeles-North Main Street,"1630 N MAIN ST, LOS ANGELES",California,Los Angeles,Los Angeles,"Los Angeles-Long Beach-Anaheim, CA",21-05-2024,pm25
6,37,1103,88101,3,34.06659,-118.22688,WGS84,PM2.5 - Local Conditions,24-HR BLK AVG,PM25 24-hour 2012,07-09-2022,Micrograms/cubic meter (LC),,1,100,17.3,17.3,0,66.0,170,Met One BAM-1020 Mass Monitor w/VSCC - Beta Attenuation,Los Angeles-North Main Street,"1630 N MAIN ST, LOS ANGELES",California,Los Angeles,Los Angeles,"Los Angeles-Long Beach-Anaheim, CA",21-05-2024,pm25
6,37,1103,88101,3,34.06659,-118.22688,WGS84,PM2.5 - Local Conditions,24-HR BLK AVG,PM25 24-hour 2012,08-09-2022,Micrograms/cubic meter (LC),,1,100,14.0,14.0,0,60.0,170,Met One BAM-1020 Mass Monitor w/VSCC - Beta Attenuation,Los Angeles-North Main Street,"1630 N MAIN ST, LOS ANGELES",California,Los Angeles,Los Angeles,"Los Angeles-Long Beach-Anaheim, CA",21-05-2024,pm25
6,37,1103,88101,3,34.06659,-118.22688,WGS84,PM2.5 - Local Conditions,24-HR BLK AVG,PM25 24-hour 2012,09-09-2022,Micrograms/cubic meter (LC),,1,100,8.6,8.6,0,48.0,170,Met One BAM-1020 Mass Monitor w/VSCC - Beta Attenuation,Los Angeles-North Main Street,"1630 N MAIN ST, LOS ANGELES",California,Los Angeles,Los Angeles,"Los Angeles-Long Beach-Anaheim, CA",21-05-2024,pm25
6,37,1103,88101,3,34.06659,-118.22688,WGS84,PM2.5 - Local Conditions,24-HR BLK AVG,PM25 24-hour 2012,10-09-2022,Micrograms/cubic meter (LC),,1,100,6.6,6.6,0,37.0,170,Met One BAM-1020 Mass Monitor w/VSCC - Beta Attenuation,Los Angeles-North Main Street,"1630 N MAIN ST, LOS ANGELES",California,Los Angeles,Los Angeles,"Los Angeles-Long Beach-Anaheim, CA",21-05-2024,pm25
6,37,1103,88101,3,34.06659,-118.22688,WGS84,PM2.5 - Local Conditions,24-HR BLK AVG,PM25 24-hour 2012,11-09-2022,Micrograms/cubic meter (LC),,1,100,5.5,5.5,0,31.0,170,Met One BAM-1020 Mass Monitor w/VSCC - Beta Attenuation,Los Angeles-North Main Street,"1630 N MAIN ST, LOS ANGELES",California,Los Angeles,Los Angeles,"Los Angeles-Long Beach-Anaheim, CA",21-05-2024,pm25
6,37,1103,88101,3,34.06659,-118.22688,WGS84,PM2.5 - Local Conditions,24-HR BLK AVG,PM25 24-hour 2012,12-09-2022,Micrograms/cubic meter (LC),,1,100,5.2,5.2,0,29.0,170,Met One BAM-1020 Mass Monitor w/VSCC - Beta Attenuation,Los Angeles-North Main Street,"1630 N MAIN ST, LOS ANGELES",California,Los Angeles,Los Angeles,"Los Angeles-Long Beach-Anaheim, CA",21-05-2024,pm25
6,37,1103,88101,3,34.06659,-118.22688,WGS84,PM2.5 - Local Conditions,24-HR BLK AVG,PM25 24-hour 2012,13-09-2022,Micrograms/cubic meter (LC),,1,100,13.0,13.0,0,58.0,170,Met One BAM-1020 Mass Monitor w/VSCC - Beta Attenuation,Los Angeles-North Main Street,"1630 N MAIN ST, LOS ANGELES",California,Los Angeles,Los Angeles,"Los Angeles-Long Beach-Anaheim, CA",21-05-2024,pm25
6,37,1103,88101,3,34.06659,-118.22688,WGS84,PM2.5 - Local Conditions,24-HR BLK AVG,PM25 24-hour 2012,14-09-2022,Micrograms/cubic meter (LC),,1,100,11.1,11.1,0,55.0,170,Met One BAM-1020 Mass Monitor w/VSCC - Beta Attenuation,Los Angeles-North Main Street,"1630 N MAIN ST, LOS ANGELES",California,Los Angeles,Los Angeles,"Los Angeles-Long Beach-Anaheim, CA",21-05-2024,pm25
6,37,1103,88101,3,34.06659,-118.22688,WGS84,PM2.5 - Local Conditions,24-HR BLK AVG,PM25 24-hour 2012,15-09-2022,Micrograms/cubic meter (LC),,1,100,11.2,11.2,0,55.0,170,Met One BAM-1020 Mass Monitor w/VSCC - Beta Attenuation,Los Angeles-North Main Street,"1630 N MAIN ST, LOS ANGELES",California,Los Angeles,Los Angeles,"Los Angeles-Long Beach-Anaheim, CA",21-05-2024,pm25
6,37,1103,88101,3,34.06659,-118.22688,WGS84,PM2.5 - Local Conditions,24-HR BLK AVG,PM25 24-hour 2012,16-09-2022,Micrograms/cubic meter (LC),,1,100,14.8,14.8,0,62.0,170,Met One BAM-1020 Mass Monitor w/VSCC - Beta Attenuation,Los Angeles-North Main Street,"1630 N MAIN ST, LOS ANGELES",California,Los Angeles,Los Angeles,"Los Angeles-Long Beach-Anaheim, CA",21-05-2024,pm25
6,37,1103,88101,3,34.06659,-118.22688,WGS84,PM2.5 - Local Conditions,24-HR BLK AVG,PM25 24-hour 2012,17-09-2022,Micrograms/cubic meter (LC),,1,100,14.3,14.3,0,61.0,170,Met One BAM-1020 Mass Monitor w/VSCC - Beta Attenuation,Los Angeles-North Main Street,"1630 N MAIN ST, LOS ANGELES",California,Los Angeles,Los Angeles,"Los Angeles-Long Beach-Anaheim, CA",21-05-2024,pm25
6,37,1103,88101,3,34.06659,-118.22688,WGS84,PM2.5 - Local Conditions,24-HR BLK AVG,PM25 24-hour 2012,18-09-2022,Micrograms/cubic meter (LC),,1,100,10.4,10.4,0,53.0,170,Met One BAM-1020 Mass Monitor w/VSCC - Beta Attenuation,Los Angeles-North Main Street,"1630 N MAIN ST, LOS ANGELES",California,Los Angeles,Los Angeles,"Los Angeles-Long Beach-Anaheim, CA",21-05-2024,pm25
6,37,1103,88101,3,34.06659,-118.22688,WGS84,PM2.5 - Local Conditions,24-HR BLK AVG,PM25 24-hour 2012,19-09-2022,Micrograms/cubic meter (LC),,1,100,5.7,5.7,0,32.0,170,Met One BAM-1020 Mass Monitor w/VSCC - Beta Attenuation,Los Angeles-North Main Street,"1630 N MAIN ST, LOS ANGELES",California,Los Angeles,Los Angeles,"Los Angeles-Long Beach-Anaheim, CA",21-05-2024,pm25
6,37,1103,88101,3,34.06659,-118.22688,WGS84,PM2.5 - Local Conditions,24-HR BLK AVG,PM25 24-hour 2012,20-09-2022,Micrograms/cubic meter (LC),,1,100,4.9,4.9,0,27.0,170,Met One BAM-1020 Mass Monitor w/VSCC - Beta Attenuation,Los Angeles-North Main Street,"1630 N MAIN ST, LOS ANGELES",California,Los Angeles,Los Angeles,"Los Angeles-Long Beach-Anaheim, CA",21-05-2024,pm25
6,37,1103,88101,3,34.06659,-118.22688,WGS84,PM2.5 - Local Conditions,24-HR BLK AVG,PM25 24-hour 2012,21-09-2022,Micrograms/cubic meter (LC),,1,100,6.3,6.3,0,35.0,170,Met One BAM-1020 Mass Monitor w/VSCC - Beta Attenuation,Los Angeles-North Main Street,"1630 N MAIN ST, LOS ANGELES",California,Los Angeles,Los Angeles,"Los Angeles-Long Beach-Anaheim, CA",21-05-2024,pm25
6,37,1103,88101,3,34.06659,-118.22688,WGS84,PM2.5 - Local Conditions,24-HR BLK AVG,PM25 24-hour 2012,22-09-2022,Micrograms/cubic meter (LC),,1,100,8.0,8.0,0,44.0,170,Met One BAM-1020 Mass Monitor w/VSCC - Beta Attenuation,Los Angeles-North Main Street,"1630 N MAIN ST, LOS ANGELES",California,Los Angeles,Los Angeles,"Los Angeles-Long Beach-Anaheim, CA",21-05-2024,pm25
6,37,1103,88101,3,34.06659,-118.22688,WGS84,PM2.5 - Local Conditions,24-HR BLK AVG,PM25 24-hour 2012,23-09-2022,Micrograms/cubic meter (LC),,1,100,12.1,12.1,0,57.0,170,Met One BAM-1020 Mass Monitor w/VSCC - Beta Attenuation,Los Angeles-North Main Street,"1630 N MAIN ST, LOS ANGELES",California,Los Angeles,Los Angeles,"Los Angeles-Long Beach-Anaheim, CA",21-05-2024,pm25
6,37,1103,88101,3,34.06659,-118.22688,WGS84,PM2.5 - Local Conditions,24-HR BLK AVG,PM25 24-hour 2012,24-09-2022,Micrograms/cubic meter (LC),,1,100,12.1,12.1,0,57.0,170,Met One BAM-1020 Mass Monitor w/VSCC - Beta Attenuation,Los Angeles-North Main Street,"1630 N MAIN ST, LOS ANGELES",California,Los Angeles,Los Angeles,"Los Angeles-Long Beach-Anaheim, CA",21-05-2024,pm25
6,37,1103,88101,3,34.06659,-118.22688,WGS84,PM2.5 - Local Conditions,24-HR BLK AVG,PM25 24-hour 2012,25-09-2022,Micrograms/cubic meter (LC),,1,100,13.0,13.0,0,58.0,170,Met One BAM-1020 Mass Monitor w/VSCC - Beta Attenuation,Los Angeles-North Main Street,"1630 N MAIN ST, LOS ANGELES",California,Los Angeles,Los Angeles,"Los Angeles-Long Beach-Anaheim, CA",21-05-2024,pm25
6,37,1103,88101,3,34.06659,-118.22688,WGS84,PM2.5 - Local Conditions,24-HR BLK AVG,PM25 24-hour 2012,26-09-2022,Micrograms/cubic meter (LC),,1,100,13.2,13.2,0,59.0,170,Met One BAM-1020 Mass Monitor w/VSCC - Beta Attenuation,Los Angeles-North Main Street,"1630 N MAIN ST, LOS ANGELES",California,Los Angeles,Los Angeles,"Los Angeles-Long Beach-Anaheim, CA",21-05-2024,pm25
6,37,1103,88101,3,34.06659,-118.22688,WGS84,PM2.5 - Local Conditions,24-HR BLK AVG,PM25 24-hour 2012,27-09-2022,Micrograms/cubic meter (LC),,1,100,15.3,15.3,0,63.0,170,Met One BAM-1020 Mass Monitor w/VSCC - Beta Attenuation,Los Angeles-North Main Street,"1630 N MAIN ST, LOS ANGELES",California,Los Angeles,Los Angeles,"Los Angeles-Long Beach-Anaheim, CA",21-05-2024,pm25
6,37,1103,88101,3,34.06659,-118.22688,WGS84,PM2.5 - Local Conditions,24-HR BLK AVG,PM25 24-hour 2012,28-09-2022,Micrograms/cubic meter (LC),,1,100,16.4,16.4,0,65.0,170,Met One BAM-1020 Mass Monitor w/VSCC - Beta Attenuation,Los Angeles-North Main Street,"1630 N MAIN ST, LOS ANGELES",California,Los Angeles,Los Angeles,"Los Angeles-Long Beach-Anaheim, CA",21-05-2024,pm25
6,37,1103,88101,3,34.06659,-118.22688,WGS84,PM2.5 - Local Conditions,24-HR BLK AVG,PM25 24-hour 2012,29-09-2022,Micrograms/cubic meter (LC),,1,100,13.7,13.7,0,60.0,170,Met One BAM-1020 Mass Monitor w/VSCC - Beta Attenuation,Los Angeles-North Main Street,"1630 N MAIN ST, LOS ANGELES",California,Los Angeles,Los Angeles,"Los Angeles-Long Beach-Anaheim, CA",21-05-2024,pm25
6,37,1103,88101,3,34.06659,-118.22688,WGS84,PM2.5 - Local Conditions,24-HR BLK AVG,PM25 24-hour 2012,30-09-2022,Micrograms/cubic meter (LC),,1,100,13.2,13.2,0,59.0,170,Met One BAM-1020 Mass Monitor w/VSCC - Beta Attenuation,Los Angeles-North Main Street,"1630 N MAIN ST, LOS ANGELES",California,Los Angeles,Los Angeles,"Los Angeles-Long Beach-Anaheim, CA",21-05-2024,pm25
6,37,1103,88101,3,34.06659,-118.22688,WGS84,PM2.5 - Local Conditions,24-HR BLK AVG,PM25 24-hour 2012,01-10-2022,Micrograms/cubic meter (LC),,1,100,10.7,10.7,0,54.0,170,Met One BAM-1020 Mass Monitor w/VSCC - Beta Attenuation,Los Angeles-North Main Street,"1630 N MAIN ST, LOS ANGELES",California,Los Angeles,Los Angeles,"Los Angeles-Long Beach-Anaheim, CA",21-05-2024,pm25
6,37,1103,88101,3,34.06659,-118.22688,WGS84,PM2.5 - Local Conditions,24-HR BLK AVG,PM25 24-hour 2012,02-10-2022,Micrograms/cubic meter (LC),,1,100,10.3,10.3,0,53.0,170,Met One BAM-1020 Mass Monitor w/VSCC - Beta Attenuation,Los Angeles-North Main Street,"1630 N MAIN ST, LOS ANGELES",California,Los Angeles,Los Angeles,"Los Angeles-Long Beach-Anaheim, CA",21-05-2024,pm25
6,37,1103,88101,3,34.06659,-118.22688,WGS84,PM2.5 - Local Conditions,24-HR BLK AVG,PM25 24-hour 2012,03-10-2022,Micrograms/cubic meter (LC),,1,100,9.8,9.8,0,52.0,170,Met One BAM-1020 Mass Monitor w/VSCC - Beta Attenuation,Los Angeles-North Main Street,"1630 N MAIN ST, LOS ANGELES",California,Los Angeles,Los Angeles,"Los Angeles-Long Beach-Anaheim, CA",21-05-2024,pm25
6,37,1103,88101,3,34.06659,-118.22688,WGS84,PM2.5 - Local Conditions,24-HR BLK AVG,PM25 24-hour 2012,04-10-2022,Micrograms/cubic meter (LC),,1,100,12.5,12.5,0,57.0,170,Met One BAM-1020 Mass Monitor w/VSCC - Beta Attenuation,Los Angeles-North Main Street,"1630 N MAIN ST, LOS ANGELES",California,Los Angeles,Los Angeles,"Los Angeles-Long Beach-Anaheim, CA",21-05-2024,pm25
6,37,1103,88101,3,34.06659,-118.22688,WGS84,PM2.5 - Local Conditions,24-HR BLK AVG,PM25 24-hour 2012,05-10-2022,Micrograms/cubic meter (LC),,1,100,17.5,17.5,0,67.0,170,Met One BAM-1020 Mass Monitor w/VSCC - Beta Attenuation,Los Angeles-North Main Street,"1630 N MAIN ST, LOS ANGELES",California,Los Angeles,Los Angeles,"Los Angeles-Long Beach-Anaheim, CA",21-05-2024,pm25
6,37,1103,88101,3,34.06659,-118.22688,WGS84,PM2.5 - Local Conditions,24-HR BLK AVG,PM25 24-hour 2012,06-10-2022,Micrograms/cubic meter (LC),,1,100,19.8,19.8,0,71.0,170,Met One BAM-1020 Mass Monitor w/VSCC - Beta Attenuation,Los Angeles-North Main Street,"1630 N MAIN ST, LOS ANGELES",California,Los Angeles,Los Angeles,"Los Angeles-Long Beach-Anaheim, CA",21-05-2024,pm25
6,37,1103,88101,3,34.06659,-118.22688,WGS84,PM2.5 - Local Conditions,24-HR BLK AVG,PM25 24-hour 2012,07-10-2022,Micrograms/cubic meter (LC),,1,100,21.9,21.9,0,75.0,170,Met One BAM-1020 Mass Monitor w/VSCC - Beta Attenuation,Los Angeles-North Main Street,"1630 N MAIN ST, LOS ANGELES",California,Los Angeles,Los Angeles,"Los Angeles-Long Beach-Anaheim, CA",21-05-2024,pm25
6,37,1103,88101,3,34.06659,-118.22688,WGS84,PM2.5 - Local Conditions,24-HR BLK AVG,PM25 24-hour 2012,08-10-2022,Micrograms/cubic meter (LC),,1,100,20.6,20.6,0,72.0,170,Met One BAM-1020 Mass Monitor w/VSCC - Beta Attenuation,Los Angeles-North Main Street,"1630 N MAIN ST, LOS ANGELES",California,Los Angeles,Los Angeles,"Los Angeles-Long Beach-Anaheim, CA",21-05-2024,pm25
6,37,1103,88101,3,34.06659,-118.22688,WGS84,PM2.5 - Local Conditions,24-HR BLK AVG,PM25 24-hour 2012,09-10-2022,Micrograms/cubic meter (LC),,1,100,16.3,16.3,0,64.0,170,Met One BAM-1020 Mass Monitor w/VSCC - Beta Attenuation,Los Angeles-North Main Street,"1630 N MAIN ST, LOS ANGELES",California,Los Angeles,Los Angeles,"Los Angeles-Long Beach-Anaheim, CA",21-05-2024,pm25
6,37,1103,88101,3,34.06659,-118.22688,WGS84,PM2.5 - Local Conditions,24-HR BLK AVG,PM25 24-hour 2012,10-10-2022,Micrograms/cubic meter (LC),,1,100,17.3,17.3,0,66.0,170,Met One BAM-1020 Mass Monitor w/VSCC - Beta Attenuation,Los Angeles-North Main Street,"1630 N MAIN ST, LOS ANGELES",California,Los Angeles,Los Angeles,"Los Angeles-Long Beach-Anaheim, CA",21-05-2024,pm25
6,37,1103,88101,3,34.06659,-118.22688,WGS84,PM2.5 - Local Conditions,24-HR BLK AVG,PM25 24-hour 2012,11-10-2022,Micrograms/cubic meter (LC),,1,100,13.1,13.1,0,58.0,170,Met One BAM-1020 Mass Monitor w/VSCC - Beta Attenuation,Los Angeles-North Main Street,"1630 N MAIN ST, LOS ANGELES",California,Los Angeles,Los Angeles,"Los Angeles-Long Beach-Anaheim, CA",21-05-2024,pm25
6,37,1103,88101,3,34.06659,-118.22688,WGS84,PM2.5 - Local Conditions,24-HR BLK AVG,PM25 24-hour 2012,12-10-2022,Micrograms/cubic meter (LC),,1,100,11.0,11.0,0,55.0,170,Met One BAM-1020 Mass Monitor w/VSCC - Beta Attenuation,Los Angeles-North Main Street,"1630 N MAIN ST, LOS ANGELES",California,Los Angeles,Los Angeles,"Los Angeles-Long Beach-Anaheim, CA",21-05-2024,pm25
6,37,1103,88101,3,34.06659,-118.22688,WGS84,PM2.5 - Local Conditions,24-HR BLK AVG,PM25 24-hour 2012,13-10-2022,Micrograms/cubic meter (LC),,1,100,22.7,22.7,0,76.0,170,Met One BAM-1020 Mass Monitor w/VSCC - Beta Attenuation,Los Angeles-North Main Street,"1630 N MAIN ST, LOS ANGELES",California,Los Angeles,Los Angeles,"Los Angeles-Long Beach-Anaheim, CA",21-05-2024,pm25
6,37,1103,88101,3,34.06659,-118.22688,WGS84,PM2.5 - Local Conditions,24-HR BLK AVG,PM25 24-hour 2012,14-10-2022,Micrograms/cubic meter (LC),,1,100,13.3,13.3,0,59.0,170,Met One BAM-1020 Mass Monitor w/VSCC - Beta Attenuation,Los Angeles-North Main Street,"1630 N MAIN ST, LOS ANGELES",California,Los Angeles,Los Angeles,"Los Angeles-Long Beach-Anaheim, CA",21-05-2024,pm25
6,37,1103,88101,3,34.06659,-118.22688,WGS84,PM2.5 - Local Conditions,24-HR BLK AVG,PM25 24-hour 2012,15-10-2022,Micrograms/cubic meter (LC),,1,100,7.2,7.2,0,40.0,170,Met One BAM-1020 Mass Monitor w/VSCC - Beta Attenuation,Los Angeles-North Main Street,"1630 N MAIN ST, LOS ANGELES",California,Los Angeles,Los Angeles,"Los Angeles-Long Beach-Anaheim, CA",21-05-2024,pm25
6,37,1103,88101,3,34.06659,-118.22688,WGS84,PM2.5 - Local Conditions,24-HR BLK AVG,PM25 24-hour 2012,16-10-2022,Micrograms/cubic meter (LC),,1,100,6.9,6.9,0,38.0,170,Met One BAM-1020 Mass Monitor w/VSCC - Beta Attenuation,Los Angeles-North Main Street,"1630 N MAIN ST, LOS ANGELES",California,Los Angeles,Los Angeles,"Los Angeles-Long Beach-Anaheim, CA",21-05-2024,pm25
6,37,1103,88101,3,34.06659,-118.22688,WGS84,PM2.5 - Local Conditions,24-HR BLK AVG,PM25 24-hour 2012,17-10-2022,Micrograms/cubic meter (LC),,1,100,9.3,9.3,0,51.0,170,Met One BAM-1020 Mass Monitor w/VSCC - Beta Attenuation,Los Angeles-North Main Street,"1630 N MAIN ST, LOS ANGELES",California,Los Angeles,Los Angeles,"Los Angeles-Long Beach-Anaheim, CA",21-05-2024,pm25
6,37,1103,88101,3,34.06659,-118.22688,WGS84,PM2.5 - Local Conditions,24-HR BLK AVG,PM25 24-hour 2012,18-10-2022,Micrograms/cubic meter (LC),,1,100,12.3,12.3,0,57.0,170,Met One BAM-1020 Mass Monitor w/VSCC - Beta Attenuation,Los Angeles-North Main Street,"1630 N MAIN ST, LOS ANGELES",California,Los Angeles,Los Angeles,"Los Angeles-Long Beach-Anaheim, CA",21-05-2024,pm25
6,37,1103,88101,3,34.06659,-118.22688,WGS84,PM2.5 - Local Conditions,24-HR BLK AVG,PM25 24-hour 2012,19-10-2022,Micrograms/cubic meter (LC),,1,100,7.4,7.4,0,41.0,170,Met One BAM-1020 Mass Monitor w/VSCC - Beta Attenuation,Los Angeles-North Main Street,"1630 N MAIN ST, LOS ANGELES",California,Los Angeles,Los Angeles,"Los Angeles-Long Beach-Anaheim, CA",21-05-2024,pm25
6,37,1103,88101,3,34.06659,-118.22688,WGS84,PM2.5 - Local Conditions,24-HR BLK AVG,PM25 24-hour 2012,20-10-2022,Micrograms/cubic meter (LC),,1,100,9.5,9.5,0,52.0,170,Met One BAM-1020 Mass Monitor w/VSCC - Beta Attenuation,Los Angeles-North Main Street,"1630 N MAIN ST, LOS ANGELES",California,Los Angeles,Los Angeles,"Los Angeles-Long Beach-Anaheim, CA",21-05-2024,pm25
6,37,1103,88101,3,34.06659,-118.22688,WGS84,PM2.5 - Local Conditions,24-HR BLK AVG,PM25 24-hour 2012,21-10-2022,Micrograms/cubic meter (LC),,1,100,12.7,12.7,0,58.0,170,Met One BAM-1020 Mass Monitor w/VSCC - Beta Attenuation,Los Angeles-North Main Street,"1630 N MAIN ST, LOS ANGELES",California,Los Angeles,Los Angeles,"Los Angeles-Long Beach-Anaheim, CA",21-05-2024,pm25
6,37,1103,88101,3,34.06659,-118.22688,WGS84,PM2.5 - Local Conditions,24-HR BLK AVG,PM25 24-hour 2012,22-10-2022,Micrograms/cubic meter (LC),,1,100,10.2,10.2,0,53.0,170,Met One BAM-1020 Mass Monitor w/VSCC - Beta Attenuation,Los Angeles-North Main Street,"1630 N MAIN ST, LOS ANGELES",California,Los Angeles,Los Angeles,"Los Angeles-Long Beach-Anaheim, CA",21-05-2024,pm25
6,37,1103,88101,3,34.06659,-118.22688,WGS84,PM2.5 - Local Conditions,24-HR BLK AVG,PM25 24-hour 2012,23-10-2022,Micrograms/cubic meter (LC),,1,100,7.5,7.5,0,42.0,170,Met One BAM-1020 Mass Monitor w/VSCC - Beta Attenuation,Los Angeles-North Main Street,"1630 N MAIN ST, LOS ANGELES",California,Los Angeles,Los Angeles,"Los Angeles-Long Beach-Anaheim, CA",21-05-2024,pm25
6,37,1103,88101,3,34.06659,-118.22688,WGS84,PM2.5 - Local Conditions,24-HR BLK AVG,PM25 24-hour 2012,24-10-2022,Micrograms/cubic meter (LC),,1,100,8.3,8.3,0,46.0,170,Met One BAM-1020 Mass Monitor w/VSCC - Beta Attenuation,Los Angeles-North Main Street,"1630 N MAIN ST, LOS ANGELES",California,Los Angeles,Los Angeles,"Los Angeles-Long Beach-Anaheim, CA",21-05-2024,pm25
6,37,1103,88101,3,34.06659,-118.22688,WGS84,PM2.5 - Local Conditions,24-HR BLK AVG,PM25 24-hour 2012,25-10-2022,Micrograms/cubic meter (LC),,1,100,8.7,8.7,0,48.0,170,Met One BAM-1020 Mass Monitor w/VSCC - Beta Attenuation,Los Angeles-North Main Street,"1630 N MAIN ST, LOS ANGELES",California,Los Angeles,Los Angeles,"Los Angeles-Long Beach-Anaheim, CA",21-05-2024,pm25
6,37,1103,88101,3,34.06659,-118.22688,WGS84,PM2.5 - Local Conditions,24-HR BLK AVG,PM25 24-hour 2012,26-10-2022,Micrograms/cubic meter (LC),,1,100,9.4,9.4,0,52.0,170,Met One BAM-1020 Mass Monitor w/VSCC - Beta Attenuation,Los Angeles-North Main Street,"1630 N MAIN ST, LOS ANGELES",California,Los Angeles,Los Angeles,"Los Angeles-Long Beach-Anaheim, CA",21-05-2024,pm25
6,37,1103,88101,3,34.06659,-118.22688,WGS84,PM2.5 - Local Conditions,24-HR BLK AVG,PM25 24-hour 2012,27-10-2022,Micrograms/cubic meter (LC),,1,100,13.7,13.7,0,60.0,170,Met One BAM-1020 Mass Monitor w/VSCC - Beta Attenuation,Los Angeles-North Main Street,"1630 N MAIN ST, LOS ANGELES",California,Los Angeles,Los Angeles,"Los Angeles-Long Beach-Anaheim, CA",21-05-2024,pm25
6,37,1103,88101,3,34.06659,-118.22688,WGS84,PM2.5 - Local Conditions,24-HR BLK AVG,PM25 24-hour 2012,28-10-2022,Micrograms/cubic meter (LC),,1,100,16.8,16.8,0,65.0,170,Met One BAM-1020 Mass Monitor w/VSCC - Beta Attenuation,Los Angeles-North Main Street,"1630 N MAIN ST, LOS ANGELES",California,Los Angeles,Los Angeles,"Los Angeles-Long Beach-Anaheim, CA",21-05-2024,pm25
6,37,1103,88101,3,34.06659,-118.22688,WGS84,PM2.5 - Local Conditions,24-HR BLK AVG,PM25 24-hour 2012,29-10-2022,Micrograms/cubic meter (LC),,1,100,16.3,16.3,0,64.0,170,Met One BAM-1020 Mass Monitor w/VSCC - Beta Attenuation,Los Angeles-North Main Street,"1630 N MAIN ST, LOS ANGELES",California,Los Angeles,Los Angeles,"Los Angeles-Long Beach-Anaheim, CA",21-05-2024,pm25
6,37,1103,88101,3,34.06659,-118.22688,WGS84,PM2.5 - Local Conditions,24-HR BLK AVG,PM25 24-hour 2012,30-10-2022,Micrograms/cubic meter (LC),,1,100,15.5,15.5,0,63.0,170,Met One BAM-1020 Mass Monitor w/VSCC - Beta Attenuation,Los Angeles-North Main Street,"1630 N MAIN ST, LOS ANGELES",California,Los Angeles,Los Angeles,"Los Angeles-Long Beach-Anaheim, CA",21-05-2024,pm25
6,37,1103,88101,3,34.06659,-118.22688,WGS84,PM2.5 - Local Conditions,24-HR BLK AVG,PM25 24-hour 2012,31-10-2022,Micrograms/cubic meter (LC),,1,100,16.3,16.3,0,64.0,170,Met One BAM-1020 Mass Monitor w/VSCC - Beta Attenuation,Los Angeles-North Main Street,"1630 N MAIN ST, LOS ANGELES",California,Los Angeles,Los Angeles,"Los Angeles-Long Beach-Anaheim, CA",21-05-2024,pm25
6,37,1103,88101,3,34.06659,-118.22688,WGS84,PM2.5 - Local Conditions,24-HR BLK AVG,PM25 24-hour 2012,01-11-2022,Micrograms/cubic meter (LC),,1,100,13.4,13.4,0,59.0,170,Met One BAM-1020 Mass Monitor w/VSCC - Beta Attenuation,Los Angeles-North Main Street,"1630 N MAIN ST, LOS ANGELES",California,Los Angeles,Los Angeles,"Los Angeles-Long Beach-Anaheim, CA",21-05-2024,pm25
6,37,1103,88101,3,34.06659,-118.22688,WGS84,PM2.5 - Local Conditions,24-HR BLK AVG,PM25 24-hour 2012,02-11-2022,Micrograms/cubic meter (LC),,1,100,5.3,5.3,0,29.0,170,Met One BAM-1020 Mass Monitor w/VSCC - Beta Attenuation,Los Angeles-North Main Street,"1630 N MAIN ST, LOS ANGELES",California,Los Angeles,Los Angeles,"Los Angeles-Long Beach-Anaheim, CA",21-05-2024,pm25
6,37,1103,88101,3,34.06659,-118.22688,WGS84,PM2.5 - Local Conditions,24-HR BLK AVG,PM25 24-hour 2012,03-11-2022,Micrograms/cubic meter (LC),,1,100,3.6,3.6,0,20.0,170,Met One BAM-1020 Mass Monitor w/VSCC - Beta Attenuation,Los Angeles-North Main Street,"1630 N MAIN ST, LOS ANGELES",California,Los Angeles,Los Angeles,"Los Angeles-Long Beach-Anaheim, CA",21-05-2024,pm25
6,37,1103,88101,3,34.06659,-118.22688,WGS84,PM2.5 - Local Conditions,24-HR BLK AVG,PM25 24-hour 2012,04-11-2022,Micrograms/cubic meter (LC),,1,100,5.8,5.8,0,32.0,170,Met One BAM-1020 Mass Monitor w/VSCC - Beta Attenuation,Los Angeles-North Main Street,"1630 N MAIN ST, LOS ANGELES",California,Los Angeles,Los Angeles,"Los Angeles-Long Beach-Anaheim, CA",21-05-2024,pm25
6,37,1103,88101,3,34.06659,-118.22688,WGS84,PM2.5 - Local Conditions,24-HR BLK AVG,PM25 24-hour 2012,05-11-2022,Micrograms/cubic meter (LC),,1,100,11.8,11.8,0,56.0,170,Met One BAM-1020 Mass Monitor w/VSCC - Beta Attenuation,Los Angeles-North Main Street,"1630 N MAIN ST, LOS ANGELES",California,Los Angeles,Los Angeles,"Los Angeles-Long Beach-Anaheim, CA",21-05-2024,pm25
6,37,1103,88101,3,34.06659,-118.22688,WGS84,PM2.5 - Local Conditions,24-HR BLK AVG,PM25 24-hour 2012,06-11-2022,Micrograms/cubic meter (LC),,1,100,11.6,11.6,0,56.0,170,Met One BAM-1020 Mass Monitor w/VSCC - Beta Attenuation,Los Angeles-North Main Street,"1630 N MAIN ST, LOS ANGELES",California,Los Angeles,Los Angeles,"Los Angeles-Long Beach-Anaheim, CA",21-05-2024,pm25
6,37,1103,88101,3,34.06659,-118.22688,WGS84,PM2.5 - Local Conditions,24-HR BLK AVG,PM25 24-hour 2012,07-11-2022,Micrograms/cubic meter (LC),,1,100,7.1,7.1,0,39.0,170,Met One BAM-1020 Mass Monitor w/VSCC - Beta Attenuation,Los Angeles-North Main Street,"1630 N MAIN ST, LOS ANGELES",California,Los Angeles,Los Angeles,"Los Angeles-Long Beach-Anaheim, CA",21-05-2024,pm25
6,37,1103,88101,3,34.06659,-118.22688,WGS84,PM2.5 - Local Conditions,24-HR BLK AVG,PM25 24-hour 2012,08-11-2022,Micrograms/cubic meter (LC),,1,100,3.9,3.9,0,22.0,170,Met One BAM-1020 Mass Monitor w/VSCC - Beta Attenuation,Los Angeles-North Main Street,"1630 N MAIN ST, LOS ANGELES",California,Los Angeles,Los Angeles,"Los Angeles-Long Beach-Anaheim, CA",21-05-2024,pm25
6,37,1103,88101,3,34.06659,-118.22688,WGS84,PM2.5 - Local Conditions,24-HR BLK AVG,PM25 24-hour 2012,09-11-2022,Micrograms/cubic meter (LC),,1,100,5.4,5.4,0,30.0,170,Met One BAM-1020 Mass Monitor w/VSCC - Beta Attenuation,Los Angeles-North Main Street,"1630 N MAIN ST, LOS ANGELES",California,Los Angeles,Los Angeles,"Los Angeles-Long Beach-Anaheim, CA",21-05-2024,pm25
6,37,1103,88101,3,34.06659,-118.22688,WGS84,PM2.5 - Local Conditions,24-HR BLK AVG,PM25 24-hour 2012,10-11-2022,Micrograms/cubic meter (LC),,1,100,8.7,8.7,0,48.0,170,Met One BAM-1020 Mass Monitor w/VSCC - Beta Attenuation,Los Angeles-North Main Street,"1630 N MAIN ST, LOS ANGELES",California,Los Angeles,Los Angeles,"Los Angeles-Long Beach-Anaheim, CA",21-05-2024,pm25
6,37,1103,88101,3,34.06659,-118.22688,WGS84,PM2.5 - Local Conditions,24-HR BLK AVG,PM25 24-hour 2012,11-11-2022,Micrograms/cubic meter (LC),,1,100,7.8,7.8,0,43.0,170,Met One BAM-1020 Mass Monitor w/VSCC - Beta Attenuation,Los Angeles-North Main Street,"1630 N MAIN ST, LOS ANGELES",California,Los Angeles,Los Angeles,"Los Angeles-Long Beach-Anaheim, CA",21-05-2024,pm25
6,37,1103,88101,3,34.06659,-118.22688,WGS84,PM2.5 - Local Conditions,24-HR BLK AVG,PM25 24-hour 2012,12-11-2022,Micrograms/cubic meter (LC),,1,100,10.2,10.2,0,53.0,170,Met One BAM-1020 Mass Monitor w/VSCC - Beta Attenuation,Los Angeles-North Main Street,"1630 N MAIN ST, LOS ANGELES",California,Los Angeles,Los Angeles,"Los Angeles-Long Beach-Anaheim, CA",21-05-2024,pm25
6,37,1103,88101,3,34.06659,-118.22688,WGS84,PM2.5 - Local Conditions,24-HR BLK AVG,PM25 24-hour 2012,13-11-2022,Micrograms/cubic meter (LC),,1,100,10.1,10.1,0,53.0,170,Met One BAM-1020 Mass Monitor w/VSCC - Beta Attenuation,Los Angeles-North Main Street,"1630 N MAIN ST, LOS ANGELES",California,Los Angeles,Los Angeles,"Los Angeles-Long Beach-Anaheim, CA",21-05-2024,pm25
6,37,1103,88101,3,34.06659,-118.22688,WGS84,PM2.5 - Local Conditions,24-HR BLK AVG,PM25 24-hour 2012,14-11-2022,Micrograms/cubic meter (LC),,1,100,9.5,9.5,0,52.0,170,Met One BAM-1020 Mass Monitor w/VSCC - Beta Attenuation,Los Angeles-North Main Street,"1630 N MAIN ST, LOS ANGELES",California,Los Angeles,Los Angeles,"Los Angeles-Long Beach-Anaheim, CA",21-05-2024,pm25
6,37,1103,88101,3,34.06659,-118.22688,WGS84,PM2.5 - Local Conditions,24-HR BLK AVG,PM25 24-hour 2012,15-11-2022,Micrograms/cubic meter (LC),,1,100,10.2,10.2,0,53.0,170,Met One BAM-1020 Mass Monitor w/VSCC - Beta Attenuation,Los Angeles-North Main Street,"1630 N MAIN ST, LOS ANGELES",California,Los Angeles,Los Angeles,"Los Angeles-Long Beach-Anaheim, CA",21-05-2024,pm25
6,37,1103,88101,3,34.06659,-118.22688,WGS84,PM2.5 - Local Conditions,24-HR BLK AVG,PM25 24-hour 2012,16-11-2022,Micrograms/cubic meter (LC),,1,100,9.3,9.3,0,51.0,170,Met One BAM-1020 Mass Monitor w/VSCC - Beta Attenuation,Los Angeles-North Main Street,"1630 N MAIN ST, LOS ANGELES",California,Los Angeles,Los Angeles,"Los Angeles-Long Beach-Anaheim, CA",21-05-2024,pm25
6,37,1103,88101,3,34.06659,-118.22688,WGS84,PM2.5 - Local Conditions,24-HR BLK AVG,PM25 24-hour 2012,17-11-2022,Micrograms/cubic meter (LC),,1,100,9.5,9.5,0,52.0,170,Met One BAM-1020 Mass Monitor w/VSCC - Beta Attenuation,Los Angeles-North Main Street,"1630 N MAIN ST, LOS ANGELES",California,Los Angeles,Los Angeles,"Los Angeles-Long Beach-Anaheim, CA",21-05-2024,pm25
6,37,1103,88101,3,34.06659,-118.22688,WGS84,PM2.5 - Local Conditions,24-HR BLK AVG,PM25 24-hour 2012,18-11-2022,Micrograms/cubic meter (LC),,1,100,14.3,14.3,0,61.0,170,Met One BAM-1020 Mass Monitor w/VSCC - Beta Attenuation,Los Angeles-North Main Street,"1630 N MAIN ST, LOS ANGELES",California,Los Angeles,Los Angeles,"Los Angeles-Long Beach-Anaheim, CA",21-05-2024,pm25
6,37,1103,88101,3,34.06659,-118.22688,WGS84,PM2.5 - Local Conditions,24-HR BLK AVG,PM25 24-hour 2012,19-11-2022,Micrograms/cubic meter (LC),,1,100,11.9,11.9,0,56.0,170,Met One BAM-1020 Mass Monitor w/VSCC - Beta Attenuation,Los Angeles-North Main Street,"1630 N MAIN ST, LOS ANGELES",California,Los Angeles,Los Angeles,"Los Angeles-Long Beach-Anaheim, CA",21-05-2024,pm25
6,37,1103,88101,3,34.06659,-118.22688,WGS84,PM2.5 - Local Conditions,24-HR BLK AVG,PM25 24-hour 2012,20-11-2022,Micrograms/cubic meter (LC),,1,100,10.1,10.1,0,53.0,170,Met One BAM-1020 Mass Monitor w/VSCC - Beta Attenuation,Los Angeles-North Main Street,"1630 N MAIN ST, LOS ANGELES",California,Los Angeles,Los Angeles,"Los Angeles-Long Beach-Anaheim, CA",21-05-2024,pm25
6,37,1103,88101,3,34.06659,-118.22688,WGS84,PM2.5 - Local Conditions,24-HR BLK AVG,PM25 24-hour 2012,21-11-2022,Micrograms/cubic meter (LC),,1,100,8.9,8.9,0,49.0,170,Met One BAM-1020 Mass Monitor w/VSCC - Beta Attenuation,Los Angeles-North Main Street,"1630 N MAIN ST, LOS ANGELES",California,Los Angeles,Los Angeles,"Los Angeles-Long Beach-Anaheim, CA",21-05-2024,pm25
6,37,1103,88101,3,34.06659,-118.22688,WGS84,PM2.5 - Local Conditions,24-HR BLK AVG,PM25 24-hour 2012,22-11-2022,Micrograms/cubic meter (LC),,1,100,9.5,9.5,0,52.0,170,Met One BAM-1020 Mass Monitor w/VSCC - Beta Attenuation,Los Angeles-North Main Street,"1630 N MAIN ST, LOS ANGELES",California,Los Angeles,Los Angeles,"Los Angeles-Long Beach-Anaheim, CA",21-05-2024,pm25
6,37,1103,88101,3,34.06659,-118.22688,WGS84,PM2.5 - Local Conditions,24-HR BLK AVG,PM25 24-hour 2012,23-11-2022,Micrograms/cubic meter (LC),,1,100,18.3,18.3,0,68.0,170,Met One BAM-1020 Mass Monitor w/VSCC - Beta Attenuation,Los Angeles-North Main Street,"1630 N MAIN ST, LOS ANGELES",California,Los Angeles,Los Angeles,"Los Angeles-Long Beach-Anaheim, CA",21-05-2024,pm25
6,37,1103,88101,3,34.06659,-118.22688,WGS84,PM2.5 - Local Conditions,24-HR BLK AVG,PM25 24-hour 2012,24-11-2022,Micrograms/cubic meter (LC),,1,100,19.5,19.5,0,70.0,170,Met One BAM-1020 Mass Monitor w/VSCC - Beta Attenuation,Los Angeles-North Main Street,"1630 N MAIN ST, LOS ANGELES",California,Los Angeles,Los Angeles,"Los Angeles-Long Beach-Anaheim, CA",21-05-2024,pm25
6,37,1103,88101,3,34.06659,-118.22688,WGS84,PM2.5 - Local Conditions,24-HR BLK AVG,PM25 24-hour 2012,25-11-2022,Micrograms/cubic meter (LC),,1,100,11.1,11.1,0,55.0,170,Met One BAM-1020 Mass Monitor w/VSCC - Beta Attenuation,Los Angeles-North Main Street,"1630 N MAIN ST, LOS ANGELES",California,Los Angeles,Los Angeles,"Los Angeles-Long Beach-Anaheim, CA",21-05-2024,pm25
6,37,1103,88101,3,34.06659,-118.22688,WGS84,PM2.5 - Local Conditions,24-HR BLK AVG,PM25 24-hour 2012,26-11-2022,Micrograms/cubic meter (LC),,1,100,12.1,12.1,0,57.0,170,Met One BAM-1020 Mass Monitor w/VSCC - Beta Attenuation,Los Angeles-North Main Street,"1630 N MAIN ST, LOS ANGELES",California,Los Angeles,Los Angeles,"Los Angeles-Long Beach-Anaheim, CA",21-05-2024,pm25
6,37,1103,88101,3,34.06659,-118.22688,WGS84,PM2.5 - Local Conditions,24-HR BLK AVG,PM25 24-hour 2012,27-11-2022,Micrograms/cubic meter (LC),,1,100,17.3,17.3,0,66.0,170,Met One BAM-1020 Mass Monitor w/VSCC - Beta Attenuation,Los Angeles-North Main Street,"1630 N MAIN ST, LOS ANGELES",California,Los Angeles,Los Angeles,"Los Angeles-Long Beach-Anaheim, CA",21-05-2024,pm25
6,37,1103,88101,3,34.06659,-118.22688,WGS84,PM2.5 - Local Conditions,24-HR BLK AVG,PM25 24-hour 2012,28-11-2022,Micrograms/cubic meter (LC),,1,100,15.0,15.0,0,62.0,170,Met One BAM-1020 Mass Monitor w/VSCC - Beta Attenuation,Los Angeles-North Main Street,"1630 N MAIN ST, LOS ANGELES",California,Los Angeles,Los Angeles,"Los Angeles-Long Beach-Anaheim, CA",21-05-2024,pm25
6,37,1103,88101,3,34.06659,-118.22688,WGS84,PM2.5 - Local Conditions,24-HR BLK AVG,PM25 24-hour 2012,29-11-2022,Micrograms/cubic meter (LC),,1,100,13.3,13.3,0,59.0,170,Met One BAM-1020 Mass Monitor w/VSCC - Beta Attenuation,Los Angeles-North Main Street,"1630 N MAIN ST, LOS ANGELES",California,Los Angeles,Los Angeles,"Los Angeles-Long Beach-Anaheim, CA",21-05-2024,pm25
6,37,1103,88101,3,34.06659,-118.22688,WGS84,PM2.5 - Local Conditions,24-HR BLK AVG,PM25 24-hour 2012,30-11-2022,Micrograms/cubic meter (LC),,1,100,11.8,11.8,0,56.0,170,Met One BAM-1020 Mass Monitor w/VSCC - Beta Attenuation,Los Angeles-North Main Street,"1630 N MAIN ST, LOS ANGELES",California,Los Angeles,Los Angeles,"Los Angeles-Long Beach-Anaheim, CA",21-05-2024,pm25
6,37,1103,88101,3,34.06659,-118.22688,WGS84,PM2.5 - Local Conditions,24-HR BLK AVG,PM25 24-hour 2012,01-12-2022,Micrograms/cubic meter (LC),,1,100,7.1,7.1,0,39.0,170,Met One BAM-1020 Mass Monitor w/VSCC - Beta Attenuation,Los Angeles-North Main Street,"1630 N MAIN ST, LOS ANGELES",California,Los Angeles,Los Angeles,"Los Angeles-Long Beach-Anaheim, CA",21-05-2024,pm25
6,37,1103,88101,3,34.06659,-118.22688,WGS84,PM2.5 - Local Conditions,24-HR BLK AVG,PM25 24-hour 2012,02-12-2022,Micrograms/cubic meter (LC),,1,100,6.5,6.5,0,36.0,170,Met One BAM-1020 Mass Monitor w/VSCC - Beta Attenuation,Los Angeles-North Main Street,"1630 N MAIN ST, LOS ANGELES",California,Los Angeles,Los Angeles,"Los Angeles-Long Beach-Anaheim, CA",21-05-2024,pm25
6,37,1103,88101,3,34.06659,-118.22688,WGS84,PM2.5 - Local Conditions,24-HR BLK AVG,PM25 24-hour 2012,03-12-2022,Micrograms/cubic meter (LC),,1,100,8.9,8.9,0,49.0,170,Met One BAM-1020 Mass Monitor w/VSCC - Beta Attenuation,Los Angeles-North Main Street,"1630 N MAIN ST, LOS ANGELES",California,Los Angeles,Los Angeles,"Los Angeles-Long Beach-Anaheim, CA",21-05-2024,pm25
6,37,1103,88101,3,34.06659,-118.22688,WGS84,PM2.5 - Local Conditions,24-HR BLK AVG,PM25 24-hour 2012,04-12-2022,Micrograms/cubic meter (LC),,1,100,9.5,9.5,0,52.0,170,Met One BAM-1020 Mass Monitor w/VSCC - Beta Attenuation,Los Angeles-North Main Street,"1630 N MAIN ST, LOS ANGELES",California,Los Angeles,Los Angeles,"Los Angeles-Long Beach-Anaheim, CA",21-05-2024,pm25
6,37,1103,88101,3,34.06659,-118.22688,WGS84,PM2.5 - Local Conditions,24-HR BLK AVG,PM25 24-hour 2012,05-12-2022,Micrograms/cubic meter (LC),,1,100,5.9,5.9,0,33.0,170,Met One BAM-1020 Mass Monitor w/VSCC - Beta Attenuation,Los Angeles-North Main Street,"1630 N MAIN ST, LOS ANGELES",California,Los Angeles,Los Angeles,"Los Angeles-Long Beach-Anaheim, CA",21-05-2024,pm25
6,37,1103,88101,3,34.06659,-118.22688,WGS84,PM2.5 - Local Conditions,24-HR BLK AVG,PM25 24-hour 2012,06-12-2022,Micrograms/cubic meter (LC),,1,100,7.1,7.1,0,39.0,170,Met One BAM-1020 Mass Monitor w/VSCC - Beta Attenuation,Los Angeles-North Main Street,"1630 N MAIN ST, LOS ANGELES",California,Los Angeles,Los Angeles,"Los Angeles-Long Beach-Anaheim, CA",21-05-2024,pm25
6,37,1103,88101,3,34.06659,-118.22688,WGS84,PM2.5 - Local Conditions,24-HR BLK AVG,PM25 24-hour 2012,07-12-2022,Micrograms/cubic meter (LC),,1,100,10.5,10.5,0,54.0,170,Met One BAM-1020 Mass Monitor w/VSCC - Beta Attenuation,Los Angeles-North Main Street,"1630 N MAIN ST, LOS ANGELES",California,Los Angeles,Los Angeles,"Los Angeles-Long Beach-Anaheim, CA",21-05-2024,pm25
6,37,1103,88101,3,34.06659,-118.22688,WGS84,PM2.5 - Local Conditions,24-HR BLK AVG,PM25 24-hour 2012,08-12-2022,Micrograms/cubic meter (LC),,1,100,9.1,9.1,0,51.0,170,Met One BAM-1020 Mass Monitor w/VSCC - Beta Attenuation,Los Angeles-North Main Street,"1630 N MAIN ST, LOS ANGELES",California,Los Angeles,Los Angeles,"Los Angeles-Long Beach-Anaheim, CA",21-05-2024,pm25
6,37,1103,88101,3,34.06659,-118.22688,WGS84,PM2.5 - Local Conditions,24-HR BLK AVG,PM25 24-hour 2012,09-12-2022,Micrograms/cubic meter (LC),,1,100,13.3,13.3,0,59.0,170,Met One BAM-1020 Mass Monitor w/VSCC - Beta Attenuation,Los Angeles-North Main Street,"1630 N MAIN ST, LOS ANGELES",California,Los Angeles,Los Angeles,"Los Angeles-Long Beach-Anaheim, CA",21-05-2024,pm25
6,37,1103,88101,3,34.06659,-118.22688,WGS84,PM2.5 - Local Conditions,24-HR BLK AVG,PM25 24-hour 2012,10-12-2022,Micrograms/cubic meter (LC),,1,100,11.3,11.3,0,55.0,170,Met One BAM-1020 Mass Monitor w/VSCC - Beta Attenuation,Los Angeles-North Main Street,"1630 N MAIN ST, LOS ANGELES",California,Los Angeles,Los Angeles,"Los Angeles-Long Beach-Anaheim, CA",21-05-2024,pm25
6,37,1103,88101,3,34.06659,-118.22688,WGS84,PM2.5 - Local Conditions,24-HR BLK AVG,PM25 24-hour 2012,11-12-2022,Micrograms/cubic meter (LC),,1,100,5.6,5.6,0,31.0,170,Met One BAM-1020 Mass Monitor w/VSCC - Beta Attenuation,Los Angeles-North Main Street,"1630 N MAIN ST, LOS ANGELES",California,Los Angeles,Los Angeles,"Los Angeles-Long Beach-Anaheim, CA",21-05-2024,pm25
6,37,1103,88101,3,34.06659,-118.22688,WGS84,PM2.5 - Local Conditions,24-HR BLK AVG,PM25 24-hour 2012,12-12-2022,Micrograms/cubic meter (LC),,1,100,5.9,5.9,0,33.0,170,Met One BAM-1020 Mass Monitor w/VSCC - Beta Attenuation,Los Angeles-North Main Street,"1630 N MAIN ST, LOS ANGELES",California,Los Angeles,Los Angeles,"Los Angeles-Long Beach-Anaheim, CA",21-05-2024,pm25
6,37,1103,88101,3,34.06659,-118.22688,WGS84,PM2.5 - Local Conditions,24-HR BLK AVG,PM25 24-hour 2012,13-12-2022,Micrograms/cubic meter (LC),,1,100,10.4,10.4,0,53.0,170,Met One BAM-1020 Mass Monitor w/VSCC - Beta Attenuation,Los Angeles-North Main Street,"1630 N MAIN ST, LOS ANGELES",California,Los Angeles,Los Angeles,"Los Angeles-Long Beach-Anaheim, CA",21-05-2024,pm25
6,37,1103,88101,3,34.06659,-118.22688,WGS84,PM2.5 - Local Conditions,24-HR BLK AVG,PM25 24-hour 2012,14-12-2022,Micrograms/cubic meter (LC),,1,100,12.2,12.2,0,57.0,170,Met One BAM-1020 Mass Monitor w/VSCC - Beta Attenuation,Los Angeles-North Main Street,"1630 N MAIN ST, LOS ANGELES",California,Los Angeles,Los Angeles,"Los Angeles-Long Beach-Anaheim, CA",21-05-2024,pm25
6,37,1103,88101,3,34.06659,-118.22688,WGS84,PM2.5 - Local Conditions,24-HR BLK AVG,PM25 24-hour 2012,15-12-2022,Micrograms/cubic meter (LC),,1,100,12.9,12.9,0,58.0,170,Met One BAM-1020 Mass Monitor w/VSCC - Beta Attenuation,Los Angeles-North Main Street,"1630 N MAIN ST, LOS ANGELES",California,Los Angeles,Los Angeles,"Los Angeles-Long Beach-Anaheim, CA",21-05-2024,pm25
6,37,1103,88101,3,34.06659,-118.22688,WGS84,PM2.5 - Local Conditions,24-HR BLK AVG,PM25 24-hour 2012,16-12-2022,Micrograms/cubic meter (LC),,1,100,10.2,10.2,0,53.0,170,Met One BAM-1020 Mass Monitor w/VSCC - Beta Attenuation,Los Angeles-North Main Street,"1630 N MAIN ST, LOS ANGELES",California,Los Angeles,Los Angeles,"Los Angeles-Long Beach-Anaheim, CA",21-05-2024,pm25
6,37,1103,88101,3,34.06659,-118.22688,WGS84,PM2.5 - Local Conditions,24-HR BLK AVG,PM25 24-hour 2012,17-12-2022,Micrograms/cubic meter (LC),,1,100,10.3,10.3,0,53.0,170,Met One BAM-1020 Mass Monitor w/VSCC - Beta Attenuation,Los Angeles-North Main Street,"1630 N MAIN ST, LOS ANGELES",California,Los Angeles,Los Angeles,"Los Angeles-Long Beach-Anaheim, CA",21-05-2024,pm25
6,37,1103,88101,3,34.06659,-118.22688,WGS84,PM2.5 - Local Conditions,24-HR BLK AVG,PM25 24-hour 2012,18-12-2022,Micrograms/cubic meter (LC),,1,100,11.5,11.5,0,55.0,170,Met One BAM-1020 Mass Monitor w/VSCC - Beta Attenuation,Los Angeles-North Main Street,"1630 N MAIN ST, LOS ANGELES",California,Los Angeles,Los Angeles,"Los Angeles-Long Beach-Anaheim, CA",21-05-2024,pm25
6,37,1103,88101,3,34.06659,-118.22688,WGS84,PM2.5 - Local Conditions,24-HR BLK AVG,PM25 24-hour 2012,19-12-2022,Micrograms/cubic meter (LC),,1,100,20.5,20.5,0,72.0,170,Met One BAM-1020 Mass Monitor w/VSCC - Beta Attenuation,Los Angeles-North Main Street,"1630 N MAIN ST, LOS ANGELES",California,Los Angeles,Los Angeles,"Los Angeles-Long Beach-Anaheim, CA",21-05-2024,pm25
6,37,1103,88101,3,34.06659,-118.22688,WGS84,PM2.5 - Local Conditions,24-HR BLK AVG,PM25 24-hour 2012,20-12-2022,Micrograms/cubic meter (LC),,1,100,13.4,13.4,0,59.0,170,Met One BAM-1020 Mass Monitor w/VSCC - Beta Attenuation,Los Angeles-North Main Street,"1630 N MAIN ST, LOS ANGELES",California,Los Angeles,Los Angeles,"Los Angeles-Long Beach-Anaheim, CA",21-05-2024,pm25
6,37,1103,88101,3,34.06659,-118.22688,WGS84,PM2.5 - Local Conditions,24-HR BLK AVG,PM25 24-hour 2012,21-12-2022,Micrograms/cubic meter (LC),,1,100,15.8,15.8,0,63.0,170,Met One BAM-1020 Mass Monitor w/VSCC - Beta Attenuation,Los Angeles-North Main Street,"1630 N MAIN ST, LOS ANGELES",California,Los Angeles,Los Angeles,"Los Angeles-Long Beach-Anaheim, CA",21-05-2024,pm25
6,37,1103,88101,3,34.06659,-118.22688,WGS84,PM2.5 - Local Conditions,24-HR BLK AVG,PM25 24-hour 2012,22-12-2022,Micrograms/cubic meter (LC),,1,100,17.1,17.1,0,66.0,170,Met One BAM-1020 Mass Monitor w/VSCC - Beta Attenuation,Los Angeles-North Main Street,"1630 N MAIN ST, LOS ANGELES",California,Los Angeles,Los Angeles,"Los Angeles-Long Beach-Anaheim, CA",21-05-2024,pm25
6,37,1103,88101,3,34.06659,-118.22688,WGS84,PM2.5 - Local Conditions,24-HR BLK AVG,PM25 24-hour 2012,23-12-2022,Micrograms/cubic meter (LC),,1,100,27.1,27.1,0,85.0,170,Met One BAM-1020 Mass Monitor w/VSCC - Beta Attenuation,Los Angeles-North Main Street,"1630 N MAIN ST, LOS ANGELES",California,Los Angeles,Los Angeles,"Los Angeles-Long Beach-Anaheim, CA",21-05-2024,pm25
6,37,1103,88101,3,34.06659,-118.22688,WGS84,PM2.5 - Local Conditions,24-HR BLK AVG,PM25 24-hour 2012,24-12-2022,Micrograms/cubic meter (LC),,1,100,20.2,20.2,0,72.0,170,Met One BAM-1020 Mass Monitor w/VSCC - Beta Attenuation,Los Angeles-North Main Street,"1630 N MAIN ST, LOS ANGELES",California,Los Angeles,Los Angeles,"Los Angeles-Long Beach-Anaheim, CA",21-05-2024,pm25
6,37,1103,88101,3,34.06659,-118.22688,WGS84,PM2.5 - Local Conditions,24-HR BLK AVG,PM25 24-hour 2012,25-12-2022,Micrograms/cubic meter (LC),,1,100,9.1,9.1,0,51.0,170,Met One BAM-1020 Mass Monitor w/VSCC - Beta Attenuation,Los Angeles-North Main Street,"1630 N MAIN ST, LOS ANGELES",California,Los Angeles,Los Angeles,"Los Angeles-Long Beach-Anaheim, CA",21-05-2024,pm25
6,37,1103,88101,3,34.06659,-118.22688,WGS84,PM2.5 - Local Conditions,24-HR BLK AVG,PM25 24-hour 2012,26-12-2022,Micrograms/cubic meter (LC),,1,100,8.5,8.5,0,47.0,170,Met One BAM-1020 Mass Monitor w/VSCC - Beta Attenuation,Los Angeles-North Main Street,"1630 N MAIN ST, LOS ANGELES",California,Los Angeles,Los Angeles,"Los Angeles-Long Beach-Anaheim, CA",21-05-2024,pm25
6,37,1103,88101,3,34.06659,-118.22688,WGS84,PM2.5 - Local Conditions,24-HR BLK AVG,PM25 24-hour 2012,27-12-2022,Micrograms/cubic meter (LC),,1,100,13.6,13.6,0,59.0,170,Met One BAM-1020 Mass Monitor w/VSCC - Beta Attenuation,Los Angeles-North Main Street,"1630 N MAIN ST, LOS ANGELES",California,Los Angeles,Los Angeles,"Los Angeles-Long Beach-Anaheim, CA",21-05-2024,pm25
6,37,1103,88101,3,34.06659,-118.22688,WGS84,PM2.5 - Local Conditions,24-HR BLK AVG,PM25 24-hour 2012,28-12-2022,Micrograms/cubic meter (LC),,1,100,7.5,7.5,0,42.0,170,Met One BAM-1020 Mass Monitor w/VSCC - Beta Attenuation,Los Angeles-North Main Street,"1630 N MAIN ST, LOS ANGELES",California,Los Angeles,Los Angeles,"Los Angeles-Long Beach-Anaheim, CA",21-05-2024,pm25
6,37,1103,88101,3,34.06659,-118.22688,WGS84,PM2.5 - Local Conditions,24-HR BLK AVG,PM25 24-hour 2012,29-12-2022,Micrograms/cubic meter (LC),,1,100,9.3,9.3,0,51.0,170,Met One BAM-1020 Mass Monitor w/VSCC - Beta Attenuation,Los Angeles-North Main Street,"1630 N MAIN ST, LOS ANGELES",California,Los Angeles,Los Angeles,"Los Angeles-Long Beach-Anaheim, CA",21-05-2024,pm25
6,37,1103,88101,3,34.06659,-118.22688,WGS84,PM2.5 - Local Conditions,24-HR BLK AVG,PM25 24-hour 2012,30-12-2022,Micrograms/cubic meter (LC),,1,100,9.7,9.7,0,52.0,170,Met One BAM-1020 Mass Monitor w/VSCC - Beta Attenuation,Los Angeles-North Main Street,"1630 N MAIN ST, LOS ANGELES",California,Los Angeles,Los Angeles,"Los Angeles-Long Beach-Anaheim, CA",21-05-2024,pm25
6,37,1103,88101,3,34.06659,-118.22688,WGS84,PM2.5 - Local Conditions,24-HR BLK AVG,PM25 24-hour 2012,31-12-2022,Micrograms/cubic meter (LC),,1,100,3.5,3.5,0,19.0,170,Met One BAM-1020 Mass Monitor w/VSCC - Beta Attenuation,Los Angeles-North Main Street,"1630 N MAIN ST, LOS ANGELES",California,Los Angeles,Los Angeles,"Los Angeles-Long Beach-Anaheim, CA",21-05-2024,pm25
6,37,1103,88101,1,34.06659,-118.22688,WGS84,PM2.5 - Local Conditions,24 HOUR,PM25 24-hour 2012,01-01-2023,Micrograms/cubic meter (LC),,1,100,3.6,3.6,0,20.0,145,R & P Model 2025 PM-2.5 Sequential Air Sampler w/VSCC - Gravimetric,Los Angeles-North Main Street,"1630 N MAIN ST, LOS ANGELES",California,Los Angeles,Los Angeles,"Los Angeles-Long Beach-Anaheim, CA",17-05-2024,pm25
6,37,1103,88101,1,34.06659,-118.22688,WGS84,PM2.5 - Local Conditions,24 HOUR,PM25 24-hour 2012,02-01-2023,Micrograms/cubic meter (LC),,1,100,8.6,8.6,0,48.0,145,R & P Model 2025 PM-2.5 Sequential Air Sampler w/VSCC - Gravimetric,Los Angeles-North Main Street,"1630 N MAIN ST, LOS ANGELES",California,Los Angeles,Los Angeles,"Los Angeles-Long Beach-Anaheim, CA",17-05-2024,pm25
6,37,1103,88101,1,34.06659,-118.22688,WGS84,PM2.5 - Local Conditions,24 HOUR,PM25 24-hour 2012,03-01-2023,Micrograms/cubic meter (LC),,1,100,4.6,4.6,0,26.0,145,R & P Model 2025 PM-2.5 Sequential Air Sampler w/VSCC - Gravimetric,Los Angeles-North Main Street,"1630 N MAIN ST, LOS ANGELES",California,Los Angeles,Los Angeles,"Los Angeles-Long Beach-Anaheim, CA",17-05-2024,pm25
6,37,1103,88101,1,34.06659,-118.22688,WGS84,PM2.5 - Local Conditions,24 HOUR,PM25 24-hour 2012,04-01-2023,Micrograms/cubic meter (LC),,1,100,4.4,4.4,0,24.0,145,R & P Model 2025 PM-2.5 Sequential Air Sampler w/VSCC - Gravimetric,Los Angeles-North Main Street,"1630 N MAIN ST, LOS ANGELES",California,Los Angeles,Los Angeles,"Los Angeles-Long Beach-Anaheim, CA",17-05-2024,pm25
6,37,1103,88101,1,34.06659,-118.22688,WGS84,PM2.5 - Local Conditions,24 HOUR,PM25 24-hour 2012,05-01-2023,Micrograms/cubic meter (LC),,1,100,6.2,6.2,0,34.0,145,R & P Model 2025 PM-2.5 Sequential Air Sampler w/VSCC - Gravimetric,Los Angeles-North Main Street,"1630 N MAIN ST, LOS ANGELES",California,Los Angeles,Los Angeles,"Los Angeles-Long Beach-Anaheim, CA",17-05-2024,pm25
6,37,1103,88101,1,34.06659,-118.22688,WGS84,PM2.5 - Local Conditions,24 HOUR,PM25 24-hour 2012,06-01-2023,Micrograms/cubic meter (LC),,1,100,9.9,9.9,0,52.0,145,R & P Model 2025 PM-2.5 Sequential Air Sampler w/VSCC - Gravimetric,Los Angeles-North Main Street,"1630 N MAIN ST, LOS ANGELES",California,Los Angeles,Los Angeles,"Los Angeles-Long Beach-Anaheim, CA",17-05-2024,pm25
6,37,1103,88101,1,34.06659,-118.22688,WGS84,PM2.5 - Local Conditions,24 HOUR,PM25 24-hour 2012,07-01-2023,Micrograms/cubic meter (LC),,1,100,9.6,9.6,0,52.0,145,R & P Model 2025 PM-2.5 Sequential Air Sampler w/VSCC - Gravimetric,Los Angeles-North Main Street,"1630 N MAIN ST, LOS ANGELES",California,Los Angeles,Los Angeles,"Los Angeles-Long Beach-Anaheim, CA",17-05-2024,pm25
6,37,1103,88101,1,34.06659,-118.22688,WGS84,PM2.5 - Local Conditions,24 HOUR,PM25 24-hour 2012,08-01-2023,Micrograms/cubic meter (LC),,1,100,14.7,14.7,0,61.0,145,R & P Model 2025 PM-2.5 Sequential Air Sampler w/VSCC - Gravimetric,Los Angeles-North Main Street,"1630 N MAIN ST, LOS ANGELES",California,Los Angeles,Los Angeles,"Los Angeles-Long Beach-Anaheim, CA",17-05-2024,pm25
6,37,1103,88101,1,34.06659,-118.22688,WGS84,PM2.5 - Local Conditions,24 HOUR,PM25 24-hour 2012,09-01-2023,Micrograms/cubic meter (LC),,1,100,6.3,6.3,0,35.0,145,R & P Model 2025 PM-2.5 Sequential Air Sampler w/VSCC - Gravimetric,Los Angeles-North Main Street,"1630 N MAIN ST, LOS ANGELES",California,Los Angeles,Los Angeles,"Los Angeles-Long Beach-Anaheim, CA",17-05-2024,pm25
6,37,1103,88101,1,34.06659,-118.22688,WGS84,PM2.5 - Local Conditions,24 HOUR,PM25 24-hour 2012,10-01-2023,Micrograms/cubic meter (LC),,1,100,5.2,5.2,0,29.0,145,R & P Model 2025 PM-2.5 Sequential Air Sampler w/VSCC - Gravimetric,Los Angeles-North Main Street,"1630 N MAIN ST, LOS ANGELES",California,Los Angeles,Los Angeles,"Los Angeles-Long Beach-Anaheim, CA",17-05-2024,pm25
6,37,1103,88101,1,34.06659,-118.22688,WGS84,PM2.5 - Local Conditions,24 HOUR,PM25 24-hour 2012,11-01-2023,Micrograms/cubic meter (LC),,1,100,11.2,11.2,0,55.0,145,R & P Model 2025 PM-2.5 Sequential Air Sampler w/VSCC - Gravimetric,Los Angeles-North Main Street,"1630 N MAIN ST, LOS ANGELES",California,Los Angeles,Los Angeles,"Los Angeles-Long Beach-Anaheim, CA",17-05-2024,pm25
6,37,1103,88101,1,34.06659,-118.22688,WGS84,PM2.5 - Local Conditions,24 HOUR,PM25 24-hour 2012,12-01-2023,Micrograms/cubic meter (LC),,1,100,6.5,6.5,0,36.0,145,R & P Model 2025 PM-2.5 Sequential Air Sampler w/VSCC - Gravimetric,Los Angeles-North Main Street,"1630 N MAIN ST, LOS ANGELES",California,Los Angeles,Los Angeles,"Los Angeles-Long Beach-Anaheim, CA",17-05-2024,pm25
6,37,1103,88101,1,34.06659,-118.22688,WGS84,PM2.5 - Local Conditions,24 HOUR,PM25 24-hour 2012,13-01-2023,Micrograms/cubic meter (LC),,1,100,9.2,9.2,0,51.0,145,R & P Model 2025 PM-2.5 Sequential Air Sampler w/VSCC - Gravimetric,Los Angeles-North Main Street,"1630 N MAIN ST, LOS ANGELES",California,Los Angeles,Los Angeles,"Los Angeles-Long Beach-Anaheim, CA",17-05-2024,pm25
6,37,1103,88101,1,34.06659,-118.22688,WGS84,PM2.5 - Local Conditions,24 HOUR,PM25 24-hour 2012,14-01-2023,Micrograms/cubic meter (LC),,1,100,11.8,11.8,0,56.0,145,R & P Model 2025 PM-2.5 Sequential Air Sampler w/VSCC - Gravimetric,Los Angeles-North Main Street,"1630 N MAIN ST, LOS ANGELES",California,Los Angeles,Los Angeles,"Los Angeles-Long Beach-Anaheim, CA",17-05-2024,pm25
6,37,1103,88101,1,34.06659,-118.22688,WGS84,PM2.5 - Local Conditions,24 HOUR,PM25 24-hour 2012,15-01-2023,Micrograms/cubic meter (LC),,1,100,5.5,5.5,0,31.0,145,R & P Model 2025 PM-2.5 Sequential Air Sampler w/VSCC - Gravimetric,Los Angeles-North Main Street,"1630 N MAIN ST, LOS ANGELES",California,Los Angeles,Los Angeles,"Los Angeles-Long Beach-Anaheim, CA",17-05-2024,pm25
6,37,1103,88101,1,34.06659,-118.22688,WGS84,PM2.5 - Local Conditions,24 HOUR,PM25 24-hour 2012,16-01-2023,Micrograms/cubic meter (LC),,1,100,3.0,3.0,0,17.0,145,R & P Model 2025 PM-2.5 Sequential Air Sampler w/VSCC - Gravimetric,Los Angeles-North Main Street,"1630 N MAIN ST, LOS ANGELES",California,Los Angeles,Los Angeles,"Los Angeles-Long Beach-Anaheim, CA",17-05-2024,pm25
6,37,1103,88101,1,34.06659,-118.22688,WGS84,PM2.5 - Local Conditions,24 HOUR,PM25 24-hour 2012,17-01-2023,Micrograms/cubic meter (LC),,1,100,3.8,3.8,0,21.0,145,R & P Model 2025 PM-2.5 Sequential Air Sampler w/VSCC - Gravimetric,Los Angeles-North Main Street,"1630 N MAIN ST, LOS ANGELES",California,Los Angeles,Los Angeles,"Los Angeles-Long Beach-Anaheim, CA",17-05-2024,pm25
6,37,1103,88101,1,34.06659,-118.22688,WGS84,PM2.5 - Local Conditions,24 HOUR,PM25 24-hour 2012,18-01-2023,Micrograms/cubic meter (LC),,1,100,7.1,7.1,0,39.0,145,R & P Model 2025 PM-2.5 Sequential Air Sampler w/VSCC - Gravimetric,Los Angeles-North Main Street,"1630 N MAIN ST, LOS ANGELES",California,Los Angeles,Los Angeles,"Los Angeles-Long Beach-Anaheim, CA",17-05-2024,pm25
6,37,1103,88101,1,34.06659,-118.22688,WGS84,PM2.5 - Local Conditions,24 HOUR,PM25 24-hour 2012,19-01-2023,Micrograms/cubic meter (LC),,1,100,9.2,9.2,0,51.0,145,R & P Model 2025 PM-2.5 Sequential Air Sampler w/VSCC - Gravimetric,Los Angeles-North Main Street,"1630 N MAIN ST, LOS ANGELES",California,Los Angeles,Los Angeles,"Los Angeles-Long Beach-Anaheim, CA",17-05-2024,pm25
6,37,1103,88101,1,34.06659,-118.22688,WGS84,PM2.5 - Local Conditions,24 HOUR,PM25 24-hour 2012,20-01-2023,Micrograms/cubic meter (LC),,1,100,8.9,8.9,0,49.0,145,R & P Model 2025 PM-2.5 Sequential Air Sampler w/VSCC - Gravimetric,Los Angeles-North Main Street,"1630 N MAIN ST, LOS ANGELES",California,Los Angeles,Los Angeles,"Los Angeles-Long Beach-Anaheim, CA",17-05-2024,pm25
6,37,1103,88101,1,34.06659,-118.22688,WGS84,PM2.5 - Local Conditions,24 HOUR,PM25 24-hour 2012,21-01-2023,Micrograms/cubic meter (LC),,1,100,8.4,8.4,0,47.0,145,R & P Model 2025 PM-2.5 Sequential Air Sampler w/VSCC - Gravimetric,Los Angeles-North Main Street,"1630 N MAIN ST, LOS ANGELES",California,Los Angeles,Los Angeles,"Los Angeles-Long Beach-Anaheim, CA",17-05-2024,pm25
6,37,1103,88101,1,34.06659,-118.22688,WGS84,PM2.5 - Local Conditions,24 HOUR,PM25 24-hour 2012,22-01-2023,Micrograms/cubic meter (LC),,1,100,10.9,10.9,0,54.0,145,R & P Model 2025 PM-2.5 Sequential Air Sampler w/VSCC - Gravimetric,Los Angeles-North Main Street,"1630 N MAIN ST, LOS ANGELES",California,Los Angeles,Los Angeles,"Los Angeles-Long Beach-Anaheim, CA",17-05-2024,pm25
6,37,1103,88101,1,34.06659,-118.22688,WGS84,PM2.5 - Local Conditions,24 HOUR,PM25 24-hour 2012,23-01-2023,Micrograms/cubic meter (LC),,1,100,4.9,4.9,0,27.0,145,R & P Model 2025 PM-2.5 Sequential Air Sampler w/VSCC - Gravimetric,Los Angeles-North Main Street,"1630 N MAIN ST, LOS ANGELES",California,Los Angeles,Los Angeles,"Los Angeles-Long Beach-Anaheim, CA",17-05-2024,pm25
6,37,1103,88101,1,34.06659,-118.22688,WGS84,PM2.5 - Local Conditions,24 HOUR,PM25 24-hour 2012,24-01-2023,Micrograms/cubic meter (LC),,1,100,7.9,7.9,0,44.0,145,R & P Model 2025 PM-2.5 Sequential Air Sampler w/VSCC - Gravimetric,Los Angeles-North Main Street,"1630 N MAIN ST, LOS ANGELES",California,Los Angeles,Los Angeles,"Los Angeles-Long Beach-Anaheim, CA",17-05-2024,pm25
6,37,1103,88101,1,34.06659,-118.22688,WGS84,PM2.5 - Local Conditions,24 HOUR,PM25 24-hour 2012,25-01-2023,Micrograms/cubic meter (LC),,1,100,9.0,9.0,0,50.0,145,R & P Model 2025 PM-2.5 Sequential Air Sampler w/VSCC - Gravimetric,Los Angeles-North Main Street,"1630 N MAIN ST, LOS ANGELES",California,Los Angeles,Los Angeles,"Los Angeles-Long Beach-Anaheim, CA",17-05-2024,pm25
6,37,1103,88101,1,34.06659,-118.22688,WGS84,PM2.5 - Local Conditions,24 HOUR,PM25 24-hour 2012,26-01-2023,Micrograms/cubic meter (LC),,1,100,8.1,8.1,0,45.0,145,R & P Model 2025 PM-2.5 Sequential Air Sampler w/VSCC - Gravimetric,Los Angeles-North Main Street,"1630 N MAIN ST, LOS ANGELES",California,Los Angeles,Los Angeles,"Los Angeles-Long Beach-Anaheim, CA",17-05-2024,pm25
6,37,1103,88101,1,34.06659,-118.22688,WGS84,PM2.5 - Local Conditions,24 HOUR,PM25 24-hour 2012,27-01-2023,Micrograms/cubic meter (LC),,1,100,8.8,8.8,0,49.0,145,R & P Model 2025 PM-2.5 Sequential Air Sampler w/VSCC - Gravimetric,Los Angeles-North Main Street,"1630 N MAIN ST, LOS ANGELES",California,Los Angeles,Los Angeles,"Los Angeles-Long Beach-Anaheim, CA",17-05-2024,pm25
6,37,1103,88101,1,34.06659,-118.22688,WGS84,PM2.5 - Local Conditions,24 HOUR,PM25 24-hour 2012,28-01-2023,Micrograms/cubic meter (LC),,1,100,11.8,11.8,0,56.0,145,R & P Model 2025 PM-2.5 Sequential Air Sampler w/VSCC - Gravimetric,Los Angeles-North Main Street,"1630 N MAIN ST, LOS ANGELES",California,Los Angeles,Los Angeles,"Los Angeles-Long Beach-Anaheim, CA",17-05-2024,pm25
6,37,1103,88101,1,34.06659,-118.22688,WGS84,PM2.5 - Local Conditions,24 HOUR,PM25 24-hour 2012,29-01-2023,Micrograms/cubic meter (LC),,1,100,4.9,4.9,0,27.0,145,R & P Model 2025 PM-2.5 Sequential Air Sampler w/VSCC - Gravimetric,Los Angeles-North Main Street,"1630 N MAIN ST, LOS ANGELES",California,Los Angeles,Los Angeles,"Los Angeles-Long Beach-Anaheim, CA",17-05-2024,pm25
6,37,1103,88101,1,34.06659,-118.22688,WGS84,PM2.5 - Local Conditions,24 HOUR,PM25 24-hour 2012,30-01-2023,Micrograms/cubic meter (LC),,1,100,4.8,4.8,0,27.0,145,R & P Model 2025 PM-2.5 Sequential Air Sampler w/VSCC - Gravimetric,Los Angeles-North Main Street,"1630 N MAIN ST, LOS ANGELES",California,Los Angeles,Los Angeles,"Los Angeles-Long Beach-Anaheim, CA",17-05-2024,pm25
6,37,1103,88101,1,34.06659,-118.22688,WGS84,PM2.5 - Local Conditions,24 HOUR,PM25 24-hour 2012,31-01-2023,Micrograms/cubic meter (LC),,1,100,8.5,8.5,0,47.0,145,R & P Model 2025 PM-2.5 Sequential Air Sampler w/VSCC - Gravimetric,Los Angeles-North Main Street,"1630 N MAIN ST, LOS ANGELES",California,Los Angeles,Los Angeles,"Los Angeles-Long Beach-Anaheim, CA",17-05-2024,pm25
6,37,1103,88101,1,34.06659,-118.22688,WGS84,PM2.5 - Local Conditions,24 HOUR,PM25 24-hour 2012,01-02-2023,Micrograms/cubic meter (LC),,1,100,7.8,7.8,0,43.0,145,R & P Model 2025 PM-2.5 Sequential Air Sampler w/VSCC - Gravimetric,Los Angeles-North Main Street,"1630 N MAIN ST, LOS ANGELES",California,Los Angeles,Los Angeles,"Los Angeles-Long Beach-Anaheim, CA",17-05-2024,pm25
6,37,1103,88101,1,34.06659,-118.22688,WGS84,PM2.5 - Local Conditions,24 HOUR,PM25 24-hour 2012,02-02-2023,Micrograms/cubic meter (LC),,1,100,10.7,10.7,0,54.0,145,R & P Model 2025 PM-2.5 Sequential Air Sampler w/VSCC - Gravimetric,Los Angeles-North Main Street,"1630 N MAIN ST, LOS ANGELES",California,Los Angeles,Los Angeles,"Los Angeles-Long Beach-Anaheim, CA",17-05-2024,pm25
6,37,1103,88101,1,34.06659,-118.22688,WGS84,PM2.5 - Local Conditions,24 HOUR,PM25 24-hour 2012,03-02-2023,Micrograms/cubic meter (LC),,1,100,8.1,8.1,0,45.0,145,R & P Model 2025 PM-2.5 Sequential Air Sampler w/VSCC - Gravimetric,Los Angeles-North Main Street,"1630 N MAIN ST, LOS ANGELES",California,Los Angeles,Los Angeles,"Los Angeles-Long Beach-Anaheim, CA",17-05-2024,pm25
6,37,1103,88101,1,34.06659,-118.22688,WGS84,PM2.5 - Local Conditions,24 HOUR,PM25 24-hour 2012,04-02-2023,Micrograms/cubic meter (LC),,1,100,13.5,13.5,0,59.0,145,R & P Model 2025 PM-2.5 Sequential Air Sampler w/VSCC - Gravimetric,Los Angeles-North Main Street,"1630 N MAIN ST, LOS ANGELES",California,Los Angeles,Los Angeles,"Los Angeles-Long Beach-Anaheim, CA",17-05-2024,pm25
6,37,1103,88101,1,34.06659,-118.22688,WGS84,PM2.5 - Local Conditions,24 HOUR,PM25 24-hour 2012,05-02-2023,Micrograms/cubic meter (LC),,1,100,12.7,12.7,0,58.0,145,R & P Model 2025 PM-2.5 Sequential Air Sampler w/VSCC - Gravimetric,Los Angeles-North Main Street,"1630 N MAIN ST, LOS ANGELES",California,Los Angeles,Los Angeles,"Los Angeles-Long Beach-Anaheim, CA",17-05-2024,pm25
6,37,1103,88101,1,34.06659,-118.22688,WGS84,PM2.5 - Local Conditions,24 HOUR,PM25 24-hour 2012,06-02-2023,Micrograms/cubic meter (LC),,1,100,2.9,2.9,0,16.0,145,R & P Model 2025 PM-2.5 Sequential Air Sampler w/VSCC - Gravimetric,Los Angeles-North Main Street,"1630 N MAIN ST, LOS ANGELES",California,Los Angeles,Los Angeles,"Los Angeles-Long Beach-Anaheim, CA",17-05-2024,pm25
6,37,1103,88101,1,34.06659,-118.22688,WGS84,PM2.5 - Local Conditions,24 HOUR,PM25 24-hour 2012,07-02-2023,Micrograms/cubic meter (LC),,1,100,6.7,6.7,0,37.0,145,R & P Model 2025 PM-2.5 Sequential Air Sampler w/VSCC - Gravimetric,Los Angeles-North Main Street,"1630 N MAIN ST, LOS ANGELES",California,Los Angeles,Los Angeles,"Los Angeles-Long Beach-Anaheim, CA",17-05-2024,pm25
6,37,1103,88101,1,34.06659,-118.22688,WGS84,PM2.5 - Local Conditions,24 HOUR,PM25 24-hour 2012,08-02-2023,Micrograms/cubic meter (LC),,1,100,8.3,8.3,0,46.0,145,R & P Model 2025 PM-2.5 Sequential Air Sampler w/VSCC - Gravimetric,Los Angeles-North Main Street,"1630 N MAIN ST, LOS ANGELES",California,Los Angeles,Los Angeles,"Los Angeles-Long Beach-Anaheim, CA",17-05-2024,pm25
6,37,1103,88101,1,34.06659,-118.22688,WGS84,PM2.5 - Local Conditions,24 HOUR,PM25 24-hour 2012,10-02-2023,Micrograms/cubic meter (LC),,1,100,6.0,6.0,0,33.0,145,R & P Model 2025 PM-2.5 Sequential Air Sampler w/VSCC - Gravimetric,Los Angeles-North Main Street,"1630 N MAIN ST, LOS ANGELES",California,Los Angeles,Los Angeles,"Los Angeles-Long Beach-Anaheim, CA",17-05-2024,pm25
6,37,1103,88101,1,34.06659,-118.22688,WGS84,PM2.5 - Local Conditions,24 HOUR,PM25 24-hour 2012,11-02-2023,Micrograms/cubic meter (LC),,1,100,7.5,7.5,0,42.0,145,R & P Model 2025 PM-2.5 Sequential Air Sampler w/VSCC - Gravimetric,Los Angeles-North Main Street,"1630 N MAIN ST, LOS ANGELES",California,Los Angeles,Los Angeles,"Los Angeles-Long Beach-Anaheim, CA",17-05-2024,pm25
6,37,1103,88101,1,34.06659,-118.22688,WGS84,PM2.5 - Local Conditions,24 HOUR,PM25 24-hour 2012,12-02-2023,Micrograms/cubic meter (LC),,1,100,7.4,7.4,0,41.0,145,R & P Model 2025 PM-2.5 Sequential Air Sampler w/VSCC - Gravimetric,Los Angeles-North Main Street,"1630 N MAIN ST, LOS ANGELES",California,Los Angeles,Los Angeles,"Los Angeles-Long Beach-Anaheim, CA",17-05-2024,pm25
6,37,1103,88101,1,34.06659,-118.22688,WGS84,PM2.5 - Local Conditions,24 HOUR,PM25 24-hour 2012,13-02-2023,Micrograms/cubic meter (LC),,1,100,8.0,8.0,0,44.0,145,R & P Model 2025 PM-2.5 Sequential Air Sampler w/VSCC - Gravimetric,Los Angeles-North Main Street,"1630 N MAIN ST, LOS ANGELES",California,Los Angeles,Los Angeles,"Los Angeles-Long Beach-Anaheim, CA",17-05-2024,pm25
6,37,1103,88101,1,34.06659,-118.22688,WGS84,PM2.5 - Local Conditions,24 HOUR,PM25 24-hour 2012,14-02-2023,Micrograms/cubic meter (LC),,1,100,7.0,7.0,0,39.0,145,R & P Model 2025 PM-2.5 Sequential Air Sampler w/VSCC - Gravimetric,Los Angeles-North Main Street,"1630 N MAIN ST, LOS ANGELES",California,Los Angeles,Los Angeles,"Los Angeles-Long Beach-Anaheim, CA",17-05-2024,pm25
6,37,1103,88101,1,34.06659,-118.22688,WGS84,PM2.5 - Local Conditions,24 HOUR,PM25 24-hour 2012,15-02-2023,Micrograms/cubic meter (LC),,1,100,3.7,3.7,0,21.0,145,R & P Model 2025 PM-2.5 Sequential Air Sampler w/VSCC - Gravimetric,Los Angeles-North Main Street,"1630 N MAIN ST, LOS ANGELES",California,Los Angeles,Los Angeles,"Los Angeles-Long Beach-Anaheim, CA",17-05-2024,pm25
6,37,1103,88101,1,34.06659,-118.22688,WGS84,PM2.5 - Local Conditions,24 HOUR,PM25 24-hour 2012,16-02-2023,Micrograms/cubic meter (LC),,1,100,5.2,5.2,0,29.0,145,R & P Model 2025 PM-2.5 Sequential Air Sampler w/VSCC - Gravimetric,Los Angeles-North Main Street,"1630 N MAIN ST, LOS ANGELES",California,Los Angeles,Los Angeles,"Los Angeles-Long Beach-Anaheim, CA",17-05-2024,pm25
6,37,1103,88101,1,34.06659,-118.22688,WGS84,PM2.5 - Local Conditions,24 HOUR,PM25 24-hour 2012,17-02-2023,Micrograms/cubic meter (LC),,1,100,6.3,6.3,0,35.0,145,R & P Model 2025 PM-2.5 Sequential Air Sampler w/VSCC - Gravimetric,Los Angeles-North Main Street,"1630 N MAIN ST, LOS ANGELES",California,Los Angeles,Los Angeles,"Los Angeles-Long Beach-Anaheim, CA",17-05-2024,pm25
6,37,1103,88101,1,34.06659,-118.22688,WGS84,PM2.5 - Local Conditions,24 HOUR,PM25 24-hour 2012,18-02-2023,Micrograms/cubic meter (LC),,1,100,8.5,8.5,0,47.0,145,R & P Model 2025 PM-2.5 Sequential Air Sampler w/VSCC - Gravimetric,Los Angeles-North Main Street,"1630 N MAIN ST, LOS ANGELES",California,Los Angeles,Los Angeles,"Los Angeles-Long Beach-Anaheim, CA",17-05-2024,pm25
6,37,1103,88101,1,34.06659,-118.22688,WGS84,PM2.5 - Local Conditions,24 HOUR,PM25 24-hour 2012,19-02-2023,Micrograms/cubic meter (LC),,1,100,11.4,11.4,0,55.0,145,R & P Model 2025 PM-2.5 Sequential Air Sampler w/VSCC - Gravimetric,Los Angeles-North Main Street,"1630 N MAIN ST, LOS ANGELES",California,Los Angeles,Los Angeles,"Los Angeles-Long Beach-Anaheim, CA",17-05-2024,pm25
6,37,1103,88101,1,34.06659,-118.22688,WGS84,PM2.5 - Local Conditions,24 HOUR,PM25 24-hour 2012,20-02-2023,Micrograms/cubic meter (LC),,1,100,9.7,9.7,0,52.0,145,R & P Model 2025 PM-2.5 Sequential Air Sampler w/VSCC - Gravimetric,Los Angeles-North Main Street,"1630 N MAIN ST, LOS ANGELES",California,Los Angeles,Los Angeles,"Los Angeles-Long Beach-Anaheim, CA",17-05-2024,pm25
6,37,1103,88101,1,34.06659,-118.22688,WGS84,PM2.5 - Local Conditions,24 HOUR,PM25 24-hour 2012,21-02-2023,Micrograms/cubic meter (LC),,1,100,12.2,12.2,0,57.0,145,R & P Model 2025 PM-2.5 Sequential Air Sampler w/VSCC - Gravimetric,Los Angeles-North Main Street,"1630 N MAIN ST, LOS ANGELES",California,Los Angeles,Los Angeles,"Los Angeles-Long Beach-Anaheim, CA",17-05-2024,pm25
6,37,1103,88101,1,34.06659,-118.22688,WGS84,PM2.5 - Local Conditions,24 HOUR,PM25 24-hour 2012,22-02-2023,Micrograms/cubic meter (LC),,1,100,4.6,4.6,0,26.0,145,R & P Model 2025 PM-2.5 Sequential Air Sampler w/VSCC - Gravimetric,Los Angeles-North Main Street,"1630 N MAIN ST, LOS ANGELES",California,Los Angeles,Los Angeles,"Los Angeles-Long Beach-Anaheim, CA",17-05-2024,pm25
6,37,1103,88101,1,34.06659,-118.22688,WGS84,PM2.5 - Local Conditions,24 HOUR,PM25 24-hour 2012,23-02-2023,Micrograms/cubic meter (LC),,1,100,3.7,3.7,0,21.0,145,R & P Model 2025 PM-2.5 Sequential Air Sampler w/VSCC - Gravimetric,Los Angeles-North Main Street,"1630 N MAIN ST, LOS ANGELES",California,Los Angeles,Los Angeles,"Los Angeles-Long Beach-Anaheim, CA",17-05-2024,pm25
6,37,1103,88101,1,34.06659,-118.22688,WGS84,PM2.5 - Local Conditions,24 HOUR,PM25 24-hour 2012,24-02-2023,Micrograms/cubic meter (LC),,1,100,3.7,3.7,0,21.0,145,R & P Model 2025 PM-2.5 Sequential Air Sampler w/VSCC - Gravimetric,Los Angeles-North Main Street,"1630 N MAIN ST, LOS ANGELES",California,Los Angeles,Los Angeles,"Los Angeles-Long Beach-Anaheim, CA",17-05-2024,pm25
6,37,1103,88101,1,34.06659,-118.22688,WGS84,PM2.5 - Local Conditions,24 HOUR,PM25 24-hour 2012,25-02-2023,Micrograms/cubic meter (LC),,1,100,2.3,2.3,0,13.0,145,R & P Model 2025 PM-2.5 Sequential Air Sampler w/VSCC - Gravimetric,Los Angeles-North Main Street,"1630 N MAIN ST, LOS ANGELES",California,Los Angeles,Los Angeles,"Los Angeles-Long Beach-Anaheim, CA",17-05-2024,pm25
6,37,1103,88101,1,34.06659,-118.22688,WGS84,PM2.5 - Local Conditions,24 HOUR,PM25 24-hour 2012,26-02-2023,Micrograms/cubic meter (LC),,1,100,6.0,6.0,0,33.0,145,R & P Model 2025 PM-2.5 Sequential Air Sampler w/VSCC - Gravimetric,Los Angeles-North Main Street,"1630 N MAIN ST, LOS ANGELES",California,Los Angeles,Los Angeles,"Los Angeles-Long Beach-Anaheim, CA",17-05-2024,pm25
6,37,1103,88101,1,34.06659,-118.22688,WGS84,PM2.5 - Local Conditions,24 HOUR,PM25 24-hour 2012,27-02-2023,Micrograms/cubic meter (LC),,1,100,7.0,7.0,0,39.0,145,R & P Model 2025 PM-2.5 Sequential Air Sampler w/VSCC - Gravimetric,Los Angeles-North Main Street,"1630 N MAIN ST, LOS ANGELES",California,Los Angeles,Los Angeles,"Los Angeles-Long Beach-Anaheim, CA",17-05-2024,pm25
6,37,1103,88101,1,34.06659,-118.22688,WGS84,PM2.5 - Local Conditions,24 HOUR,PM25 24-hour 2012,28-02-2023,Micrograms/cubic meter (LC),,1,100,3.9,3.9,0,22.0,145,R & P Model 2025 PM-2.5 Sequential Air Sampler w/VSCC - Gravimetric,Los Angeles-North Main Street,"1630 N MAIN ST, LOS ANGELES",California,Los Angeles,Los Angeles,"Los Angeles-Long Beach-Anaheim, CA",17-05-2024,pm25
6,37,1103,88101,1,34.06659,-118.22688,WGS84,PM2.5 - Local Conditions,24 HOUR,PM25 24-hour 2012,01-03-2023,Micrograms/cubic meter (LC),,1,100,1.7,1.7,0,9.0,145,R & P Model 2025 PM-2.5 Sequential Air Sampler w/VSCC - Gravimetric,Los Angeles-North Main Street,"1630 N MAIN ST, LOS ANGELES",California,Los Angeles,Los Angeles,"Los Angeles-Long Beach-Anaheim, CA",17-05-2024,pm25
6,37,1103,88101,1,34.06659,-118.22688,WGS84,PM2.5 - Local Conditions,24 HOUR,PM25 24-hour 2012,02-03-2023,Micrograms/cubic meter (LC),,1,100,4.7,4.7,0,26.0,145,R & P Model 2025 PM-2.5 Sequential Air Sampler w/VSCC - Gravimetric,Los Angeles-North Main Street,"1630 N MAIN ST, LOS ANGELES",California,Los Angeles,Los Angeles,"Los Angeles-Long Beach-Anaheim, CA",17-05-2024,pm25
6,37,1103,88101,1,34.06659,-118.22688,WGS84,PM2.5 - Local Conditions,24 HOUR,PM25 24-hour 2012,03-03-2023,Micrograms/cubic meter (LC),,1,100,10.4,10.4,0,53.0,145,R & P Model 2025 PM-2.5 Sequential Air Sampler w/VSCC - Gravimetric,Los Angeles-North Main Street,"1630 N MAIN ST, LOS ANGELES",California,Los Angeles,Los Angeles,"Los Angeles-Long Beach-Anaheim, CA",17-05-2024,pm25
6,37,1103,88101,1,34.06659,-118.22688,WGS84,PM2.5 - Local Conditions,24 HOUR,PM25 24-hour 2012,04-03-2023,Micrograms/cubic meter (LC),,1,100,11.4,11.4,0,55.0,145,R & P Model 2025 PM-2.5 Sequential Air Sampler w/VSCC - Gravimetric,Los Angeles-North Main Street,"1630 N MAIN ST, LOS ANGELES",California,Los Angeles,Los Angeles,"Los Angeles-Long Beach-Anaheim, CA",17-05-2024,pm25
6,37,1103,88101,1,34.06659,-118.22688,WGS84,PM2.5 - Local Conditions,24 HOUR,PM25 24-hour 2012,05-03-2023,Micrograms/cubic meter (LC),,1,100,7.6,7.6,0,42.0,145,R & P Model 2025 PM-2.5 Sequential Air Sampler w/VSCC - Gravimetric,Los Angeles-North Main Street,"1630 N MAIN ST, LOS ANGELES",California,Los Angeles,Los Angeles,"Los Angeles-Long Beach-Anaheim, CA",17-05-2024,pm25
6,37,1103,88101,1,34.06659,-118.22688,WGS84,PM2.5 - Local Conditions,24 HOUR,PM25 24-hour 2012,06-03-2023,Micrograms/cubic meter (LC),,1,100,3.3,3.3,0,18.0,145,R & P Model 2025 PM-2.5 Sequential Air Sampler w/VSCC - Gravimetric,Los Angeles-North Main Street,"1630 N MAIN ST, LOS ANGELES",California,Los Angeles,Los Angeles,"Los Angeles-Long Beach-Anaheim, CA",17-05-2024,pm25
6,37,1103,88101,1,34.06659,-118.22688,WGS84,PM2.5 - Local Conditions,24 HOUR,PM25 24-hour 2012,07-03-2023,Micrograms/cubic meter (LC),,1,100,5.5,5.5,0,31.0,145,R & P Model 2025 PM-2.5 Sequential Air Sampler w/VSCC - Gravimetric,Los Angeles-North Main Street,"1630 N MAIN ST, LOS ANGELES",California,Los Angeles,Los Angeles,"Los Angeles-Long Beach-Anaheim, CA",17-05-2024,pm25
6,37,1103,88101,1,34.06659,-118.22688,WGS84,PM2.5 - Local Conditions,24 HOUR,PM25 24-hour 2012,08-03-2023,Micrograms/cubic meter (LC),,1,100,7.4,7.4,0,41.0,145,R & P Model 2025 PM-2.5 Sequential Air Sampler w/VSCC - Gravimetric,Los Angeles-North Main Street,"1630 N MAIN ST, LOS ANGELES",California,Los Angeles,Los Angeles,"Los Angeles-Long Beach-Anaheim, CA",17-05-2024,pm25
6,37,1103,88101,1,34.06659,-118.22688,WGS84,PM2.5 - Local Conditions,24 HOUR,PM25 24-hour 2012,09-03-2023,Micrograms/cubic meter (LC),,1,100,7.8,7.8,0,43.0,145,R & P Model 2025 PM-2.5 Sequential Air Sampler w/VSCC - Gravimetric,Los Angeles-North Main Street,"1630 N MAIN ST, LOS ANGELES",California,Los Angeles,Los Angeles,"Los Angeles-Long Beach-Anaheim, CA",17-05-2024,pm25
6,37,1103,88101,1,34.06659,-118.22688,WGS84,PM2.5 - Local Conditions,24 HOUR,PM25 24-hour 2012,10-03-2023,Micrograms/cubic meter (LC),,1,100,5.4,5.4,0,30.0,145,R & P Model 2025 PM-2.5 Sequential Air Sampler w/VSCC - Gravimetric,Los Angeles-North Main Street,"1630 N MAIN ST, LOS ANGELES",California,Los Angeles,Los Angeles,"Los Angeles-Long Beach-Anaheim, CA",17-05-2024,pm25
6,37,1103,88101,1,34.06659,-118.22688,WGS84,PM2.5 - Local Conditions,24 HOUR,PM25 24-hour 2012,11-03-2023,Micrograms/cubic meter (LC),,1,100,3.8,3.8,0,21.0,145,R & P Model 2025 PM-2.5 Sequential Air Sampler w/VSCC - Gravimetric,Los Angeles-North Main Street,"1630 N MAIN ST, LOS ANGELES",California,Los Angeles,Los Angeles,"Los Angeles-Long Beach-Anaheim, CA",17-05-2024,pm25
6,37,1103,88101,1,34.06659,-118.22688,WGS84,PM2.5 - Local Conditions,24 HOUR,PM25 24-hour 2012,12-03-2023,Micrograms/cubic meter (LC),,1,100,3.7,3.7,0,21.0,145,R & P Model 2025 PM-2.5 Sequential Air Sampler w/VSCC - Gravimetric,Los Angeles-North Main Street,"1630 N MAIN ST, LOS ANGELES",California,Los Angeles,Los Angeles,"Los Angeles-Long Beach-Anaheim, CA",17-05-2024,pm25
6,37,1103,88101,1,34.06659,-118.22688,WGS84,PM2.5 - Local Conditions,24 HOUR,PM25 24-hour 2012,14-03-2023,Micrograms/cubic meter (LC),,1,100,11.6,11.6,0,56.0,145,R & P Model 2025 PM-2.5 Sequential Air Sampler w/VSCC - Gravimetric,Los Angeles-North Main Street,"1630 N MAIN ST, LOS ANGELES",California,Los Angeles,Los Angeles,"Los Angeles-Long Beach-Anaheim, CA",17-05-2024,pm25
6,37,1103,88101,1,34.06659,-118.22688,WGS84,PM2.5 - Local Conditions,24 HOUR,PM25 24-hour 2012,15-03-2023,Micrograms/cubic meter (LC),,1,100,4.0,4.0,0,22.0,145,R & P Model 2025 PM-2.5 Sequential Air Sampler w/VSCC - Gravimetric,Los Angeles-North Main Street,"1630 N MAIN ST, LOS ANGELES",California,Los Angeles,Los Angeles,"Los Angeles-Long Beach-Anaheim, CA",17-05-2024,pm25
6,37,1103,88101,1,34.06659,-118.22688,WGS84,PM2.5 - Local Conditions,24 HOUR,PM25 24-hour 2012,16-03-2023,Micrograms/cubic meter (LC),,1,100,7.2,7.2,0,40.0,145,R & P Model 2025 PM-2.5 Sequential Air Sampler w/VSCC - Gravimetric,Los Angeles-North Main Street,"1630 N MAIN ST, LOS ANGELES",California,Los Angeles,Los Angeles,"Los Angeles-Long Beach-Anaheim, CA",17-05-2024,pm25
6,37,1103,88101,1,34.06659,-118.22688,WGS84,PM2.5 - Local Conditions,24 HOUR,PM25 24-hour 2012,17-03-2023,Micrograms/cubic meter (LC),,1,100,12.4,12.4,0,57.0,145,R & P Model 2025 PM-2.5 Sequential Air Sampler w/VSCC - Gravimetric,Los Angeles-North Main Street,"1630 N MAIN ST, LOS ANGELES",California,Los Angeles,Los Angeles,"Los Angeles-Long Beach-Anaheim, CA",17-05-2024,pm25
6,37,1103,88101,1,34.06659,-118.22688,WGS84,PM2.5 - Local Conditions,24 HOUR,PM25 24-hour 2012,18-03-2023,Micrograms/cubic meter (LC),,1,100,8.2,8.2,0,46.0,145,R & P Model 2025 PM-2.5 Sequential Air Sampler w/VSCC - Gravimetric,Los Angeles-North Main Street,"1630 N MAIN ST, LOS ANGELES",California,Los Angeles,Los Angeles,"Los Angeles-Long Beach-Anaheim, CA",17-05-2024,pm25
6,37,1103,88101,1,34.06659,-118.22688,WGS84,PM2.5 - Local Conditions,24 HOUR,PM25 24-hour 2012,19-03-2023,Micrograms/cubic meter (LC),,1,100,8.6,8.6,0,48.0,145,R & P Model 2025 PM-2.5 Sequential Air Sampler w/VSCC - Gravimetric,Los Angeles-North Main Street,"1630 N MAIN ST, LOS ANGELES",California,Los Angeles,Los Angeles,"Los Angeles-Long Beach-Anaheim, CA",17-05-2024,pm25
6,37,1103,88101,1,34.06659,-118.22688,WGS84,PM2.5 - Local Conditions,24 HOUR,PM25 24-hour 2012,20-03-2023,Micrograms/cubic meter (LC),,1,100,3.3,3.3,0,18.0,145,R & P Model 2025 PM-2.5 Sequential Air Sampler w/VSCC - Gravimetric,Los Angeles-North Main Street,"1630 N MAIN ST, LOS ANGELES",California,Los Angeles,Los Angeles,"Los Angeles-Long Beach-Anaheim, CA",17-05-2024,pm25
6,37,1103,88101,1,34.06659,-118.22688,WGS84,PM2.5 - Local Conditions,24 HOUR,PM25 24-hour 2012,21-03-2023,Micrograms/cubic meter (LC),,1,100,4.1,4.1,0,23.0,145,R & P Model 2025 PM-2.5 Sequential Air Sampler w/VSCC - Gravimetric,Los Angeles-North Main Street,"1630 N MAIN ST, LOS ANGELES",California,Los Angeles,Los Angeles,"Los Angeles-Long Beach-Anaheim, CA",17-05-2024,pm25
6,37,1103,88101,1,34.06659,-118.22688,WGS84,PM2.5 - Local Conditions,24 HOUR,PM25 24-hour 2012,22-03-2023,Micrograms/cubic meter (LC),,1,100,4.6,4.6,0,26.0,145,R & P Model 2025 PM-2.5 Sequential Air Sampler w/VSCC - Gravimetric,Los Angeles-North Main Street,"1630 N MAIN ST, LOS ANGELES",California,Los Angeles,Los Angeles,"Los Angeles-Long Beach-Anaheim, CA",17-05-2024,pm25
6,37,1103,88101,1,34.06659,-118.22688,WGS84,PM2.5 - Local Conditions,24 HOUR,PM25 24-hour 2012,23-03-2023,Micrograms/cubic meter (LC),,1,100,4.9,4.9,0,27.0,145,R & P Model 2025 PM-2.5 Sequential Air Sampler w/VSCC - Gravimetric,Los Angeles-North Main Street,"1630 N MAIN ST, LOS ANGELES",California,Los Angeles,Los Angeles,"Los Angeles-Long Beach-Anaheim, CA",17-05-2024,pm25
6,37,1103,88101,1,34.06659,-118.22688,WGS84,PM2.5 - Local Conditions,24 HOUR,PM25 24-hour 2012,24-03-2023,Micrograms/cubic meter (LC),,1,100,3.6,3.6,0,20.0,145,R & P Model 2025 PM-2.5 Sequential Air Sampler w/VSCC - Gravimetric,Los Angeles-North Main Street,"1630 N MAIN ST, LOS ANGELES",California,Los Angeles,Los Angeles,"Los Angeles-Long Beach-Anaheim, CA",17-05-2024,pm25
6,37,1103,88101,1,34.06659,-118.22688,WGS84,PM2.5 - Local Conditions,24 HOUR,PM25 24-hour 2012,25-03-2023,Micrograms/cubic meter (LC),,1,100,5.8,5.8,0,32.0,145,R & P Model 2025 PM-2.5 Sequential Air Sampler w/VSCC - Gravimetric,Los Angeles-North Main Street,"1630 N MAIN ST, LOS ANGELES",California,Los Angeles,Los Angeles,"Los Angeles-Long Beach-Anaheim, CA",17-05-2024,pm25
6,37,1103,88101,1,34.06659,-118.22688,WGS84,PM2.5 - Local Conditions,24 HOUR,PM25 24-hour 2012,26-03-2023,Micrograms/cubic meter (LC),,1,100,5.2,5.2,0,29.0,145,R & P Model 2025 PM-2.5 Sequential Air Sampler w/VSCC - Gravimetric,Los Angeles-North Main Street,"1630 N MAIN ST, LOS ANGELES",California,Los Angeles,Los Angeles,"Los Angeles-Long Beach-Anaheim, CA",17-05-2024,pm25
6,37,1103,88101,1,34.06659,-118.22688,WGS84,PM2.5 - Local Conditions,24 HOUR,PM25 24-hour 2012,27-03-2023,Micrograms/cubic meter (LC),,1,100,6.7,6.7,0,37.0,145,R & P Model 2025 PM-2.5 Sequential Air Sampler w/VSCC - Gravimetric,Los Angeles-North Main Street,"1630 N MAIN ST, LOS ANGELES",California,Los Angeles,Los Angeles,"Los Angeles-Long Beach-Anaheim, CA",17-05-2024,pm25
6,37,1103,88101,1,34.06659,-118.22688,WGS84,PM2.5 - Local Conditions,24 HOUR,PM25 24-hour 2012,28-03-2023,Micrograms/cubic meter (LC),,1,100,6.0,6.0,0,33.0,145,R & P Model 2025 PM-2.5 Sequential Air Sampler w/VSCC - Gravimetric,Los Angeles-North Main Street,"1630 N MAIN ST, LOS ANGELES",California,Los Angeles,Los Angeles,"Los Angeles-Long Beach-Anaheim, CA",17-05-2024,pm25
6,37,1103,88101,1,34.06659,-118.22688,WGS84,PM2.5 - Local Conditions,24 HOUR,PM25 24-hour 2012,29-03-2023,Micrograms/cubic meter (LC),,1,100,4.9,4.9,0,27.0,145,R & P Model 2025 PM-2.5 Sequential Air Sampler w/VSCC - Gravimetric,Los Angeles-North Main Street,"1630 N MAIN ST, LOS ANGELES",California,Los Angeles,Los Angeles,"Los Angeles-Long Beach-Anaheim, CA",17-05-2024,pm25
6,37,1103,88101,1,34.06659,-118.22688,WGS84,PM2.5 - Local Conditions,24 HOUR,PM25 24-hour 2012,30-03-2023,Micrograms/cubic meter (LC),,1,100,3.0,3.0,0,17.0,145,R & P Model 2025 PM-2.5 Sequential Air Sampler w/VSCC - Gravimetric,Los Angeles-North Main Street,"1630 N MAIN ST, LOS ANGELES",California,Los Angeles,Los Angeles,"Los Angeles-Long Beach-Anaheim, CA",17-05-2024,pm25
6,37,1103,88101,1,34.06659,-118.22688,WGS84,PM2.5 - Local Conditions,24 HOUR,PM25 24-hour 2012,31-03-2023,Micrograms/cubic meter (LC),,1,100,6.6,6.6,0,37.0,145,R & P Model 2025 PM-2.5 Sequential Air Sampler w/VSCC - Gravimetric,Los Angeles-North Main Street,"1630 N MAIN ST, LOS ANGELES",California,Los Angeles,Los Angeles,"Los Angeles-Long Beach-Anaheim, CA",17-05-2024,pm25
6,37,1103,88101,1,34.06659,-118.22688,WGS84,PM2.5 - Local Conditions,24 HOUR,PM25 24-hour 2012,01-04-2023,Micrograms/cubic meter (LC),,1,100,7.7,7.7,0,43.0,145,R & P Model 2025 PM-2.5 Sequential Air Sampler w/VSCC - Gravimetric,Los Angeles-North Main Street,"1630 N MAIN ST, LOS ANGELES",California,Los Angeles,Los Angeles,"Los Angeles-Long Beach-Anaheim, CA",17-05-2024,pm25
6,37,1103,88101,1,34.06659,-118.22688,WGS84,PM2.5 - Local Conditions,24 HOUR,PM25 24-hour 2012,02-04-2023,Micrograms/cubic meter (LC),,1,100,9.8,9.8,0,52.0,145,R & P Model 2025 PM-2.5 Sequential Air Sampler w/VSCC - Gravimetric,Los Angeles-North Main Street,"1630 N MAIN ST, LOS ANGELES",California,Los Angeles,Los Angeles,"Los Angeles-Long Beach-Anaheim, CA",17-05-2024,pm25
6,37,1103,88101,1,34.06659,-118.22688,WGS84,PM2.5 - Local Conditions,24 HOUR,PM25 24-hour 2012,03-04-2023,Micrograms/cubic meter (LC),,1,100,3.5,3.5,0,19.0,145,R & P Model 2025 PM-2.5 Sequential Air Sampler w/VSCC - Gravimetric,Los Angeles-North Main Street,"1630 N MAIN ST, LOS ANGELES",California,Los Angeles,Los Angeles,"Los Angeles-Long Beach-Anaheim, CA",17-05-2024,pm25
6,37,1103,88101,1,34.06659,-118.22688,WGS84,PM2.5 - Local Conditions,24 HOUR,PM25 24-hour 2012,04-04-2023,Micrograms/cubic meter (LC),,1,100,2.6,2.6,0,14.0,145,R & P Model 2025 PM-2.5 Sequential Air Sampler w/VSCC - Gravimetric,Los Angeles-North Main Street,"1630 N MAIN ST, LOS ANGELES",California,Los Angeles,Los Angeles,"Los Angeles-Long Beach-Anaheim, CA",17-05-2024,pm25
6,37,1103,88101,1,34.06659,-118.22688,WGS84,PM2.5 - Local Conditions,24 HOUR,PM25 24-hour 2012,05-04-2023,Micrograms/cubic meter (LC),,1,100,6.2,6.2,0,34.0,145,R & P Model 2025 PM-2.5 Sequential Air Sampler w/VSCC - Gravimetric,Los Angeles-North Main Street,"1630 N MAIN ST, LOS ANGELES",California,Los Angeles,Los Angeles,"Los Angeles-Long Beach-Anaheim, CA",17-05-2024,pm25
6,37,1103,88101,1,34.06659,-118.22688,WGS84,PM2.5 - Local Conditions,24 HOUR,PM25 24-hour 2012,06-04-2023,Micrograms/cubic meter (LC),,1,100,6.1,6.1,0,34.0,145,R & P Model 2025 PM-2.5 Sequential Air Sampler w/VSCC - Gravimetric,Los Angeles-North Main Street,"1630 N MAIN ST, LOS ANGELES",California,Los Angeles,Los Angeles,"Los Angeles-Long Beach-Anaheim, CA",17-05-2024,pm25
6,37,1103,88101,1,34.06659,-118.22688,WGS84,PM2.5 - Local Conditions,24 HOUR,PM25 24-hour 2012,07-04-2023,Micrograms/cubic meter (LC),,1,100,8.2,8.2,0,46.0,145,R & P Model 2025 PM-2.5 Sequential Air Sampler w/VSCC - Gravimetric,Los Angeles-North Main Street,"1630 N MAIN ST, LOS ANGELES",California,Los Angeles,Los Angeles,"Los Angeles-Long Beach-Anaheim, CA",17-05-2024,pm25
6,37,1103,88101,1,34.06659,-118.22688,WGS84,PM2.5 - Local Conditions,24 HOUR,PM25 24-hour 2012,08-04-2023,Micrograms/cubic meter (LC),,1,100,8.3,8.3,0,46.0,145,R & P Model 2025 PM-2.5 Sequential Air Sampler w/VSCC - Gravimetric,Los Angeles-North Main Street,"1630 N MAIN ST, LOS ANGELES",California,Los Angeles,Los Angeles,"Los Angeles-Long Beach-Anaheim, CA",17-05-2024,pm25
6,37,1103,88101,1,34.06659,-118.22688,WGS84,PM2.5 - Local Conditions,24 HOUR,PM25 24-hour 2012,09-04-2023,Micrograms/cubic meter (LC),,1,100,13.1,13.1,0,58.0,145,R & P Model 2025 PM-2.5 Sequential Air Sampler w/VSCC - Gravimetric,Los Angeles-North Main Street,"1630 N MAIN ST, LOS ANGELES",California,Los Angeles,Los Angeles,"Los Angeles-Long Beach-Anaheim, CA",17-05-2024,pm25
6,37,1103,88101,1,34.06659,-118.22688,WGS84,PM2.5 - Local Conditions,24 HOUR,PM25 24-hour 2012,10-04-2023,Micrograms/cubic meter (LC),,1,100,22.0,22.0,0,75.0,145,R & P Model 2025 PM-2.5 Sequential Air Sampler w/VSCC - Gravimetric,Los Angeles-North Main Street,"1630 N MAIN ST, LOS ANGELES",California,Los Angeles,Los Angeles,"Los Angeles-Long Beach-Anaheim, CA",17-05-2024,pm25
6,37,1103,88101,1,34.06659,-118.22688,WGS84,PM2.5 - Local Conditions,24 HOUR,PM25 24-hour 2012,11-04-2023,Micrograms/cubic meter (LC),,1,100,30.6,30.6,0,91.0,145,R & P Model 2025 PM-2.5 Sequential Air Sampler w/VSCC - Gravimetric,Los Angeles-North Main Street,"1630 N MAIN ST, LOS ANGELES",California,Los Angeles,Los Angeles,"Los Angeles-Long Beach-Anaheim, CA",17-05-2024,pm25
6,37,1103,88101,1,34.06659,-118.22688,WGS84,PM2.5 - Local Conditions,24 HOUR,PM25 24-hour 2012,12-04-2023,Micrograms/cubic meter (LC),,1,100,10.4,10.4,0,53.0,145,R & P Model 2025 PM-2.5 Sequential Air Sampler w/VSCC - Gravimetric,Los Angeles-North Main Street,"1630 N MAIN ST, LOS ANGELES",California,Los Angeles,Los Angeles,"Los Angeles-Long Beach-Anaheim, CA",17-05-2024,pm25
6,37,1103,88101,1,34.06659,-118.22688,WGS84,PM2.5 - Local Conditions,24 HOUR,PM25 24-hour 2012,13-04-2023,Micrograms/cubic meter (LC),,1,100,9.8,9.8,0,52.0,145,R & P Model 2025 PM-2.5 Sequential Air Sampler w/VSCC - Gravimetric,Los Angeles-North Main Street,"1630 N MAIN ST, LOS ANGELES",California,Los Angeles,Los Angeles,"Los Angeles-Long Beach-Anaheim, CA",17-05-2024,pm25
6,37,1103,88101,1,34.06659,-118.22688,WGS84,PM2.5 - Local Conditions,24 HOUR,PM25 24-hour 2012,14-04-2023,Micrograms/cubic meter (LC),,1,100,9.6,9.6,0,52.0,145,R & P Model 2025 PM-2.5 Sequential Air Sampler w/VSCC - Gravimetric,Los Angeles-North Main Street,"1630 N MAIN ST, LOS ANGELES",California,Los Angeles,Los Angeles,"Los Angeles-Long Beach-Anaheim, CA",17-05-2024,pm25
6,37,1103,88101,1,34.06659,-118.22688,WGS84,PM2.5 - Local Conditions,24 HOUR,PM25 24-hour 2012,15-04-2023,Micrograms/cubic meter (LC),,1,100,10.7,10.7,0,54.0,145,R & P Model 2025 PM-2.5 Sequential Air Sampler w/VSCC - Gravimetric,Los Angeles-North Main Street,"1630 N MAIN ST, LOS ANGELES",California,Los Angeles,Los Angeles,"Los Angeles-Long Beach-Anaheim, CA",17-05-2024,pm25
6,37,1103,88101,1,34.06659,-118.22688,WGS84,PM2.5 - Local Conditions,24 HOUR,PM25 24-hour 2012,16-04-2023,Micrograms/cubic meter (LC),,1,100,12.0,12.0,0,56.0,145,R & P Model 2025 PM-2.5 Sequential Air Sampler w/VSCC - Gravimetric,Los Angeles-North Main Street,"1630 N MAIN ST, LOS ANGELES",California,Los Angeles,Los Angeles,"Los Angeles-Long Beach-Anaheim, CA",17-05-2024,pm25
6,37,1103,88101,1,34.06659,-118.22688,WGS84,PM2.5 - Local Conditions,24 HOUR,PM25 24-hour 2012,17-04-2023,Micrograms/cubic meter (LC),,1,100,16.7,16.7,0,65.0,145,R & P Model 2025 PM-2.5 Sequential Air Sampler w/VSCC - Gravimetric,Los Angeles-North Main Street,"1630 N MAIN ST, LOS ANGELES",California,Los Angeles,Los Angeles,"Los Angeles-Long Beach-Anaheim, CA",17-05-2024,pm25
6,37,1103,88101,1,34.06659,-118.22688,WGS84,PM2.5 - Local Conditions,24 HOUR,PM25 24-hour 2012,18-04-2023,Micrograms/cubic meter (LC),,1,100,10.8,10.8,0,54.0,145,R & P Model 2025 PM-2.5 Sequential Air Sampler w/VSCC - Gravimetric,Los Angeles-North Main Street,"1630 N MAIN ST, LOS ANGELES",California,Los Angeles,Los Angeles,"Los Angeles-Long Beach-Anaheim, CA",17-05-2024,pm25
6,37,1103,88101,1,34.06659,-118.22688,WGS84,PM2.5 - Local Conditions,24 HOUR,PM25 24-hour 2012,19-04-2023,Micrograms/cubic meter (LC),,1,100,10.3,10.3,0,53.0,145,R & P Model 2025 PM-2.5 Sequential Air Sampler w/VSCC - Gravimetric,Los Angeles-North Main Street,"1630 N MAIN ST, LOS ANGELES",California,Los Angeles,Los Angeles,"Los Angeles-Long Beach-Anaheim, CA",17-05-2024,pm25
6,37,1103,88101,1,34.06659,-118.22688,WGS84,PM2.5 - Local Conditions,24 HOUR,PM25 24-hour 2012,20-04-2023,Micrograms/cubic meter (LC),,1,100,12.2,12.2,0,57.0,145,R & P Model 2025 PM-2.5 Sequential Air Sampler w/VSCC - Gravimetric,Los Angeles-North Main Street,"1630 N MAIN ST, LOS ANGELES",California,Los Angeles,Los Angeles,"Los Angeles-Long Beach-Anaheim, CA",17-05-2024,pm25
6,37,1103,88101,1,34.06659,-118.22688,WGS84,PM2.5 - Local Conditions,24 HOUR,PM25 24-hour 2012,21-04-2023,Micrograms/cubic meter (LC),,1,100,10.6,10.6,0,54.0,145,R & P Model 2025 PM-2.5 Sequential Air Sampler w/VSCC - Gravimetric,Los Angeles-North Main Street,"1630 N MAIN ST, LOS ANGELES",California,Los Angeles,Los Angeles,"Los Angeles-Long Beach-Anaheim, CA",17-05-2024,pm25
6,37,1103,88101,1,34.06659,-118.22688,WGS84,PM2.5 - Local Conditions,24 HOUR,PM25 24-hour 2012,22-04-2023,Micrograms/cubic meter (LC),,1,100,13.3,13.3,0,59.0,145,R & P Model 2025 PM-2.5 Sequential Air Sampler w/VSCC - Gravimetric,Los Angeles-North Main Street,"1630 N MAIN ST, LOS ANGELES",California,Los Angeles,Los Angeles,"Los Angeles-Long Beach-Anaheim, CA",17-05-2024,pm25
6,37,1103,88101,1,34.06659,-118.22688,WGS84,PM2.5 - Local Conditions,24 HOUR,PM25 24-hour 2012,23-04-2023,Micrograms/cubic meter (LC),,1,100,14.7,14.7,0,61.0,145,R & P Model 2025 PM-2.5 Sequential Air Sampler w/VSCC - Gravimetric,Los Angeles-North Main Street,"1630 N MAIN ST, LOS ANGELES",California,Los Angeles,Los Angeles,"Los Angeles-Long Beach-Anaheim, CA",17-05-2024,pm25
6,37,1103,88101,1,34.06659,-118.22688,WGS84,PM2.5 - Local Conditions,24 HOUR,PM25 24-hour 2012,24-04-2023,Micrograms/cubic meter (LC),,1,100,14.5,14.5,0,61.0,145,R & P Model 2025 PM-2.5 Sequential Air Sampler w/VSCC - Gravimetric,Los Angeles-North Main Street,"1630 N MAIN ST, LOS ANGELES",California,Los Angeles,Los Angeles,"Los Angeles-Long Beach-Anaheim, CA",17-05-2024,pm25
6,37,1103,88101,1,34.06659,-118.22688,WGS84,PM2.5 - Local Conditions,24 HOUR,PM25 24-hour 2012,25-04-2023,Micrograms/cubic meter (LC),,1,100,12.7,12.7,0,58.0,145,R & P Model 2025 PM-2.5 Sequential Air Sampler w/VSCC - Gravimetric,Los Angeles-North Main Street,"1630 N MAIN ST, LOS ANGELES",California,Los Angeles,Los Angeles,"Los Angeles-Long Beach-Anaheim, CA",17-05-2024,pm25
6,37,1103,88101,1,34.06659,-118.22688,WGS84,PM2.5 - Local Conditions,24 HOUR,PM25 24-hour 2012,26-04-2023,Micrograms/cubic meter (LC),,1,100,16.8,16.8,0,65.0,145,R & P Model 2025 PM-2.5 Sequential Air Sampler w/VSCC - Gravimetric,Los Angeles-North Main Street,"1630 N MAIN ST, LOS ANGELES",California,Los Angeles,Los Angeles,"Los Angeles-Long Beach-Anaheim, CA",17-05-2024,pm25
6,37,1103,88101,1,34.06659,-118.22688,WGS84,PM2.5 - Local Conditions,24 HOUR,PM25 24-hour 2012,27-04-2023,Micrograms/cubic meter (LC),,1,100,24.1,24.1,0,79.0,145,R & P Model 2025 PM-2.5 Sequential Air Sampler w/VSCC - Gravimetric,Los Angeles-North Main Street,"1630 N MAIN ST, LOS ANGELES",California,Los Angeles,Los Angeles,"Los Angeles-Long Beach-Anaheim, CA",17-05-2024,pm25
6,37,1103,88101,1,34.06659,-118.22688,WGS84,PM2.5 - Local Conditions,24 HOUR,PM25 24-hour 2012,28-04-2023,Micrograms/cubic meter (LC),,1,100,24.9,24.9,0,80.0,145,R & P Model 2025 PM-2.5 Sequential Air Sampler w/VSCC - Gravimetric,Los Angeles-North Main Street,"1630 N MAIN ST, LOS ANGELES",California,Los Angeles,Los Angeles,"Los Angeles-Long Beach-Anaheim, CA",17-05-2024,pm25
6,37,1103,88101,1,34.06659,-118.22688,WGS84,PM2.5 - Local Conditions,24 HOUR,PM25 24-hour 2012,29-04-2023,Micrograms/cubic meter (LC),,1,100,21.5,21.5,0,74.0,145,R & P Model 2025 PM-2.5 Sequential Air Sampler w/VSCC - Gravimetric,Los Angeles-North Main Street,"1630 N MAIN ST, LOS ANGELES",California,Los Angeles,Los Angeles,"Los Angeles-Long Beach-Anaheim, CA",17-05-2024,pm25
6,37,1103,88101,1,34.06659,-118.22688,WGS84,PM2.5 - Local Conditions,24 HOUR,PM25 24-hour 2012,30-04-2023,Micrograms/cubic meter (LC),,1,100,17.6,17.6,0,67.0,145,R & P Model 2025 PM-2.5 Sequential Air Sampler w/VSCC - Gravimetric,Los Angeles-North Main Street,"1630 N MAIN ST, LOS ANGELES",California,Los Angeles,Los Angeles,"Los Angeles-Long Beach-Anaheim, CA",17-05-2024,pm25
6,37,1103,88101,1,34.06659,-118.22688,WGS84,PM2.5 - Local Conditions,24 HOUR,PM25 24-hour 2012,01-05-2023,Micrograms/cubic meter (LC),,1,100,4.9,4.9,0,27.0,145,R & P Model 2025 PM-2.5 Sequential Air Sampler w/VSCC - Gravimetric,Los Angeles-North Main Street,"1630 N MAIN ST, LOS ANGELES",California,Los Angeles,Los Angeles,"Los Angeles-Long Beach-Anaheim, CA",17-05-2024,pm25
6,37,1103,88101,1,34.06659,-118.22688,WGS84,PM2.5 - Local Conditions,24 HOUR,PM25 24-hour 2012,02-05-2023,Micrograms/cubic meter (LC),,1,100,3.3,3.3,0,18.0,145,R & P Model 2025 PM-2.5 Sequential Air Sampler w/VSCC - Gravimetric,Los Angeles-North Main Street,"1630 N MAIN ST, LOS ANGELES",California,Los Angeles,Los Angeles,"Los Angeles-Long Beach-Anaheim, CA",17-05-2024,pm25
6,37,1103,88101,1,34.06659,-118.22688,WGS84,PM2.5 - Local Conditions,24 HOUR,PM25 24-hour 2012,03-05-2023,Micrograms/cubic meter (LC),,1,100,4.1,4.1,0,23.0,145,R & P Model 2025 PM-2.5 Sequential Air Sampler w/VSCC - Gravimetric,Los Angeles-North Main Street,"1630 N MAIN ST, LOS ANGELES",California,Los Angeles,Los Angeles,"Los Angeles-Long Beach-Anaheim, CA",17-05-2024,pm25
6,37,1103,88101,1,34.06659,-118.22688,WGS84,PM2.5 - Local Conditions,24 HOUR,PM25 24-hour 2012,04-05-2023,Micrograms/cubic meter (LC),,1,100,2.5,2.5,0,14.0,145,R & P Model 2025 PM-2.5 Sequential Air Sampler w/VSCC - Gravimetric,Los Angeles-North Main Street,"1630 N MAIN ST, LOS ANGELES",California,Los Angeles,Los Angeles,"Los Angeles-Long Beach-Anaheim, CA",17-05-2024,pm25
6,37,1103,88101,1,34.06659,-118.22688,WGS84,PM2.5 - Local Conditions,24 HOUR,PM25 24-hour 2012,05-05-2023,Micrograms/cubic meter (LC),,1,100,4.7,4.7,0,26.0,145,R & P Model 2025 PM-2.5 Sequential Air Sampler w/VSCC - Gravimetric,Los Angeles-North Main Street,"1630 N MAIN ST, LOS ANGELES",California,Los Angeles,Los Angeles,"Los Angeles-Long Beach-Anaheim, CA",17-05-2024,pm25
6,37,1103,88101,1,34.06659,-118.22688,WGS84,PM2.5 - Local Conditions,24 HOUR,PM25 24-hour 2012,06-05-2023,Micrograms/cubic meter (LC),,1,100,4.5,4.5,0,25.0,145,R & P Model 2025 PM-2.5 Sequential Air Sampler w/VSCC - Gravimetric,Los Angeles-North Main Street,"1630 N MAIN ST, LOS ANGELES",California,Los Angeles,Los Angeles,"Los Angeles-Long Beach-Anaheim, CA",17-05-2024,pm25
6,37,1103,88101,1,34.06659,-118.22688,WGS84,PM2.5 - Local Conditions,24 HOUR,PM25 24-hour 2012,07-05-2023,Micrograms/cubic meter (LC),,1,100,5.2,5.2,0,29.0,145,R & P Model 2025 PM-2.5 Sequential Air Sampler w/VSCC - Gravimetric,Los Angeles-North Main Street,"1630 N MAIN ST, LOS ANGELES",California,Los Angeles,Los Angeles,"Los Angeles-Long Beach-Anaheim, CA",17-05-2024,pm25
6,37,1103,88101,1,34.06659,-118.22688,WGS84,PM2.5 - Local Conditions,24 HOUR,PM25 24-hour 2012,08-05-2023,Micrograms/cubic meter (LC),,1,100,7.2,7.2,0,40.0,145,R & P Model 2025 PM-2.5 Sequential Air Sampler w/VSCC - Gravimetric,Los Angeles-North Main Street,"1630 N MAIN ST, LOS ANGELES",California,Los Angeles,Los Angeles,"Los Angeles-Long Beach-Anaheim, CA",17-05-2024,pm25
6,37,1103,88101,1,34.06659,-118.22688,WGS84,PM2.5 - Local Conditions,24 HOUR,PM25 24-hour 2012,09-05-2023,Micrograms/cubic meter (LC),,1,100,7.8,7.8,0,43.0,145,R & P Model 2025 PM-2.5 Sequential Air Sampler w/VSCC - Gravimetric,Los Angeles-North Main Street,"1630 N MAIN ST, LOS ANGELES",California,Los Angeles,Los Angeles,"Los Angeles-Long Beach-Anaheim, CA",17-05-2024,pm25
6,37,1103,88101,1,34.06659,-118.22688,WGS84,PM2.5 - Local Conditions,24 HOUR,PM25 24-hour 2012,10-05-2023,Micrograms/cubic meter (LC),,1,100,7.6,7.6,0,42.0,145,R & P Model 2025 PM-2.5 Sequential Air Sampler w/VSCC - Gravimetric,Los Angeles-North Main Street,"1630 N MAIN ST, LOS ANGELES",California,Los Angeles,Los Angeles,"Los Angeles-Long Beach-Anaheim, CA",17-05-2024,pm25
6,37,1103,88101,1,34.06659,-118.22688,WGS84,PM2.5 - Local Conditions,24 HOUR,PM25 24-hour 2012,11-05-2023,Micrograms/cubic meter (LC),,1,100,8.7,8.7,0,48.0,145,R & P Model 2025 PM-2.5 Sequential Air Sampler w/VSCC - Gravimetric,Los Angeles-North Main Street,"1630 N MAIN ST, LOS ANGELES",California,Los Angeles,Los Angeles,"Los Angeles-Long Beach-Anaheim, CA",17-05-2024,pm25
6,37,1103,88101,1,34.06659,-118.22688,WGS84,PM2.5 - Local Conditions,24 HOUR,PM25 24-hour 2012,12-05-2023,Micrograms/cubic meter (LC),,1,100,12.0,12.0,0,56.0,145,R & P Model 2025 PM-2.5 Sequential Air Sampler w/VSCC - Gravimetric,Los Angeles-North Main Street,"1630 N MAIN ST, LOS ANGELES",California,Los Angeles,Los Angeles,"Los Angeles-Long Beach-Anaheim, CA",17-05-2024,pm25
6,37,1103,88101,1,34.06659,-118.22688,WGS84,PM2.5 - Local Conditions,24 HOUR,PM25 24-hour 2012,13-05-2023,Micrograms/cubic meter (LC),,1,100,18.1,18.1,0,68.0,145,R & P Model 2025 PM-2.5 Sequential Air Sampler w/VSCC - Gravimetric,Los Angeles-North Main Street,"1630 N MAIN ST, LOS ANGELES",California,Los Angeles,Los Angeles,"Los Angeles-Long Beach-Anaheim, CA",17-05-2024,pm25
6,37,1103,88101,1,34.06659,-118.22688,WGS84,PM2.5 - Local Conditions,24 HOUR,PM25 24-hour 2012,14-05-2023,Micrograms/cubic meter (LC),,1,100,12.7,12.7,0,58.0,145,R & P Model 2025 PM-2.5 Sequential Air Sampler w/VSCC - Gravimetric,Los Angeles-North Main Street,"1630 N MAIN ST, LOS ANGELES",California,Los Angeles,Los Angeles,"Los Angeles-Long Beach-Anaheim, CA",17-05-2024,pm25
6,37,1103,88101,1,34.06659,-118.22688,WGS84,PM2.5 - Local Conditions,24 HOUR,PM25 24-hour 2012,15-05-2023,Micrograms/cubic meter (LC),,1,100,17.9,17.9,0,67.0,145,R & P Model 2025 PM-2.5 Sequential Air Sampler w/VSCC - Gravimetric,Los Angeles-North Main Street,"1630 N MAIN ST, LOS ANGELES",California,Los Angeles,Los Angeles,"Los Angeles-Long Beach-Anaheim, CA",17-05-2024,pm25
6,37,1103,88101,1,34.06659,-118.22688,WGS84,PM2.5 - Local Conditions,24 HOUR,PM25 24-hour 2012,16-05-2023,Micrograms/cubic meter (LC),,1,100,8.0,8.0,0,44.0,145,R & P Model 2025 PM-2.5 Sequential Air Sampler w/VSCC - Gravimetric,Los Angeles-North Main Street,"1630 N MAIN ST, LOS ANGELES",California,Los Angeles,Los Angeles,"Los Angeles-Long Beach-Anaheim, CA",17-05-2024,pm25
6,37,1103,88101,1,34.06659,-118.22688,WGS84,PM2.5 - Local Conditions,24 HOUR,PM25 24-hour 2012,17-05-2023,Micrograms/cubic meter (LC),,1,100,12.0,12.0,0,56.0,145,R & P Model 2025 PM-2.5 Sequential Air Sampler w/VSCC - Gravimetric,Los Angeles-North Main Street,"1630 N MAIN ST, LOS ANGELES",California,Los Angeles,Los Angeles,"Los Angeles-Long Beach-Anaheim, CA",17-05-2024,pm25
6,37,1103,88101,1,34.06659,-118.22688,WGS84,PM2.5 - Local Conditions,24 HOUR,PM25 24-hour 2012,18-05-2023,Micrograms/cubic meter (LC),,1,100,13.7,13.7,0,60.0,145,R & P Model 2025 PM-2.5 Sequential Air Sampler w/VSCC - Gravimetric,Los Angeles-North Main Street,"1630 N MAIN ST, LOS ANGELES",California,Los Angeles,Los Angeles,"Los Angeles-Long Beach-Anaheim, CA",17-05-2024,pm25
6,37,1103,88101,1,34.06659,-118.22688,WGS84,PM2.5 - Local Conditions,24 HOUR,PM25 24-hour 2012,19-05-2023,Micrograms/cubic meter (LC),,1,100,17.6,17.6,0,67.0,145,R & P Model 2025 PM-2.5 Sequential Air Sampler w/VSCC - Gravimetric,Los Angeles-North Main Street,"1630 N MAIN ST, LOS ANGELES",California,Los Angeles,Los Angeles,"Los Angeles-Long Beach-Anaheim, CA",17-05-2024,pm25
6,37,1103,88101,1,34.06659,-118.22688,WGS84,PM2.5 - Local Conditions,24 HOUR,PM25 24-hour 2012,20-05-2023,Micrograms/cubic meter (LC),,1,100,13.1,13.1,0,58.0,145,R & P Model 2025 PM-2.5 Sequential Air Sampler w/VSCC - Gravimetric,Los Angeles-North Main Street,"1630 N MAIN ST, LOS ANGELES",California,Los Angeles,Los Angeles,"Los Angeles-Long Beach-Anaheim, CA",17-05-2024,pm25
6,37,1103,88101,1,34.06659,-118.22688,WGS84,PM2.5 - Local Conditions,24 HOUR,PM25 24-hour 2012,21-05-2023,Micrograms/cubic meter (LC),,1,100,12.2,12.2,0,57.0,145,R & P Model 2025 PM-2.5 Sequential Air Sampler w/VSCC - Gravimetric,Los Angeles-North Main Street,"1630 N MAIN ST, LOS ANGELES",California,Los Angeles,Los Angeles,"Los Angeles-Long Beach-Anaheim, CA",17-05-2024,pm25
6,37,1103,88101,1,34.06659,-118.22688,WGS84,PM2.5 - Local Conditions,24 HOUR,PM25 24-hour 2012,22-05-2023,Micrograms/cubic meter (LC),,1,100,12.7,12.7,0,58.0,145,R & P Model 2025 PM-2.5 Sequential Air Sampler w/VSCC - Gravimetric,Los Angeles-North Main Street,"1630 N MAIN ST, LOS ANGELES",California,Los Angeles,Los Angeles,"Los Angeles-Long Beach-Anaheim, CA",17-05-2024,pm25
6,37,1103,88101,1,34.06659,-118.22688,WGS84,PM2.5 - Local Conditions,24 HOUR,PM25 24-hour 2012,23-05-2023,Micrograms/cubic meter (LC),,1,100,6.8,6.8,0,38.0,145,R & P Model 2025 PM-2.5 Sequential Air Sampler w/VSCC - Gravimetric,Los Angeles-North Main Street,"1630 N MAIN ST, LOS ANGELES",California,Los Angeles,Los Angeles,"Los Angeles-Long Beach-Anaheim, CA",17-05-2024,pm25
6,37,1103,88101,1,34.06659,-118.22688,WGS84,PM2.5 - Local Conditions,24 HOUR,PM25 24-hour 2012,24-05-2023,Micrograms/cubic meter (LC),,1,100,5.9,5.9,0,33.0,145,R & P Model 2025 PM-2.5 Sequential Air Sampler w/VSCC - Gravimetric,Los Angeles-North Main Street,"1630 N MAIN ST, LOS ANGELES",California,Los Angeles,Los Angeles,"Los Angeles-Long Beach-Anaheim, CA",17-05-2024,pm25
6,37,1103,88101,1,34.06659,-118.22688,WGS84,PM2.5 - Local Conditions,24 HOUR,PM25 24-hour 2012,25-05-2023,Micrograms/cubic meter (LC),,1,100,5.8,5.8,0,32.0,145,R & P Model 2025 PM-2.5 Sequential Air Sampler w/VSCC - Gravimetric,Los Angeles-North Main Street,"1630 N MAIN ST, LOS ANGELES",California,Los Angeles,Los Angeles,"Los Angeles-Long Beach-Anaheim, CA",17-05-2024,pm25
6,37,1103,88101,1,34.06659,-118.22688,WGS84,PM2.5 - Local Conditions,24 HOUR,PM25 24-hour 2012,26-05-2023,Micrograms/cubic meter (LC),,1,100,5.0,5.0,0,28.0,145,R & P Model 2025 PM-2.5 Sequential Air Sampler w/VSCC - Gravimetric,Los Angeles-North Main Street,"1630 N MAIN ST, LOS ANGELES",California,Los Angeles,Los Angeles,"Los Angeles-Long Beach-Anaheim, CA",17-05-2024,pm25
6,37,1103,88101,1,34.06659,-118.22688,WGS84,PM2.5 - Local Conditions,24 HOUR,PM25 24-hour 2012,27-05-2023,Micrograms/cubic meter (LC),,1,100,5.7,5.7,0,32.0,145,R & P Model 2025 PM-2.5 Sequential Air Sampler w/VSCC - Gravimetric,Los Angeles-North Main Street,"1630 N MAIN ST, LOS ANGELES",California,Los Angeles,Los Angeles,"Los Angeles-Long Beach-Anaheim, CA",17-05-2024,pm25
6,37,1103,88101,1,34.06659,-118.22688,WGS84,PM2.5 - Local Conditions,24 HOUR,PM25 24-hour 2012,28-05-2023,Micrograms/cubic meter (LC),,1,100,7.4,7.4,0,41.0,145,R & P Model 2025 PM-2.5 Sequential Air Sampler w/VSCC - Gravimetric,Los Angeles-North Main Street,"1630 N MAIN ST, LOS ANGELES",California,Los Angeles,Los Angeles,"Los Angeles-Long Beach-Anaheim, CA",17-05-2024,pm25
6,37,1103,88101,1,34.06659,-118.22688,WGS84,PM2.5 - Local Conditions,24 HOUR,PM25 24-hour 2012,29-05-2023,Micrograms/cubic meter (LC),,1,100,5.6,5.6,0,31.0,145,R & P Model 2025 PM-2.5 Sequential Air Sampler w/VSCC - Gravimetric,Los Angeles-North Main Street,"1630 N MAIN ST, LOS ANGELES",California,Los Angeles,Los Angeles,"Los Angeles-Long Beach-Anaheim, CA",17-05-2024,pm25
6,37,1103,88101,1,34.06659,-118.22688,WGS84,PM2.5 - Local Conditions,24 HOUR,PM25 24-hour 2012,30-05-2023,Micrograms/cubic meter (LC),,1,100,5.1,5.1,0,28.0,145,R & P Model 2025 PM-2.5 Sequential Air Sampler w/VSCC - Gravimetric,Los Angeles-North Main Street,"1630 N MAIN ST, LOS ANGELES",California,Los Angeles,Los Angeles,"Los Angeles-Long Beach-Anaheim, CA",17-05-2024,pm25
6,37,1103,88101,1,34.06659,-118.22688,WGS84,PM2.5 - Local Conditions,24 HOUR,PM25 24-hour 2012,31-05-2023,Micrograms/cubic meter (LC),,1,100,4.1,4.1,0,23.0,145,R & P Model 2025 PM-2.5 Sequential Air Sampler w/VSCC - Gravimetric,Los Angeles-North Main Street,"1630 N MAIN ST, LOS ANGELES",California,Los Angeles,Los Angeles,"Los Angeles-Long Beach-Anaheim, CA",17-05-2024,pm25
6,37,1103,88101,1,34.06659,-118.22688,WGS84,PM2.5 - Local Conditions,24 HOUR,PM25 24-hour 2012,01-06-2023,Micrograms/cubic meter (LC),,1,100,7.1,7.1,0,39.0,145,R & P Model 2025 PM-2.5 Sequential Air Sampler w/VSCC - Gravimetric,Los Angeles-North Main Street,"1630 N MAIN ST, LOS ANGELES",California,Los Angeles,Los Angeles,"Los Angeles-Long Beach-Anaheim, CA",17-05-2024,pm25
6,37,1103,88101,1,34.06659,-118.22688,WGS84,PM2.5 - Local Conditions,24 HOUR,PM25 24-hour 2012,02-06-2023,Micrograms/cubic meter (LC),,1,100,8.5,8.5,0,47.0,145,R & P Model 2025 PM-2.5 Sequential Air Sampler w/VSCC - Gravimetric,Los Angeles-North Main Street,"1630 N MAIN ST, LOS ANGELES",California,Los Angeles,Los Angeles,"Los Angeles-Long Beach-Anaheim, CA",17-05-2024,pm25
6,37,1103,88101,1,34.06659,-118.22688,WGS84,PM2.5 - Local Conditions,24 HOUR,PM25 24-hour 2012,03-06-2023,Micrograms/cubic meter (LC),,1,100,11.9,11.9,0,56.0,145,R & P Model 2025 PM-2.5 Sequential Air Sampler w/VSCC - Gravimetric,Los Angeles-North Main Street,"1630 N MAIN ST, LOS ANGELES",California,Los Angeles,Los Angeles,"Los Angeles-Long Beach-Anaheim, CA",17-05-2024,pm25
6,37,1103,88101,1,34.06659,-118.22688,WGS84,PM2.5 - Local Conditions,24 HOUR,PM25 24-hour 2012,04-06-2023,Micrograms/cubic meter (LC),,1,100,14.1,14.1,0,60.0,145,R & P Model 2025 PM-2.5 Sequential Air Sampler w/VSCC - Gravimetric,Los Angeles-North Main Street,"1630 N MAIN ST, LOS ANGELES",California,Los Angeles,Los Angeles,"Los Angeles-Long Beach-Anaheim, CA",17-05-2024,pm25
6,37,1103,88101,1,34.06659,-118.22688,WGS84,PM2.5 - Local Conditions,24 HOUR,PM25 24-hour 2012,05-06-2023,Micrograms/cubic meter (LC),,1,100,8.1,8.1,0,45.0,145,R & P Model 2025 PM-2.5 Sequential Air Sampler w/VSCC - Gravimetric,Los Angeles-North Main Street,"1630 N MAIN ST, LOS ANGELES",California,Los Angeles,Los Angeles,"Los Angeles-Long Beach-Anaheim, CA",17-05-2024,pm25
6,37,1103,88101,1,34.06659,-118.22688,WGS84,PM2.5 - Local Conditions,24 HOUR,PM25 24-hour 2012,06-06-2023,Micrograms/cubic meter (LC),,1,100,5.5,5.5,0,31.0,145,R & P Model 2025 PM-2.5 Sequential Air Sampler w/VSCC - Gravimetric,Los Angeles-North Main Street,"1630 N MAIN ST, LOS ANGELES",California,Los Angeles,Los Angeles,"Los Angeles-Long Beach-Anaheim, CA",17-05-2024,pm25
6,37,1103,88101,1,34.06659,-118.22688,WGS84,PM2.5 - Local Conditions,24 HOUR,PM25 24-hour 2012,07-06-2023,Micrograms/cubic meter (LC),,1,100,3.6,3.6,0,20.0,145,R & P Model 2025 PM-2.5 Sequential Air Sampler w/VSCC - Gravimetric,Los Angeles-North Main Street,"1630 N MAIN ST, LOS ANGELES",California,Los Angeles,Los Angeles,"Los Angeles-Long Beach-Anaheim, CA",17-05-2024,pm25
6,37,1103,88101,1,34.06659,-118.22688,WGS84,PM2.5 - Local Conditions,24 HOUR,PM25 24-hour 2012,08-06-2023,Micrograms/cubic meter (LC),,1,100,5.6,5.6,0,31.0,145,R & P Model 2025 PM-2.5 Sequential Air Sampler w/VSCC - Gravimetric,Los Angeles-North Main Street,"1630 N MAIN ST, LOS ANGELES",California,Los Angeles,Los Angeles,"Los Angeles-Long Beach-Anaheim, CA",17-05-2024,pm25
6,37,1103,88101,1,34.06659,-118.22688,WGS84,PM2.5 - Local Conditions,24 HOUR,PM25 24-hour 2012,09-06-2023,Micrograms/cubic meter (LC),,1,100,6.7,6.7,0,37.0,145,R & P Model 2025 PM-2.5 Sequential Air Sampler w/VSCC - Gravimetric,Los Angeles-North Main Street,"1630 N MAIN ST, LOS ANGELES",California,Los Angeles,Los Angeles,"Los Angeles-Long Beach-Anaheim, CA",17-05-2024,pm25
6,37,1103,88101,1,34.06659,-118.22688,WGS84,PM2.5 - Local Conditions,24 HOUR,PM25 24-hour 2012,10-06-2023,Micrograms/cubic meter (LC),,1,100,7.2,7.2,0,40.0,145,R & P Model 2025 PM-2.5 Sequential Air Sampler w/VSCC - Gravimetric,Los Angeles-North Main Street,"1630 N MAIN ST, LOS ANGELES",California,Los Angeles,Los Angeles,"Los Angeles-Long Beach-Anaheim, CA",17-05-2024,pm25
6,37,1103,88101,1,34.06659,-118.22688,WGS84,PM2.5 - Local Conditions,24 HOUR,PM25 24-hour 2012,11-06-2023,Micrograms/cubic meter (LC),,1,100,3.5,3.5,0,19.0,145,R & P Model 2025 PM-2.5 Sequential Air Sampler w/VSCC - Gravimetric,Los Angeles-North Main Street,"1630 N MAIN ST, LOS ANGELES",California,Los Angeles,Los Angeles,"Los Angeles-Long Beach-Anaheim, CA",17-05-2024,pm25
6,37,1103,88101,1,34.06659,-118.22688,WGS84,PM2.5 - Local Conditions,24 HOUR,PM25 24-hour 2012,12-06-2023,Micrograms/cubic meter (LC),,1,100,4.3,4.3,0,24.0,145,R & P Model 2025 PM-2.5 Sequential Air Sampler w/VSCC - Gravimetric,Los Angeles-North Main Street,"1630 N MAIN ST, LOS ANGELES",California,Los Angeles,Los Angeles,"Los Angeles-Long Beach-Anaheim, CA",17-05-2024,pm25
6,37,1103,88101,1,34.06659,-118.22688,WGS84,PM2.5 - Local Conditions,24 HOUR,PM25 24-hour 2012,13-06-2023,Micrograms/cubic meter (LC),,1,100,4.2,4.2,0,23.0,145,R & P Model 2025 PM-2.5 Sequential Air Sampler w/VSCC - Gravimetric,Los Angeles-North Main Street,"1630 N MAIN ST, LOS ANGELES",California,Los Angeles,Los Angeles,"Los Angeles-Long Beach-Anaheim, CA",17-05-2024,pm25
6,37,1103,88101,1,34.06659,-118.22688,WGS84,PM2.5 - Local Conditions,24 HOUR,PM25 24-hour 2012,14-06-2023,Micrograms/cubic meter (LC),,1,100,9.0,9.0,0,50.0,145,R & P Model 2025 PM-2.5 Sequential Air Sampler w/VSCC - Gravimetric,Los Angeles-North Main Street,"1630 N MAIN ST, LOS ANGELES",California,Los Angeles,Los Angeles,"Los Angeles-Long Beach-Anaheim, CA",17-05-2024,pm25
6,37,1103,88101,1,34.06659,-118.22688,WGS84,PM2.5 - Local Conditions,24 HOUR,PM25 24-hour 2012,15-06-2023,Micrograms/cubic meter (LC),,1,100,5.1,5.1,0,28.0,145,R & P Model 2025 PM-2.5 Sequential Air Sampler w/VSCC - Gravimetric,Los Angeles-North Main Street,"1630 N MAIN ST, LOS ANGELES",California,Los Angeles,Los Angeles,"Los Angeles-Long Beach-Anaheim, CA",17-05-2024,pm25
6,37,1103,88101,1,34.06659,-118.22688,WGS84,PM2.5 - Local Conditions,24 HOUR,PM25 24-hour 2012,16-06-2023,Micrograms/cubic meter (LC),,1,100,7.2,7.2,0,40.0,145,R & P Model 2025 PM-2.5 Sequential Air Sampler w/VSCC - Gravimetric,Los Angeles-North Main Street,"1630 N MAIN ST, LOS ANGELES",California,Los Angeles,Los Angeles,"Los Angeles-Long Beach-Anaheim, CA",17-05-2024,pm25
6,37,1103,88101,1,34.06659,-118.22688,WGS84,PM2.5 - Local Conditions,24 HOUR,PM25 24-hour 2012,17-06-2023,Micrograms/cubic meter (LC),,1,100,9.2,9.2,0,51.0,145,R & P Model 2025 PM-2.5 Sequential Air Sampler w/VSCC - Gravimetric,Los Angeles-North Main Street,"1630 N MAIN ST, LOS ANGELES",California,Los Angeles,Los Angeles,"Los Angeles-Long Beach-Anaheim, CA",17-05-2024,pm25
6,37,1103,88101,1,34.06659,-118.22688,WGS84,PM2.5 - Local Conditions,24 HOUR,PM25 24-hour 2012,18-06-2023,Micrograms/cubic meter (LC),,1,100,10.2,10.2,0,53.0,145,R & P Model 2025 PM-2.5 Sequential Air Sampler w/VSCC - Gravimetric,Los Angeles-North Main Street,"1630 N MAIN ST, LOS ANGELES",California,Los Angeles,Los Angeles,"Los Angeles-Long Beach-Anaheim, CA",17-05-2024,pm25
6,37,1103,88101,1,34.06659,-118.22688,WGS84,PM2.5 - Local Conditions,24 HOUR,PM25 24-hour 2012,19-06-2023,Micrograms/cubic meter (LC),,1,100,7.4,7.4,0,41.0,145,R & P Model 2025 PM-2.5 Sequential Air Sampler w/VSCC - Gravimetric,Los Angeles-North Main Street,"1630 N MAIN ST, LOS ANGELES",California,Los Angeles,Los Angeles,"Los Angeles-Long Beach-Anaheim, CA",17-05-2024,pm25
6,37,1103,88101,1,34.06659,-118.22688,WGS84,PM2.5 - Local Conditions,24 HOUR,PM25 24-hour 2012,20-06-2023,Micrograms/cubic meter (LC),,1,100,10.0,10.0,0,53.0,145,R & P Model 2025 PM-2.5 Sequential Air Sampler w/VSCC - Gravimetric,Los Angeles-North Main Street,"1630 N MAIN ST, LOS ANGELES",California,Los Angeles,Los Angeles,"Los Angeles-Long Beach-Anaheim, CA",17-05-2024,pm25
6,37,1103,88101,1,34.06659,-118.22688,WGS84,PM2.5 - Local Conditions,24 HOUR,PM25 24-hour 2012,21-06-2023,Micrograms/cubic meter (LC),,1,100,10.9,10.9,0,54.0,145,R & P Model 2025 PM-2.5 Sequential Air Sampler w/VSCC - Gravimetric,Los Angeles-North Main Street,"1630 N MAIN ST, LOS ANGELES",California,Los Angeles,Los Angeles,"Los Angeles-Long Beach-Anaheim, CA",17-05-2024,pm25
6,37,1103,88101,1,34.06659,-118.22688,WGS84,PM2.5 - Local Conditions,24 HOUR,PM25 24-hour 2012,22-06-2023,Micrograms/cubic meter (LC),,1,100,11.0,11.0,0,55.0,145,R & P Model 2025 PM-2.5 Sequential Air Sampler w/VSCC - Gravimetric,Los Angeles-North Main Street,"1630 N MAIN ST, LOS ANGELES",California,Los Angeles,Los Angeles,"Los Angeles-Long Beach-Anaheim, CA",17-05-2024,pm25
6,37,1103,88101,1,34.06659,-118.22688,WGS84,PM2.5 - Local Conditions,24 HOUR,PM25 24-hour 2012,23-06-2023,Micrograms/cubic meter (LC),,1,100,7.6,7.6,0,42.0,145,R & P Model 2025 PM-2.5 Sequential Air Sampler w/VSCC - Gravimetric,Los Angeles-North Main Street,"1630 N MAIN ST, LOS ANGELES",California,Los Angeles,Los Angeles,"Los Angeles-Long Beach-Anaheim, CA",17-05-2024,pm25
6,37,1103,88101,1,34.06659,-118.22688,WGS84,PM2.5 - Local Conditions,24 HOUR,PM25 24-hour 2012,24-06-2023,Micrograms/cubic meter (LC),,1,100,8.3,8.3,0,46.0,145,R & P Model 2025 PM-2.5 Sequential Air Sampler w/VSCC - Gravimetric,Los Angeles-North Main Street,"1630 N MAIN ST, LOS ANGELES",California,Los Angeles,Los Angeles,"Los Angeles-Long Beach-Anaheim, CA",17-05-2024,pm25
6,37,1103,88101,1,34.06659,-118.22688,WGS84,PM2.5 - Local Conditions,24 HOUR,PM25 24-hour 2012,25-06-2023,Micrograms/cubic meter (LC),,1,100,10.0,10.0,0,53.0,145,R & P Model 2025 PM-2.5 Sequential Air Sampler w/VSCC - Gravimetric,Los Angeles-North Main Street,"1630 N MAIN ST, LOS ANGELES",California,Los Angeles,Los Angeles,"Los Angeles-Long Beach-Anaheim, CA",17-05-2024,pm25
6,37,1103,88101,1,34.06659,-118.22688,WGS84,PM2.5 - Local Conditions,24 HOUR,PM25 24-hour 2012,26-06-2023,Micrograms/cubic meter (LC),,1,100,9.0,9.0,0,50.0,145,R & P Model 2025 PM-2.5 Sequential Air Sampler w/VSCC - Gravimetric,Los Angeles-North Main Street,"1630 N MAIN ST, LOS ANGELES",California,Los Angeles,Los Angeles,"Los Angeles-Long Beach-Anaheim, CA",17-05-2024,pm25
6,37,1103,88101,1,34.06659,-118.22688,WGS84,PM2.5 - Local Conditions,24 HOUR,PM25 24-hour 2012,27-06-2023,Micrograms/cubic meter (LC),,1,100,10.0,10.0,0,53.0,145,R & P Model 2025 PM-2.5 Sequential Air Sampler w/VSCC - Gravimetric,Los Angeles-North Main Street,"1630 N MAIN ST, LOS ANGELES",California,Los Angeles,Los Angeles,"Los Angeles-Long Beach-Anaheim, CA",17-05-2024,pm25
6,37,1103,88101,1,34.06659,-118.22688,WGS84,PM2.5 - Local Conditions,24 HOUR,PM25 24-hour 2012,28-06-2023,Micrograms/cubic meter (LC),,1,100,10.2,10.2,0,53.0,145,R & P Model 2025 PM-2.5 Sequential Air Sampler w/VSCC - Gravimetric,Los Angeles-North Main Street,"1630 N MAIN ST, LOS ANGELES",California,Los Angeles,Los Angeles,"Los Angeles-Long Beach-Anaheim, CA",17-05-2024,pm25
6,37,1103,88101,1,34.06659,-118.22688,WGS84,PM2.5 - Local Conditions,24 HOUR,PM25 24-hour 2012,29-06-2023,Micrograms/cubic meter (LC),,1,100,11.2,11.2,0,55.0,145,R & P Model 2025 PM-2.5 Sequential Air Sampler w/VSCC - Gravimetric,Los Angeles-North Main Street,"1630 N MAIN ST, LOS ANGELES",California,Los Angeles,Los Angeles,"Los Angeles-Long Beach-Anaheim, CA",17-05-2024,pm25
6,37,1103,88101,1,34.06659,-118.22688,WGS84,PM2.5 - Local Conditions,24 HOUR,PM25 24-hour 2012,30-06-2023,Micrograms/cubic meter (LC),,1,100,13.7,13.7,0,60.0,145,R & P Model 2025 PM-2.5 Sequential Air Sampler w/VSCC - Gravimetric,Los Angeles-North Main Street,"1630 N MAIN ST, LOS ANGELES",California,Los Angeles,Los Angeles,"Los Angeles-Long Beach-Anaheim, CA",17-05-2024,pm25
6,37,1103,88101,1,34.06659,-118.22688,WGS84,PM2.5 - Local Conditions,24 HOUR,PM25 24-hour 2012,01-07-2023,Micrograms/cubic meter (LC),,1,100,16.1,16.1,0,64.0,145,R & P Model 2025 PM-2.5 Sequential Air Sampler w/VSCC - Gravimetric,Los Angeles-North Main Street,"1630 N MAIN ST, LOS ANGELES",California,Los Angeles,Los Angeles,"Los Angeles-Long Beach-Anaheim, CA",17-05-2024,pm25
6,37,1103,88101,1,34.06659,-118.22688,WGS84,PM2.5 - Local Conditions,24 HOUR,PM25 24-hour 2012,02-07-2023,Micrograms/cubic meter (LC),,1,100,12.5,12.5,0,57.0,145,R & P Model 2025 PM-2.5 Sequential Air Sampler w/VSCC - Gravimetric,Los Angeles-North Main Street,"1630 N MAIN ST, LOS ANGELES",California,Los Angeles,Los Angeles,"Los Angeles-Long Beach-Anaheim, CA",17-05-2024,pm25
6,37,1103,88101,1,34.06659,-118.22688,WGS84,PM2.5 - Local Conditions,24 HOUR,PM25 24-hour 2012,03-07-2023,Micrograms/cubic meter (LC),,1,100,13.1,13.1,0,58.0,145,R & P Model 2025 PM-2.5 Sequential Air Sampler w/VSCC - Gravimetric,Los Angeles-North Main Street,"1630 N MAIN ST, LOS ANGELES",California,Los Angeles,Los Angeles,"Los Angeles-Long Beach-Anaheim, CA",17-05-2024,pm25
6,37,1103,88101,1,34.06659,-118.22688,WGS84,PM2.5 - Local Conditions,24 HOUR,PM25 24-hour 2012,04-07-2023,Micrograms/cubic meter (LC),,1,100,25.2,25.2,0,81.0,145,R & P Model 2025 PM-2.5 Sequential Air Sampler w/VSCC - Gravimetric,Los Angeles-North Main Street,"1630 N MAIN ST, LOS ANGELES",California,Los Angeles,Los Angeles,"Los Angeles-Long Beach-Anaheim, CA",17-05-2024,pm25
6,37,1103,88101,1,34.06659,-118.22688,WGS84,PM2.5 - Local Conditions,24 HOUR,PM25 24-hour 2012,05-07-2023,Micrograms/cubic meter (LC),,1,100,24.1,24.1,0,79.0,145,R & P Model 2025 PM-2.5 Sequential Air Sampler w/VSCC - Gravimetric,Los Angeles-North Main Street,"1630 N MAIN ST, LOS ANGELES",California,Los Angeles,Los Angeles,"Los Angeles-Long Beach-Anaheim, CA",17-05-2024,pm25
6,37,1103,88101,1,34.06659,-118.22688,WGS84,PM2.5 - Local Conditions,24 HOUR,PM25 24-hour 2012,06-07-2023,Micrograms/cubic meter (LC),,1,100,12.2,12.2,0,57.0,145,R & P Model 2025 PM-2.5 Sequential Air Sampler w/VSCC - Gravimetric,Los Angeles-North Main Street,"1630 N MAIN ST, LOS ANGELES",California,Los Angeles,Los Angeles,"Los Angeles-Long Beach-Anaheim, CA",17-05-2024,pm25
6,37,1103,88101,1,34.06659,-118.22688,WGS84,PM2.5 - Local Conditions,24 HOUR,PM25 24-hour 2012,07-07-2023,Micrograms/cubic meter (LC),,1,100,10.2,10.2,0,53.0,145,R & P Model 2025 PM-2.5 Sequential Air Sampler w/VSCC - Gravimetric,Los Angeles-North Main Street,"1630 N MAIN ST, LOS ANGELES",California,Los Angeles,Los Angeles,"Los Angeles-Long Beach-Anaheim, CA",17-05-2024,pm25
6,37,1103,88101,1,34.06659,-118.22688,WGS84,PM2.5 - Local Conditions,24 HOUR,PM25 24-hour 2012,08-07-2023,Micrograms/cubic meter (LC),,1,100,11.8,11.8,0,56.0,145,R & P Model 2025 PM-2.5 Sequential Air Sampler w/VSCC - Gravimetric,Los Angeles-North Main Street,"1630 N MAIN ST, LOS ANGELES",California,Los Angeles,Los Angeles,"Los Angeles-Long Beach-Anaheim, CA",17-05-2024,pm25
6,37,1103,88101,1,34.06659,-118.22688,WGS84,PM2.5 - Local Conditions,24 HOUR,PM25 24-hour 2012,09-07-2023,Micrograms/cubic meter (LC),,1,100,12.5,12.5,0,57.0,145,R & P Model 2025 PM-2.5 Sequential Air Sampler w/VSCC - Gravimetric,Los Angeles-North Main Street,"1630 N MAIN ST, LOS ANGELES",California,Los Angeles,Los Angeles,"Los Angeles-Long Beach-Anaheim, CA",17-05-2024,pm25
6,37,1103,88101,1,34.06659,-118.22688,WGS84,PM2.5 - Local Conditions,24 HOUR,PM25 24-hour 2012,10-07-2023,Micrograms/cubic meter (LC),,1,100,12.2,12.2,0,57.0,145,R & P Model 2025 PM-2.5 Sequential Air Sampler w/VSCC - Gravimetric,Los Angeles-North Main Street,"1630 N MAIN ST, LOS ANGELES",California,Los Angeles,Los Angeles,"Los Angeles-Long Beach-Anaheim, CA",17-05-2024,pm25
6,37,1103,88101,1,34.06659,-118.22688,WGS84,PM2.5 - Local Conditions,24 HOUR,PM25 24-hour 2012,11-07-2023,Micrograms/cubic meter (LC),,1,100,12.4,12.4,0,57.0,145,R & P Model 2025 PM-2.5 Sequential Air Sampler w/VSCC - Gravimetric,Los Angeles-North Main Street,"1630 N MAIN ST, LOS ANGELES",California,Los Angeles,Los Angeles,"Los Angeles-Long Beach-Anaheim, CA",17-05-2024,pm25
6,37,1103,88101,1,34.06659,-118.22688,WGS84,PM2.5 - Local Conditions,24 HOUR,PM25 24-hour 2012,12-07-2023,Micrograms/cubic meter (LC),,1,100,8.5,8.5,0,47.0,145,R & P Model 2025 PM-2.5 Sequential Air Sampler w/VSCC - Gravimetric,Los Angeles-North Main Street,"1630 N MAIN ST, LOS ANGELES",California,Los Angeles,Los Angeles,"Los Angeles-Long Beach-Anaheim, CA",17-05-2024,pm25
6,37,1103,88101,1,34.06659,-118.22688,WGS84,PM2.5 - Local Conditions,24 HOUR,PM25 24-hour 2012,13-07-2023,Micrograms/cubic meter (LC),,1,100,8.0,8.0,0,44.0,145,R & P Model 2025 PM-2.5 Sequential Air Sampler w/VSCC - Gravimetric,Los Angeles-North Main Street,"1630 N MAIN ST, LOS ANGELES",California,Los Angeles,Los Angeles,"Los Angeles-Long Beach-Anaheim, CA",17-05-2024,pm25
6,37,1103,88101,1,34.06659,-118.22688,WGS84,PM2.5 - Local Conditions,24 HOUR,PM25 24-hour 2012,14-07-2023,Micrograms/cubic meter (LC),,1,100,10.0,10.0,0,53.0,145,R & P Model 2025 PM-2.5 Sequential Air Sampler w/VSCC - Gravimetric,Los Angeles-North Main Street,"1630 N MAIN ST, LOS ANGELES",California,Los Angeles,Los Angeles,"Los Angeles-Long Beach-Anaheim, CA",17-05-2024,pm25
6,37,1103,88101,1,34.06659,-118.22688,WGS84,PM2.5 - Local Conditions,24 HOUR,PM25 24-hour 2012,15-07-2023,Micrograms/cubic meter (LC),,1,100,14.5,14.5,0,61.0,145,R & P Model 2025 PM-2.5 Sequential Air Sampler w/VSCC - Gravimetric,Los Angeles-North Main Street,"1630 N MAIN ST, LOS ANGELES",California,Los Angeles,Los Angeles,"Los Angeles-Long Beach-Anaheim, CA",17-05-2024,pm25
6,37,1103,88101,1,34.06659,-118.22688,WGS84,PM2.5 - Local Conditions,24 HOUR,PM25 24-hour 2012,16-07-2023,Micrograms/cubic meter (LC),,1,100,13.1,13.1,0,58.0,145,R & P Model 2025 PM-2.5 Sequential Air Sampler w/VSCC - Gravimetric,Los Angeles-North Main Street,"1630 N MAIN ST, LOS ANGELES",California,Los Angeles,Los Angeles,"Los Angeles-Long Beach-Anaheim, CA",17-05-2024,pm25
6,37,1103,88101,1,34.06659,-118.22688,WGS84,PM2.5 - Local Conditions,24 HOUR,PM25 24-hour 2012,17-07-2023,Micrograms/cubic meter (LC),,1,100,12.6,12.6,0,58.0,145,R & P Model 2025 PM-2.5 Sequential Air Sampler w/VSCC - Gravimetric,Los Angeles-North Main Street,"1630 N MAIN ST, LOS ANGELES",California,Los Angeles,Los Angeles,"Los Angeles-Long Beach-Anaheim, CA",17-05-2024,pm25
6,37,1103,88101,1,34.06659,-118.22688,WGS84,PM2.5 - Local Conditions,24 HOUR,PM25 24-hour 2012,18-07-2023,Micrograms/cubic meter (LC),,1,100,8.6,8.6,0,48.0,145,R & P Model 2025 PM-2.5 Sequential Air Sampler w/VSCC - Gravimetric,Los Angeles-North Main Street,"1630 N MAIN ST, LOS ANGELES",California,Los Angeles,Los Angeles,"Los Angeles-Long Beach-Anaheim, CA",17-05-2024,pm25
6,37,1103,88101,1,34.06659,-118.22688,WGS84,PM2.5 - Local Conditions,24 HOUR,PM25 24-hour 2012,19-07-2023,Micrograms/cubic meter (LC),,1,100,9.2,9.2,0,51.0,145,R & P Model 2025 PM-2.5 Sequential Air Sampler w/VSCC - Gravimetric,Los Angeles-North Main Street,"1630 N MAIN ST, LOS ANGELES",California,Los Angeles,Los Angeles,"Los Angeles-Long Beach-Anaheim, CA",17-05-2024,pm25
6,37,1103,88101,1,34.06659,-118.22688,WGS84,PM2.5 - Local Conditions,24 HOUR,PM25 24-hour 2012,20-07-2023,Micrograms/cubic meter (LC),,1,100,13.3,13.3,0,59.0,145,R & P Model 2025 PM-2.5 Sequential Air Sampler w/VSCC - Gravimetric,Los Angeles-North Main Street,"1630 N MAIN ST, LOS ANGELES",California,Los Angeles,Los Angeles,"Los Angeles-Long Beach-Anaheim, CA",17-05-2024,pm25
6,37,1103,88101,1,34.06659,-118.22688,WGS84,PM2.5 - Local Conditions,24 HOUR,PM25 24-hour 2012,21-07-2023,Micrograms/cubic meter (LC),,1,100,14.4,14.4,0,61.0,145,R & P Model 2025 PM-2.5 Sequential Air Sampler w/VSCC - Gravimetric,Los Angeles-North Main Street,"1630 N MAIN ST, LOS ANGELES",California,Los Angeles,Los Angeles,"Los Angeles-Long Beach-Anaheim, CA",17-05-2024,pm25
6,37,1103,88101,1,34.06659,-118.22688,WGS84,PM2.5 - Local Conditions,24 HOUR,PM25 24-hour 2012,22-07-2023,Micrograms/cubic meter (LC),,1,100,14.5,14.5,0,61.0,145,R & P Model 2025 PM-2.5 Sequential Air Sampler w/VSCC - Gravimetric,Los Angeles-North Main Street,"1630 N MAIN ST, LOS ANGELES",California,Los Angeles,Los Angeles,"Los Angeles-Long Beach-Anaheim, CA",17-05-2024,pm25
6,37,1103,88101,1,34.06659,-118.22688,WGS84,PM2.5 - Local Conditions,24 HOUR,PM25 24-hour 2012,23-07-2023,Micrograms/cubic meter (LC),,1,100,12.8,12.8,0,58.0,145,R & P Model 2025 PM-2.5 Sequential Air Sampler w/VSCC - Gravimetric,Los Angeles-North Main Street,"1630 N MAIN ST, LOS ANGELES",California,Los Angeles,Los Angeles,"Los Angeles-Long Beach-Anaheim, CA",17-05-2024,pm25
6,37,1103,88101,1,34.06659,-118.22688,WGS84,PM2.5 - Local Conditions,24 HOUR,PM25 24-hour 2012,24-07-2023,Micrograms/cubic meter (LC),,1,100,13.2,13.2,0,59.0,145,R & P Model 2025 PM-2.5 Sequential Air Sampler w/VSCC - Gravimetric,Los Angeles-North Main Street,"1630 N MAIN ST, LOS ANGELES",California,Los Angeles,Los Angeles,"Los Angeles-Long Beach-Anaheim, CA",17-05-2024,pm25
6,37,1103,88101,1,34.06659,-118.22688,WGS84,PM2.5 - Local Conditions,24 HOUR,PM25 24-hour 2012,25-07-2023,Micrograms/cubic meter (LC),,1,100,13.8,13.8,0,60.0,145,R & P Model 2025 PM-2.5 Sequential Air Sampler w/VSCC - Gravimetric,Los Angeles-North Main Street,"1630 N MAIN ST, LOS ANGELES",California,Los Angeles,Los Angeles,"Los Angeles-Long Beach-Anaheim, CA",17-05-2024,pm25
6,37,1103,88101,1,34.06659,-118.22688,WGS84,PM2.5 - Local Conditions,24 HOUR,PM25 24-hour 2012,28-07-2023,Micrograms/cubic meter (LC),,1,100,16.5,16.5,0,65.0,145,R & P Model 2025 PM-2.5 Sequential Air Sampler w/VSCC - Gravimetric,Los Angeles-North Main Street,"1630 N MAIN ST, LOS ANGELES",California,Los Angeles,Los Angeles,"Los Angeles-Long Beach-Anaheim, CA",17-05-2024,pm25
6,37,1103,88101,1,34.06659,-118.22688,WGS84,PM2.5 - Local Conditions,24 HOUR,PM25 24-hour 2012,29-07-2023,Micrograms/cubic meter (LC),,1,100,17.5,17.5,0,67.0,145,R & P Model 2025 PM-2.5 Sequential Air Sampler w/VSCC - Gravimetric,Los Angeles-North Main Street,"1630 N MAIN ST, LOS ANGELES",California,Los Angeles,Los Angeles,"Los Angeles-Long Beach-Anaheim, CA",17-05-2024,pm25
6,37,1103,88101,1,34.06659,-118.22688,WGS84,PM2.5 - Local Conditions,24 HOUR,PM25 24-hour 2012,30-07-2023,Micrograms/cubic meter (LC),,1,100,15.9,15.9,0,64.0,145,R & P Model 2025 PM-2.5 Sequential Air Sampler w/VSCC - Gravimetric,Los Angeles-North Main Street,"1630 N MAIN ST, LOS ANGELES",California,Los Angeles,Los Angeles,"Los Angeles-Long Beach-Anaheim, CA",17-05-2024,pm25
6,37,1103,88101,1,34.06659,-118.22688,WGS84,PM2.5 - Local Conditions,24 HOUR,PM25 24-hour 2012,31-07-2023,Micrograms/cubic meter (LC),,1,100,16.8,16.8,0,65.0,145,R & P Model 2025 PM-2.5 Sequential Air Sampler w/VSCC - Gravimetric,Los Angeles-North Main Street,"1630 N MAIN ST, LOS ANGELES",California,Los Angeles,Los Angeles,"Los Angeles-Long Beach-Anaheim, CA",17-05-2024,pm25
6,37,1103,88101,1,34.06659,-118.22688,WGS84,PM2.5 - Local Conditions,24 HOUR,PM25 24-hour 2012,03-08-2023,Micrograms/cubic meter (LC),,1,100,10.8,10.8,0,54.0,145,R & P Model 2025 PM-2.5 Sequential Air Sampler w/VSCC - Gravimetric,Los Angeles-North Main Street,"1630 N MAIN ST, LOS ANGELES",California,Los Angeles,Los Angeles,"Los Angeles-Long Beach-Anaheim, CA",17-05-2024,pm25
6,37,1103,88101,1,34.06659,-118.22688,WGS84,PM2.5 - Local Conditions,24 HOUR,PM25 24-hour 2012,04-08-2023,Micrograms/cubic meter (LC),,1,100,11.3,11.3,0,55.0,145,R & P Model 2025 PM-2.5 Sequential Air Sampler w/VSCC - Gravimetric,Los Angeles-North Main Street,"1630 N MAIN ST, LOS ANGELES",California,Los Angeles,Los Angeles,"Los Angeles-Long Beach-Anaheim, CA",17-05-2024,pm25
6,37,1103,88101,1,34.06659,-118.22688,WGS84,PM2.5 - Local Conditions,24 HOUR,PM25 24-hour 2012,05-08-2023,Micrograms/cubic meter (LC),,1,100,13.9,13.9,0,60.0,145,R & P Model 2025 PM-2.5 Sequential Air Sampler w/VSCC - Gravimetric,Los Angeles-North Main Street,"1630 N MAIN ST, LOS ANGELES",California,Los Angeles,Los Angeles,"Los Angeles-Long Beach-Anaheim, CA",17-05-2024,pm25
6,37,1103,88101,1,34.06659,-118.22688,WGS84,PM2.5 - Local Conditions,24 HOUR,PM25 24-hour 2012,06-08-2023,Micrograms/cubic meter (LC),,1,100,17.4,17.4,0,66.0,145,R & P Model 2025 PM-2.5 Sequential Air Sampler w/VSCC - Gravimetric,Los Angeles-North Main Street,"1630 N MAIN ST, LOS ANGELES",California,Los Angeles,Los Angeles,"Los Angeles-Long Beach-Anaheim, CA",17-05-2024,pm25
6,37,1103,88101,1,34.06659,-118.22688,WGS84,PM2.5 - Local Conditions,24 HOUR,PM25 24-hour 2012,07-08-2023,Micrograms/cubic meter (LC),,1,100,14.7,14.7,0,61.0,145,R & P Model 2025 PM-2.5 Sequential Air Sampler w/VSCC - Gravimetric,Los Angeles-North Main Street,"1630 N MAIN ST, LOS ANGELES",California,Los Angeles,Los Angeles,"Los Angeles-Long Beach-Anaheim, CA",17-05-2024,pm25
6,37,1103,88101,1,34.06659,-118.22688,WGS84,PM2.5 - Local Conditions,24 HOUR,PM25 24-hour 2012,08-08-2023,Micrograms/cubic meter (LC),,1,100,10.0,10.0,0,53.0,145,R & P Model 2025 PM-2.5 Sequential Air Sampler w/VSCC - Gravimetric,Los Angeles-North Main Street,"1630 N MAIN ST, LOS ANGELES",California,Los Angeles,Los Angeles,"Los Angeles-Long Beach-Anaheim, CA",17-05-2024,pm25
6,37,1103,88101,1,34.06659,-118.22688,WGS84,PM2.5 - Local Conditions,24 HOUR,PM25 24-hour 2012,09-08-2023,Micrograms/cubic meter (LC),,1,100,10.8,10.8,0,54.0,145,R & P Model 2025 PM-2.5 Sequential Air Sampler w/VSCC - Gravimetric,Los Angeles-North Main Street,"1630 N MAIN ST, LOS ANGELES",California,Los Angeles,Los Angeles,"Los Angeles-Long Beach-Anaheim, CA",17-05-2024,pm25
6,37,1103,88101,1,34.06659,-118.22688,WGS84,PM2.5 - Local Conditions,24 HOUR,PM25 24-hour 2012,10-08-2023,Micrograms/cubic meter (LC),,1,100,7.0,7.0,0,39.0,145,R & P Model 2025 PM-2.5 Sequential Air Sampler w/VSCC - Gravimetric,Los Angeles-North Main Street,"1630 N MAIN ST, LOS ANGELES",California,Los Angeles,Los Angeles,"Los Angeles-Long Beach-Anaheim, CA",17-05-2024,pm25
6,37,1103,88101,1,34.06659,-118.22688,WGS84,PM2.5 - Local Conditions,24 HOUR,PM25 24-hour 2012,11-08-2023,Micrograms/cubic meter (LC),,1,100,8.1,8.1,0,45.0,145,R & P Model 2025 PM-2.5 Sequential Air Sampler w/VSCC - Gravimetric,Los Angeles-North Main Street,"1630 N MAIN ST, LOS ANGELES",California,Los Angeles,Los Angeles,"Los Angeles-Long Beach-Anaheim, CA",17-05-2024,pm25
6,37,1103,88101,1,34.06659,-118.22688,WGS84,PM2.5 - Local Conditions,24 HOUR,PM25 24-hour 2012,12-08-2023,Micrograms/cubic meter (LC),,1,100,10.2,10.2,0,53.0,145,R & P Model 2025 PM-2.5 Sequential Air Sampler w/VSCC - Gravimetric,Los Angeles-North Main Street,"1630 N MAIN ST, LOS ANGELES",California,Los Angeles,Los Angeles,"Los Angeles-Long Beach-Anaheim, CA",17-05-2024,pm25
6,37,1103,88101,1,34.06659,-118.22688,WGS84,PM2.5 - Local Conditions,24 HOUR,PM25 24-hour 2012,13-08-2023,Micrograms/cubic meter (LC),,1,100,10.2,10.2,0,53.0,145,R & P Model 2025 PM-2.5 Sequential Air Sampler w/VSCC - Gravimetric,Los Angeles-North Main Street,"1630 N MAIN ST, LOS ANGELES",California,Los Angeles,Los Angeles,"Los Angeles-Long Beach-Anaheim, CA",17-05-2024,pm25
6,37,1103,88101,1,34.06659,-118.22688,WGS84,PM2.5 - Local Conditions,24 HOUR,PM25 24-hour 2012,14-08-2023,Micrograms/cubic meter (LC),,1,100,9.7,9.7,0,52.0,145,R & P Model 2025 PM-2.5 Sequential Air Sampler w/VSCC - Gravimetric,Los Angeles-North Main Street,"1630 N MAIN ST, LOS ANGELES",California,Los Angeles,Los Angeles,"Los Angeles-Long Beach-Anaheim, CA",17-05-2024,pm25
6,37,1103,88101,1,34.06659,-118.22688,WGS84,PM2.5 - Local Conditions,24 HOUR,PM25 24-hour 2012,15-08-2023,Micrograms/cubic meter (LC),,1,100,8.7,8.7,0,48.0,145,R & P Model 2025 PM-2.5 Sequential Air Sampler w/VSCC - Gravimetric,Los Angeles-North Main Street,"1630 N MAIN ST, LOS ANGELES",California,Los Angeles,Los Angeles,"Los Angeles-Long Beach-Anaheim, CA",17-05-2024,pm25
6,37,1103,88101,1,34.06659,-118.22688,WGS84,PM2.5 - Local Conditions,24 HOUR,PM25 24-hour 2012,16-08-2023,Micrograms/cubic meter (LC),,1,100,9.5,9.5,0,52.0,145,R & P Model 2025 PM-2.5 Sequential Air Sampler w/VSCC - Gravimetric,Los Angeles-North Main Street,"1630 N MAIN ST, LOS ANGELES",California,Los Angeles,Los Angeles,"Los Angeles-Long Beach-Anaheim, CA",17-05-2024,pm25
6,37,1103,88101,1,34.06659,-118.22688,WGS84,PM2.5 - Local Conditions,24 HOUR,PM25 24-hour 2012,17-08-2023,Micrograms/cubic meter (LC),,1,100,12.0,12.0,0,56.0,145,R & P Model 2025 PM-2.5 Sequential Air Sampler w/VSCC - Gravimetric,Los Angeles-North Main Street,"1630 N MAIN ST, LOS ANGELES",California,Los Angeles,Los Angeles,"Los Angeles-Long Beach-Anaheim, CA",17-05-2024,pm25
6,37,1103,88101,1,34.06659,-118.22688,WGS84,PM2.5 - Local Conditions,24 HOUR,PM25 24-hour 2012,18-08-2023,Micrograms/cubic meter (LC),,1,100,9.0,9.0,0,50.0,145,R & P Model 2025 PM-2.5 Sequential Air Sampler w/VSCC - Gravimetric,Los Angeles-North Main Street,"1630 N MAIN ST, LOS ANGELES",California,Los Angeles,Los Angeles,"Los Angeles-Long Beach-Anaheim, CA",17-05-2024,pm25
6,37,1103,88101,1,34.06659,-118.22688,WGS84,PM2.5 - Local Conditions,24 HOUR,PM25 24-hour 2012,19-08-2023,Micrograms/cubic meter (LC),,1,100,8.9,8.9,0,49.0,145,R & P Model 2025 PM-2.5 Sequential Air Sampler w/VSCC - Gravimetric,Los Angeles-North Main Street,"1630 N MAIN ST, LOS ANGELES",California,Los Angeles,Los Angeles,"Los Angeles-Long Beach-Anaheim, CA",17-05-2024,pm25
6,37,1103,88101,1,34.06659,-118.22688,WGS84,PM2.5 - Local Conditions,24 HOUR,PM25 24-hour 2012,20-08-2023,Micrograms/cubic meter (LC),,1,100,6.2,6.2,0,34.0,145,R & P Model 2025 PM-2.5 Sequential Air Sampler w/VSCC - Gravimetric,Los Angeles-North Main Street,"1630 N MAIN ST, LOS ANGELES",California,Los Angeles,Los Angeles,"Los Angeles-Long Beach-Anaheim, CA",17-05-2024,pm25
6,37,1103,88101,1,34.06659,-118.22688,WGS84,PM2.5 - Local Conditions,24 HOUR,PM25 24-hour 2012,21-08-2023,Micrograms/cubic meter (LC),,1,100,4.5,4.5,0,25.0,145,R & P Model 2025 PM-2.5 Sequential Air Sampler w/VSCC - Gravimetric,Los Angeles-North Main Street,"1630 N MAIN ST, LOS ANGELES",California,Los Angeles,Los Angeles,"Los Angeles-Long Beach-Anaheim, CA",17-05-2024,pm25
6,37,1103,88101,1,34.06659,-118.22688,WGS84,PM2.5 - Local Conditions,24 HOUR,PM25 24-hour 2012,22-08-2023,Micrograms/cubic meter (LC),,1,100,8.9,8.9,0,49.0,145,R & P Model 2025 PM-2.5 Sequential Air Sampler w/VSCC - Gravimetric,Los Angeles-North Main Street,"1630 N MAIN ST, LOS ANGELES",California,Los Angeles,Los Angeles,"Los Angeles-Long Beach-Anaheim, CA",17-05-2024,pm25
6,37,1103,88101,1,34.06659,-118.22688,WGS84,PM2.5 - Local Conditions,24 HOUR,PM25 24-hour 2012,23-08-2023,Micrograms/cubic meter (LC),,1,100,11.8,11.8,0,56.0,145,R & P Model 2025 PM-2.5 Sequential Air Sampler w/VSCC - Gravimetric,Los Angeles-North Main Street,"1630 N MAIN ST, LOS ANGELES",California,Los Angeles,Los Angeles,"Los Angeles-Long Beach-Anaheim, CA",17-05-2024,pm25
6,37,1103,88101,1,34.06659,-118.22688,WGS84,PM2.5 - Local Conditions,24 HOUR,PM25 24-hour 2012,24-08-2023,Micrograms/cubic meter (LC),,1,100,11.8,11.8,0,56.0,145,R & P Model 2025 PM-2.5 Sequential Air Sampler w/VSCC - Gravimetric,Los Angeles-North Main Street,"1630 N MAIN ST, LOS ANGELES",California,Los Angeles,Los Angeles,"Los Angeles-Long Beach-Anaheim, CA",17-05-2024,pm25
6,37,1103,88101,1,34.06659,-118.22688,WGS84,PM2.5 - Local Conditions,24 HOUR,PM25 24-hour 2012,25-08-2023,Micrograms/cubic meter (LC),,1,100,9.2,9.2,0,51.0,145,R & P Model 2025 PM-2.5 Sequential Air Sampler w/VSCC - Gravimetric,Los Angeles-North Main Street,"1630 N MAIN ST, LOS ANGELES",California,Los Angeles,Los Angeles,"Los Angeles-Long Beach-Anaheim, CA",17-05-2024,pm25
6,37,1103,88101,1,34.06659,-118.22688,WGS84,PM2.5 - Local Conditions,24 HOUR,PM25 24-hour 2012,26-08-2023,Micrograms/cubic meter (LC),,1,100,12.2,12.2,0,57.0,145,R & P Model 2025 PM-2.5 Sequential Air Sampler w/VSCC - Gravimetric,Los Angeles-North Main Street,"1630 N MAIN ST, LOS ANGELES",California,Los Angeles,Los Angeles,"Los Angeles-Long Beach-Anaheim, CA",17-05-2024,pm25
6,37,1103,88101,1,34.06659,-118.22688,WGS84,PM2.5 - Local Conditions,24 HOUR,PM25 24-hour 2012,27-08-2023,Micrograms/cubic meter (LC),,1,100,13.6,13.6,0,59.0,145,R & P Model 2025 PM-2.5 Sequential Air Sampler w/VSCC - Gravimetric,Los Angeles-North Main Street,"1630 N MAIN ST, LOS ANGELES",California,Los Angeles,Los Angeles,"Los Angeles-Long Beach-Anaheim, CA",17-05-2024,pm25
6,37,1103,88101,1,34.06659,-118.22688,WGS84,PM2.5 - Local Conditions,24 HOUR,PM25 24-hour 2012,28-08-2023,Micrograms/cubic meter (LC),,1,100,16.0,16.0,0,64.0,145,R & P Model 2025 PM-2.5 Sequential Air Sampler w/VSCC - Gravimetric,Los Angeles-North Main Street,"1630 N MAIN ST, LOS ANGELES",California,Los Angeles,Los Angeles,"Los Angeles-Long Beach-Anaheim, CA",17-05-2024,pm25
6,37,1103,88101,1,34.06659,-118.22688,WGS84,PM2.5 - Local Conditions,24 HOUR,PM25 24-hour 2012,29-08-2023,Micrograms/cubic meter (LC),,1,100,16.9,16.9,0,66.0,145,R & P Model 2025 PM-2.5 Sequential Air Sampler w/VSCC - Gravimetric,Los Angeles-North Main Street,"1630 N MAIN ST, LOS ANGELES",California,Los Angeles,Los Angeles,"Los Angeles-Long Beach-Anaheim, CA",17-05-2024,pm25
6,37,1103,88101,1,34.06659,-118.22688,WGS84,PM2.5 - Local Conditions,24 HOUR,PM25 24-hour 2012,30-08-2023,Micrograms/cubic meter (LC),,1,100,18.7,18.7,0,69.0,145,R & P Model 2025 PM-2.5 Sequential Air Sampler w/VSCC - Gravimetric,Los Angeles-North Main Street,"1630 N MAIN ST, LOS ANGELES",California,Los Angeles,Los Angeles,"Los Angeles-Long Beach-Anaheim, CA",17-05-2024,pm25
6,37,1103,88101,1,34.06659,-118.22688,WGS84,PM2.5 - Local Conditions,24 HOUR,PM25 24-hour 2012,31-08-2023,Micrograms/cubic meter (LC),,1,100,20.4,20.4,0,72.0,145,R & P Model 2025 PM-2.5 Sequential Air Sampler w/VSCC - Gravimetric,Los Angeles-North Main Street,"1630 N MAIN ST, LOS ANGELES",California,Los Angeles,Los Angeles,"Los Angeles-Long Beach-Anaheim, CA",17-05-2024,pm25
6,37,1103,88101,1,34.06659,-118.22688,WGS84,PM2.5 - Local Conditions,24 HOUR,PM25 24-hour 2012,01-09-2023,Micrograms/cubic meter (LC),,1,100,17.0,17.0,0,66.0,145,R & P Model 2025 PM-2.5 Sequential Air Sampler w/VSCC - Gravimetric,Los Angeles-North Main Street,"1630 N MAIN ST, LOS ANGELES",California,Los Angeles,Los Angeles,"Los Angeles-Long Beach-Anaheim, CA",17-05-2024,pm25
6,37,1103,88101,1,34.06659,-118.22688,WGS84,PM2.5 - Local Conditions,24 HOUR,PM25 24-hour 2012,02-09-2023,Micrograms/cubic meter (LC),,1,100,8.5,8.5,0,47.0,145,R & P Model 2025 PM-2.5 Sequential Air Sampler w/VSCC - Gravimetric,Los Angeles-North Main Street,"1630 N MAIN ST, LOS ANGELES",California,Los Angeles,Los Angeles,"Los Angeles-Long Beach-Anaheim, CA",17-05-2024,pm25
6,37,1103,88101,1,34.06659,-118.22688,WGS84,PM2.5 - Local Conditions,24 HOUR,PM25 24-hour 2012,03-09-2023,Micrograms/cubic meter (LC),,1,100,7.3,7.3,0,41.0,145,R & P Model 2025 PM-2.5 Sequential Air Sampler w/VSCC - Gravimetric,Los Angeles-North Main Street,"1630 N MAIN ST, LOS ANGELES",California,Los Angeles,Los Angeles,"Los Angeles-Long Beach-Anaheim, CA",17-05-2024,pm25
6,37,1103,88101,1,34.06659,-118.22688,WGS84,PM2.5 - Local Conditions,24 HOUR,PM25 24-hour 2012,04-09-2023,Micrograms/cubic meter (LC),,1,100,9.2,9.2,0,51.0,145,R & P Model 2025 PM-2.5 Sequential Air Sampler w/VSCC - Gravimetric,Los Angeles-North Main Street,"1630 N MAIN ST, LOS ANGELES",California,Los Angeles,Los Angeles,"Los Angeles-Long Beach-Anaheim, CA",17-05-2024,pm25
6,37,1103,88101,1,34.06659,-118.22688,WGS84,PM2.5 - Local Conditions,24 HOUR,PM25 24-hour 2012,05-09-2023,Micrograms/cubic meter (LC),,1,100,10.0,10.0,0,53.0,145,R & P Model 2025 PM-2.5 Sequential Air Sampler w/VSCC - Gravimetric,Los Angeles-North Main Street,"1630 N MAIN ST, LOS ANGELES",California,Los Angeles,Los Angeles,"Los Angeles-Long Beach-Anaheim, CA",17-05-2024,pm25
6,37,1103,88101,1,34.06659,-118.22688,WGS84,PM2.5 - Local Conditions,24 HOUR,PM25 24-hour 2012,06-09-2023,Micrograms/cubic meter (LC),,1,100,9.7,9.7,0,52.0,145,R & P Model 2025 PM-2.5 Sequential Air Sampler w/VSCC - Gravimetric,Los Angeles-North Main Street,"1630 N MAIN ST, LOS ANGELES",California,Los Angeles,Los Angeles,"Los Angeles-Long Beach-Anaheim, CA",17-05-2024,pm25
6,37,1103,88101,1,34.06659,-118.22688,WGS84,PM2.5 - Local Conditions,24 HOUR,PM25 24-hour 2012,07-09-2023,Micrograms/cubic meter (LC),,1,100,13.5,13.5,0,59.0,145,R & P Model 2025 PM-2.5 Sequential Air Sampler w/VSCC - Gravimetric,Los Angeles-North Main Street,"1630 N MAIN ST, LOS ANGELES",California,Los Angeles,Los Angeles,"Los Angeles-Long Beach-Anaheim, CA",17-05-2024,pm25
6,37,1103,88101,1,34.06659,-118.22688,WGS84,PM2.5 - Local Conditions,24 HOUR,PM25 24-hour 2012,08-09-2023,Micrograms/cubic meter (LC),,1,100,13.1,13.1,0,58.0,145,R & P Model 2025 PM-2.5 Sequential Air Sampler w/VSCC - Gravimetric,Los Angeles-North Main Street,"1630 N MAIN ST, LOS ANGELES",California,Los Angeles,Los Angeles,"Los Angeles-Long Beach-Anaheim, CA",17-05-2024,pm25
6,37,1103,88101,1,34.06659,-118.22688,WGS84,PM2.5 - Local Conditions,24 HOUR,PM25 24-hour 2012,09-09-2023,Micrograms/cubic meter (LC),,1,100,12.0,12.0,0,56.0,145,R & P Model 2025 PM-2.5 Sequential Air Sampler w/VSCC - Gravimetric,Los Angeles-North Main Street,"1630 N MAIN ST, LOS ANGELES",California,Los Angeles,Los Angeles,"Los Angeles-Long Beach-Anaheim, CA",17-05-2024,pm25
6,37,1103,88101,1,34.06659,-118.22688,WGS84,PM2.5 - Local Conditions,24 HOUR,PM25 24-hour 2012,10-09-2023,Micrograms/cubic meter (LC),,1,100,13.0,13.0,0,58.0,145,R & P Model 2025 PM-2.5 Sequential Air Sampler w/VSCC - Gravimetric,Los Angeles-North Main Street,"1630 N MAIN ST, LOS ANGELES",California,Los Angeles,Los Angeles,"Los Angeles-Long Beach-Anaheim, CA",17-05-2024,pm25
6,37,1103,88101,1,34.06659,-118.22688,WGS84,PM2.5 - Local Conditions,24 HOUR,PM25 24-hour 2012,11-09-2023,Micrograms/cubic meter (LC),,1,100,16.5,16.5,0,65.0,145,R & P Model 2025 PM-2.5 Sequential Air Sampler w/VSCC - Gravimetric,Los Angeles-North Main Street,"1630 N MAIN ST, LOS ANGELES",California,Los Angeles,Los Angeles,"Los Angeles-Long Beach-Anaheim, CA",17-05-2024,pm25
6,37,1103,88101,1,34.06659,-118.22688,WGS84,PM2.5 - Local Conditions,24 HOUR,PM25 24-hour 2012,12-09-2023,Micrograms/cubic meter (LC),,1,100,15.4,15.4,0,63.0,145,R & P Model 2025 PM-2.5 Sequential Air Sampler w/VSCC - Gravimetric,Los Angeles-North Main Street,"1630 N MAIN ST, LOS ANGELES",California,Los Angeles,Los Angeles,"Los Angeles-Long Beach-Anaheim, CA",17-05-2024,pm25
6,37,1103,88101,1,34.06659,-118.22688,WGS84,PM2.5 - Local Conditions,24 HOUR,PM25 24-hour 2012,13-09-2023,Micrograms/cubic meter (LC),,1,100,12.3,12.3,0,57.0,145,R & P Model 2025 PM-2.5 Sequential Air Sampler w/VSCC - Gravimetric,Los Angeles-North Main Street,"1630 N MAIN ST, LOS ANGELES",California,Los Angeles,Los Angeles,"Los Angeles-Long Beach-Anaheim, CA",17-05-2024,pm25
6,37,1103,88101,1,34.06659,-118.22688,WGS84,PM2.5 - Local Conditions,24 HOUR,PM25 24-hour 2012,14-09-2023,Micrograms/cubic meter (LC),,1,100,11.7,11.7,0,56.0,145,R & P Model 2025 PM-2.5 Sequential Air Sampler w/VSCC - Gravimetric,Los Angeles-North Main Street,"1630 N MAIN ST, LOS ANGELES",California,Los Angeles,Los Angeles,"Los Angeles-Long Beach-Anaheim, CA",17-05-2024,pm25
6,37,1103,88101,1,34.06659,-118.22688,WGS84,PM2.5 - Local Conditions,24 HOUR,PM25 24-hour 2012,15-09-2023,Micrograms/cubic meter (LC),,1,100,12.5,12.5,0,57.0,145,R & P Model 2025 PM-2.5 Sequential Air Sampler w/VSCC - Gravimetric,Los Angeles-North Main Street,"1630 N MAIN ST, LOS ANGELES",California,Los Angeles,Los Angeles,"Los Angeles-Long Beach-Anaheim, CA",17-05-2024,pm25
6,37,1103,88101,1,34.06659,-118.22688,WGS84,PM2.5 - Local Conditions,24 HOUR,PM25 24-hour 2012,16-09-2023,Micrograms/cubic meter (LC),,1,100,10.9,10.9,0,54.0,145,R & P Model 2025 PM-2.5 Sequential Air Sampler w/VSCC - Gravimetric,Los Angeles-North Main Street,"1630 N MAIN ST, LOS ANGELES",California,Los Angeles,Los Angeles,"Los Angeles-Long Beach-Anaheim, CA",17-05-2024,pm25
6,37,1103,88101,1,34.06659,-118.22688,WGS84,PM2.5 - Local Conditions,24 HOUR,PM25 24-hour 2012,17-09-2023,Micrograms/cubic meter (LC),,1,100,6.1,6.1,0,34.0,145,R & P Model 2025 PM-2.5 Sequential Air Sampler w/VSCC - Gravimetric,Los Angeles-North Main Street,"1630 N MAIN ST, LOS ANGELES",California,Los Angeles,Los Angeles,"Los Angeles-Long Beach-Anaheim, CA",17-05-2024,pm25
6,37,1103,88101,1,34.06659,-118.22688,WGS84,PM2.5 - Local Conditions,24 HOUR,PM25 24-hour 2012,18-09-2023,Micrograms/cubic meter (LC),,1,100,8.2,8.2,0,46.0,145,R & P Model 2025 PM-2.5 Sequential Air Sampler w/VSCC - Gravimetric,Los Angeles-North Main Street,"1630 N MAIN ST, LOS ANGELES",California,Los Angeles,Los Angeles,"Los Angeles-Long Beach-Anaheim, CA",17-05-2024,pm25
6,37,1103,88101,1,34.06659,-118.22688,WGS84,PM2.5 - Local Conditions,24 HOUR,PM25 24-hour 2012,19-09-2023,Micrograms/cubic meter (LC),,1,100,9.9,9.9,0,52.0,145,R & P Model 2025 PM-2.5 Sequential Air Sampler w/VSCC - Gravimetric,Los Angeles-North Main Street,"1630 N MAIN ST, LOS ANGELES",California,Los Angeles,Los Angeles,"Los Angeles-Long Beach-Anaheim, CA",17-05-2024,pm25
6,37,1103,88101,1,34.06659,-118.22688,WGS84,PM2.5 - Local Conditions,24 HOUR,PM25 24-hour 2012,20-09-2023,Micrograms/cubic meter (LC),,1,100,10.0,10.0,0,53.0,145,R & P Model 2025 PM-2.5 Sequential Air Sampler w/VSCC - Gravimetric,Los Angeles-North Main Street,"1630 N MAIN ST, LOS ANGELES",California,Los Angeles,Los Angeles,"Los Angeles-Long Beach-Anaheim, CA",17-05-2024,pm25
6,37,1103,88101,1,34.06659,-118.22688,WGS84,PM2.5 - Local Conditions,24 HOUR,PM25 24-hour 2012,21-09-2023,Micrograms/cubic meter (LC),,1,100,17.7,17.7,0,67.0,145,R & P Model 2025 PM-2.5 Sequential Air Sampler w/VSCC - Gravimetric,Los Angeles-North Main Street,"1630 N MAIN ST, LOS ANGELES",California,Los Angeles,Los Angeles,"Los Angeles-Long Beach-Anaheim, CA",17-05-2024,pm25
6,37,1103,88101,1,34.06659,-118.22688,WGS84,PM2.5 - Local Conditions,24 HOUR,PM25 24-hour 2012,22-09-2023,Micrograms/cubic meter (LC),,1,100,21.0,21.0,0,73.0,145,R & P Model 2025 PM-2.5 Sequential Air Sampler w/VSCC - Gravimetric,Los Angeles-North Main Street,"1630 N MAIN ST, LOS ANGELES",California,Los Angeles,Los Angeles,"Los Angeles-Long Beach-Anaheim, CA",17-05-2024,pm25
6,37,1103,88101,1,34.06659,-118.22688,WGS84,PM2.5 - Local Conditions,24 HOUR,PM25 24-hour 2012,23-09-2023,Micrograms/cubic meter (LC),,1,100,23.4,23.4,0,78.0,145,R & P Model 2025 PM-2.5 Sequential Air Sampler w/VSCC - Gravimetric,Los Angeles-North Main Street,"1630 N MAIN ST, LOS ANGELES",California,Los Angeles,Los Angeles,"Los Angeles-Long Beach-Anaheim, CA",17-05-2024,pm25
6,37,1103,88101,1,34.06659,-118.22688,WGS84,PM2.5 - Local Conditions,24 HOUR,PM25 24-hour 2012,24-09-2023,Micrograms/cubic meter (LC),,1,100,24.2,24.2,0,79.0,145,R & P Model 2025 PM-2.5 Sequential Air Sampler w/VSCC - Gravimetric,Los Angeles-North Main Street,"1630 N MAIN ST, LOS ANGELES",California,Los Angeles,Los Angeles,"Los Angeles-Long Beach-Anaheim, CA",17-05-2024,pm25
6,37,1103,88101,1,34.06659,-118.22688,WGS84,PM2.5 - Local Conditions,24 HOUR,PM25 24-hour 2012,27-09-2023,Micrograms/cubic meter (LC),,1,100,13.0,13.0,0,58.0,145,R & P Model 2025 PM-2.5 Sequential Air Sampler w/VSCC - Gravimetric,Los Angeles-North Main Street,"1630 N MAIN ST, LOS ANGELES",California,Los Angeles,Los Angeles,"Los Angeles-Long Beach-Anaheim, CA",17-05-2024,pm25
6,37,1103,88101,1,34.06659,-118.22688,WGS84,PM2.5 - Local Conditions,24 HOUR,PM25 24-hour 2012,28-09-2023,Micrograms/cubic meter (LC),,1,100,14.4,14.4,0,61.0,145,R & P Model 2025 PM-2.5 Sequential Air Sampler w/VSCC - Gravimetric,Los Angeles-North Main Street,"1630 N MAIN ST, LOS ANGELES",California,Los Angeles,Los Angeles,"Los Angeles-Long Beach-Anaheim, CA",17-05-2024,pm25
6,37,1103,88101,1,34.06659,-118.22688,WGS84,PM2.5 - Local Conditions,24 HOUR,PM25 24-hour 2012,29-09-2023,Micrograms/cubic meter (LC),,1,100,11.0,11.0,0,55.0,145,R & P Model 2025 PM-2.5 Sequential Air Sampler w/VSCC - Gravimetric,Los Angeles-North Main Street,"1630 N MAIN ST, LOS ANGELES",California,Los Angeles,Los Angeles,"Los Angeles-Long Beach-Anaheim, CA",17-05-2024,pm25
6,37,1103,88101,1,34.06659,-118.22688,WGS84,PM2.5 - Local Conditions,24 HOUR,PM25 24-hour 2012,30-09-2023,Micrograms/cubic meter (LC),,1,100,6.5,6.5,0,36.0,145,R & P Model 2025 PM-2.5 Sequential Air Sampler w/VSCC - Gravimetric,Los Angeles-North Main Street,"1630 N MAIN ST, LOS ANGELES",California,Los Angeles,Los Angeles,"Los Angeles-Long Beach-Anaheim, CA",17-05-2024,pm25
6,37,1103,88101,1,34.06659,-118.22688,WGS84,PM2.5 - Local Conditions,24 HOUR,PM25 24-hour 2012,01-10-2023,Micrograms/cubic meter (LC),,1,100,6.6,6.6,0,37.0,145,R & P Model 2025 PM-2.5 Sequential Air Sampler w/VSCC - Gravimetric,Los Angeles-North Main Street,"1630 N MAIN ST, LOS ANGELES",California,Los Angeles,Los Angeles,"Los Angeles-Long Beach-Anaheim, CA",17-05-2024,pm25
6,37,1103,88101,1,34.06659,-118.22688,WGS84,PM2.5 - Local Conditions,24 HOUR,PM25 24-hour 2012,02-10-2023,Micrograms/cubic meter (LC),,1,100,9.0,9.0,0,50.0,145,R & P Model 2025 PM-2.5 Sequential Air Sampler w/VSCC - Gravimetric,Los Angeles-North Main Street,"1630 N MAIN ST, LOS ANGELES",California,Los Angeles,Los Angeles,"Los Angeles-Long Beach-Anaheim, CA",17-05-2024,pm25
6,37,1103,88101,1,34.06659,-118.22688,WGS84,PM2.5 - Local Conditions,24 HOUR,PM25 24-hour 2012,03-10-2023,Micrograms/cubic meter (LC),,1,100,10.5,10.5,0,54.0,145,R & P Model 2025 PM-2.5 Sequential Air Sampler w/VSCC - Gravimetric,Los Angeles-North Main Street,"1630 N MAIN ST, LOS ANGELES",California,Los Angeles,Los Angeles,"Los Angeles-Long Beach-Anaheim, CA",17-05-2024,pm25
6,37,1103,88101,1,34.06659,-118.22688,WGS84,PM2.5 - Local Conditions,24 HOUR,PM25 24-hour 2012,04-10-2023,Micrograms/cubic meter (LC),,1,100,10.7,10.7,0,54.0,145,R & P Model 2025 PM-2.5 Sequential Air Sampler w/VSCC - Gravimetric,Los Angeles-North Main Street,"1630 N MAIN ST, LOS ANGELES",California,Los Angeles,Los Angeles,"Los Angeles-Long Beach-Anaheim, CA",17-05-2024,pm25
6,37,1103,88101,1,34.06659,-118.22688,WGS84,PM2.5 - Local Conditions,24 HOUR,PM25 24-hour 2012,05-10-2023,Micrograms/cubic meter (LC),,1,100,9.2,9.2,0,51.0,145,R & P Model 2025 PM-2.5 Sequential Air Sampler w/VSCC - Gravimetric,Los Angeles-North Main Street,"1630 N MAIN ST, LOS ANGELES",California,Los Angeles,Los Angeles,"Los Angeles-Long Beach-Anaheim, CA",17-05-2024,pm25
6,37,1103,88101,1,34.06659,-118.22688,WGS84,PM2.5 - Local Conditions,24 HOUR,PM25 24-hour 2012,06-10-2023,Micrograms/cubic meter (LC),,1,100,11.0,11.0,0,55.0,145,R & P Model 2025 PM-2.5 Sequential Air Sampler w/VSCC - Gravimetric,Los Angeles-North Main Street,"1630 N MAIN ST, LOS ANGELES",California,Los Angeles,Los Angeles,"Los Angeles-Long Beach-Anaheim, CA",17-05-2024,pm25
6,37,1103,88101,1,34.06659,-118.22688,WGS84,PM2.5 - Local Conditions,24 HOUR,PM25 24-hour 2012,07-10-2023,Micrograms/cubic meter (LC),,1,100,15.7,15.7,0,63.0,145,R & P Model 2025 PM-2.5 Sequential Air Sampler w/VSCC - Gravimetric,Los Angeles-North Main Street,"1630 N MAIN ST, LOS ANGELES",California,Los Angeles,Los Angeles,"Los Angeles-Long Beach-Anaheim, CA",17-05-2024,pm25
6,37,1103,88101,1,34.06659,-118.22688,WGS84,PM2.5 - Local Conditions,24 HOUR,PM25 24-hour 2012,08-10-2023,Micrograms/cubic meter (LC),,1,100,17.2,17.2,0,66.0,145,R & P Model 2025 PM-2.5 Sequential Air Sampler w/VSCC - Gravimetric,Los Angeles-North Main Street,"1630 N MAIN ST, LOS ANGELES",California,Los Angeles,Los Angeles,"Los Angeles-Long Beach-Anaheim, CA",17-05-2024,pm25
6,37,1103,88101,1,34.06659,-118.22688,WGS84,PM2.5 - Local Conditions,24 HOUR,PM25 24-hour 2012,09-10-2023,Micrograms/cubic meter (LC),,1,100,19.0,19.0,0,69.0,145,R & P Model 2025 PM-2.5 Sequential Air Sampler w/VSCC - Gravimetric,Los Angeles-North Main Street,"1630 N MAIN ST, LOS ANGELES",California,Los Angeles,Los Angeles,"Los Angeles-Long Beach-Anaheim, CA",17-05-2024,pm25
6,37,1103,88101,1,34.06659,-118.22688,WGS84,PM2.5 - Local Conditions,24 HOUR,PM25 24-hour 2012,10-10-2023,Micrograms/cubic meter (LC),,1,100,9.1,9.1,0,51.0,145,R & P Model 2025 PM-2.5 Sequential Air Sampler w/VSCC - Gravimetric,Los Angeles-North Main Street,"1630 N MAIN ST, LOS ANGELES",California,Los Angeles,Los Angeles,"Los Angeles-Long Beach-Anaheim, CA",17-05-2024,pm25
6,37,1103,88101,1,34.06659,-118.22688,WGS84,PM2.5 - Local Conditions,24 HOUR,PM25 24-hour 2012,11-10-2023,Micrograms/cubic meter (LC),,1,100,9.5,9.5,0,52.0,145,R & P Model 2025 PM-2.5 Sequential Air Sampler w/VSCC - Gravimetric,Los Angeles-North Main Street,"1630 N MAIN ST, LOS ANGELES",California,Los Angeles,Los Angeles,"Los Angeles-Long Beach-Anaheim, CA",17-05-2024,pm25
6,37,1103,88101,1,34.06659,-118.22688,WGS84,PM2.5 - Local Conditions,24 HOUR,PM25 24-hour 2012,13-10-2023,Micrograms/cubic meter (LC),,1,100,12.7,12.7,0,58.0,145,R & P Model 2025 PM-2.5 Sequential Air Sampler w/VSCC - Gravimetric,Los Angeles-North Main Street,"1630 N MAIN ST, LOS ANGELES",California,Los Angeles,Los Angeles,"Los Angeles-Long Beach-Anaheim, CA",17-05-2024,pm25
6,37,1103,88101,1,34.06659,-118.22688,WGS84,PM2.5 - Local Conditions,24 HOUR,PM25 24-hour 2012,14-10-2023,Micrograms/cubic meter (LC),,1,100,13.7,13.7,0,60.0,145,R & P Model 2025 PM-2.5 Sequential Air Sampler w/VSCC - Gravimetric,Los Angeles-North Main Street,"1630 N MAIN ST, LOS ANGELES",California,Los Angeles,Los Angeles,"Los Angeles-Long Beach-Anaheim, CA",17-05-2024,pm25
6,37,1103,88101,1,34.06659,-118.22688,WGS84,PM2.5 - Local Conditions,24 HOUR,PM25 24-hour 2012,15-10-2023,Micrograms/cubic meter (LC),,1,100,11.1,11.1,0,55.0,145,R & P Model 2025 PM-2.5 Sequential Air Sampler w/VSCC - Gravimetric,Los Angeles-North Main Street,"1630 N MAIN ST, LOS ANGELES",California,Los Angeles,Los Angeles,"Los Angeles-Long Beach-Anaheim, CA",17-05-2024,pm25
6,37,1103,88101,1,34.06659,-118.22688,WGS84,PM2.5 - Local Conditions,24 HOUR,PM25 24-hour 2012,16-10-2023,Micrograms/cubic meter (LC),,1,100,13.3,13.3,0,59.0,145,R & P Model 2025 PM-2.5 Sequential Air Sampler w/VSCC - Gravimetric,Los Angeles-North Main Street,"1630 N MAIN ST, LOS ANGELES",California,Los Angeles,Los Angeles,"Los Angeles-Long Beach-Anaheim, CA",17-05-2024,pm25
6,37,1103,88101,1,34.06659,-118.22688,WGS84,PM2.5 - Local Conditions,24 HOUR,PM25 24-hour 2012,17-10-2023,Micrograms/cubic meter (LC),,1,100,18.3,18.3,0,68.0,145,R & P Model 2025 PM-2.5 Sequential Air Sampler w/VSCC - Gravimetric,Los Angeles-North Main Street,"1630 N MAIN ST, LOS ANGELES",California,Los Angeles,Los Angeles,"Los Angeles-Long Beach-Anaheim, CA",17-05-2024,pm25
6,37,1103,88101,1,34.06659,-118.22688,WGS84,PM2.5 - Local Conditions,24 HOUR,PM25 24-hour 2012,18-10-2023,Micrograms/cubic meter (LC),,1,100,18.0,18.0,0,68.0,145,R & P Model 2025 PM-2.5 Sequential Air Sampler w/VSCC - Gravimetric,Los Angeles-North Main Street,"1630 N MAIN ST, LOS ANGELES",California,Los Angeles,Los Angeles,"Los Angeles-Long Beach-Anaheim, CA",17-05-2024,pm25
6,37,1103,88101,1,34.06659,-118.22688,WGS84,PM2.5 - Local Conditions,24 HOUR,PM25 24-hour 2012,19-10-2023,Micrograms/cubic meter (LC),,1,100,15.1,15.1,0,62.0,145,R & P Model 2025 PM-2.5 Sequential Air Sampler w/VSCC - Gravimetric,Los Angeles-North Main Street,"1630 N MAIN ST, LOS ANGELES",California,Los Angeles,Los Angeles,"Los Angeles-Long Beach-Anaheim, CA",17-05-2024,pm25
6,37,1103,88101,1,34.06659,-118.22688,WGS84,PM2.5 - Local Conditions,24 HOUR,PM25 24-hour 2012,20-10-2023,Micrograms/cubic meter (LC),,1,100,15.1,15.1,0,62.0,145,R & P Model 2025 PM-2.5 Sequential Air Sampler w/VSCC - Gravimetric,Los Angeles-North Main Street,"1630 N MAIN ST, LOS ANGELES",California,Los Angeles,Los Angeles,"Los Angeles-Long Beach-Anaheim, CA",17-05-2024,pm25
6,37,1103,88101,1,34.06659,-118.22688,WGS84,PM2.5 - Local Conditions,24 HOUR,PM25 24-hour 2012,21-10-2023,Micrograms/cubic meter (LC),,1,100,11.8,11.8,0,56.0,145,R & P Model 2025 PM-2.5 Sequential Air Sampler w/VSCC - Gravimetric,Los Angeles-North Main Street,"1630 N MAIN ST, LOS ANGELES",California,Los Angeles,Los Angeles,"Los Angeles-Long Beach-Anaheim, CA",17-05-2024,pm25
6,37,1103,88101,1,34.06659,-118.22688,WGS84,PM2.5 - Local Conditions,24 HOUR,PM25 24-hour 2012,22-10-2023,Micrograms/cubic meter (LC),,1,100,6.8,6.8,0,38.0,145,R & P Model 2025 PM-2.5 Sequential Air Sampler w/VSCC - Gravimetric,Los Angeles-North Main Street,"1630 N MAIN ST, LOS ANGELES",California,Los Angeles,Los Angeles,"Los Angeles-Long Beach-Anaheim, CA",17-05-2024,pm25
6,37,1103,88101,1,34.06659,-118.22688,WGS84,PM2.5 - Local Conditions,24 HOUR,PM25 24-hour 2012,23-10-2023,Micrograms/cubic meter (LC),,1,100,6.8,6.8,0,38.0,145,R & P Model 2025 PM-2.5 Sequential Air Sampler w/VSCC - Gravimetric,Los Angeles-North Main Street,"1630 N MAIN ST, LOS ANGELES",California,Los Angeles,Los Angeles,"Los Angeles-Long Beach-Anaheim, CA",17-05-2024,pm25
6,37,1103,88101,1,34.06659,-118.22688,WGS84,PM2.5 - Local Conditions,24 HOUR,PM25 24-hour 2012,24-10-2023,Micrograms/cubic meter (LC),,1,100,8.5,8.5,0,47.0,145,R & P Model 2025 PM-2.5 Sequential Air Sampler w/VSCC - Gravimetric,Los Angeles-North Main Street,"1630 N MAIN ST, LOS ANGELES",California,Los Angeles,Los Angeles,"Los Angeles-Long Beach-Anaheim, CA",17-05-2024,pm25
6,37,1103,88101,1,34.06659,-118.22688,WGS84,PM2.5 - Local Conditions,24 HOUR,PM25 24-hour 2012,25-10-2023,Micrograms/cubic meter (LC),,1,100,7.8,7.8,0,43.0,145,R & P Model 2025 PM-2.5 Sequential Air Sampler w/VSCC - Gravimetric,Los Angeles-North Main Street,"1630 N MAIN ST, LOS ANGELES",California,Los Angeles,Los Angeles,"Los Angeles-Long Beach-Anaheim, CA",17-05-2024,pm25
6,37,1103,88101,1,34.06659,-118.22688,WGS84,PM2.5 - Local Conditions,24 HOUR,PM25 24-hour 2012,26-10-2023,Micrograms/cubic meter (LC),,1,100,8.5,8.5,0,47.0,145,R & P Model 2025 PM-2.5 Sequential Air Sampler w/VSCC - Gravimetric,Los Angeles-North Main Street,"1630 N MAIN ST, LOS ANGELES",California,Los Angeles,Los Angeles,"Los Angeles-Long Beach-Anaheim, CA",17-05-2024,pm25
6,37,1103,88101,1,34.06659,-118.22688,WGS84,PM2.5 - Local Conditions,24 HOUR,PM25 24-hour 2012,27-10-2023,Micrograms/cubic meter (LC),,1,100,10.0,10.0,0,53.0,145,R & P Model 2025 PM-2.5 Sequential Air Sampler w/VSCC - Gravimetric,Los Angeles-North Main Street,"1630 N MAIN ST, LOS ANGELES",California,Los Angeles,Los Angeles,"Los Angeles-Long Beach-Anaheim, CA",17-05-2024,pm25
6,37,1103,88101,1,34.06659,-118.22688,WGS84,PM2.5 - Local Conditions,24 HOUR,PM25 24-hour 2012,28-10-2023,Micrograms/cubic meter (LC),,1,100,10.2,10.2,0,53.0,145,R & P Model 2025 PM-2.5 Sequential Air Sampler w/VSCC - Gravimetric,Los Angeles-North Main Street,"1630 N MAIN ST, LOS ANGELES",California,Los Angeles,Los Angeles,"Los Angeles-Long Beach-Anaheim, CA",17-05-2024,pm25
6,37,1103,88101,1,34.06659,-118.22688,WGS84,PM2.5 - Local Conditions,24 HOUR,PM25 24-hour 2012,29-10-2023,Micrograms/cubic meter (LC),,1,100,10.1,10.1,0,53.0,145,R & P Model 2025 PM-2.5 Sequential Air Sampler w/VSCC - Gravimetric,Los Angeles-North Main Street,"1630 N MAIN ST, LOS ANGELES",California,Los Angeles,Los Angeles,"Los Angeles-Long Beach-Anaheim, CA",17-05-2024,pm25
6,37,1103,88101,1,34.06659,-118.22688,WGS84,PM2.5 - Local Conditions,24 HOUR,PM25 24-hour 2012,30-10-2023,Micrograms/cubic meter (LC),,1,100,8.5,8.5,0,47.0,145,R & P Model 2025 PM-2.5 Sequential Air Sampler w/VSCC - Gravimetric,Los Angeles-North Main Street,"1630 N MAIN ST, LOS ANGELES",California,Los Angeles,Los Angeles,"Los Angeles-Long Beach-Anaheim, CA",17-05-2024,pm25
6,37,1103,88101,1,34.06659,-118.22688,WGS84,PM2.5 - Local Conditions,24 HOUR,PM25 24-hour 2012,31-10-2023,Micrograms/cubic meter (LC),,1,100,7.1,7.1,0,39.0,145,R & P Model 2025 PM-2.5 Sequential Air Sampler w/VSCC - Gravimetric,Los Angeles-North Main Street,"1630 N MAIN ST, LOS ANGELES",California,Los Angeles,Los Angeles,"Los Angeles-Long Beach-Anaheim, CA",17-05-2024,pm25
6,37,1103,88101,1,34.06659,-118.22688,WGS84,PM2.5 - Local Conditions,24 HOUR,PM25 24-hour 2012,01-11-2023,Micrograms/cubic meter (LC),,1,100,6.7,6.7,0,37.0,145,R & P Model 2025 PM-2.5 Sequential Air Sampler w/VSCC - Gravimetric,Los Angeles-North Main Street,"1630 N MAIN ST, LOS ANGELES",California,Los Angeles,Los Angeles,"Los Angeles-Long Beach-Anaheim, CA",17-05-2024,pm25
6,37,1103,88101,1,34.06659,-118.22688,WGS84,PM2.5 - Local Conditions,24 HOUR,PM25 24-hour 2012,02-11-2023,Micrograms/cubic meter (LC),,1,100,9.2,9.2,0,51.0,145,R & P Model 2025 PM-2.5 Sequential Air Sampler w/VSCC - Gravimetric,Los Angeles-North Main Street,"1630 N MAIN ST, LOS ANGELES",California,Los Angeles,Los Angeles,"Los Angeles-Long Beach-Anaheim, CA",17-05-2024,pm25
6,37,1103,88101,1,34.06659,-118.22688,WGS84,PM2.5 - Local Conditions,24 HOUR,PM25 24-hour 2012,03-11-2023,Micrograms/cubic meter (LC),,1,100,17.6,17.6,0,67.0,145,R & P Model 2025 PM-2.5 Sequential Air Sampler w/VSCC - Gravimetric,Los Angeles-North Main Street,"1630 N MAIN ST, LOS ANGELES",California,Los Angeles,Los Angeles,"Los Angeles-Long Beach-Anaheim, CA",17-05-2024,pm25
6,37,1103,88101,1,34.06659,-118.22688,WGS84,PM2.5 - Local Conditions,24 HOUR,PM25 24-hour 2012,04-11-2023,Micrograms/cubic meter (LC),,1,100,19.7,19.7,0,71.0,145,R & P Model 2025 PM-2.5 Sequential Air Sampler w/VSCC - Gravimetric,Los Angeles-North Main Street,"1630 N MAIN ST, LOS ANGELES",California,Los Angeles,Los Angeles,"Los Angeles-Long Beach-Anaheim, CA",17-05-2024,pm25
6,37,1103,88101,1,34.06659,-118.22688,WGS84,PM2.5 - Local Conditions,24 HOUR,PM25 24-hour 2012,05-11-2023,Micrograms/cubic meter (LC),,1,100,21.0,21.0,0,73.0,145,R & P Model 2025 PM-2.5 Sequential Air Sampler w/VSCC - Gravimetric,Los Angeles-North Main Street,"1630 N MAIN ST, LOS ANGELES",California,Los Angeles,Los Angeles,"Los Angeles-Long Beach-Anaheim, CA",17-05-2024,pm25
6,37,1103,88101,1,34.06659,-118.22688,WGS84,PM2.5 - Local Conditions,24 HOUR,PM25 24-hour 2012,06-11-2023,Micrograms/cubic meter (LC),,1,100,14.5,14.5,0,61.0,145,R & P Model 2025 PM-2.5 Sequential Air Sampler w/VSCC - Gravimetric,Los Angeles-North Main Street,"1630 N MAIN ST, LOS ANGELES",California,Los Angeles,Los Angeles,"Los Angeles-Long Beach-Anaheim, CA",17-05-2024,pm25
6,37,1103,88101,1,34.06659,-118.22688,WGS84,PM2.5 - Local Conditions,24 HOUR,PM25 24-hour 2012,07-11-2023,Micrograms/cubic meter (LC),,1,100,5.7,5.7,0,32.0,145,R & P Model 2025 PM-2.5 Sequential Air Sampler w/VSCC - Gravimetric,Los Angeles-North Main Street,"1630 N MAIN ST, LOS ANGELES",California,Los Angeles,Los Angeles,"Los Angeles-Long Beach-Anaheim, CA",17-05-2024,pm25
6,37,1103,88101,1,34.06659,-118.22688,WGS84,PM2.5 - Local Conditions,24 HOUR,PM25 24-hour 2012,08-11-2023,Micrograms/cubic meter (LC),,1,100,6.3,6.3,0,35.0,145,R & P Model 2025 PM-2.5 Sequential Air Sampler w/VSCC - Gravimetric,Los Angeles-North Main Street,"1630 N MAIN ST, LOS ANGELES",California,Los Angeles,Los Angeles,"Los Angeles-Long Beach-Anaheim, CA",17-05-2024,pm25
6,37,1103,88101,1,34.06659,-118.22688,WGS84,PM2.5 - Local Conditions,24 HOUR,PM25 24-hour 2012,09-11-2023,Micrograms/cubic meter (LC),,1,100,6.7,6.7,0,37.0,145,R & P Model 2025 PM-2.5 Sequential Air Sampler w/VSCC - Gravimetric,Los Angeles-North Main Street,"1630 N MAIN ST, LOS ANGELES",California,Los Angeles,Los Angeles,"Los Angeles-Long Beach-Anaheim, CA",17-05-2024,pm25
6,37,1103,88101,1,34.06659,-118.22688,WGS84,PM2.5 - Local Conditions,24 HOUR,PM25 24-hour 2012,10-11-2023,Micrograms/cubic meter (LC),,1,100,8.5,8.5,0,47.0,145,R & P Model 2025 PM-2.5 Sequential Air Sampler w/VSCC - Gravimetric,Los Angeles-North Main Street,"1630 N MAIN ST, LOS ANGELES",California,Los Angeles,Los Angeles,"Los Angeles-Long Beach-Anaheim, CA",17-05-2024,pm25
6,37,1103,88101,1,34.06659,-118.22688,WGS84,PM2.5 - Local Conditions,24 HOUR,PM25 24-hour 2012,11-11-2023,Micrograms/cubic meter (LC),,1,100,10.4,10.4,0,53.0,145,R & P Model 2025 PM-2.5 Sequential Air Sampler w/VSCC - Gravimetric,Los Angeles-North Main Street,"1630 N MAIN ST, LOS ANGELES",California,Los Angeles,Los Angeles,"Los Angeles-Long Beach-Anaheim, CA",17-05-2024,pm25
6,37,1103,88101,1,34.06659,-118.22688,WGS84,PM2.5 - Local Conditions,24 HOUR,PM25 24-hour 2012,12-11-2023,Micrograms/cubic meter (LC),,1,100,7.4,7.4,0,41.0,145,R & P Model 2025 PM-2.5 Sequential Air Sampler w/VSCC - Gravimetric,Los Angeles-North Main Street,"1630 N MAIN ST, LOS ANGELES",California,Los Angeles,Los Angeles,"Los Angeles-Long Beach-Anaheim, CA",17-05-2024,pm25
6,37,1103,88101,1,34.06659,-118.22688,WGS84,PM2.5 - Local Conditions,24 HOUR,PM25 24-hour 2012,13-11-2023,Micrograms/cubic meter (LC),,1,100,11.5,11.5,0,55.0,145,R & P Model 2025 PM-2.5 Sequential Air Sampler w/VSCC - Gravimetric,Los Angeles-North Main Street,"1630 N MAIN ST, LOS ANGELES",California,Los Angeles,Los Angeles,"Los Angeles-Long Beach-Anaheim, CA",17-05-2024,pm25
6,37,1103,88101,1,34.06659,-118.22688,WGS84,PM2.5 - Local Conditions,24 HOUR,PM25 24-hour 2012,14-11-2023,Micrograms/cubic meter (LC),,1,100,10.3,10.3,0,53.0,145,R & P Model 2025 PM-2.5 Sequential Air Sampler w/VSCC - Gravimetric,Los Angeles-North Main Street,"1630 N MAIN ST, LOS ANGELES",California,Los Angeles,Los Angeles,"Los Angeles-Long Beach-Anaheim, CA",17-05-2024,pm25
6,37,1103,88101,1,34.06659,-118.22688,WGS84,PM2.5 - Local Conditions,24 HOUR,PM25 24-hour 2012,15-11-2023,Micrograms/cubic meter (LC),,1,100,8.7,8.7,0,48.0,145,R & P Model 2025 PM-2.5 Sequential Air Sampler w/VSCC - Gravimetric,Los Angeles-North Main Street,"1630 N MAIN ST, LOS ANGELES",California,Los Angeles,Los Angeles,"Los Angeles-Long Beach-Anaheim, CA",17-05-2024,pm25
6,37,1103,88101,1,34.06659,-118.22688,WGS84,PM2.5 - Local Conditions,24 HOUR,PM25 24-hour 2012,16-11-2023,Micrograms/cubic meter (LC),,1,100,6.5,6.5,0,36.0,145,R & P Model 2025 PM-2.5 Sequential Air Sampler w/VSCC - Gravimetric,Los Angeles-North Main Street,"1630 N MAIN ST, LOS ANGELES",California,Los Angeles,Los Angeles,"Los Angeles-Long Beach-Anaheim, CA",17-05-2024,pm25
6,37,1103,88101,1,34.06659,-118.22688,WGS84,PM2.5 - Local Conditions,24 HOUR,PM25 24-hour 2012,17-11-2023,Micrograms/cubic meter (LC),,1,100,8.4,8.4,0,47.0,145,R & P Model 2025 PM-2.5 Sequential Air Sampler w/VSCC - Gravimetric,Los Angeles-North Main Street,"1630 N MAIN ST, LOS ANGELES",California,Los Angeles,Los Angeles,"Los Angeles-Long Beach-Anaheim, CA",17-05-2024,pm25
6,37,1103,88101,1,34.06659,-118.22688,WGS84,PM2.5 - Local Conditions,24 HOUR,PM25 24-hour 2012,21-11-2023,Micrograms/cubic meter (LC),,1,100,7.1,7.1,0,39.0,145,R & P Model 2025 PM-2.5 Sequential Air Sampler w/VSCC - Gravimetric,Los Angeles-North Main Street,"1630 N MAIN ST, LOS ANGELES",California,Los Angeles,Los Angeles,"Los Angeles-Long Beach-Anaheim, CA",17-05-2024,pm25
6,37,1103,88101,1,34.06659,-118.22688,WGS84,PM2.5 - Local Conditions,24 HOUR,PM25 24-hour 2012,22-11-2023,Micrograms/cubic meter (LC),,1,100,5.3,5.3,0,29.0,145,R & P Model 2025 PM-2.5 Sequential Air Sampler w/VSCC - Gravimetric,Los Angeles-North Main Street,"1630 N MAIN ST, LOS ANGELES",California,Los Angeles,Los Angeles,"Los Angeles-Long Beach-Anaheim, CA",17-05-2024,pm25
6,37,1103,88101,1,34.06659,-118.22688,WGS84,PM2.5 - Local Conditions,24 HOUR,PM25 24-hour 2012,23-11-2023,Micrograms/cubic meter (LC),,1,100,7.2,7.2,0,40.0,145,R & P Model 2025 PM-2.5 Sequential Air Sampler w/VSCC - Gravimetric,Los Angeles-North Main Street,"1630 N MAIN ST, LOS ANGELES",California,Los Angeles,Los Angeles,"Los Angeles-Long Beach-Anaheim, CA",17-05-2024,pm25
6,37,1103,88101,1,34.06659,-118.22688,WGS84,PM2.5 - Local Conditions,24 HOUR,PM25 24-hour 2012,24-11-2023,Micrograms/cubic meter (LC),,1,100,10.7,10.7,0,54.0,145,R & P Model 2025 PM-2.5 Sequential Air Sampler w/VSCC - Gravimetric,Los Angeles-North Main Street,"1630 N MAIN ST, LOS ANGELES",California,Los Angeles,Los Angeles,"Los Angeles-Long Beach-Anaheim, CA",17-05-2024,pm25
6,37,1103,88101,1,34.06659,-118.22688,WGS84,PM2.5 - Local Conditions,24 HOUR,PM25 24-hour 2012,25-11-2023,Micrograms/cubic meter (LC),,1,100,9.6,9.6,0,52.0,145,R & P Model 2025 PM-2.5 Sequential Air Sampler w/VSCC - Gravimetric,Los Angeles-North Main Street,"1630 N MAIN ST, LOS ANGELES",California,Los Angeles,Los Angeles,"Los Angeles-Long Beach-Anaheim, CA",17-05-2024,pm25
6,37,1103,88101,1,34.06659,-118.22688,WGS84,PM2.5 - Local Conditions,24 HOUR,PM25 24-hour 2012,26-11-2023,Micrograms/cubic meter (LC),,1,100,5.3,5.3,0,29.0,145,R & P Model 2025 PM-2.5 Sequential Air Sampler w/VSCC - Gravimetric,Los Angeles-North Main Street,"1630 N MAIN ST, LOS ANGELES",California,Los Angeles,Los Angeles,"Los Angeles-Long Beach-Anaheim, CA",17-05-2024,pm25
6,37,1103,88101,1,34.06659,-118.22688,WGS84,PM2.5 - Local Conditions,24 HOUR,PM25 24-hour 2012,27-11-2023,Micrograms/cubic meter (LC),,1,100,5.9,5.9,0,33.0,145,R & P Model 2025 PM-2.5 Sequential Air Sampler w/VSCC - Gravimetric,Los Angeles-North Main Street,"1630 N MAIN ST, LOS ANGELES",California,Los Angeles,Los Angeles,"Los Angeles-Long Beach-Anaheim, CA",17-05-2024,pm25
6,37,1103,88101,1,34.06659,-118.22688,WGS84,PM2.5 - Local Conditions,24 HOUR,PM25 24-hour 2012,28-11-2023,Micrograms/cubic meter (LC),,1,100,7.2,7.2,0,40.0,145,R & P Model 2025 PM-2.5 Sequential Air Sampler w/VSCC - Gravimetric,Los Angeles-North Main Street,"1630 N MAIN ST, LOS ANGELES",California,Los Angeles,Los Angeles,"Los Angeles-Long Beach-Anaheim, CA",17-05-2024,pm25
6,37,1103,88101,1,34.06659,-118.22688,WGS84,PM2.5 - Local Conditions,24 HOUR,PM25 24-hour 2012,29-11-2023,Micrograms/cubic meter (LC),,1,100,7.3,7.3,0,41.0,145,R & P Model 2025 PM-2.5 Sequential Air Sampler w/VSCC - Gravimetric,Los Angeles-North Main Street,"1630 N MAIN ST, LOS ANGELES",California,Los Angeles,Los Angeles,"Los Angeles-Long Beach-Anaheim, CA",17-05-2024,pm25
6,37,1103,88101,1,34.06659,-118.22688,WGS84,PM2.5 - Local Conditions,24 HOUR,PM25 24-hour 2012,30-11-2023,Micrograms/cubic meter (LC),,1,100,8.8,8.8,0,49.0,145,R & P Model 2025 PM-2.5 Sequential Air Sampler w/VSCC - Gravimetric,Los Angeles-North Main Street,"1630 N MAIN ST, LOS ANGELES",California,Los Angeles,Los Angeles,"Los Angeles-Long Beach-Anaheim, CA",17-05-2024,pm25
6,37,1103,88101,1,34.06659,-118.22688,WGS84,PM2.5 - Local Conditions,24 HOUR,PM25 24-hour 2012,01-12-2023,Micrograms/cubic meter (LC),,1,100,5.4,5.4,0,30.0,145,R & P Model 2025 PM-2.5 Sequential Air Sampler w/VSCC - Gravimetric,Los Angeles-North Main Street,"1630 N MAIN ST, LOS ANGELES",California,Los Angeles,Los Angeles,"Los Angeles-Long Beach-Anaheim, CA",17-05-2024,pm25
6,37,1103,88101,1,34.06659,-118.22688,WGS84,PM2.5 - Local Conditions,24 HOUR,PM25 24-hour 2012,02-12-2023,Micrograms/cubic meter (LC),,1,100,11.1,11.1,0,55.0,145,R & P Model 2025 PM-2.5 Sequential Air Sampler w/VSCC - Gravimetric,Los Angeles-North Main Street,"1630 N MAIN ST, LOS ANGELES",California,Los Angeles,Los Angeles,"Los Angeles-Long Beach-Anaheim, CA",17-05-2024,pm25
6,37,1103,88101,1,34.06659,-118.22688,WGS84,PM2.5 - Local Conditions,24 HOUR,PM25 24-hour 2012,03-12-2023,Micrograms/cubic meter (LC),,1,100,17.4,17.4,0,66.0,145,R & P Model 2025 PM-2.5 Sequential Air Sampler w/VSCC - Gravimetric,Los Angeles-North Main Street,"1630 N MAIN ST, LOS ANGELES",California,Los Angeles,Los Angeles,"Los Angeles-Long Beach-Anaheim, CA",17-05-2024,pm25
6,37,1103,88101,1,34.06659,-118.22688,WGS84,PM2.5 - Local Conditions,24 HOUR,PM25 24-hour 2012,04-12-2023,Micrograms/cubic meter (LC),,1,100,13.7,13.7,0,60.0,145,R & P Model 2025 PM-2.5 Sequential Air Sampler w/VSCC - Gravimetric,Los Angeles-North Main Street,"1630 N MAIN ST, LOS ANGELES",California,Los Angeles,Los Angeles,"Los Angeles-Long Beach-Anaheim, CA",17-05-2024,pm25
6,37,1103,88101,1,34.06659,-118.22688,WGS84,PM2.5 - Local Conditions,24 HOUR,PM25 24-hour 2012,05-12-2023,Micrograms/cubic meter (LC),,1,100,8.5,8.5,0,47.0,145,R & P Model 2025 PM-2.5 Sequential Air Sampler w/VSCC - Gravimetric,Los Angeles-North Main Street,"1630 N MAIN ST, LOS ANGELES",California,Los Angeles,Los Angeles,"Los Angeles-Long Beach-Anaheim, CA",17-05-2024,pm25
6,37,1103,88101,1,34.06659,-118.22688,WGS84,PM2.5 - Local Conditions,24 HOUR,PM25 24-hour 2012,06-12-2023,Micrograms/cubic meter (LC),,1,100,10.1,10.1,0,53.0,145,R & P Model 2025 PM-2.5 Sequential Air Sampler w/VSCC - Gravimetric,Los Angeles-North Main Street,"1630 N MAIN ST, LOS ANGELES",California,Los Angeles,Los Angeles,"Los Angeles-Long Beach-Anaheim, CA",17-05-2024,pm25
6,37,1103,88101,1,34.06659,-118.22688,WGS84,PM2.5 - Local Conditions,24 HOUR,PM25 24-hour 2012,07-12-2023,Micrograms/cubic meter (LC),,1,100,12.2,12.2,0,57.0,145,R & P Model 2025 PM-2.5 Sequential Air Sampler w/VSCC - Gravimetric,Los Angeles-North Main Street,"1630 N MAIN ST, LOS ANGELES",California,Los Angeles,Los Angeles,"Los Angeles-Long Beach-Anaheim, CA",17-05-2024,pm25
6,37,1103,88101,1,34.06659,-118.22688,WGS84,PM2.5 - Local Conditions,24 HOUR,PM25 24-hour 2012,08-12-2023,Micrograms/cubic meter (LC),,1,100,10.8,10.8,0,54.0,145,R & P Model 2025 PM-2.5 Sequential Air Sampler w/VSCC - Gravimetric,Los Angeles-North Main Street,"1630 N MAIN ST, LOS ANGELES",California,Los Angeles,Los Angeles,"Los Angeles-Long Beach-Anaheim, CA",17-05-2024,pm25
6,37,1103,88101,1,34.06659,-118.22688,WGS84,PM2.5 - Local Conditions,24 HOUR,PM25 24-hour 2012,09-12-2023,Micrograms/cubic meter (LC),,1,100,10.2,10.2,0,53.0,145,R & P Model 2025 PM-2.5 Sequential Air Sampler w/VSCC - Gravimetric,Los Angeles-North Main Street,"1630 N MAIN ST, LOS ANGELES",California,Los Angeles,Los Angeles,"Los Angeles-Long Beach-Anaheim, CA",17-05-2024,pm25
6,37,1103,88101,1,34.06659,-118.22688,WGS84,PM2.5 - Local Conditions,24 HOUR,PM25 24-hour 2012,10-12-2023,Micrograms/cubic meter (LC),,1,100,6.2,6.2,0,34.0,145,R & P Model 2025 PM-2.5 Sequential Air Sampler w/VSCC - Gravimetric,Los Angeles-North Main Street,"1630 N MAIN ST, LOS ANGELES",California,Los Angeles,Los Angeles,"Los Angeles-Long Beach-Anaheim, CA",17-05-2024,pm25
6,37,1103,88101,1,34.06659,-118.22688,WGS84,PM2.5 - Local Conditions,24 HOUR,PM25 24-hour 2012,11-12-2023,Micrograms/cubic meter (LC),,1,100,11.8,11.8,0,56.0,145,R & P Model 2025 PM-2.5 Sequential Air Sampler w/VSCC - Gravimetric,Los Angeles-North Main Street,"1630 N MAIN ST, LOS ANGELES",California,Los Angeles,Los Angeles,"Los Angeles-Long Beach-Anaheim, CA",17-05-2024,pm25
6,37,1103,88101,1,34.06659,-118.22688,WGS84,PM2.5 - Local Conditions,24 HOUR,PM25 24-hour 2012,12-12-2023,Micrograms/cubic meter (LC),,1,100,20.1,20.1,0,71.0,145,R & P Model 2025 PM-2.5 Sequential Air Sampler w/VSCC - Gravimetric,Los Angeles-North Main Street,"1630 N MAIN ST, LOS ANGELES",California,Los Angeles,Los Angeles,"Los Angeles-Long Beach-Anaheim, CA",17-05-2024,pm25
6,37,1103,88101,1,34.06659,-118.22688,WGS84,PM2.5 - Local Conditions,24 HOUR,PM25 24-hour 2012,13-12-2023,Micrograms/cubic meter (LC),,1,100,22.1,22.1,0,75.0,145,R & P Model 2025 PM-2.5 Sequential Air Sampler w/VSCC - Gravimetric,Los Angeles-North Main Street,"1630 N MAIN ST, LOS ANGELES",California,Los Angeles,Los Angeles,"Los Angeles-Long Beach-Anaheim, CA",17-05-2024,pm25
6,37,1103,88101,1,34.06659,-118.22688,WGS84,PM2.5 - Local Conditions,24 HOUR,PM25 24-hour 2012,14-12-2023,Micrograms/cubic meter (LC),,1,100,9.5,9.5,0,52.0,145,R & P Model 2025 PM-2.5 Sequential Air Sampler w/VSCC - Gravimetric,Los Angeles-North Main Street,"1630 N MAIN ST, LOS ANGELES",California,Los Angeles,Los Angeles,"Los Angeles-Long Beach-Anaheim, CA",17-05-2024,pm25
6,37,1103,88101,1,34.06659,-118.22688,WGS84,PM2.5 - Local Conditions,24 HOUR,PM25 24-hour 2012,15-12-2023,Micrograms/cubic meter (LC),,1,100,6.9,6.9,0,38.0,145,R & P Model 2025 PM-2.5 Sequential Air Sampler w/VSCC - Gravimetric,Los Angeles-North Main Street,"1630 N MAIN ST, LOS ANGELES",California,Los Angeles,Los Angeles,"Los Angeles-Long Beach-Anaheim, CA",17-05-2024,pm25
6,37,1103,88101,1,34.06659,-118.22688,WGS84,PM2.5 - Local Conditions,24 HOUR,PM25 24-hour 2012,16-12-2023,Micrograms/cubic meter (LC),,1,100,7.5,7.5,0,42.0,145,R & P Model 2025 PM-2.5 Sequential Air Sampler w/VSCC - Gravimetric,Los Angeles-North Main Street,"1630 N MAIN ST, LOS ANGELES",California,Los Angeles,Los Angeles,"Los Angeles-Long Beach-Anaheim, CA",17-05-2024,pm25
6,37,1103,88101,1,34.06659,-118.22688,WGS84,PM2.5 - Local Conditions,24 HOUR,PM25 24-hour 2012,17-12-2023,Micrograms/cubic meter (LC),,1,100,9.8,9.8,0,52.0,145,R & P Model 2025 PM-2.5 Sequential Air Sampler w/VSCC - Gravimetric,Los Angeles-North Main Street,"1630 N MAIN ST, LOS ANGELES",California,Los Angeles,Los Angeles,"Los Angeles-Long Beach-Anaheim, CA",17-05-2024,pm25
6,37,1103,88101,1,34.06659,-118.22688,WGS84,PM2.5 - Local Conditions,24 HOUR,PM25 24-hour 2012,18-12-2023,Micrograms/cubic meter (LC),,1,100,12.4,12.4,0,57.0,145,R & P Model 2025 PM-2.5 Sequential Air Sampler w/VSCC - Gravimetric,Los Angeles-North Main Street,"1630 N MAIN ST, LOS ANGELES",California,Los Angeles,Los Angeles,"Los Angeles-Long Beach-Anaheim, CA",17-05-2024,pm25
6,37,1103,88101,1,34.06659,-118.22688,WGS84,PM2.5 - Local Conditions,24 HOUR,PM25 24-hour 2012,19-12-2023,Micrograms/cubic meter (LC),,1,100,11.9,11.9,0,56.0,145,R & P Model 2025 PM-2.5 Sequential Air Sampler w/VSCC - Gravimetric,Los Angeles-North Main Street,"1630 N MAIN ST, LOS ANGELES",California,Los Angeles,Los Angeles,"Los Angeles-Long Beach-Anaheim, CA",17-05-2024,pm25
6,37,1103,88101,1,34.06659,-118.22688,WGS84,PM2.5 - Local Conditions,24 HOUR,PM25 24-hour 2012,20-12-2023,Micrograms/cubic meter (LC),,1,100,8.2,8.2,0,46.0,145,R & P Model 2025 PM-2.5 Sequential Air Sampler w/VSCC - Gravimetric,Los Angeles-North Main Street,"1630 N MAIN ST, LOS ANGELES",California,Los Angeles,Los Angeles,"Los Angeles-Long Beach-Anaheim, CA",17-05-2024,pm25
6,37,1103,88101,1,34.06659,-118.22688,WGS84,PM2.5 - Local Conditions,24 HOUR,PM25 24-hour 2012,21-12-2023,Micrograms/cubic meter (LC),,1,100,3.5,3.5,0,19.0,145,R & P Model 2025 PM-2.5 Sequential Air Sampler w/VSCC - Gravimetric,Los Angeles-North Main Street,"1630 N MAIN ST, LOS ANGELES",California,Los Angeles,Los Angeles,"Los Angeles-Long Beach-Anaheim, CA",17-05-2024,pm25
6,37,1103,88101,1,34.06659,-118.22688,WGS84,PM2.5 - Local Conditions,24 HOUR,PM25 24-hour 2012,22-12-2023,Micrograms/cubic meter (LC),,1,100,3.6,3.6,0,20.0,145,R & P Model 2025 PM-2.5 Sequential Air Sampler w/VSCC - Gravimetric,Los Angeles-North Main Street,"1630 N MAIN ST, LOS ANGELES",California,Los Angeles,Los Angeles,"Los Angeles-Long Beach-Anaheim, CA",17-05-2024,pm25
6,37,1103,88101,1,34.06659,-118.22688,WGS84,PM2.5 - Local Conditions,24 HOUR,PM25 24-hour 2012,23-12-2023,Micrograms/cubic meter (LC),,1,100,9.6,9.6,0,52.0,145,R & P Model 2025 PM-2.5 Sequential Air Sampler w/VSCC - Gravimetric,Los Angeles-North Main Street,"1630 N MAIN ST, LOS ANGELES",California,Los Angeles,Los Angeles,"Los Angeles-Long Beach-Anaheim, CA",17-05-2024,pm25
6,37,1103,88101,1,34.06659,-118.22688,WGS84,PM2.5 - Local Conditions,24 HOUR,PM25 24-hour 2012,24-12-2023,Micrograms/cubic meter (LC),,1,100,13.2,13.2,0,59.0,145,R & P Model 2025 PM-2.5 Sequential Air Sampler w/VSCC - Gravimetric,Los Angeles-North Main Street,"1630 N MAIN ST, LOS ANGELES",California,Los Angeles,Los Angeles,"Los Angeles-Long Beach-Anaheim, CA",17-05-2024,pm25
6,37,1103,88101,1,34.06659,-118.22688,WGS84,PM2.5 - Local Conditions,24 HOUR,PM25 24-hour 2012,25-12-2023,Micrograms/cubic meter (LC),,1,100,17.5,17.5,0,67.0,145,R & P Model 2025 PM-2.5 Sequential Air Sampler w/VSCC - Gravimetric,Los Angeles-North Main Street,"1630 N MAIN ST, LOS ANGELES",California,Los Angeles,Los Angeles,"Los Angeles-Long Beach-Anaheim, CA",17-05-2024,pm25
6,37,1103,88101,1,34.06659,-118.22688,WGS84,PM2.5 - Local Conditions,24 HOUR,PM25 24-hour 2012,26-12-2023,Micrograms/cubic meter (LC),,1,100,22.9,22.9,0,77.0,145,R & P Model 2025 PM-2.5 Sequential Air Sampler w/VSCC - Gravimetric,Los Angeles-North Main Street,"1630 N MAIN ST, LOS ANGELES",California,Los Angeles,Los Angeles,"Los Angeles-Long Beach-Anaheim, CA",17-05-2024,pm25
6,37,1103,88101,1,34.06659,-118.22688,WGS84,PM2.5 - Local Conditions,24 HOUR,PM25 24-hour 2012,27-12-2023,Micrograms/cubic meter (LC),,1,100,18.7,18.7,0,69.0,145,R & P Model 2025 PM-2.5 Sequential Air Sampler w/VSCC - Gravimetric,Los Angeles-North Main Street,"1630 N MAIN ST, LOS ANGELES",California,Los Angeles,Los Angeles,"Los Angeles-Long Beach-Anaheim, CA",17-05-2024,pm25
6,37,1103,88101,1,34.06659,-118.22688,WGS84,PM2.5 - Local Conditions,24 HOUR,PM25 24-hour 2012,28-12-2023,Micrograms/cubic meter (LC),,1,100,27.5,27.5,0,85.0,145,R & P Model 2025 PM-2.5 Sequential Air Sampler w/VSCC - Gravimetric,Los Angeles-North Main Street,"1630 N MAIN ST, LOS ANGELES",California,Los Angeles,Los Angeles,"Los Angeles-Long Beach-Anaheim, CA",17-05-2024,pm25
6,37,1103,88101,1,34.06659,-118.22688,WGS84,PM2.5 - Local Conditions,24 HOUR,PM25 24-hour 2012,29-12-2023,Micrograms/cubic meter (LC),,1,100,22.9,22.9,0,77.0,145,R & P Model 2025 PM-2.5 Sequential Air Sampler w/VSCC - Gravimetric,Los Angeles-North Main Street,"1630 N MAIN ST, LOS ANGELES",California,Los Angeles,Los Angeles,"Los Angeles-Long Beach-Anaheim, CA",17-05-2024,pm25
6,37,1103,88101,1,34.06659,-118.22688,WGS84,PM2.5 - Local Conditions,24 HOUR,PM25 24-hour 2012,30-12-2023,Micrograms/cubic meter (LC),,1,100,14.1,14.1,0,60.0,145,R & P Model 2025 PM-2.5 Sequential Air Sampler w/VSCC - Gravimetric,Los Angeles-North Main Street,"1630 N MAIN ST, LOS ANGELES",California,Los Angeles,Los Angeles,"Los Angeles-Long Beach-Anaheim, CA",17-05-2024,pm25
6,37,1103,88101,1,34.06659,-118.22688,WGS84,PM2.5 - Local Conditions,24 HOUR,PM25 24-hour 2012,31-12-2023,Micrograms/cubic meter (LC),,1,100,11.5,11.5,0,55.0,145,R & P Model 2025 PM-2.5 Sequential Air Sampler w/VSCC - Gravimetric,Los Angeles-North Main Street,"1630 N MAIN ST, LOS ANGELES",California,Los Angeles,Los Angeles,"Los Angeles-Long Beach-Anaheim, CA",17-05-2024,pm25
6,37,1103,88101,2,34.06659,-118.22688,WGS84,PM2.5 - Local Conditions,24 HOUR,PM25 24-hour 2012,06-01-2023,Micrograms/cubic meter (LC),,1,100,10.5,10.5,0,54.0,145,R & P Model 2025 PM-2.5 Sequential Air Sampler w/VSCC - Gravimetric,Los Angeles-North Main Street,"1630 N MAIN ST, LOS ANGELES",California,Los Angeles,Los Angeles,"Los Angeles-Long Beach-Anaheim, CA",17-05-2024,pm25
6,37,1103,88101,2,34.06659,-118.22688,WGS84,PM2.5 - Local Conditions,24 HOUR,PM25 24-hour 2012,12-01-2023,Micrograms/cubic meter (LC),,1,100,6.7,6.7,0,37.0,145,R & P Model 2025 PM-2.5 Sequential Air Sampler w/VSCC - Gravimetric,Los Angeles-North Main Street,"1630 N MAIN ST, LOS ANGELES",California,Los Angeles,Los Angeles,"Los Angeles-Long Beach-Anaheim, CA",17-05-2024,pm25
6,37,1103,88101,2,34.06659,-118.22688,WGS84,PM2.5 - Local Conditions,24 HOUR,PM25 24-hour 2012,18-01-2023,Micrograms/cubic meter (LC),,1,100,7.4,7.4,0,41.0,145,R & P Model 2025 PM-2.5 Sequential Air Sampler w/VSCC - Gravimetric,Los Angeles-North Main Street,"1630 N MAIN ST, LOS ANGELES",California,Los Angeles,Los Angeles,"Los Angeles-Long Beach-Anaheim, CA",17-05-2024,pm25
6,37,1103,88101,2,34.06659,-118.22688,WGS84,PM2.5 - Local Conditions,24 HOUR,PM25 24-hour 2012,24-01-2023,Micrograms/cubic meter (LC),,1,100,8.1,8.1,0,45.0,145,R & P Model 2025 PM-2.5 Sequential Air Sampler w/VSCC - Gravimetric,Los Angeles-North Main Street,"1630 N MAIN ST, LOS ANGELES",California,Los Angeles,Los Angeles,"Los Angeles-Long Beach-Anaheim, CA",17-05-2024,pm25
6,37,1103,88101,2,34.06659,-118.22688,WGS84,PM2.5 - Local Conditions,24 HOUR,PM25 24-hour 2012,30-01-2023,Micrograms/cubic meter (LC),,1,100,5.2,5.2,0,29.0,145,R & P Model 2025 PM-2.5 Sequential Air Sampler w/VSCC - Gravimetric,Los Angeles-North Main Street,"1630 N MAIN ST, LOS ANGELES",California,Los Angeles,Los Angeles,"Los Angeles-Long Beach-Anaheim, CA",17-05-2024,pm25
6,37,1103,88101,2,34.06659,-118.22688,WGS84,PM2.5 - Local Conditions,24 HOUR,PM25 24-hour 2012,05-02-2023,Micrograms/cubic meter (LC),,1,100,14.3,14.3,0,61.0,145,R & P Model 2025 PM-2.5 Sequential Air Sampler w/VSCC - Gravimetric,Los Angeles-North Main Street,"1630 N MAIN ST, LOS ANGELES",California,Los Angeles,Los Angeles,"Los Angeles-Long Beach-Anaheim, CA",17-05-2024,pm25
6,37,1103,88101,2,34.06659,-118.22688,WGS84,PM2.5 - Local Conditions,24 HOUR,PM25 24-hour 2012,11-02-2023,Micrograms/cubic meter (LC),,1,100,8.0,8.0,0,44.0,145,R & P Model 2025 PM-2.5 Sequential Air Sampler w/VSCC - Gravimetric,Los Angeles-North Main Street,"1630 N MAIN ST, LOS ANGELES",California,Los Angeles,Los Angeles,"Los Angeles-Long Beach-Anaheim, CA",17-05-2024,pm25
6,37,1103,88101,2,34.06659,-118.22688,WGS84,PM2.5 - Local Conditions,24 HOUR,PM25 24-hour 2012,17-02-2023,Micrograms/cubic meter (LC),,1,100,6.4,6.4,0,36.0,145,R & P Model 2025 PM-2.5 Sequential Air Sampler w/VSCC - Gravimetric,Los Angeles-North Main Street,"1630 N MAIN ST, LOS ANGELES",California,Los Angeles,Los Angeles,"Los Angeles-Long Beach-Anaheim, CA",17-05-2024,pm25
6,37,1103,88101,2,34.06659,-118.22688,WGS84,PM2.5 - Local Conditions,24 HOUR,PM25 24-hour 2012,23-02-2023,Micrograms/cubic meter (LC),,1,100,3.9,3.9,0,22.0,145,R & P Model 2025 PM-2.5 Sequential Air Sampler w/VSCC - Gravimetric,Los Angeles-North Main Street,"1630 N MAIN ST, LOS ANGELES",California,Los Angeles,Los Angeles,"Los Angeles-Long Beach-Anaheim, CA",17-05-2024,pm25
6,37,1103,88101,2,34.06659,-118.22688,WGS84,PM2.5 - Local Conditions,24 HOUR,PM25 24-hour 2012,01-03-2023,Micrograms/cubic meter (LC),,1,100,1.8,1.8,0,10.0,145,R & P Model 2025 PM-2.5 Sequential Air Sampler w/VSCC - Gravimetric,Los Angeles-North Main Street,"1630 N MAIN ST, LOS ANGELES",California,Los Angeles,Los Angeles,"Los Angeles-Long Beach-Anaheim, CA",17-05-2024,pm25
6,37,1103,88101,2,34.06659,-118.22688,WGS84,PM2.5 - Local Conditions,24 HOUR,PM25 24-hour 2012,07-03-2023,Micrograms/cubic meter (LC),,1,100,5.6,5.6,0,31.0,145,R & P Model 2025 PM-2.5 Sequential Air Sampler w/VSCC - Gravimetric,Los Angeles-North Main Street,"1630 N MAIN ST, LOS ANGELES",California,Los Angeles,Los Angeles,"Los Angeles-Long Beach-Anaheim, CA",17-05-2024,pm25
6,37,1103,88101,2,34.06659,-118.22688,WGS84,PM2.5 - Local Conditions,24 HOUR,PM25 24-hour 2012,13-03-2023,Micrograms/cubic meter (LC),,1,100,7.2,7.2,0,40.0,145,R & P Model 2025 PM-2.5 Sequential Air Sampler w/VSCC - Gravimetric,Los Angeles-North Main Street,"1630 N MAIN ST, LOS ANGELES",California,Los Angeles,Los Angeles,"Los Angeles-Long Beach-Anaheim, CA",17-05-2024,pm25
6,37,1103,88101,2,34.06659,-118.22688,WGS84,PM2.5 - Local Conditions,24 HOUR,PM25 24-hour 2012,19-03-2023,Micrograms/cubic meter (LC),,1,100,9.0,9.0,0,50.0,145,R & P Model 2025 PM-2.5 Sequential Air Sampler w/VSCC - Gravimetric,Los Angeles-North Main Street,"1630 N MAIN ST, LOS ANGELES",California,Los Angeles,Los Angeles,"Los Angeles-Long Beach-Anaheim, CA",17-05-2024,pm25
6,37,1103,88101,2,34.06659,-118.22688,WGS84,PM2.5 - Local Conditions,24 HOUR,PM25 24-hour 2012,25-03-2023,Micrograms/cubic meter (LC),,1,100,5.8,5.8,0,32.0,145,R & P Model 2025 PM-2.5 Sequential Air Sampler w/VSCC - Gravimetric,Los Angeles-North Main Street,"1630 N MAIN ST, LOS ANGELES",California,Los Angeles,Los Angeles,"Los Angeles-Long Beach-Anaheim, CA",17-05-2024,pm25
6,37,1103,88101,2,34.06659,-118.22688,WGS84,PM2.5 - Local Conditions,24 HOUR,PM25 24-hour 2012,31-03-2023,Micrograms/cubic meter (LC),,1,100,7.0,7.0,0,39.0,145,R & P Model 2025 PM-2.5 Sequential Air Sampler w/VSCC - Gravimetric,Los Angeles-North Main Street,"1630 N MAIN ST, LOS ANGELES",California,Los Angeles,Los Angeles,"Los Angeles-Long Beach-Anaheim, CA",17-05-2024,pm25
6,37,1103,88101,2,34.06659,-118.22688,WGS84,PM2.5 - Local Conditions,24 HOUR,PM25 24-hour 2012,06-04-2023,Micrograms/cubic meter (LC),,1,100,6.2,6.2,0,34.0,145,R & P Model 2025 PM-2.5 Sequential Air Sampler w/VSCC - Gravimetric,Los Angeles-North Main Street,"1630 N MAIN ST, LOS ANGELES",California,Los Angeles,Los Angeles,"Los Angeles-Long Beach-Anaheim, CA",17-05-2024,pm25
6,37,1103,88101,2,34.06659,-118.22688,WGS84,PM2.5 - Local Conditions,24 HOUR,PM25 24-hour 2012,12-04-2023,Micrograms/cubic meter (LC),,1,100,11.1,11.1,0,55.0,145,R & P Model 2025 PM-2.5 Sequential Air Sampler w/VSCC - Gravimetric,Los Angeles-North Main Street,"1630 N MAIN ST, LOS ANGELES",California,Los Angeles,Los Angeles,"Los Angeles-Long Beach-Anaheim, CA",17-05-2024,pm25
6,37,1103,88101,2,34.06659,-118.22688,WGS84,PM2.5 - Local Conditions,24 HOUR,PM25 24-hour 2012,18-04-2023,Micrograms/cubic meter (LC),,1,100,11.0,11.0,0,55.0,145,R & P Model 2025 PM-2.5 Sequential Air Sampler w/VSCC - Gravimetric,Los Angeles-North Main Street,"1630 N MAIN ST, LOS ANGELES",California,Los Angeles,Los Angeles,"Los Angeles-Long Beach-Anaheim, CA",17-05-2024,pm25
6,37,1103,88101,2,34.06659,-118.22688,WGS84,PM2.5 - Local Conditions,24 HOUR,PM25 24-hour 2012,24-04-2023,Micrograms/cubic meter (LC),,1,100,14.8,14.8,0,62.0,145,R & P Model 2025 PM-2.5 Sequential Air Sampler w/VSCC - Gravimetric,Los Angeles-North Main Street,"1630 N MAIN ST, LOS ANGELES",California,Los Angeles,Los Angeles,"Los Angeles-Long Beach-Anaheim, CA",17-05-2024,pm25
6,37,1103,88101,2,34.06659,-118.22688,WGS84,PM2.5 - Local Conditions,24 HOUR,PM25 24-hour 2012,30-04-2023,Micrograms/cubic meter (LC),,1,100,18.5,18.5,0,69.0,145,R & P Model 2025 PM-2.5 Sequential Air Sampler w/VSCC - Gravimetric,Los Angeles-North Main Street,"1630 N MAIN ST, LOS ANGELES",California,Los Angeles,Los Angeles,"Los Angeles-Long Beach-Anaheim, CA",17-05-2024,pm25
6,37,1103,88101,2,34.06659,-118.22688,WGS84,PM2.5 - Local Conditions,24 HOUR,PM25 24-hour 2012,06-05-2023,Micrograms/cubic meter (LC),,1,100,5.0,5.0,0,28.0,145,R & P Model 2025 PM-2.5 Sequential Air Sampler w/VSCC - Gravimetric,Los Angeles-North Main Street,"1630 N MAIN ST, LOS ANGELES",California,Los Angeles,Los Angeles,"Los Angeles-Long Beach-Anaheim, CA",17-05-2024,pm25
6,37,1103,88101,2,34.06659,-118.22688,WGS84,PM2.5 - Local Conditions,24 HOUR,PM25 24-hour 2012,13-05-2023,Micrograms/cubic meter (LC),,1,100,18.9,18.9,0,69.0,145,R & P Model 2025 PM-2.5 Sequential Air Sampler w/VSCC - Gravimetric,Los Angeles-North Main Street,"1630 N MAIN ST, LOS ANGELES",California,Los Angeles,Los Angeles,"Los Angeles-Long Beach-Anaheim, CA",17-05-2024,pm25
6,37,1103,88101,2,34.06659,-118.22688,WGS84,PM2.5 - Local Conditions,24 HOUR,PM25 24-hour 2012,18-05-2023,Micrograms/cubic meter (LC),,1,100,14.1,14.1,0,60.0,145,R & P Model 2025 PM-2.5 Sequential Air Sampler w/VSCC - Gravimetric,Los Angeles-North Main Street,"1630 N MAIN ST, LOS ANGELES",California,Los Angeles,Los Angeles,"Los Angeles-Long Beach-Anaheim, CA",17-05-2024,pm25
6,37,1103,88101,2,34.06659,-118.22688,WGS84,PM2.5 - Local Conditions,24 HOUR,PM25 24-hour 2012,24-05-2023,Micrograms/cubic meter (LC),,1,100,6.0,6.0,0,33.0,145,R & P Model 2025 PM-2.5 Sequential Air Sampler w/VSCC - Gravimetric,Los Angeles-North Main Street,"1630 N MAIN ST, LOS ANGELES",California,Los Angeles,Los Angeles,"Los Angeles-Long Beach-Anaheim, CA",17-05-2024,pm25
6,37,1103,88101,2,34.06659,-118.22688,WGS84,PM2.5 - Local Conditions,24 HOUR,PM25 24-hour 2012,30-05-2023,Micrograms/cubic meter (LC),,1,100,4.7,4.7,0,26.0,145,R & P Model 2025 PM-2.5 Sequential Air Sampler w/VSCC - Gravimetric,Los Angeles-North Main Street,"1630 N MAIN ST, LOS ANGELES",California,Los Angeles,Los Angeles,"Los Angeles-Long Beach-Anaheim, CA",17-05-2024,pm25
6,37,1103,88101,2,34.06659,-118.22688,WGS84,PM2.5 - Local Conditions,24 HOUR,PM25 24-hour 2012,05-06-2023,Micrograms/cubic meter (LC),,1,100,8.6,8.6,0,48.0,145,R & P Model 2025 PM-2.5 Sequential Air Sampler w/VSCC - Gravimetric,Los Angeles-North Main Street,"1630 N MAIN ST, LOS ANGELES",California,Los Angeles,Los Angeles,"Los Angeles-Long Beach-Anaheim, CA",17-05-2024,pm25
6,37,1103,88101,2,34.06659,-118.22688,WGS84,PM2.5 - Local Conditions,24 HOUR,PM25 24-hour 2012,11-06-2023,Micrograms/cubic meter (LC),,1,100,3.3,3.3,0,18.0,145,R & P Model 2025 PM-2.5 Sequential Air Sampler w/VSCC - Gravimetric,Los Angeles-North Main Street,"1630 N MAIN ST, LOS ANGELES",California,Los Angeles,Los Angeles,"Los Angeles-Long Beach-Anaheim, CA",17-05-2024,pm25
6,37,1103,88101,2,34.06659,-118.22688,WGS84,PM2.5 - Local Conditions,24 HOUR,PM25 24-hour 2012,17-06-2023,Micrograms/cubic meter (LC),,1,100,9.3,9.3,0,51.0,145,R & P Model 2025 PM-2.5 Sequential Air Sampler w/VSCC - Gravimetric,Los Angeles-North Main Street,"1630 N MAIN ST, LOS ANGELES",California,Los Angeles,Los Angeles,"Los Angeles-Long Beach-Anaheim, CA",17-05-2024,pm25
6,37,1103,88101,2,34.06659,-118.22688,WGS84,PM2.5 - Local Conditions,24 HOUR,PM25 24-hour 2012,23-06-2023,Micrograms/cubic meter (LC),,1,100,8.2,8.2,0,46.0,145,R & P Model 2025 PM-2.5 Sequential Air Sampler w/VSCC - Gravimetric,Los Angeles-North Main Street,"1630 N MAIN ST, LOS ANGELES",California,Los Angeles,Los Angeles,"Los Angeles-Long Beach-Anaheim, CA",17-05-2024,pm25
6,37,1103,88101,2,34.06659,-118.22688,WGS84,PM2.5 - Local Conditions,24 HOUR,PM25 24-hour 2012,29-06-2023,Micrograms/cubic meter (LC),,1,100,11.7,11.7,0,56.0,145,R & P Model 2025 PM-2.5 Sequential Air Sampler w/VSCC - Gravimetric,Los Angeles-North Main Street,"1630 N MAIN ST, LOS ANGELES",California,Los Angeles,Los Angeles,"Los Angeles-Long Beach-Anaheim, CA",17-05-2024,pm25
6,37,1103,88101,2,34.06659,-118.22688,WGS84,PM2.5 - Local Conditions,24 HOUR,PM25 24-hour 2012,17-07-2023,Micrograms/cubic meter (LC),,1,100,12.7,12.7,0,58.0,145,R & P Model 2025 PM-2.5 Sequential Air Sampler w/VSCC - Gravimetric,Los Angeles-North Main Street,"1630 N MAIN ST, LOS ANGELES",California,Los Angeles,Los Angeles,"Los Angeles-Long Beach-Anaheim, CA",17-05-2024,pm25
6,37,1103,88101,2,34.06659,-118.22688,WGS84,PM2.5 - Local Conditions,24 HOUR,PM25 24-hour 2012,23-07-2023,Micrograms/cubic meter (LC),,1,100,13.1,13.1,0,58.0,145,R & P Model 2025 PM-2.5 Sequential Air Sampler w/VSCC - Gravimetric,Los Angeles-North Main Street,"1630 N MAIN ST, LOS ANGELES",California,Los Angeles,Los Angeles,"Los Angeles-Long Beach-Anaheim, CA",17-05-2024,pm25
6,37,1103,88101,2,34.06659,-118.22688,WGS84,PM2.5 - Local Conditions,24 HOUR,PM25 24-hour 2012,29-07-2023,Micrograms/cubic meter (LC),,1,100,17.4,17.4,0,66.0,145,R & P Model 2025 PM-2.5 Sequential Air Sampler w/VSCC - Gravimetric,Los Angeles-North Main Street,"1630 N MAIN ST, LOS ANGELES",California,Los Angeles,Los Angeles,"Los Angeles-Long Beach-Anaheim, CA",17-05-2024,pm25
6,37,1103,88101,2,34.06659,-118.22688,WGS84,PM2.5 - Local Conditions,24 HOUR,PM25 24-hour 2012,04-08-2023,Micrograms/cubic meter (LC),,1,100,11.9,11.9,0,56.0,145,R & P Model 2025 PM-2.5 Sequential Air Sampler w/VSCC - Gravimetric,Los Angeles-North Main Street,"1630 N MAIN ST, LOS ANGELES",California,Los Angeles,Los Angeles,"Los Angeles-Long Beach-Anaheim, CA",17-05-2024,pm25
6,37,1103,88101,2,34.06659,-118.22688,WGS84,PM2.5 - Local Conditions,24 HOUR,PM25 24-hour 2012,10-08-2023,Micrograms/cubic meter (LC),,1,100,6.9,6.9,0,38.0,145,R & P Model 2025 PM-2.5 Sequential Air Sampler w/VSCC - Gravimetric,Los Angeles-North Main Street,"1630 N MAIN ST, LOS ANGELES",California,Los Angeles,Los Angeles,"Los Angeles-Long Beach-Anaheim, CA",17-05-2024,pm25
6,37,1103,88101,2,34.06659,-118.22688,WGS84,PM2.5 - Local Conditions,24 HOUR,PM25 24-hour 2012,16-08-2023,Micrograms/cubic meter (LC),,1,100,9.8,9.8,0,52.0,145,R & P Model 2025 PM-2.5 Sequential Air Sampler w/VSCC - Gravimetric,Los Angeles-North Main Street,"1630 N MAIN ST, LOS ANGELES",California,Los Angeles,Los Angeles,"Los Angeles-Long Beach-Anaheim, CA",17-05-2024,pm25
6,37,1103,88101,2,34.06659,-118.22688,WGS84,PM2.5 - Local Conditions,24 HOUR,PM25 24-hour 2012,22-08-2023,Micrograms/cubic meter (LC),,1,100,8.5,8.5,0,47.0,145,R & P Model 2025 PM-2.5 Sequential Air Sampler w/VSCC - Gravimetric,Los Angeles-North Main Street,"1630 N MAIN ST, LOS ANGELES",California,Los Angeles,Los Angeles,"Los Angeles-Long Beach-Anaheim, CA",17-05-2024,pm25
6,37,1103,88101,2,34.06659,-118.22688,WGS84,PM2.5 - Local Conditions,24 HOUR,PM25 24-hour 2012,28-08-2023,Micrograms/cubic meter (LC),,1,100,16.0,16.0,0,64.0,145,R & P Model 2025 PM-2.5 Sequential Air Sampler w/VSCC - Gravimetric,Los Angeles-North Main Street,"1630 N MAIN ST, LOS ANGELES",California,Los Angeles,Los Angeles,"Los Angeles-Long Beach-Anaheim, CA",17-05-2024,pm25
6,37,1103,88101,2,34.06659,-118.22688,WGS84,PM2.5 - Local Conditions,24 HOUR,PM25 24-hour 2012,03-09-2023,Micrograms/cubic meter (LC),,1,100,7.2,7.2,0,40.0,145,R & P Model 2025 PM-2.5 Sequential Air Sampler w/VSCC - Gravimetric,Los Angeles-North Main Street,"1630 N MAIN ST, LOS ANGELES",California,Los Angeles,Los Angeles,"Los Angeles-Long Beach-Anaheim, CA",17-05-2024,pm25
6,37,1103,88101,2,34.06659,-118.22688,WGS84,PM2.5 - Local Conditions,24 HOUR,PM25 24-hour 2012,09-09-2023,Micrograms/cubic meter (LC),,1,100,12.0,12.0,0,56.0,145,R & P Model 2025 PM-2.5 Sequential Air Sampler w/VSCC - Gravimetric,Los Angeles-North Main Street,"1630 N MAIN ST, LOS ANGELES",California,Los Angeles,Los Angeles,"Los Angeles-Long Beach-Anaheim, CA",17-05-2024,pm25
6,37,1103,88101,2,34.06659,-118.22688,WGS84,PM2.5 - Local Conditions,24 HOUR,PM25 24-hour 2012,15-09-2023,Micrograms/cubic meter (LC),,1,100,12.7,12.7,0,58.0,145,R & P Model 2025 PM-2.5 Sequential Air Sampler w/VSCC - Gravimetric,Los Angeles-North Main Street,"1630 N MAIN ST, LOS ANGELES",California,Los Angeles,Los Angeles,"Los Angeles-Long Beach-Anaheim, CA",17-05-2024,pm25
6,37,1103,88101,2,34.06659,-118.22688,WGS84,PM2.5 - Local Conditions,24 HOUR,PM25 24-hour 2012,21-09-2023,Micrograms/cubic meter (LC),,1,100,17.9,17.9,0,67.0,145,R & P Model 2025 PM-2.5 Sequential Air Sampler w/VSCC - Gravimetric,Los Angeles-North Main Street,"1630 N MAIN ST, LOS ANGELES",California,Los Angeles,Los Angeles,"Los Angeles-Long Beach-Anaheim, CA",17-05-2024,pm25
6,37,1103,88101,2,34.06659,-118.22688,WGS84,PM2.5 - Local Conditions,24 HOUR,PM25 24-hour 2012,27-09-2023,Micrograms/cubic meter (LC),,1,100,13.3,13.3,0,59.0,145,R & P Model 2025 PM-2.5 Sequential Air Sampler w/VSCC - Gravimetric,Los Angeles-North Main Street,"1630 N MAIN ST, LOS ANGELES",California,Los Angeles,Los Angeles,"Los Angeles-Long Beach-Anaheim, CA",17-05-2024,pm25
6,37,1103,88101,2,34.06659,-118.22688,WGS84,PM2.5 - Local Conditions,24 HOUR,PM25 24-hour 2012,03-10-2023,Micrograms/cubic meter (LC),,1,100,11.2,11.2,0,55.0,145,R & P Model 2025 PM-2.5 Sequential Air Sampler w/VSCC - Gravimetric,Los Angeles-North Main Street,"1630 N MAIN ST, LOS ANGELES",California,Los Angeles,Los Angeles,"Los Angeles-Long Beach-Anaheim, CA",17-05-2024,pm25
6,37,1103,88101,2,34.06659,-118.22688,WGS84,PM2.5 - Local Conditions,24 HOUR,PM25 24-hour 2012,09-10-2023,Micrograms/cubic meter (LC),,1,100,19.9,19.9,0,71.0,145,R & P Model 2025 PM-2.5 Sequential Air Sampler w/VSCC - Gravimetric,Los Angeles-North Main Street,"1630 N MAIN ST, LOS ANGELES",California,Los Angeles,Los Angeles,"Los Angeles-Long Beach-Anaheim, CA",17-05-2024,pm25
6,37,1103,88101,2,34.06659,-118.22688,WGS84,PM2.5 - Local Conditions,24 HOUR,PM25 24-hour 2012,15-10-2023,Micrograms/cubic meter (LC),,1,100,11.5,11.5,0,55.0,145,R & P Model 2025 PM-2.5 Sequential Air Sampler w/VSCC - Gravimetric,Los Angeles-North Main Street,"1630 N MAIN ST, LOS ANGELES",California,Los Angeles,Los Angeles,"Los Angeles-Long Beach-Anaheim, CA",17-05-2024,pm25
6,37,1103,88101,2,34.06659,-118.22688,WGS84,PM2.5 - Local Conditions,24 HOUR,PM25 24-hour 2012,21-10-2023,Micrograms/cubic meter (LC),,1,100,11.7,11.7,0,56.0,145,R & P Model 2025 PM-2.5 Sequential Air Sampler w/VSCC - Gravimetric,Los Angeles-North Main Street,"1630 N MAIN ST, LOS ANGELES",California,Los Angeles,Los Angeles,"Los Angeles-Long Beach-Anaheim, CA",17-05-2024,pm25
6,37,1103,88101,2,34.06659,-118.22688,WGS84,PM2.5 - Local Conditions,24 HOUR,PM25 24-hour 2012,27-10-2023,Micrograms/cubic meter (LC),,1,100,10.2,10.2,0,53.0,145,R & P Model 2025 PM-2.5 Sequential Air Sampler w/VSCC - Gravimetric,Los Angeles-North Main Street,"1630 N MAIN ST, LOS ANGELES",California,Los Angeles,Los Angeles,"Los Angeles-Long Beach-Anaheim, CA",17-05-2024,pm25
6,37,1103,88101,2,34.06659,-118.22688,WGS84,PM2.5 - Local Conditions,24 HOUR,PM25 24-hour 2012,02-11-2023,Micrograms/cubic meter (LC),,1,100,9.3,9.3,0,51.0,145,R & P Model 2025 PM-2.5 Sequential Air Sampler w/VSCC - Gravimetric,Los Angeles-North Main Street,"1630 N MAIN ST, LOS ANGELES",California,Los Angeles,Los Angeles,"Los Angeles-Long Beach-Anaheim, CA",17-05-2024,pm25
6,37,1103,88101,2,34.06659,-118.22688,WGS84,PM2.5 - Local Conditions,24 HOUR,PM25 24-hour 2012,08-11-2023,Micrograms/cubic meter (LC),,1,100,7.0,7.0,0,39.0,145,R & P Model 2025 PM-2.5 Sequential Air Sampler w/VSCC - Gravimetric,Los Angeles-North Main Street,"1630 N MAIN ST, LOS ANGELES",California,Los Angeles,Los Angeles,"Los Angeles-Long Beach-Anaheim, CA",17-05-2024,pm25
6,37,1103,88101,2,34.06659,-118.22688,WGS84,PM2.5 - Local Conditions,24 HOUR,PM25 24-hour 2012,14-11-2023,Micrograms/cubic meter (LC),,1,100,10.5,10.5,0,54.0,145,R & P Model 2025 PM-2.5 Sequential Air Sampler w/VSCC - Gravimetric,Los Angeles-North Main Street,"1630 N MAIN ST, LOS ANGELES",California,Los Angeles,Los Angeles,"Los Angeles-Long Beach-Anaheim, CA",17-05-2024,pm25
6,37,1103,88101,2,34.06659,-118.22688,WGS84,PM2.5 - Local Conditions,24 HOUR,PM25 24-hour 2012,20-11-2023,Micrograms/cubic meter (LC),,1,100,10.7,10.7,0,54.0,145,R & P Model 2025 PM-2.5 Sequential Air Sampler w/VSCC - Gravimetric,Los Angeles-North Main Street,"1630 N MAIN ST, LOS ANGELES",California,Los Angeles,Los Angeles,"Los Angeles-Long Beach-Anaheim, CA",17-05-2024,pm25
6,37,1103,88101,2,34.06659,-118.22688,WGS84,PM2.5 - Local Conditions,24 HOUR,PM25 24-hour 2012,26-11-2023,Micrograms/cubic meter (LC),,1,100,5.7,5.7,0,32.0,145,R & P Model 2025 PM-2.5 Sequential Air Sampler w/VSCC - Gravimetric,Los Angeles-North Main Street,"1630 N MAIN ST, LOS ANGELES",California,Los Angeles,Los Angeles,"Los Angeles-Long Beach-Anaheim, CA",17-05-2024,pm25
6,37,1103,88101,2,34.06659,-118.22688,WGS84,PM2.5 - Local Conditions,24 HOUR,PM25 24-hour 2012,02-12-2023,Micrograms/cubic meter (LC),,1,100,11.0,11.0,0,55.0,145,R & P Model 2025 PM-2.5 Sequential Air Sampler w/VSCC - Gravimetric,Los Angeles-North Main Street,"1630 N MAIN ST, LOS ANGELES",California,Los Angeles,Los Angeles,"Los Angeles-Long Beach-Anaheim, CA",17-05-2024,pm25
6,37,1103,88101,2,34.06659,-118.22688,WGS84,PM2.5 - Local Conditions,24 HOUR,PM25 24-hour 2012,08-12-2023,Micrograms/cubic meter (LC),,1,100,11.9,11.9,0,56.0,145,R & P Model 2025 PM-2.5 Sequential Air Sampler w/VSCC - Gravimetric,Los Angeles-North Main Street,"1630 N MAIN ST, LOS ANGELES",California,Los Angeles,Los Angeles,"Los Angeles-Long Beach-Anaheim, CA",17-05-2024,pm25
6,37,1103,88101,2,34.06659,-118.22688,WGS84,PM2.5 - Local Conditions,24 HOUR,PM25 24-hour 2012,14-12-2023,Micrograms/cubic meter (LC),,1,100,9.7,9.7,0,52.0,145,R & P Model 2025 PM-2.5 Sequential Air Sampler w/VSCC - Gravimetric,Los Angeles-North Main Street,"1630 N MAIN ST, LOS ANGELES",California,Los Angeles,Los Angeles,"Los Angeles-Long Beach-Anaheim, CA",17-05-2024,pm25
6,37,1103,88101,2,34.06659,-118.22688,WGS84,PM2.5 - Local Conditions,24 HOUR,PM25 24-hour 2012,20-12-2023,Micrograms/cubic meter (LC),,1,100,9.0,9.0,0,50.0,145,R & P Model 2025 PM-2.5 Sequential Air Sampler w/VSCC - Gravimetric,Los Angeles-North Main Street,"1630 N MAIN ST, LOS ANGELES",California,Los Angeles,Los Angeles,"Los Angeles-Long Beach-Anaheim, CA",17-05-2024,pm25
6,37,1103,88101,2,34.06659,-118.22688,WGS84,PM2.5 - Local Conditions,24 HOUR,PM25 24-hour 2012,26-12-2023,Micrograms/cubic meter (LC),,1,100,23.9,23.9,0,79.0,145,R & P Model 2025 PM-2.5 Sequential Air Sampler w/VSCC - Gravimetric,Los Angeles-North Main Street,"1630 N MAIN ST, LOS ANGELES",California,Los Angeles,Los Angeles,"Los Angeles-Long Beach-Anaheim, CA",17-05-2024,pm25
6,37,1103,88101,3,34.06659,-118.22688,WGS84,PM2.5 - Local Conditions,24-HR BLK AVG,PM25 24-hour 2012,01-01-2023,Micrograms/cubic meter (LC),,1,100,5.0,5.0,0,28.0,170,Met One BAM-1020 Mass Monitor w/VSCC - Beta Attenuation,Los Angeles-North Main Street,"1630 N MAIN ST, LOS ANGELES",California,Los Angeles,Los Angeles,"Los Angeles-Long Beach-Anaheim, CA",21-05-2024,pm25
6,37,1103,88101,3,34.06659,-118.22688,WGS84,PM2.5 - Local Conditions,24-HR BLK AVG,PM25 24-hour 2012,02-01-2023,Micrograms/cubic meter (LC),,1,100,9.1,9.1,0,51.0,170,Met One BAM-1020 Mass Monitor w/VSCC - Beta Attenuation,Los Angeles-North Main Street,"1630 N MAIN ST, LOS ANGELES",California,Los Angeles,Los Angeles,"Los Angeles-Long Beach-Anaheim, CA",21-05-2024,pm25
6,37,1103,88101,3,34.06659,-118.22688,WGS84,PM2.5 - Local Conditions,24-HR BLK AVG,PM25 24-hour 2012,03-01-2023,Micrograms/cubic meter (LC),,1,100,4.3,4.3,0,24.0,170,Met One BAM-1020 Mass Monitor w/VSCC - Beta Attenuation,Los Angeles-North Main Street,"1630 N MAIN ST, LOS ANGELES",California,Los Angeles,Los Angeles,"Los Angeles-Long Beach-Anaheim, CA",21-05-2024,pm25
6,37,1103,88101,3,34.06659,-118.22688,WGS84,PM2.5 - Local Conditions,24-HR BLK AVG,PM25 24-hour 2012,04-01-2023,Micrograms/cubic meter (LC),,1,100,4.2,4.2,0,23.0,170,Met One BAM-1020 Mass Monitor w/VSCC - Beta Attenuation,Los Angeles-North Main Street,"1630 N MAIN ST, LOS ANGELES",California,Los Angeles,Los Angeles,"Los Angeles-Long Beach-Anaheim, CA",21-05-2024,pm25
6,37,1103,88101,3,34.06659,-118.22688,WGS84,PM2.5 - Local Conditions,24-HR BLK AVG,PM25 24-hour 2012,05-01-2023,Micrograms/cubic meter (LC),,1,100,6.7,6.7,0,37.0,170,Met One BAM-1020 Mass Monitor w/VSCC - Beta Attenuation,Los Angeles-North Main Street,"1630 N MAIN ST, LOS ANGELES",California,Los Angeles,Los Angeles,"Los Angeles-Long Beach-Anaheim, CA",21-05-2024,pm25
6,37,1103,88101,3,34.06659,-118.22688,WGS84,PM2.5 - Local Conditions,24-HR BLK AVG,PM25 24-hour 2012,06-01-2023,Micrograms/cubic meter (LC),,1,100,9.8,9.8,0,52.0,170,Met One BAM-1020 Mass Monitor w/VSCC - Beta Attenuation,Los Angeles-North Main Street,"1630 N MAIN ST, LOS ANGELES",California,Los Angeles,Los Angeles,"Los Angeles-Long Beach-Anaheim, CA",21-05-2024,pm25
6,37,1103,88101,3,34.06659,-118.22688,WGS84,PM2.5 - Local Conditions,24-HR BLK AVG,PM25 24-hour 2012,07-01-2023,Micrograms/cubic meter (LC),,1,100,10.5,10.5,0,54.0,170,Met One BAM-1020 Mass Monitor w/VSCC - Beta Attenuation,Los Angeles-North Main Street,"1630 N MAIN ST, LOS ANGELES",California,Los Angeles,Los Angeles,"Los Angeles-Long Beach-Anaheim, CA",21-05-2024,pm25
6,37,1103,88101,3,34.06659,-118.22688,WGS84,PM2.5 - Local Conditions,24-HR BLK AVG,PM25 24-hour 2012,08-01-2023,Micrograms/cubic meter (LC),,1,100,16.1,16.1,0,64.0,170,Met One BAM-1020 Mass Monitor w/VSCC - Beta Attenuation,Los Angeles-North Main Street,"1630 N MAIN ST, LOS ANGELES",California,Los Angeles,Los Angeles,"Los Angeles-Long Beach-Anaheim, CA",21-05-2024,pm25
6,37,1103,88101,3,34.06659,-118.22688,WGS84,PM2.5 - Local Conditions,24-HR BLK AVG,PM25 24-hour 2012,09-01-2023,Micrograms/cubic meter (LC),,1,100,7.8,7.8,0,43.0,170,Met One BAM-1020 Mass Monitor w/VSCC - Beta Attenuation,Los Angeles-North Main Street,"1630 N MAIN ST, LOS ANGELES",California,Los Angeles,Los Angeles,"Los Angeles-Long Beach-Anaheim, CA",21-05-2024,pm25
6,37,1103,88101,3,34.06659,-118.22688,WGS84,PM2.5 - Local Conditions,24-HR BLK AVG,PM25 24-hour 2012,10-01-2023,Micrograms/cubic meter (LC),,1,100,5.4,5.4,0,30.0,170,Met One BAM-1020 Mass Monitor w/VSCC - Beta Attenuation,Los Angeles-North Main Street,"1630 N MAIN ST, LOS ANGELES",California,Los Angeles,Los Angeles,"Los Angeles-Long Beach-Anaheim, CA",21-05-2024,pm25
6,37,1103,88101,3,34.06659,-118.22688,WGS84,PM2.5 - Local Conditions,24-HR BLK AVG,PM25 24-hour 2012,11-01-2023,Micrograms/cubic meter (LC),,1,100,10.6,10.6,0,54.0,170,Met One BAM-1020 Mass Monitor w/VSCC - Beta Attenuation,Los Angeles-North Main Street,"1630 N MAIN ST, LOS ANGELES",California,Los Angeles,Los Angeles,"Los Angeles-Long Beach-Anaheim, CA",21-05-2024,pm25
6,37,1103,88101,3,34.06659,-118.22688,WGS84,PM2.5 - Local Conditions,24-HR BLK AVG,PM25 24-hour 2012,12-01-2023,Micrograms/cubic meter (LC),,1,100,8.1,8.1,0,45.0,170,Met One BAM-1020 Mass Monitor w/VSCC - Beta Attenuation,Los Angeles-North Main Street,"1630 N MAIN ST, LOS ANGELES",California,Los Angeles,Los Angeles,"Los Angeles-Long Beach-Anaheim, CA",21-05-2024,pm25
6,37,1103,88101,3,34.06659,-118.22688,WGS84,PM2.5 - Local Conditions,24-HR BLK AVG,PM25 24-hour 2012,13-01-2023,Micrograms/cubic meter (LC),,1,100,10.0,10.0,0,53.0,170,Met One BAM-1020 Mass Monitor w/VSCC - Beta Attenuation,Los Angeles-North Main Street,"1630 N MAIN ST, LOS ANGELES",California,Los Angeles,Los Angeles,"Los Angeles-Long Beach-Anaheim, CA",21-05-2024,pm25
6,37,1103,88101,3,34.06659,-118.22688,WGS84,PM2.5 - Local Conditions,24-HR BLK AVG,PM25 24-hour 2012,14-01-2023,Micrograms/cubic meter (LC),,1,100,10.7,10.7,0,54.0,170,Met One BAM-1020 Mass Monitor w/VSCC - Beta Attenuation,Los Angeles-North Main Street,"1630 N MAIN ST, LOS ANGELES",California,Los Angeles,Los Angeles,"Los Angeles-Long Beach-Anaheim, CA",21-05-2024,pm25
6,37,1103,88101,3,34.06659,-118.22688,WGS84,PM2.5 - Local Conditions,24-HR BLK AVG,PM25 24-hour 2012,15-01-2023,Micrograms/cubic meter (LC),,1,100,5.9,5.9,0,33.0,170,Met One BAM-1020 Mass Monitor w/VSCC - Beta Attenuation,Los Angeles-North Main Street,"1630 N MAIN ST, LOS ANGELES",California,Los Angeles,Los Angeles,"Los Angeles-Long Beach-Anaheim, CA",21-05-2024,pm25
6,37,1103,88101,3,34.06659,-118.22688,WGS84,PM2.5 - Local Conditions,24-HR BLK AVG,PM25 24-hour 2012,16-01-2023,Micrograms/cubic meter (LC),,1,100,3.8,3.8,0,21.0,170,Met One BAM-1020 Mass Monitor w/VSCC - Beta Attenuation,Los Angeles-North Main Street,"1630 N MAIN ST, LOS ANGELES",California,Los Angeles,Los Angeles,"Los Angeles-Long Beach-Anaheim, CA",21-05-2024,pm25
6,37,1103,88101,3,34.06659,-118.22688,WGS84,PM2.5 - Local Conditions,24-HR BLK AVG,PM25 24-hour 2012,17-01-2023,Micrograms/cubic meter (LC),,1,100,5.6,5.6,0,31.0,170,Met One BAM-1020 Mass Monitor w/VSCC - Beta Attenuation,Los Angeles-North Main Street,"1630 N MAIN ST, LOS ANGELES",California,Los Angeles,Los Angeles,"Los Angeles-Long Beach-Anaheim, CA",21-05-2024,pm25
6,37,1103,88101,3,34.06659,-118.22688,WGS84,PM2.5 - Local Conditions,24-HR BLK AVG,PM25 24-hour 2012,18-01-2023,Micrograms/cubic meter (LC),,1,100,8.0,8.0,0,44.0,170,Met One BAM-1020 Mass Monitor w/VSCC - Beta Attenuation,Los Angeles-North Main Street,"1630 N MAIN ST, LOS ANGELES",California,Los Angeles,Los Angeles,"Los Angeles-Long Beach-Anaheim, CA",21-05-2024,pm25
6,37,1103,88101,3,34.06659,-118.22688,WGS84,PM2.5 - Local Conditions,24-HR BLK AVG,PM25 24-hour 2012,19-01-2023,Micrograms/cubic meter (LC),,1,100,9.4,9.4,0,52.0,170,Met One BAM-1020 Mass Monitor w/VSCC - Beta Attenuation,Los Angeles-North Main Street,"1630 N MAIN ST, LOS ANGELES",California,Los Angeles,Los Angeles,"Los Angeles-Long Beach-Anaheim, CA",21-05-2024,pm25
6,37,1103,88101,3,34.06659,-118.22688,WGS84,PM2.5 - Local Conditions,24-HR BLK AVG,PM25 24-hour 2012,20-01-2023,Micrograms/cubic meter (LC),,1,100,9.9,9.9,0,52.0,170,Met One BAM-1020 Mass Monitor w/VSCC - Beta Attenuation,Los Angeles-North Main Street,"1630 N MAIN ST, LOS ANGELES",California,Los Angeles,Los Angeles,"Los Angeles-Long Beach-Anaheim, CA",21-05-2024,pm25
6,37,1103,88101,3,34.06659,-118.22688,WGS84,PM2.5 - Local Conditions,24-HR BLK AVG,PM25 24-hour 2012,21-01-2023,Micrograms/cubic meter (LC),,1,100,11.0,11.0,0,55.0,170,Met One BAM-1020 Mass Monitor w/VSCC - Beta Attenuation,Los Angeles-North Main Street,"1630 N MAIN ST, LOS ANGELES",California,Los Angeles,Los Angeles,"Los Angeles-Long Beach-Anaheim, CA",21-05-2024,pm25
6,37,1103,88101,3,34.06659,-118.22688,WGS84,PM2.5 - Local Conditions,24-HR BLK AVG,PM25 24-hour 2012,22-01-2023,Micrograms/cubic meter (LC),,1,100,13.4,13.4,0,59.0,170,Met One BAM-1020 Mass Monitor w/VSCC - Beta Attenuation,Los Angeles-North Main Street,"1630 N MAIN ST, LOS ANGELES",California,Los Angeles,Los Angeles,"Los Angeles-Long Beach-Anaheim, CA",21-05-2024,pm25
6,37,1103,88101,3,34.06659,-118.22688,WGS84,PM2.5 - Local Conditions,24-HR BLK AVG,PM25 24-hour 2012,23-01-2023,Micrograms/cubic meter (LC),,1,100,7.3,7.3,0,41.0,170,Met One BAM-1020 Mass Monitor w/VSCC - Beta Attenuation,Los Angeles-North Main Street,"1630 N MAIN ST, LOS ANGELES",California,Los Angeles,Los Angeles,"Los Angeles-Long Beach-Anaheim, CA",21-05-2024,pm25
6,37,1103,88101,3,34.06659,-118.22688,WGS84,PM2.5 - Local Conditions,24-HR BLK AVG,PM25 24-hour 2012,24-01-2023,Micrograms/cubic meter (LC),,1,100,9.4,9.4,0,52.0,170,Met One BAM-1020 Mass Monitor w/VSCC - Beta Attenuation,Los Angeles-North Main Street,"1630 N MAIN ST, LOS ANGELES",California,Los Angeles,Los Angeles,"Los Angeles-Long Beach-Anaheim, CA",21-05-2024,pm25
6,37,1103,88101,3,34.06659,-118.22688,WGS84,PM2.5 - Local Conditions,24-HR BLK AVG,PM25 24-hour 2012,25-01-2023,Micrograms/cubic meter (LC),,1,100,12.0,12.0,0,56.0,170,Met One BAM-1020 Mass Monitor w/VSCC - Beta Attenuation,Los Angeles-North Main Street,"1630 N MAIN ST, LOS ANGELES",California,Los Angeles,Los Angeles,"Los Angeles-Long Beach-Anaheim, CA",21-05-2024,pm25
6,37,1103,88101,3,34.06659,-118.22688,WGS84,PM2.5 - Local Conditions,24-HR BLK AVG,PM25 24-hour 2012,26-01-2023,Micrograms/cubic meter (LC),,1,100,10.5,10.5,0,54.0,170,Met One BAM-1020 Mass Monitor w/VSCC - Beta Attenuation,Los Angeles-North Main Street,"1630 N MAIN ST, LOS ANGELES",California,Los Angeles,Los Angeles,"Los Angeles-Long Beach-Anaheim, CA",21-05-2024,pm25
6,37,1103,88101,3,34.06659,-118.22688,WGS84,PM2.5 - Local Conditions,24-HR BLK AVG,PM25 24-hour 2012,27-01-2023,Micrograms/cubic meter (LC),,1,100,10.2,10.2,0,53.0,170,Met One BAM-1020 Mass Monitor w/VSCC - Beta Attenuation,Los Angeles-North Main Street,"1630 N MAIN ST, LOS ANGELES",California,Los Angeles,Los Angeles,"Los Angeles-Long Beach-Anaheim, CA",21-05-2024,pm25
6,37,1103,88101,3,34.06659,-118.22688,WGS84,PM2.5 - Local Conditions,24-HR BLK AVG,PM25 24-hour 2012,28-01-2023,Micrograms/cubic meter (LC),,1,100,13.8,13.8,0,60.0,170,Met One BAM-1020 Mass Monitor w/VSCC - Beta Attenuation,Los Angeles-North Main Street,"1630 N MAIN ST, LOS ANGELES",California,Los Angeles,Los Angeles,"Los Angeles-Long Beach-Anaheim, CA",21-05-2024,pm25
6,37,1103,88101,3,34.06659,-118.22688,WGS84,PM2.5 - Local Conditions,24-HR BLK AVG,PM25 24-hour 2012,29-01-2023,Micrograms/cubic meter (LC),,1,100,5.9,5.9,0,33.0,170,Met One BAM-1020 Mass Monitor w/VSCC - Beta Attenuation,Los Angeles-North Main Street,"1630 N MAIN ST, LOS ANGELES",California,Los Angeles,Los Angeles,"Los Angeles-Long Beach-Anaheim, CA",21-05-2024,pm25
6,37,1103,88101,3,34.06659,-118.22688,WGS84,PM2.5 - Local Conditions,24-HR BLK AVG,PM25 24-hour 2012,30-01-2023,Micrograms/cubic meter (LC),,1,100,5.4,5.4,0,30.0,170,Met One BAM-1020 Mass Monitor w/VSCC - Beta Attenuation,Los Angeles-North Main Street,"1630 N MAIN ST, LOS ANGELES",California,Los Angeles,Los Angeles,"Los Angeles-Long Beach-Anaheim, CA",21-05-2024,pm25
6,37,1103,88101,3,34.06659,-118.22688,WGS84,PM2.5 - Local Conditions,24-HR BLK AVG,PM25 24-hour 2012,31-01-2023,Micrograms/cubic meter (LC),,1,100,11.2,11.2,0,55.0,170,Met One BAM-1020 Mass Monitor w/VSCC - Beta Attenuation,Los Angeles-North Main Street,"1630 N MAIN ST, LOS ANGELES",California,Los Angeles,Los Angeles,"Los Angeles-Long Beach-Anaheim, CA",21-05-2024,pm25
6,37,1103,88101,3,34.06659,-118.22688,WGS84,PM2.5 - Local Conditions,24-HR BLK AVG,PM25 24-hour 2012,01-02-2023,Micrograms/cubic meter (LC),,1,100,10.2,10.2,0,53.0,170,Met One BAM-1020 Mass Monitor w/VSCC - Beta Attenuation,Los Angeles-North Main Street,"1630 N MAIN ST, LOS ANGELES",California,Los Angeles,Los Angeles,"Los Angeles-Long Beach-Anaheim, CA",21-05-2024,pm25
6,37,1103,88101,3,34.06659,-118.22688,WGS84,PM2.5 - Local Conditions,24-HR BLK AVG,PM25 24-hour 2012,02-02-2023,Micrograms/cubic meter (LC),,1,100,12.9,12.9,0,58.0,170,Met One BAM-1020 Mass Monitor w/VSCC - Beta Attenuation,Los Angeles-North Main Street,"1630 N MAIN ST, LOS ANGELES",California,Los Angeles,Los Angeles,"Los Angeles-Long Beach-Anaheim, CA",21-05-2024,pm25
6,37,1103,88101,3,34.06659,-118.22688,WGS84,PM2.5 - Local Conditions,24-HR BLK AVG,PM25 24-hour 2012,03-02-2023,Micrograms/cubic meter (LC),,1,100,10.0,10.0,0,53.0,170,Met One BAM-1020 Mass Monitor w/VSCC - Beta Attenuation,Los Angeles-North Main Street,"1630 N MAIN ST, LOS ANGELES",California,Los Angeles,Los Angeles,"Los Angeles-Long Beach-Anaheim, CA",21-05-2024,pm25
6,37,1103,88101,3,34.06659,-118.22688,WGS84,PM2.5 - Local Conditions,24-HR BLK AVG,PM25 24-hour 2012,04-02-2023,Micrograms/cubic meter (LC),,1,100,14.4,14.4,0,61.0,170,Met One BAM-1020 Mass Monitor w/VSCC - Beta Attenuation,Los Angeles-North Main Street,"1630 N MAIN ST, LOS ANGELES",California,Los Angeles,Los Angeles,"Los Angeles-Long Beach-Anaheim, CA",21-05-2024,pm25
6,37,1103,88101,3,34.06659,-118.22688,WGS84,PM2.5 - Local Conditions,24-HR BLK AVG,PM25 24-hour 2012,05-02-2023,Micrograms/cubic meter (LC),,1,100,14.4,14.4,0,61.0,170,Met One BAM-1020 Mass Monitor w/VSCC - Beta Attenuation,Los Angeles-North Main Street,"1630 N MAIN ST, LOS ANGELES",California,Los Angeles,Los Angeles,"Los Angeles-Long Beach-Anaheim, CA",21-05-2024,pm25
6,37,1103,88101,3,34.06659,-118.22688,WGS84,PM2.5 - Local Conditions,24-HR BLK AVG,PM25 24-hour 2012,06-02-2023,Micrograms/cubic meter (LC),,1,100,4.5,4.5,0,25.0,170,Met One BAM-1020 Mass Monitor w/VSCC - Beta Attenuation,Los Angeles-North Main Street,"1630 N MAIN ST, LOS ANGELES",California,Los Angeles,Los Angeles,"Los Angeles-Long Beach-Anaheim, CA",21-05-2024,pm25
6,37,1103,88101,3,34.06659,-118.22688,WGS84,PM2.5 - Local Conditions,24-HR BLK AVG,PM25 24-hour 2012,07-02-2023,Micrograms/cubic meter (LC),,1,100,8.2,8.2,0,46.0,170,Met One BAM-1020 Mass Monitor w/VSCC - Beta Attenuation,Los Angeles-North Main Street,"1630 N MAIN ST, LOS ANGELES",California,Los Angeles,Los Angeles,"Los Angeles-Long Beach-Anaheim, CA",21-05-2024,pm25
6,37,1103,88101,3,34.06659,-118.22688,WGS84,PM2.5 - Local Conditions,24-HR BLK AVG,PM25 24-hour 2012,08-02-2023,Micrograms/cubic meter (LC),,1,100,9.3,9.3,0,51.0,170,Met One BAM-1020 Mass Monitor w/VSCC - Beta Attenuation,Los Angeles-North Main Street,"1630 N MAIN ST, LOS ANGELES",California,Los Angeles,Los Angeles,"Los Angeles-Long Beach-Anaheim, CA",21-05-2024,pm25
6,37,1103,88101,3,34.06659,-118.22688,WGS84,PM2.5 - Local Conditions,24-HR BLK AVG,PM25 24-hour 2012,09-02-2023,Micrograms/cubic meter (LC),,1,100,10.9,10.9,0,54.0,170,Met One BAM-1020 Mass Monitor w/VSCC - Beta Attenuation,Los Angeles-North Main Street,"1630 N MAIN ST, LOS ANGELES",California,Los Angeles,Los Angeles,"Los Angeles-Long Beach-Anaheim, CA",21-05-2024,pm25
6,37,1103,88101,3,34.06659,-118.22688,WGS84,PM2.5 - Local Conditions,24-HR BLK AVG,PM25 24-hour 2012,10-02-2023,Micrograms/cubic meter (LC),,1,100,8.1,8.1,0,45.0,170,Met One BAM-1020 Mass Monitor w/VSCC - Beta Attenuation,Los Angeles-North Main Street,"1630 N MAIN ST, LOS ANGELES",California,Los Angeles,Los Angeles,"Los Angeles-Long Beach-Anaheim, CA",21-05-2024,pm25
6,37,1103,88101,3,34.06659,-118.22688,WGS84,PM2.5 - Local Conditions,24-HR BLK AVG,PM25 24-hour 2012,11-02-2023,Micrograms/cubic meter (LC),,1,100,10.9,10.9,0,54.0,170,Met One BAM-1020 Mass Monitor w/VSCC - Beta Attenuation,Los Angeles-North Main Street,"1630 N MAIN ST, LOS ANGELES",California,Los Angeles,Los Angeles,"Los Angeles-Long Beach-Anaheim, CA",21-05-2024,pm25
6,37,1103,88101,3,34.06659,-118.22688,WGS84,PM2.5 - Local Conditions,24-HR BLK AVG,PM25 24-hour 2012,12-02-2023,Micrograms/cubic meter (LC),,1,100,9.8,9.8,0,52.0,170,Met One BAM-1020 Mass Monitor w/VSCC - Beta Attenuation,Los Angeles-North Main Street,"1630 N MAIN ST, LOS ANGELES",California,Los Angeles,Los Angeles,"Los Angeles-Long Beach-Anaheim, CA",21-05-2024,pm25
6,37,1103,88101,3,34.06659,-118.22688,WGS84,PM2.5 - Local Conditions,24-HR BLK AVG,PM25 24-hour 2012,13-02-2023,Micrograms/cubic meter (LC),,1,100,9.3,9.3,0,51.0,170,Met One BAM-1020 Mass Monitor w/VSCC - Beta Attenuation,Los Angeles-North Main Street,"1630 N MAIN ST, LOS ANGELES",California,Los Angeles,Los Angeles,"Los Angeles-Long Beach-Anaheim, CA",21-05-2024,pm25
6,37,1103,88101,3,34.06659,-118.22688,WGS84,PM2.5 - Local Conditions,24-HR BLK AVG,PM25 24-hour 2012,14-02-2023,Micrograms/cubic meter (LC),,1,100,9.6,9.6,0,52.0,170,Met One BAM-1020 Mass Monitor w/VSCC - Beta Attenuation,Los Angeles-North Main Street,"1630 N MAIN ST, LOS ANGELES",California,Los Angeles,Los Angeles,"Los Angeles-Long Beach-Anaheim, CA",21-05-2024,pm25
6,37,1103,88101,3,34.06659,-118.22688,WGS84,PM2.5 - Local Conditions,24-HR BLK AVG,PM25 24-hour 2012,15-02-2023,Micrograms/cubic meter (LC),,1,100,7.1,7.1,0,39.0,170,Met One BAM-1020 Mass Monitor w/VSCC - Beta Attenuation,Los Angeles-North Main Street,"1630 N MAIN ST, LOS ANGELES",California,Los Angeles,Los Angeles,"Los Angeles-Long Beach-Anaheim, CA",21-05-2024,pm25
6,37,1103,88101,3,34.06659,-118.22688,WGS84,PM2.5 - Local Conditions,24-HR BLK AVG,PM25 24-hour 2012,16-02-2023,Micrograms/cubic meter (LC),,1,100,8.1,8.1,0,45.0,170,Met One BAM-1020 Mass Monitor w/VSCC - Beta Attenuation,Los Angeles-North Main Street,"1630 N MAIN ST, LOS ANGELES",California,Los Angeles,Los Angeles,"Los Angeles-Long Beach-Anaheim, CA",21-05-2024,pm25
6,37,1103,88101,3,34.06659,-118.22688,WGS84,PM2.5 - Local Conditions,24-HR BLK AVG,PM25 24-hour 2012,17-02-2023,Micrograms/cubic meter (LC),,1,100,9.4,9.4,0,52.0,170,Met One BAM-1020 Mass Monitor w/VSCC - Beta Attenuation,Los Angeles-North Main Street,"1630 N MAIN ST, LOS ANGELES",California,Los Angeles,Los Angeles,"Los Angeles-Long Beach-Anaheim, CA",21-05-2024,pm25
6,37,1103,88101,3,34.06659,-118.22688,WGS84,PM2.5 - Local Conditions,24-HR BLK AVG,PM25 24-hour 2012,18-02-2023,Micrograms/cubic meter (LC),,1,100,12.5,12.5,0,57.0,170,Met One BAM-1020 Mass Monitor w/VSCC - Beta Attenuation,Los Angeles-North Main Street,"1630 N MAIN ST, LOS ANGELES",California,Los Angeles,Los Angeles,"Los Angeles-Long Beach-Anaheim, CA",21-05-2024,pm25
6,37,1103,88101,3,34.06659,-118.22688,WGS84,PM2.5 - Local Conditions,24-HR BLK AVG,PM25 24-hour 2012,19-02-2023,Micrograms/cubic meter (LC),,1,100,15.6,15.6,0,63.0,170,Met One BAM-1020 Mass Monitor w/VSCC - Beta Attenuation,Los Angeles-North Main Street,"1630 N MAIN ST, LOS ANGELES",California,Los Angeles,Los Angeles,"Los Angeles-Long Beach-Anaheim, CA",21-05-2024,pm25
6,37,1103,88101,3,34.06659,-118.22688,WGS84,PM2.5 - Local Conditions,24-HR BLK AVG,PM25 24-hour 2012,20-02-2023,Micrograms/cubic meter (LC),,1,100,13.6,13.6,0,59.0,170,Met One BAM-1020 Mass Monitor w/VSCC - Beta Attenuation,Los Angeles-North Main Street,"1630 N MAIN ST, LOS ANGELES",California,Los Angeles,Los Angeles,"Los Angeles-Long Beach-Anaheim, CA",21-05-2024,pm25
6,37,1103,88101,3,34.06659,-118.22688,WGS84,PM2.5 - Local Conditions,24-HR BLK AVG,PM25 24-hour 2012,21-02-2023,Micrograms/cubic meter (LC),,1,100,15.3,15.3,0,63.0,170,Met One BAM-1020 Mass Monitor w/VSCC - Beta Attenuation,Los Angeles-North Main Street,"1630 N MAIN ST, LOS ANGELES",California,Los Angeles,Los Angeles,"Los Angeles-Long Beach-Anaheim, CA",21-05-2024,pm25
6,37,1103,88101,3,34.06659,-118.22688,WGS84,PM2.5 - Local Conditions,24-HR BLK AVG,PM25 24-hour 2012,22-02-2023,Micrograms/cubic meter (LC),,1,100,8.5,8.5,0,47.0,170,Met One BAM-1020 Mass Monitor w/VSCC - Beta Attenuation,Los Angeles-North Main Street,"1630 N MAIN ST, LOS ANGELES",California,Los Angeles,Los Angeles,"Los Angeles-Long Beach-Anaheim, CA",21-05-2024,pm25
6,37,1103,88101,3,34.06659,-118.22688,WGS84,PM2.5 - Local Conditions,24-HR BLK AVG,PM25 24-hour 2012,23-02-2023,Micrograms/cubic meter (LC),,1,100,6.0,6.0,0,33.0,170,Met One BAM-1020 Mass Monitor w/VSCC - Beta Attenuation,Los Angeles-North Main Street,"1630 N MAIN ST, LOS ANGELES",California,Los Angeles,Los Angeles,"Los Angeles-Long Beach-Anaheim, CA",21-05-2024,pm25
6,37,1103,88101,3,34.06659,-118.22688,WGS84,PM2.5 - Local Conditions,24-HR BLK AVG,PM25 24-hour 2012,24-02-2023,Micrograms/cubic meter (LC),,1,100,6.2,6.2,0,34.0,170,Met One BAM-1020 Mass Monitor w/VSCC - Beta Attenuation,Los Angeles-North Main Street,"1630 N MAIN ST, LOS ANGELES",California,Los Angeles,Los Angeles,"Los Angeles-Long Beach-Anaheim, CA",21-05-2024,pm25
6,37,1103,88101,3,34.06659,-118.22688,WGS84,PM2.5 - Local Conditions,24-HR BLK AVG,PM25 24-hour 2012,25-02-2023,Micrograms/cubic meter (LC),,1,100,4.4,4.4,0,24.0,170,Met One BAM-1020 Mass Monitor w/VSCC - Beta Attenuation,Los Angeles-North Main Street,"1630 N MAIN ST, LOS ANGELES",California,Los Angeles,Los Angeles,"Los Angeles-Long Beach-Anaheim, CA",21-05-2024,pm25
6,37,1103,88101,3,34.06659,-118.22688,WGS84,PM2.5 - Local Conditions,24-HR BLK AVG,PM25 24-hour 2012,26-02-2023,Micrograms/cubic meter (LC),,1,100,9.1,9.1,0,51.0,170,Met One BAM-1020 Mass Monitor w/VSCC - Beta Attenuation,Los Angeles-North Main Street,"1630 N MAIN ST, LOS ANGELES",California,Los Angeles,Los Angeles,"Los Angeles-Long Beach-Anaheim, CA",21-05-2024,pm25
6,37,1103,88101,3,34.06659,-118.22688,WGS84,PM2.5 - Local Conditions,24-HR BLK AVG,PM25 24-hour 2012,27-02-2023,Micrograms/cubic meter (LC),,1,100,8.8,8.8,0,49.0,170,Met One BAM-1020 Mass Monitor w/VSCC - Beta Attenuation,Los Angeles-North Main Street,"1630 N MAIN ST, LOS ANGELES",California,Los Angeles,Los Angeles,"Los Angeles-Long Beach-Anaheim, CA",21-05-2024,pm25
6,37,1103,88101,3,34.06659,-118.22688,WGS84,PM2.5 - Local Conditions,24-HR BLK AVG,PM25 24-hour 2012,28-02-2023,Micrograms/cubic meter (LC),,1,100,6.2,6.2,0,34.0,170,Met One BAM-1020 Mass Monitor w/VSCC - Beta Attenuation,Los Angeles-North Main Street,"1630 N MAIN ST, LOS ANGELES",California,Los Angeles,Los Angeles,"Los Angeles-Long Beach-Anaheim, CA",21-05-2024,pm25
6,37,1103,88101,3,34.06659,-118.22688,WGS84,PM2.5 - Local Conditions,24-HR BLK AVG,PM25 24-hour 2012,01-03-2023,Micrograms/cubic meter (LC),,1,100,5.2,5.2,0,29.0,170,Met One BAM-1020 Mass Monitor w/VSCC - Beta Attenuation,Los Angeles-North Main Street,"1630 N MAIN ST, LOS ANGELES",California,Los Angeles,Los Angeles,"Los Angeles-Long Beach-Anaheim, CA",21-05-2024,pm25
6,37,1103,88101,3,34.06659,-118.22688,WGS84,PM2.5 - Local Conditions,24-HR BLK AVG,PM25 24-hour 2012,02-03-2023,Micrograms/cubic meter (LC),,1,100,8.2,8.2,0,46.0,170,Met One BAM-1020 Mass Monitor w/VSCC - Beta Attenuation,Los Angeles-North Main Street,"1630 N MAIN ST, LOS ANGELES",California,Los Angeles,Los Angeles,"Los Angeles-Long Beach-Anaheim, CA",21-05-2024,pm25
6,37,1103,88101,3,34.06659,-118.22688,WGS84,PM2.5 - Local Conditions,24-HR BLK AVG,PM25 24-hour 2012,03-03-2023,Micrograms/cubic meter (LC),,1,100,13.6,13.6,0,59.0,170,Met One BAM-1020 Mass Monitor w/VSCC - Beta Attenuation,Los Angeles-North Main Street,"1630 N MAIN ST, LOS ANGELES",California,Los Angeles,Los Angeles,"Los Angeles-Long Beach-Anaheim, CA",21-05-2024,pm25
6,37,1103,88101,3,34.06659,-118.22688,WGS84,PM2.5 - Local Conditions,24-HR BLK AVG,PM25 24-hour 2012,04-03-2023,Micrograms/cubic meter (LC),,1,100,13.7,13.7,0,60.0,170,Met One BAM-1020 Mass Monitor w/VSCC - Beta Attenuation,Los Angeles-North Main Street,"1630 N MAIN ST, LOS ANGELES",California,Los Angeles,Los Angeles,"Los Angeles-Long Beach-Anaheim, CA",21-05-2024,pm25
6,37,1103,88101,3,34.06659,-118.22688,WGS84,PM2.5 - Local Conditions,24-HR BLK AVG,PM25 24-hour 2012,05-03-2023,Micrograms/cubic meter (LC),,1,100,10.9,10.9,0,54.0,170,Met One BAM-1020 Mass Monitor w/VSCC - Beta Attenuation,Los Angeles-North Main Street,"1630 N MAIN ST, LOS ANGELES",California,Los Angeles,Los Angeles,"Los Angeles-Long Beach-Anaheim, CA",21-05-2024,pm25
6,37,1103,88101,3,34.06659,-118.22688,WGS84,PM2.5 - Local Conditions,24-HR BLK AVG,PM25 24-hour 2012,06-03-2023,Micrograms/cubic meter (LC),,1,100,6.0,6.0,0,33.0,170,Met One BAM-1020 Mass Monitor w/VSCC - Beta Attenuation,Los Angeles-North Main Street,"1630 N MAIN ST, LOS ANGELES",California,Los Angeles,Los Angeles,"Los Angeles-Long Beach-Anaheim, CA",21-05-2024,pm25
6,37,1103,88101,3,34.06659,-118.22688,WGS84,PM2.5 - Local Conditions,24-HR BLK AVG,PM25 24-hour 2012,07-03-2023,Micrograms/cubic meter (LC),,1,100,9.6,9.6,0,52.0,170,Met One BAM-1020 Mass Monitor w/VSCC - Beta Attenuation,Los Angeles-North Main Street,"1630 N MAIN ST, LOS ANGELES",California,Los Angeles,Los Angeles,"Los Angeles-Long Beach-Anaheim, CA",21-05-2024,pm25
6,37,1103,88101,3,34.06659,-118.22688,WGS84,PM2.5 - Local Conditions,24-HR BLK AVG,PM25 24-hour 2012,08-03-2023,Micrograms/cubic meter (LC),,1,100,10.7,10.7,0,54.0,170,Met One BAM-1020 Mass Monitor w/VSCC - Beta Attenuation,Los Angeles-North Main Street,"1630 N MAIN ST, LOS ANGELES",California,Los Angeles,Los Angeles,"Los Angeles-Long Beach-Anaheim, CA",21-05-2024,pm25
6,37,1103,88101,3,34.06659,-118.22688,WGS84,PM2.5 - Local Conditions,24-HR BLK AVG,PM25 24-hour 2012,09-03-2023,Micrograms/cubic meter (LC),,1,100,12.3,12.3,0,57.0,170,Met One BAM-1020 Mass Monitor w/VSCC - Beta Attenuation,Los Angeles-North Main Street,"1630 N MAIN ST, LOS ANGELES",California,Los Angeles,Los Angeles,"Los Angeles-Long Beach-Anaheim, CA",21-05-2024,pm25
6,37,1103,88101,3,34.06659,-118.22688,WGS84,PM2.5 - Local Conditions,24-HR BLK AVG,PM25 24-hour 2012,10-03-2023,Micrograms/cubic meter (LC),,1,100,7.5,7.5,0,42.0,170,Met One BAM-1020 Mass Monitor w/VSCC - Beta Attenuation,Los Angeles-North Main Street,"1630 N MAIN ST, LOS ANGELES",California,Los Angeles,Los Angeles,"Los Angeles-Long Beach-Anaheim, CA",21-05-2024,pm25
6,37,1103,88101,3,34.06659,-118.22688,WGS84,PM2.5 - Local Conditions,24-HR BLK AVG,PM25 24-hour 2012,11-03-2023,Micrograms/cubic meter (LC),,1,100,6.5,6.5,0,36.0,170,Met One BAM-1020 Mass Monitor w/VSCC - Beta Attenuation,Los Angeles-North Main Street,"1630 N MAIN ST, LOS ANGELES",California,Los Angeles,Los Angeles,"Los Angeles-Long Beach-Anaheim, CA",21-05-2024,pm25
6,37,1103,88101,3,34.06659,-118.22688,WGS84,PM2.5 - Local Conditions,24-HR BLK AVG,PM25 24-hour 2012,12-03-2023,Micrograms/cubic meter (LC),,1,100,6.7,6.7,0,37.0,170,Met One BAM-1020 Mass Monitor w/VSCC - Beta Attenuation,Los Angeles-North Main Street,"1630 N MAIN ST, LOS ANGELES",California,Los Angeles,Los Angeles,"Los Angeles-Long Beach-Anaheim, CA",21-05-2024,pm25
6,37,1103,88101,3,34.06659,-118.22688,WGS84,PM2.5 - Local Conditions,24-HR BLK AVG,PM25 24-hour 2012,13-03-2023,Micrograms/cubic meter (LC),,1,100,9.6,9.6,0,52.0,170,Met One BAM-1020 Mass Monitor w/VSCC - Beta Attenuation,Los Angeles-North Main Street,"1630 N MAIN ST, LOS ANGELES",California,Los Angeles,Los Angeles,"Los Angeles-Long Beach-Anaheim, CA",21-05-2024,pm25
6,37,1103,88101,3,34.06659,-118.22688,WGS84,PM2.5 - Local Conditions,24-HR BLK AVG,PM25 24-hour 2012,14-03-2023,Micrograms/cubic meter (LC),,1,100,12.2,12.2,0,57.0,170,Met One BAM-1020 Mass Monitor w/VSCC - Beta Attenuation,Los Angeles-North Main Street,"1630 N MAIN ST, LOS ANGELES",California,Los Angeles,Los Angeles,"Los Angeles-Long Beach-Anaheim, CA",21-05-2024,pm25
6,37,1103,88101,3,34.06659,-118.22688,WGS84,PM2.5 - Local Conditions,24-HR BLK AVG,PM25 24-hour 2012,15-03-2023,Micrograms/cubic meter (LC),,1,100,7.2,7.2,0,40.0,170,Met One BAM-1020 Mass Monitor w/VSCC - Beta Attenuation,Los Angeles-North Main Street,"1630 N MAIN ST, LOS ANGELES",California,Los Angeles,Los Angeles,"Los Angeles-Long Beach-Anaheim, CA",21-05-2024,pm25
6,37,1103,88101,3,34.06659,-118.22688,WGS84,PM2.5 - Local Conditions,24-HR BLK AVG,PM25 24-hour 2012,16-03-2023,Micrograms/cubic meter (LC),,1,100,10.1,10.1,0,53.0,170,Met One BAM-1020 Mass Monitor w/VSCC - Beta Attenuation,Los Angeles-North Main Street,"1630 N MAIN ST, LOS ANGELES",California,Los Angeles,Los Angeles,"Los Angeles-Long Beach-Anaheim, CA",21-05-2024,pm25
6,37,1103,88101,3,34.06659,-118.22688,WGS84,PM2.5 - Local Conditions,24-HR BLK AVG,PM25 24-hour 2012,17-03-2023,Micrograms/cubic meter (LC),,1,100,16.3,16.3,0,64.0,170,Met One BAM-1020 Mass Monitor w/VSCC - Beta Attenuation,Los Angeles-North Main Street,"1630 N MAIN ST, LOS ANGELES",California,Los Angeles,Los Angeles,"Los Angeles-Long Beach-Anaheim, CA",21-05-2024,pm25
6,37,1103,88101,3,34.06659,-118.22688,WGS84,PM2.5 - Local Conditions,24-HR BLK AVG,PM25 24-hour 2012,18-03-2023,Micrograms/cubic meter (LC),,1,100,11.7,11.7,0,56.0,170,Met One BAM-1020 Mass Monitor w/VSCC - Beta Attenuation,Los Angeles-North Main Street,"1630 N MAIN ST, LOS ANGELES",California,Los Angeles,Los Angeles,"Los Angeles-Long Beach-Anaheim, CA",21-05-2024,pm25
6,37,1103,88101,3,34.06659,-118.22688,WGS84,PM2.5 - Local Conditions,24-HR BLK AVG,PM25 24-hour 2012,19-03-2023,Micrograms/cubic meter (LC),,1,100,11.5,11.5,0,55.0,170,Met One BAM-1020 Mass Monitor w/VSCC - Beta Attenuation,Los Angeles-North Main Street,"1630 N MAIN ST, LOS ANGELES",California,Los Angeles,Los Angeles,"Los Angeles-Long Beach-Anaheim, CA",21-05-2024,pm25
6,37,1103,88101,3,34.06659,-118.22688,WGS84,PM2.5 - Local Conditions,24-HR BLK AVG,PM25 24-hour 2012,20-03-2023,Micrograms/cubic meter (LC),,1,100,6.3,6.3,0,35.0,170,Met One BAM-1020 Mass Monitor w/VSCC - Beta Attenuation,Los Angeles-North Main Street,"1630 N MAIN ST, LOS ANGELES",California,Los Angeles,Los Angeles,"Los Angeles-Long Beach-Anaheim, CA",21-05-2024,pm25
6,37,1103,88101,3,34.06659,-118.22688,WGS84,PM2.5 - Local Conditions,24-HR BLK AVG,PM25 24-hour 2012,21-03-2023,Micrograms/cubic meter (LC),,1,100,7.2,7.2,0,40.0,170,Met One BAM-1020 Mass Monitor w/VSCC - Beta Attenuation,Los Angeles-North Main Street,"1630 N MAIN ST, LOS ANGELES",California,Los Angeles,Los Angeles,"Los Angeles-Long Beach-Anaheim, CA",21-05-2024,pm25
6,37,1103,88101,3,34.06659,-118.22688,WGS84,PM2.5 - Local Conditions,24-HR BLK AVG,PM25 24-hour 2012,22-03-2023,Micrograms/cubic meter (LC),,1,100,7.0,7.0,0,39.0,170,Met One BAM-1020 Mass Monitor w/VSCC - Beta Attenuation,Los Angeles-North Main Street,"1630 N MAIN ST, LOS ANGELES",California,Los Angeles,Los Angeles,"Los Angeles-Long Beach-Anaheim, CA",21-05-2024,pm25
6,37,1103,88101,3,34.06659,-118.22688,WGS84,PM2.5 - Local Conditions,24-HR BLK AVG,PM25 24-hour 2012,23-03-2023,Micrograms/cubic meter (LC),,1,100,7.5,7.5,0,42.0,170,Met One BAM-1020 Mass Monitor w/VSCC - Beta Attenuation,Los Angeles-North Main Street,"1630 N MAIN ST, LOS ANGELES",California,Los Angeles,Los Angeles,"Los Angeles-Long Beach-Anaheim, CA",21-05-2024,pm25
6,37,1103,88101,3,34.06659,-118.22688,WGS84,PM2.5 - Local Conditions,24-HR BLK AVG,PM25 24-hour 2012,24-03-2023,Micrograms/cubic meter (LC),,1,100,6.2,6.2,0,34.0,170,Met One BAM-1020 Mass Monitor w/VSCC - Beta Attenuation,Los Angeles-North Main Street,"1630 N MAIN ST, LOS ANGELES",California,Los Angeles,Los Angeles,"Los Angeles-Long Beach-Anaheim, CA",21-05-2024,pm25
6,37,1103,88101,3,34.06659,-118.22688,WGS84,PM2.5 - Local Conditions,24-HR BLK AVG,PM25 24-hour 2012,25-03-2023,Micrograms/cubic meter (LC),,1,100,9.0,9.0,0,50.0,170,Met One BAM-1020 Mass Monitor w/VSCC - Beta Attenuation,Los Angeles-North Main Street,"1630 N MAIN ST, LOS ANGELES",California,Los Angeles,Los Angeles,"Los Angeles-Long Beach-Anaheim, CA",21-05-2024,pm25
6,37,1103,88101,3,34.06659,-118.22688,WGS84,PM2.5 - Local Conditions,24-HR BLK AVG,PM25 24-hour 2012,26-03-2023,Micrograms/cubic meter (LC),,1,100,8.0,8.0,0,44.0,170,Met One BAM-1020 Mass Monitor w/VSCC - Beta Attenuation,Los Angeles-North Main Street,"1630 N MAIN ST, LOS ANGELES",California,Los Angeles,Los Angeles,"Los Angeles-Long Beach-Anaheim, CA",21-05-2024,pm25
6,37,1103,88101,3,34.06659,-118.22688,WGS84,PM2.5 - Local Conditions,24-HR BLK AVG,PM25 24-hour 2012,27-03-2023,Micrograms/cubic meter (LC),,1,100,10.7,10.7,0,54.0,170,Met One BAM-1020 Mass Monitor w/VSCC - Beta Attenuation,Los Angeles-North Main Street,"1630 N MAIN ST, LOS ANGELES",California,Los Angeles,Los Angeles,"Los Angeles-Long Beach-Anaheim, CA",21-05-2024,pm25
6,37,1103,88101,3,34.06659,-118.22688,WGS84,PM2.5 - Local Conditions,24-HR BLK AVG,PM25 24-hour 2012,28-03-2023,Micrograms/cubic meter (LC),,1,100,9.6,9.6,0,52.0,170,Met One BAM-1020 Mass Monitor w/VSCC - Beta Attenuation,Los Angeles-North Main Street,"1630 N MAIN ST, LOS ANGELES",California,Los Angeles,Los Angeles,"Los Angeles-Long Beach-Anaheim, CA",21-05-2024,pm25
6,37,1103,88101,3,34.06659,-118.22688,WGS84,PM2.5 - Local Conditions,24-HR BLK AVG,PM25 24-hour 2012,29-03-2023,Micrograms/cubic meter (LC),,1,100,7.2,7.2,0,40.0,170,Met One BAM-1020 Mass Monitor w/VSCC - Beta Attenuation,Los Angeles-North Main Street,"1630 N MAIN ST, LOS ANGELES",California,Los Angeles,Los Angeles,"Los Angeles-Long Beach-Anaheim, CA",21-05-2024,pm25
6,37,1103,88101,3,34.06659,-118.22688,WGS84,PM2.5 - Local Conditions,24-HR BLK AVG,PM25 24-hour 2012,30-03-2023,Micrograms/cubic meter (LC),,1,100,6.8,6.8,0,38.0,170,Met One BAM-1020 Mass Monitor w/VSCC - Beta Attenuation,Los Angeles-North Main Street,"1630 N MAIN ST, LOS ANGELES",California,Los Angeles,Los Angeles,"Los Angeles-Long Beach-Anaheim, CA",21-05-2024,pm25
6,37,1103,88101,3,34.06659,-118.22688,WGS84,PM2.5 - Local Conditions,24-HR BLK AVG,PM25 24-hour 2012,31-03-2023,Micrograms/cubic meter (LC),,1,100,10.0,10.0,0,53.0,170,Met One BAM-1020 Mass Monitor w/VSCC - Beta Attenuation,Los Angeles-North Main Street,"1630 N MAIN ST, LOS ANGELES",California,Los Angeles,Los Angeles,"Los Angeles-Long Beach-Anaheim, CA",21-05-2024,pm25
6,37,1103,88101,3,34.06659,-118.22688,WGS84,PM2.5 - Local Conditions,24-HR BLK AVG,PM25 24-hour 2012,01-04-2023,Micrograms/cubic meter (LC),,1,100,11.1,11.1,0,55.0,170,Met One BAM-1020 Mass Monitor w/VSCC - Beta Attenuation,Los Angeles-North Main Street,"1630 N MAIN ST, LOS ANGELES",California,Los Angeles,Los Angeles,"Los Angeles-Long Beach-Anaheim, CA",21-05-2024,pm25
6,37,1103,88101,3,34.06659,-118.22688,WGS84,PM2.5 - Local Conditions,24-HR BLK AVG,PM25 24-hour 2012,02-04-2023,Micrograms/cubic meter (LC),,1,100,13.2,13.2,0,59.0,170,Met One BAM-1020 Mass Monitor w/VSCC - Beta Attenuation,Los Angeles-North Main Street,"1630 N MAIN ST, LOS ANGELES",California,Los Angeles,Los Angeles,"Los Angeles-Long Beach-Anaheim, CA",21-05-2024,pm25
6,37,1103,88101,3,34.06659,-118.22688,WGS84,PM2.5 - Local Conditions,24-HR BLK AVG,PM25 24-hour 2012,03-04-2023,Micrograms/cubic meter (LC),,1,100,6.5,6.5,0,36.0,170,Met One BAM-1020 Mass Monitor w/VSCC - Beta Attenuation,Los Angeles-North Main Street,"1630 N MAIN ST, LOS ANGELES",California,Los Angeles,Los Angeles,"Los Angeles-Long Beach-Anaheim, CA",21-05-2024,pm25
6,37,1103,88101,3,34.06659,-118.22688,WGS84,PM2.5 - Local Conditions,24-HR BLK AVG,PM25 24-hour 2012,04-04-2023,Micrograms/cubic meter (LC),,1,100,5.0,5.0,0,28.0,170,Met One BAM-1020 Mass Monitor w/VSCC - Beta Attenuation,Los Angeles-North Main Street,"1630 N MAIN ST, LOS ANGELES",California,Los Angeles,Los Angeles,"Los Angeles-Long Beach-Anaheim, CA",21-05-2024,pm25
6,37,1103,88101,3,34.06659,-118.22688,WGS84,PM2.5 - Local Conditions,24-HR BLK AVG,PM25 24-hour 2012,05-04-2023,Micrograms/cubic meter (LC),,1,100,9.5,9.5,0,52.0,170,Met One BAM-1020 Mass Monitor w/VSCC - Beta Attenuation,Los Angeles-North Main Street,"1630 N MAIN ST, LOS ANGELES",California,Los Angeles,Los Angeles,"Los Angeles-Long Beach-Anaheim, CA",21-05-2024,pm25
6,37,1103,88101,3,34.06659,-118.22688,WGS84,PM2.5 - Local Conditions,24-HR BLK AVG,PM25 24-hour 2012,06-04-2023,Micrograms/cubic meter (LC),,1,100,9.6,9.6,0,52.0,170,Met One BAM-1020 Mass Monitor w/VSCC - Beta Attenuation,Los Angeles-North Main Street,"1630 N MAIN ST, LOS ANGELES",California,Los Angeles,Los Angeles,"Los Angeles-Long Beach-Anaheim, CA",21-05-2024,pm25
6,37,1103,88101,3,34.06659,-118.22688,WGS84,PM2.5 - Local Conditions,24-HR BLK AVG,PM25 24-hour 2012,07-04-2023,Micrograms/cubic meter (LC),,1,100,12.9,12.9,0,58.0,170,Met One BAM-1020 Mass Monitor w/VSCC - Beta Attenuation,Los Angeles-North Main Street,"1630 N MAIN ST, LOS ANGELES",California,Los Angeles,Los Angeles,"Los Angeles-Long Beach-Anaheim, CA",21-05-2024,pm25
6,37,1103,88101,3,34.06659,-118.22688,WGS84,PM2.5 - Local Conditions,24-HR BLK AVG,PM25 24-hour 2012,08-04-2023,Micrograms/cubic meter (LC),,1,100,11.4,11.4,0,55.0,170,Met One BAM-1020 Mass Monitor w/VSCC - Beta Attenuation,Los Angeles-North Main Street,"1630 N MAIN ST, LOS ANGELES",California,Los Angeles,Los Angeles,"Los Angeles-Long Beach-Anaheim, CA",21-05-2024,pm25
6,37,1103,88101,3,34.06659,-118.22688,WGS84,PM2.5 - Local Conditions,24-HR BLK AVG,PM25 24-hour 2012,09-04-2023,Micrograms/cubic meter (LC),,1,100,17.3,17.3,0,66.0,170,Met One BAM-1020 Mass Monitor w/VSCC - Beta Attenuation,Los Angeles-North Main Street,"1630 N MAIN ST, LOS ANGELES",California,Los Angeles,Los Angeles,"Los Angeles-Long Beach-Anaheim, CA",21-05-2024,pm25
6,37,1103,88101,3,34.06659,-118.22688,WGS84,PM2.5 - Local Conditions,24-HR BLK AVG,PM25 24-hour 2012,10-04-2023,Micrograms/cubic meter (LC),,1,100,24.5,24.5,0,80.0,170,Met One BAM-1020 Mass Monitor w/VSCC - Beta Attenuation,Los Angeles-North Main Street,"1630 N MAIN ST, LOS ANGELES",California,Los Angeles,Los Angeles,"Los Angeles-Long Beach-Anaheim, CA",21-05-2024,pm25
6,37,1103,88101,3,34.06659,-118.22688,WGS84,PM2.5 - Local Conditions,24-HR BLK AVG,PM25 24-hour 2012,11-04-2023,Micrograms/cubic meter (LC),,1,100,29.4,29.4,0,89.0,170,Met One BAM-1020 Mass Monitor w/VSCC - Beta Attenuation,Los Angeles-North Main Street,"1630 N MAIN ST, LOS ANGELES",California,Los Angeles,Los Angeles,"Los Angeles-Long Beach-Anaheim, CA",21-05-2024,pm25
6,37,1103,88101,3,34.06659,-118.22688,WGS84,PM2.5 - Local Conditions,24-HR BLK AVG,PM25 24-hour 2012,12-04-2023,Micrograms/cubic meter (LC),,1,100,11.2,11.2,0,55.0,170,Met One BAM-1020 Mass Monitor w/VSCC - Beta Attenuation,Los Angeles-North Main Street,"1630 N MAIN ST, LOS ANGELES",California,Los Angeles,Los Angeles,"Los Angeles-Long Beach-Anaheim, CA",21-05-2024,pm25
6,37,1103,88101,3,34.06659,-118.22688,WGS84,PM2.5 - Local Conditions,24-HR BLK AVG,PM25 24-hour 2012,13-04-2023,Micrograms/cubic meter (LC),,1,100,11.6,11.6,0,56.0,170,Met One BAM-1020 Mass Monitor w/VSCC - Beta Attenuation,Los Angeles-North Main Street,"1630 N MAIN ST, LOS ANGELES",California,Los Angeles,Los Angeles,"Los Angeles-Long Beach-Anaheim, CA",21-05-2024,pm25
6,37,1103,88101,3,34.06659,-118.22688,WGS84,PM2.5 - Local Conditions,24-HR BLK AVG,PM25 24-hour 2012,14-04-2023,Micrograms/cubic meter (LC),,1,100,12.8,12.8,0,58.0,170,Met One BAM-1020 Mass Monitor w/VSCC - Beta Attenuation,Los Angeles-North Main Street,"1630 N MAIN ST, LOS ANGELES",California,Los Angeles,Los Angeles,"Los Angeles-Long Beach-Anaheim, CA",21-05-2024,pm25
6,37,1103,88101,3,34.06659,-118.22688,WGS84,PM2.5 - Local Conditions,24-HR BLK AVG,PM25 24-hour 2012,15-04-2023,Micrograms/cubic meter (LC),,1,100,14.0,14.0,0,60.0,170,Met One BAM-1020 Mass Monitor w/VSCC - Beta Attenuation,Los Angeles-North Main Street,"1630 N MAIN ST, LOS ANGELES",California,Los Angeles,Los Angeles,"Los Angeles-Long Beach-Anaheim, CA",21-05-2024,pm25
6,37,1103,88101,3,34.06659,-118.22688,WGS84,PM2.5 - Local Conditions,24-HR BLK AVG,PM25 24-hour 2012,16-04-2023,Micrograms/cubic meter (LC),,1,100,13.9,13.9,0,60.0,170,Met One BAM-1020 Mass Monitor w/VSCC - Beta Attenuation,Los Angeles-North Main Street,"1630 N MAIN ST, LOS ANGELES",California,Los Angeles,Los Angeles,"Los Angeles-Long Beach-Anaheim, CA",21-05-2024,pm25
6,37,1103,88101,3,34.06659,-118.22688,WGS84,PM2.5 - Local Conditions,24-HR BLK AVG,PM25 24-hour 2012,17-04-2023,Micrograms/cubic meter (LC),,1,100,18.4,18.4,0,68.0,170,Met One BAM-1020 Mass Monitor w/VSCC - Beta Attenuation,Los Angeles-North Main Street,"1630 N MAIN ST, LOS ANGELES",California,Los Angeles,Los Angeles,"Los Angeles-Long Beach-Anaheim, CA",21-05-2024,pm25
6,37,1103,88101,3,34.06659,-118.22688,WGS84,PM2.5 - Local Conditions,24-HR BLK AVG,PM25 24-hour 2012,22-04-2023,Micrograms/cubic meter (LC),,1,100,16.1,16.1,0,64.0,170,Met One BAM-1020 Mass Monitor w/VSCC - Beta Attenuation,Los Angeles-North Main Street,"1630 N MAIN ST, LOS ANGELES",California,Los Angeles,Los Angeles,"Los Angeles-Long Beach-Anaheim, CA",21-05-2024,pm25
6,37,1103,88101,3,34.06659,-118.22688,WGS84,PM2.5 - Local Conditions,24-HR BLK AVG,PM25 24-hour 2012,23-04-2023,Micrograms/cubic meter (LC),,1,100,15.6,15.6,0,63.0,170,Met One BAM-1020 Mass Monitor w/VSCC - Beta Attenuation,Los Angeles-North Main Street,"1630 N MAIN ST, LOS ANGELES",California,Los Angeles,Los Angeles,"Los Angeles-Long Beach-Anaheim, CA",21-05-2024,pm25
6,37,1103,88101,3,34.06659,-118.22688,WGS84,PM2.5 - Local Conditions,24-HR BLK AVG,PM25 24-hour 2012,24-04-2023,Micrograms/cubic meter (LC),,1,100,17.5,17.5,0,67.0,170,Met One BAM-1020 Mass Monitor w/VSCC - Beta Attenuation,Los Angeles-North Main Street,"1630 N MAIN ST, LOS ANGELES",California,Los Angeles,Los Angeles,"Los Angeles-Long Beach-Anaheim, CA",21-05-2024,pm25
6,37,1103,88101,3,34.06659,-118.22688,WGS84,PM2.5 - Local Conditions,24-HR BLK AVG,PM25 24-hour 2012,25-04-2023,Micrograms/cubic meter (LC),,1,100,14.7,14.7,0,61.0,170,Met One BAM-1020 Mass Monitor w/VSCC - Beta Attenuation,Los Angeles-North Main Street,"1630 N MAIN ST, LOS ANGELES",California,Los Angeles,Los Angeles,"Los Angeles-Long Beach-Anaheim, CA",21-05-2024,pm25
6,37,1103,88101,3,34.06659,-118.22688,WGS84,PM2.5 - Local Conditions,24-HR BLK AVG,PM25 24-hour 2012,26-04-2023,Micrograms/cubic meter (LC),,1,100,18.0,18.0,0,68.0,170,Met One BAM-1020 Mass Monitor w/VSCC - Beta Attenuation,Los Angeles-North Main Street,"1630 N MAIN ST, LOS ANGELES",California,Los Angeles,Los Angeles,"Los Angeles-Long Beach-Anaheim, CA",21-05-2024,pm25
6,37,1103,88101,3,34.06659,-118.22688,WGS84,PM2.5 - Local Conditions,24-HR BLK AVG,PM25 24-hour 2012,27-04-2023,Micrograms/cubic meter (LC),,1,100,25.9,25.9,0,82.0,170,Met One BAM-1020 Mass Monitor w/VSCC - Beta Attenuation,Los Angeles-North Main Street,"1630 N MAIN ST, LOS ANGELES",California,Los Angeles,Los Angeles,"Los Angeles-Long Beach-Anaheim, CA",21-05-2024,pm25
6,37,1103,88101,3,34.06659,-118.22688,WGS84,PM2.5 - Local Conditions,24-HR BLK AVG,PM25 24-hour 2012,28-04-2023,Micrograms/cubic meter (LC),,1,100,24.2,24.2,0,79.0,170,Met One BAM-1020 Mass Monitor w/VSCC - Beta Attenuation,Los Angeles-North Main Street,"1630 N MAIN ST, LOS ANGELES",California,Los Angeles,Los Angeles,"Los Angeles-Long Beach-Anaheim, CA",21-05-2024,pm25
6,37,1103,88101,3,34.06659,-118.22688,WGS84,PM2.5 - Local Conditions,24-HR BLK AVG,PM25 24-hour 2012,29-04-2023,Micrograms/cubic meter (LC),,1,100,22.1,22.1,0,75.0,170,Met One BAM-1020 Mass Monitor w/VSCC - Beta Attenuation,Los Angeles-North Main Street,"1630 N MAIN ST, LOS ANGELES",California,Los Angeles,Los Angeles,"Los Angeles-Long Beach-Anaheim, CA",21-05-2024,pm25
6,37,1103,88101,3,34.06659,-118.22688,WGS84,PM2.5 - Local Conditions,24-HR BLK AVG,PM25 24-hour 2012,30-04-2023,Micrograms/cubic meter (LC),,1,100,17.9,17.9,0,67.0,170,Met One BAM-1020 Mass Monitor w/VSCC - Beta Attenuation,Los Angeles-North Main Street,"1630 N MAIN ST, LOS ANGELES",California,Los Angeles,Los Angeles,"Los Angeles-Long Beach-Anaheim, CA",21-05-2024,pm25
6,37,1103,88101,3,34.06659,-118.22688,WGS84,PM2.5 - Local Conditions,24-HR BLK AVG,PM25 24-hour 2012,01-05-2023,Micrograms/cubic meter (LC),,1,100,6.2,6.2,0,34.0,170,Met One BAM-1020 Mass Monitor w/VSCC - Beta Attenuation,Los Angeles-North Main Street,"1630 N MAIN ST, LOS ANGELES",California,Los Angeles,Los Angeles,"Los Angeles-Long Beach-Anaheim, CA",21-05-2024,pm25
6,37,1103,88101,3,34.06659,-118.22688,WGS84,PM2.5 - Local Conditions,24-HR BLK AVG,PM25 24-hour 2012,02-05-2023,Micrograms/cubic meter (LC),,1,100,4.8,4.8,0,27.0,170,Met One BAM-1020 Mass Monitor w/VSCC - Beta Attenuation,Los Angeles-North Main Street,"1630 N MAIN ST, LOS ANGELES",California,Los Angeles,Los Angeles,"Los Angeles-Long Beach-Anaheim, CA",21-05-2024,pm25
6,37,1103,88101,3,34.06659,-118.22688,WGS84,PM2.5 - Local Conditions,24-HR BLK AVG,PM25 24-hour 2012,03-05-2023,Micrograms/cubic meter (LC),,1,100,5.4,5.4,0,30.0,170,Met One BAM-1020 Mass Monitor w/VSCC - Beta Attenuation,Los Angeles-North Main Street,"1630 N MAIN ST, LOS ANGELES",California,Los Angeles,Los Angeles,"Los Angeles-Long Beach-Anaheim, CA",21-05-2024,pm25
6,37,1103,88101,3,34.06659,-118.22688,WGS84,PM2.5 - Local Conditions,24-HR BLK AVG,PM25 24-hour 2012,04-05-2023,Micrograms/cubic meter (LC),,1,100,4.1,4.1,0,23.0,170,Met One BAM-1020 Mass Monitor w/VSCC - Beta Attenuation,Los Angeles-North Main Street,"1630 N MAIN ST, LOS ANGELES",California,Los Angeles,Los Angeles,"Los Angeles-Long Beach-Anaheim, CA",21-05-2024,pm25
6,37,1103,88101,3,34.06659,-118.22688,WGS84,PM2.5 - Local Conditions,24-HR BLK AVG,PM25 24-hour 2012,05-05-2023,Micrograms/cubic meter (LC),,1,100,6.1,6.1,0,34.0,170,Met One BAM-1020 Mass Monitor w/VSCC - Beta Attenuation,Los Angeles-North Main Street,"1630 N MAIN ST, LOS ANGELES",California,Los Angeles,Los Angeles,"Los Angeles-Long Beach-Anaheim, CA",21-05-2024,pm25
6,37,1103,88101,3,34.06659,-118.22688,WGS84,PM2.5 - Local Conditions,24-HR BLK AVG,PM25 24-hour 2012,06-05-2023,Micrograms/cubic meter (LC),,1,100,6.2,6.2,0,34.0,170,Met One BAM-1020 Mass Monitor w/VSCC - Beta Attenuation,Los Angeles-North Main Street,"1630 N MAIN ST, LOS ANGELES",California,Los Angeles,Los Angeles,"Los Angeles-Long Beach-Anaheim, CA",21-05-2024,pm25
6,37,1103,88101,3,34.06659,-118.22688,WGS84,PM2.5 - Local Conditions,24-HR BLK AVG,PM25 24-hour 2012,07-05-2023,Micrograms/cubic meter (LC),,1,100,7.4,7.4,0,41.0,170,Met One BAM-1020 Mass Monitor w/VSCC - Beta Attenuation,Los Angeles-North Main Street,"1630 N MAIN ST, LOS ANGELES",California,Los Angeles,Los Angeles,"Los Angeles-Long Beach-Anaheim, CA",21-05-2024,pm25
6,37,1103,88101,3,34.06659,-118.22688,WGS84,PM2.5 - Local Conditions,24-HR BLK AVG,PM25 24-hour 2012,08-05-2023,Micrograms/cubic meter (LC),,1,100,9.9,9.9,0,52.0,170,Met One BAM-1020 Mass Monitor w/VSCC - Beta Attenuation,Los Angeles-North Main Street,"1630 N MAIN ST, LOS ANGELES",California,Los Angeles,Los Angeles,"Los Angeles-Long Beach-Anaheim, CA",21-05-2024,pm25
6,37,1103,88101,3,34.06659,-118.22688,WGS84,PM2.5 - Local Conditions,24-HR BLK AVG,PM25 24-hour 2012,09-05-2023,Micrograms/cubic meter (LC),,1,100,10.4,10.4,0,53.0,170,Met One BAM-1020 Mass Monitor w/VSCC - Beta Attenuation,Los Angeles-North Main Street,"1630 N MAIN ST, LOS ANGELES",California,Los Angeles,Los Angeles,"Los Angeles-Long Beach-Anaheim, CA",21-05-2024,pm25
6,37,1103,88101,3,34.06659,-118.22688,WGS84,PM2.5 - Local Conditions,24-HR BLK AVG,PM25 24-hour 2012,10-05-2023,Micrograms/cubic meter (LC),,1,100,9.2,9.2,0,51.0,170,Met One BAM-1020 Mass Monitor w/VSCC - Beta Attenuation,Los Angeles-North Main Street,"1630 N MAIN ST, LOS ANGELES",California,Los Angeles,Los Angeles,"Los Angeles-Long Beach-Anaheim, CA",21-05-2024,pm25
6,37,1103,88101,3,34.06659,-118.22688,WGS84,PM2.5 - Local Conditions,24-HR BLK AVG,PM25 24-hour 2012,11-05-2023,Micrograms/cubic meter (LC),,1,100,10.3,10.3,0,53.0,170,Met One BAM-1020 Mass Monitor w/VSCC - Beta Attenuation,Los Angeles-North Main Street,"1630 N MAIN ST, LOS ANGELES",California,Los Angeles,Los Angeles,"Los Angeles-Long Beach-Anaheim, CA",21-05-2024,pm25
6,37,1103,88101,3,34.06659,-118.22688,WGS84,PM2.5 - Local Conditions,24-HR BLK AVG,PM25 24-hour 2012,12-05-2023,Micrograms/cubic meter (LC),,1,100,15.4,15.4,0,63.0,170,Met One BAM-1020 Mass Monitor w/VSCC - Beta Attenuation,Los Angeles-North Main Street,"1630 N MAIN ST, LOS ANGELES",California,Los Angeles,Los Angeles,"Los Angeles-Long Beach-Anaheim, CA",21-05-2024,pm25
6,37,1103,88101,3,34.06659,-118.22688,WGS84,PM2.5 - Local Conditions,24-HR BLK AVG,PM25 24-hour 2012,13-05-2023,Micrograms/cubic meter (LC),,1,100,20.6,20.6,0,72.0,170,Met One BAM-1020 Mass Monitor w/VSCC - Beta Attenuation,Los Angeles-North Main Street,"1630 N MAIN ST, LOS ANGELES",California,Los Angeles,Los Angeles,"Los Angeles-Long Beach-Anaheim, CA",21-05-2024,pm25
6,37,1103,88101,3,34.06659,-118.22688,WGS84,PM2.5 - Local Conditions,24-HR BLK AVG,PM25 24-hour 2012,14-05-2023,Micrograms/cubic meter (LC),,1,100,16.3,16.3,0,64.0,170,Met One BAM-1020 Mass Monitor w/VSCC - Beta Attenuation,Los Angeles-North Main Street,"1630 N MAIN ST, LOS ANGELES",California,Los Angeles,Los Angeles,"Los Angeles-Long Beach-Anaheim, CA",21-05-2024,pm25
6,37,1103,88101,3,34.06659,-118.22688,WGS84,PM2.5 - Local Conditions,24-HR BLK AVG,PM25 24-hour 2012,15-05-2023,Micrograms/cubic meter (LC),,1,100,21.3,21.3,0,74.0,170,Met One BAM-1020 Mass Monitor w/VSCC - Beta Attenuation,Los Angeles-North Main Street,"1630 N MAIN ST, LOS ANGELES",California,Los Angeles,Los Angeles,"Los Angeles-Long Beach-Anaheim, CA",21-05-2024,pm25
6,37,1103,88101,3,34.06659,-118.22688,WGS84,PM2.5 - Local Conditions,24-HR BLK AVG,PM25 24-hour 2012,16-05-2023,Micrograms/cubic meter (LC),,1,100,12.3,12.3,0,57.0,170,Met One BAM-1020 Mass Monitor w/VSCC - Beta Attenuation,Los Angeles-North Main Street,"1630 N MAIN ST, LOS ANGELES",California,Los Angeles,Los Angeles,"Los Angeles-Long Beach-Anaheim, CA",21-05-2024,pm25
6,37,1103,88101,3,34.06659,-118.22688,WGS84,PM2.5 - Local Conditions,24-HR BLK AVG,PM25 24-hour 2012,17-05-2023,Micrograms/cubic meter (LC),,1,100,15.1,15.1,0,62.0,170,Met One BAM-1020 Mass Monitor w/VSCC - Beta Attenuation,Los Angeles-North Main Street,"1630 N MAIN ST, LOS ANGELES",California,Los Angeles,Los Angeles,"Los Angeles-Long Beach-Anaheim, CA",21-05-2024,pm25
6,37,1103,88101,3,34.06659,-118.22688,WGS84,PM2.5 - Local Conditions,24-HR BLK AVG,PM25 24-hour 2012,18-05-2023,Micrograms/cubic meter (LC),,1,100,16.8,16.8,0,65.0,170,Met One BAM-1020 Mass Monitor w/VSCC - Beta Attenuation,Los Angeles-North Main Street,"1630 N MAIN ST, LOS ANGELES",California,Los Angeles,Los Angeles,"Los Angeles-Long Beach-Anaheim, CA",21-05-2024,pm25
6,37,1103,88101,3,34.06659,-118.22688,WGS84,PM2.5 - Local Conditions,24-HR BLK AVG,PM25 24-hour 2012,19-05-2023,Micrograms/cubic meter (LC),,1,100,18.3,18.3,0,68.0,170,Met One BAM-1020 Mass Monitor w/VSCC - Beta Attenuation,Los Angeles-North Main Street,"1630 N MAIN ST, LOS ANGELES",California,Los Angeles,Los Angeles,"Los Angeles-Long Beach-Anaheim, CA",21-05-2024,pm25
6,37,1103,88101,3,34.06659,-118.22688,WGS84,PM2.5 - Local Conditions,24-HR BLK AVG,PM25 24-hour 2012,20-05-2023,Micrograms/cubic meter (LC),,1,100,17.6,17.6,0,67.0,170,Met One BAM-1020 Mass Monitor w/VSCC - Beta Attenuation,Los Angeles-North Main Street,"1630 N MAIN ST, LOS ANGELES",California,Los Angeles,Los Angeles,"Los Angeles-Long Beach-Anaheim, CA",21-05-2024,pm25
6,37,1103,88101,3,34.06659,-118.22688,WGS84,PM2.5 - Local Conditions,24-HR BLK AVG,PM25 24-hour 2012,21-05-2023,Micrograms/cubic meter (LC),,1,100,17.2,17.2,0,66.0,170,Met One BAM-1020 Mass Monitor w/VSCC - Beta Attenuation,Los Angeles-North Main Street,"1630 N MAIN ST, LOS ANGELES",California,Los Angeles,Los Angeles,"Los Angeles-Long Beach-Anaheim, CA",21-05-2024,pm25
6,37,1103,88101,3,34.06659,-118.22688,WGS84,PM2.5 - Local Conditions,24-HR BLK AVG,PM25 24-hour 2012,22-05-2023,Micrograms/cubic meter (LC),,1,100,14.7,14.7,0,61.0,170,Met One BAM-1020 Mass Monitor w/VSCC - Beta Attenuation,Los Angeles-North Main Street,"1630 N MAIN ST, LOS ANGELES",California,Los Angeles,Los Angeles,"Los Angeles-Long Beach-Anaheim, CA",21-05-2024,pm25
6,37,1103,88101,3,34.06659,-118.22688,WGS84,PM2.5 - Local Conditions,24-HR BLK AVG,PM25 24-hour 2012,23-05-2023,Micrograms/cubic meter (LC),,1,100,9.0,9.0,0,50.0,170,Met One BAM-1020 Mass Monitor w/VSCC - Beta Attenuation,Los Angeles-North Main Street,"1630 N MAIN ST, LOS ANGELES",California,Los Angeles,Los Angeles,"Los Angeles-Long Beach-Anaheim, CA",21-05-2024,pm25
6,37,1103,88101,3,34.06659,-118.22688,WGS84,PM2.5 - Local Conditions,24-HR BLK AVG,PM25 24-hour 2012,24-05-2023,Micrograms/cubic meter (LC),,1,100,8.9,8.9,0,49.0,170,Met One BAM-1020 Mass Monitor w/VSCC - Beta Attenuation,Los Angeles-North Main Street,"1630 N MAIN ST, LOS ANGELES",California,Los Angeles,Los Angeles,"Los Angeles-Long Beach-Anaheim, CA",21-05-2024,pm25
6,37,1103,88101,3,34.06659,-118.22688,WGS84,PM2.5 - Local Conditions,24-HR BLK AVG,PM25 24-hour 2012,25-05-2023,Micrograms/cubic meter (LC),,1,100,7.8,7.8,0,43.0,170,Met One BAM-1020 Mass Monitor w/VSCC - Beta Attenuation,Los Angeles-North Main Street,"1630 N MAIN ST, LOS ANGELES",California,Los Angeles,Los Angeles,"Los Angeles-Long Beach-Anaheim, CA",21-05-2024,pm25
6,37,1103,88101,3,34.06659,-118.22688,WGS84,PM2.5 - Local Conditions,24-HR BLK AVG,PM25 24-hour 2012,26-05-2023,Micrograms/cubic meter (LC),,1,100,7.3,7.3,0,41.0,170,Met One BAM-1020 Mass Monitor w/VSCC - Beta Attenuation,Los Angeles-North Main Street,"1630 N MAIN ST, LOS ANGELES",California,Los Angeles,Los Angeles,"Los Angeles-Long Beach-Anaheim, CA",21-05-2024,pm25
6,37,1103,88101,3,34.06659,-118.22688,WGS84,PM2.5 - Local Conditions,24-HR BLK AVG,PM25 24-hour 2012,27-05-2023,Micrograms/cubic meter (LC),,1,100,8.1,8.1,0,45.0,170,Met One BAM-1020 Mass Monitor w/VSCC - Beta Attenuation,Los Angeles-North Main Street,"1630 N MAIN ST, LOS ANGELES",California,Los Angeles,Los Angeles,"Los Angeles-Long Beach-Anaheim, CA",21-05-2024,pm25
6,37,1103,88101,3,34.06659,-118.22688,WGS84,PM2.5 - Local Conditions,24-HR BLK AVG,PM25 24-hour 2012,28-05-2023,Micrograms/cubic meter (LC),,1,100,9.1,9.1,0,51.0,170,Met One BAM-1020 Mass Monitor w/VSCC - Beta Attenuation,Los Angeles-North Main Street,"1630 N MAIN ST, LOS ANGELES",California,Los Angeles,Los Angeles,"Los Angeles-Long Beach-Anaheim, CA",21-05-2024,pm25
6,37,1103,88101,3,34.06659,-118.22688,WGS84,PM2.5 - Local Conditions,24-HR BLK AVG,PM25 24-hour 2012,29-05-2023,Micrograms/cubic meter (LC),,1,100,7.5,7.5,0,42.0,170,Met One BAM-1020 Mass Monitor w/VSCC - Beta Attenuation,Los Angeles-North Main Street,"1630 N MAIN ST, LOS ANGELES",California,Los Angeles,Los Angeles,"Los Angeles-Long Beach-Anaheim, CA",21-05-2024,pm25
6,37,1103,88101,3,34.06659,-118.22688,WGS84,PM2.5 - Local Conditions,24-HR BLK AVG,PM25 24-hour 2012,30-05-2023,Micrograms/cubic meter (LC),,1,100,5.9,5.9,0,33.0,170,Met One BAM-1020 Mass Monitor w/VSCC - Beta Attenuation,Los Angeles-North Main Street,"1630 N MAIN ST, LOS ANGELES",California,Los Angeles,Los Angeles,"Los Angeles-Long Beach-Anaheim, CA",21-05-2024,pm25
6,37,1103,88101,3,34.06659,-118.22688,WGS84,PM2.5 - Local Conditions,24-HR BLK AVG,PM25 24-hour 2012,31-05-2023,Micrograms/cubic meter (LC),,1,100,5.5,5.5,0,31.0,170,Met One BAM-1020 Mass Monitor w/VSCC - Beta Attenuation,Los Angeles-North Main Street,"1630 N MAIN ST, LOS ANGELES",California,Los Angeles,Los Angeles,"Los Angeles-Long Beach-Anaheim, CA",21-05-2024,pm25
6,37,1103,88101,3,34.06659,-118.22688,WGS84,PM2.5 - Local Conditions,24-HR BLK AVG,PM25 24-hour 2012,01-06-2023,Micrograms/cubic meter (LC),,1,100,8.1,8.1,0,45.0,170,Met One BAM-1020 Mass Monitor w/VSCC - Beta Attenuation,Los Angeles-North Main Street,"1630 N MAIN ST, LOS ANGELES",California,Los Angeles,Los Angeles,"Los Angeles-Long Beach-Anaheim, CA",21-05-2024,pm25
6,37,1103,88101,3,34.06659,-118.22688,WGS84,PM2.5 - Local Conditions,24-HR BLK AVG,PM25 24-hour 2012,02-06-2023,Micrograms/cubic meter (LC),,1,100,10.8,10.8,0,54.0,170,Met One BAM-1020 Mass Monitor w/VSCC - Beta Attenuation,Los Angeles-North Main Street,"1630 N MAIN ST, LOS ANGELES",California,Los Angeles,Los Angeles,"Los Angeles-Long Beach-Anaheim, CA",21-05-2024,pm25
6,37,1103,88101,3,34.06659,-118.22688,WGS84,PM2.5 - Local Conditions,24-HR BLK AVG,PM25 24-hour 2012,03-06-2023,Micrograms/cubic meter (LC),,1,100,13.8,13.8,0,60.0,170,Met One BAM-1020 Mass Monitor w/VSCC - Beta Attenuation,Los Angeles-North Main Street,"1630 N MAIN ST, LOS ANGELES",California,Los Angeles,Los Angeles,"Los Angeles-Long Beach-Anaheim, CA",21-05-2024,pm25
6,37,1103,88101,3,34.06659,-118.22688,WGS84,PM2.5 - Local Conditions,24-HR BLK AVG,PM25 24-hour 2012,04-06-2023,Micrograms/cubic meter (LC),,1,100,16.6,16.6,0,65.0,170,Met One BAM-1020 Mass Monitor w/VSCC - Beta Attenuation,Los Angeles-North Main Street,"1630 N MAIN ST, LOS ANGELES",California,Los Angeles,Los Angeles,"Los Angeles-Long Beach-Anaheim, CA",21-05-2024,pm25
6,37,1103,88101,3,34.06659,-118.22688,WGS84,PM2.5 - Local Conditions,24-HR BLK AVG,PM25 24-hour 2012,05-06-2023,Micrograms/cubic meter (LC),,1,100,10.1,10.1,0,53.0,170,Met One BAM-1020 Mass Monitor w/VSCC - Beta Attenuation,Los Angeles-North Main Street,"1630 N MAIN ST, LOS ANGELES",California,Los Angeles,Los Angeles,"Los Angeles-Long Beach-Anaheim, CA",21-05-2024,pm25
6,37,1103,88101,3,34.06659,-118.22688,WGS84,PM2.5 - Local Conditions,24-HR BLK AVG,PM25 24-hour 2012,06-06-2023,Micrograms/cubic meter (LC),,1,100,8.0,8.0,0,44.0,170,Met One BAM-1020 Mass Monitor w/VSCC - Beta Attenuation,Los Angeles-North Main Street,"1630 N MAIN ST, LOS ANGELES",California,Los Angeles,Los Angeles,"Los Angeles-Long Beach-Anaheim, CA",21-05-2024,pm25
6,37,1103,88101,3,34.06659,-118.22688,WGS84,PM2.5 - Local Conditions,24-HR BLK AVG,PM25 24-hour 2012,07-06-2023,Micrograms/cubic meter (LC),,1,100,6.8,6.8,0,38.0,170,Met One BAM-1020 Mass Monitor w/VSCC - Beta Attenuation,Los Angeles-North Main Street,"1630 N MAIN ST, LOS ANGELES",California,Los Angeles,Los Angeles,"Los Angeles-Long Beach-Anaheim, CA",21-05-2024,pm25
6,37,1103,88101,3,34.06659,-118.22688,WGS84,PM2.5 - Local Conditions,24-HR BLK AVG,PM25 24-hour 2012,08-06-2023,Micrograms/cubic meter (LC),,1,100,6.8,6.8,0,38.0,170,Met One BAM-1020 Mass Monitor w/VSCC - Beta Attenuation,Los Angeles-North Main Street,"1630 N MAIN ST, LOS ANGELES",California,Los Angeles,Los Angeles,"Los Angeles-Long Beach-Anaheim, CA",21-05-2024,pm25
6,37,1103,88101,3,34.06659,-118.22688,WGS84,PM2.5 - Local Conditions,24-HR BLK AVG,PM25 24-hour 2012,09-06-2023,Micrograms/cubic meter (LC),,1,100,9.5,9.5,0,52.0,170,Met One BAM-1020 Mass Monitor w/VSCC - Beta Attenuation,Los Angeles-North Main Street,"1630 N MAIN ST, LOS ANGELES",California,Los Angeles,Los Angeles,"Los Angeles-Long Beach-Anaheim, CA",21-05-2024,pm25
6,37,1103,88101,3,34.06659,-118.22688,WGS84,PM2.5 - Local Conditions,24-HR BLK AVG,PM25 24-hour 2012,10-06-2023,Micrograms/cubic meter (LC),,1,100,10.3,10.3,0,53.0,170,Met One BAM-1020 Mass Monitor w/VSCC - Beta Attenuation,Los Angeles-North Main Street,"1630 N MAIN ST, LOS ANGELES",California,Los Angeles,Los Angeles,"Los Angeles-Long Beach-Anaheim, CA",21-05-2024,pm25
6,37,1103,88101,3,34.06659,-118.22688,WGS84,PM2.5 - Local Conditions,24-HR BLK AVG,PM25 24-hour 2012,11-06-2023,Micrograms/cubic meter (LC),,1,100,4.6,4.6,0,26.0,170,Met One BAM-1020 Mass Monitor w/VSCC - Beta Attenuation,Los Angeles-North Main Street,"1630 N MAIN ST, LOS ANGELES",California,Los Angeles,Los Angeles,"Los Angeles-Long Beach-Anaheim, CA",21-05-2024,pm25
6,37,1103,88101,3,34.06659,-118.22688,WGS84,PM2.5 - Local Conditions,24-HR BLK AVG,PM25 24-hour 2012,12-06-2023,Micrograms/cubic meter (LC),,1,100,5.1,5.1,0,28.0,170,Met One BAM-1020 Mass Monitor w/VSCC - Beta Attenuation,Los Angeles-North Main Street,"1630 N MAIN ST, LOS ANGELES",California,Los Angeles,Los Angeles,"Los Angeles-Long Beach-Anaheim, CA",21-05-2024,pm25
6,37,1103,88101,3,34.06659,-118.22688,WGS84,PM2.5 - Local Conditions,24-HR BLK AVG,PM25 24-hour 2012,13-06-2023,Micrograms/cubic meter (LC),,1,100,6.1,6.1,0,34.0,170,Met One BAM-1020 Mass Monitor w/VSCC - Beta Attenuation,Los Angeles-North Main Street,"1630 N MAIN ST, LOS ANGELES",California,Los Angeles,Los Angeles,"Los Angeles-Long Beach-Anaheim, CA",21-05-2024,pm25
6,37,1103,88101,3,34.06659,-118.22688,WGS84,PM2.5 - Local Conditions,24-HR BLK AVG,PM25 24-hour 2012,14-06-2023,Micrograms/cubic meter (LC),,1,100,11.1,11.1,0,55.0,170,Met One BAM-1020 Mass Monitor w/VSCC - Beta Attenuation,Los Angeles-North Main Street,"1630 N MAIN ST, LOS ANGELES",California,Los Angeles,Los Angeles,"Los Angeles-Long Beach-Anaheim, CA",21-05-2024,pm25
6,37,1103,88101,3,34.06659,-118.22688,WGS84,PM2.5 - Local Conditions,24-HR BLK AVG,PM25 24-hour 2012,15-06-2023,Micrograms/cubic meter (LC),,1,100,6.9,6.9,0,38.0,170,Met One BAM-1020 Mass Monitor w/VSCC - Beta Attenuation,Los Angeles-North Main Street,"1630 N MAIN ST, LOS ANGELES",California,Los Angeles,Los Angeles,"Los Angeles-Long Beach-Anaheim, CA",21-05-2024,pm25
6,37,1103,88101,3,34.06659,-118.22688,WGS84,PM2.5 - Local Conditions,24-HR BLK AVG,PM25 24-hour 2012,16-06-2023,Micrograms/cubic meter (LC),,1,100,10.8,10.8,0,54.0,170,Met One BAM-1020 Mass Monitor w/VSCC - Beta Attenuation,Los Angeles-North Main Street,"1630 N MAIN ST, LOS ANGELES",California,Los Angeles,Los Angeles,"Los Angeles-Long Beach-Anaheim, CA",21-05-2024,pm25
6,37,1103,88101,3,34.06659,-118.22688,WGS84,PM2.5 - Local Conditions,24-HR BLK AVG,PM25 24-hour 2012,17-06-2023,Micrograms/cubic meter (LC),,1,100,13.0,13.0,0,58.0,170,Met One BAM-1020 Mass Monitor w/VSCC - Beta Attenuation,Los Angeles-North Main Street,"1630 N MAIN ST, LOS ANGELES",California,Los Angeles,Los Angeles,"Los Angeles-Long Beach-Anaheim, CA",21-05-2024,pm25
6,37,1103,88101,3,34.06659,-118.22688,WGS84,PM2.5 - Local Conditions,24-HR BLK AVG,PM25 24-hour 2012,18-06-2023,Micrograms/cubic meter (LC),,1,100,13.8,13.8,0,60.0,170,Met One BAM-1020 Mass Monitor w/VSCC - Beta Attenuation,Los Angeles-North Main Street,"1630 N MAIN ST, LOS ANGELES",California,Los Angeles,Los Angeles,"Los Angeles-Long Beach-Anaheim, CA",21-05-2024,pm25
6,37,1103,88101,3,34.06659,-118.22688,WGS84,PM2.5 - Local Conditions,24-HR BLK AVG,PM25 24-hour 2012,19-06-2023,Micrograms/cubic meter (LC),,1,100,10.0,10.0,0,53.0,170,Met One BAM-1020 Mass Monitor w/VSCC - Beta Attenuation,Los Angeles-North Main Street,"1630 N MAIN ST, LOS ANGELES",California,Los Angeles,Los Angeles,"Los Angeles-Long Beach-Anaheim, CA",21-05-2024,pm25
6,37,1103,88101,3,34.06659,-118.22688,WGS84,PM2.5 - Local Conditions,24-HR BLK AVG,PM25 24-hour 2012,20-06-2023,Micrograms/cubic meter (LC),,1,100,13.1,13.1,0,58.0,170,Met One BAM-1020 Mass Monitor w/VSCC - Beta Attenuation,Los Angeles-North Main Street,"1630 N MAIN ST, LOS ANGELES",California,Los Angeles,Los Angeles,"Los Angeles-Long Beach-Anaheim, CA",21-05-2024,pm25
6,37,1103,88101,3,34.06659,-118.22688,WGS84,PM2.5 - Local Conditions,24-HR BLK AVG,PM25 24-hour 2012,21-06-2023,Micrograms/cubic meter (LC),,1,100,13.7,13.7,0,60.0,170,Met One BAM-1020 Mass Monitor w/VSCC - Beta Attenuation,Los Angeles-North Main Street,"1630 N MAIN ST, LOS ANGELES",California,Los Angeles,Los Angeles,"Los Angeles-Long Beach-Anaheim, CA",21-05-2024,pm25
6,37,1103,88101,3,34.06659,-118.22688,WGS84,PM2.5 - Local Conditions,24-HR BLK AVG,PM25 24-hour 2012,22-06-2023,Micrograms/cubic meter (LC),,1,100,13.3,13.3,0,59.0,170,Met One BAM-1020 Mass Monitor w/VSCC - Beta Attenuation,Los Angeles-North Main Street,"1630 N MAIN ST, LOS ANGELES",California,Los Angeles,Los Angeles,"Los Angeles-Long Beach-Anaheim, CA",21-05-2024,pm25
6,37,1103,88101,3,34.06659,-118.22688,WGS84,PM2.5 - Local Conditions,24-HR BLK AVG,PM25 24-hour 2012,23-06-2023,Micrograms/cubic meter (LC),,1,100,10.7,10.7,0,54.0,170,Met One BAM-1020 Mass Monitor w/VSCC - Beta Attenuation,Los Angeles-North Main Street,"1630 N MAIN ST, LOS ANGELES",California,Los Angeles,Los Angeles,"Los Angeles-Long Beach-Anaheim, CA",21-05-2024,pm25
6,37,1103,88101,3,34.06659,-118.22688,WGS84,PM2.5 - Local Conditions,24-HR BLK AVG,PM25 24-hour 2012,24-06-2023,Micrograms/cubic meter (LC),,1,100,11.2,11.2,0,55.0,170,Met One BAM-1020 Mass Monitor w/VSCC - Beta Attenuation,Los Angeles-North Main Street,"1630 N MAIN ST, LOS ANGELES",California,Los Angeles,Los Angeles,"Los Angeles-Long Beach-Anaheim, CA",21-05-2024,pm25
6,37,1103,88101,3,34.06659,-118.22688,WGS84,PM2.5 - Local Conditions,24-HR BLK AVG,PM25 24-hour 2012,25-06-2023,Micrograms/cubic meter (LC),,1,100,12.3,12.3,0,57.0,170,Met One BAM-1020 Mass Monitor w/VSCC - Beta Attenuation,Los Angeles-North Main Street,"1630 N MAIN ST, LOS ANGELES",California,Los Angeles,Los Angeles,"Los Angeles-Long Beach-Anaheim, CA",21-05-2024,pm25
6,37,1103,88101,3,34.06659,-118.22688,WGS84,PM2.5 - Local Conditions,24-HR BLK AVG,PM25 24-hour 2012,26-06-2023,Micrograms/cubic meter (LC),,1,100,11.4,11.4,0,55.0,170,Met One BAM-1020 Mass Monitor w/VSCC - Beta Attenuation,Los Angeles-North Main Street,"1630 N MAIN ST, LOS ANGELES",California,Los Angeles,Los Angeles,"Los Angeles-Long Beach-Anaheim, CA",21-05-2024,pm25
6,37,1103,88101,3,34.06659,-118.22688,WGS84,PM2.5 - Local Conditions,24-HR BLK AVG,PM25 24-hour 2012,27-06-2023,Micrograms/cubic meter (LC),,1,100,13.2,13.2,0,59.0,170,Met One BAM-1020 Mass Monitor w/VSCC - Beta Attenuation,Los Angeles-North Main Street,"1630 N MAIN ST, LOS ANGELES",California,Los Angeles,Los Angeles,"Los Angeles-Long Beach-Anaheim, CA",21-05-2024,pm25
6,37,1103,88101,3,34.06659,-118.22688,WGS84,PM2.5 - Local Conditions,24-HR BLK AVG,PM25 24-hour 2012,28-06-2023,Micrograms/cubic meter (LC),,1,100,11.9,11.9,0,56.0,170,Met One BAM-1020 Mass Monitor w/VSCC - Beta Attenuation,Los Angeles-North Main Street,"1630 N MAIN ST, LOS ANGELES",California,Los Angeles,Los Angeles,"Los Angeles-Long Beach-Anaheim, CA",21-05-2024,pm25
6,37,1103,88101,3,34.06659,-118.22688,WGS84,PM2.5 - Local Conditions,24-HR BLK AVG,PM25 24-hour 2012,29-06-2023,Micrograms/cubic meter (LC),,1,100,15.1,15.1,0,62.0,170,Met One BAM-1020 Mass Monitor w/VSCC - Beta Attenuation,Los Angeles-North Main Street,"1630 N MAIN ST, LOS ANGELES",California,Los Angeles,Los Angeles,"Los Angeles-Long Beach-Anaheim, CA",21-05-2024,pm25
6,37,1103,88101,3,34.06659,-118.22688,WGS84,PM2.5 - Local Conditions,24-HR BLK AVG,PM25 24-hour 2012,30-06-2023,Micrograms/cubic meter (LC),,1,100,19.0,19.0,0,69.0,170,Met One BAM-1020 Mass Monitor w/VSCC - Beta Attenuation,Los Angeles-North Main Street,"1630 N MAIN ST, LOS ANGELES",California,Los Angeles,Los Angeles,"Los Angeles-Long Beach-Anaheim, CA",21-05-2024,pm25
6,37,1103,88101,3,34.06659,-118.22688,WGS84,PM2.5 - Local Conditions,24-HR BLK AVG,PM25 24-hour 2012,01-07-2023,Micrograms/cubic meter (LC),,1,100,21.7,21.7,0,74.0,170,Met One BAM-1020 Mass Monitor w/VSCC - Beta Attenuation,Los Angeles-North Main Street,"1630 N MAIN ST, LOS ANGELES",California,Los Angeles,Los Angeles,"Los Angeles-Long Beach-Anaheim, CA",21-05-2024,pm25
6,37,1103,88101,3,34.06659,-118.22688,WGS84,PM2.5 - Local Conditions,24-HR BLK AVG,PM25 24-hour 2012,02-07-2023,Micrograms/cubic meter (LC),,1,100,17.1,17.1,0,66.0,170,Met One BAM-1020 Mass Monitor w/VSCC - Beta Attenuation,Los Angeles-North Main Street,"1630 N MAIN ST, LOS ANGELES",California,Los Angeles,Los Angeles,"Los Angeles-Long Beach-Anaheim, CA",21-05-2024,pm25
6,37,1103,88101,3,34.06659,-118.22688,WGS84,PM2.5 - Local Conditions,24-HR BLK AVG,PM25 24-hour 2012,03-07-2023,Micrograms/cubic meter (LC),,1,100,19.2,19.2,0,70.0,170,Met One BAM-1020 Mass Monitor w/VSCC - Beta Attenuation,Los Angeles-North Main Street,"1630 N MAIN ST, LOS ANGELES",California,Los Angeles,Los Angeles,"Los Angeles-Long Beach-Anaheim, CA",21-05-2024,pm25
6,37,1103,88101,3,34.06659,-118.22688,WGS84,PM2.5 - Local Conditions,24-HR BLK AVG,PM25 24-hour 2012,04-07-2023,Micrograms/cubic meter (LC),,1,100,31.9,31.9,0,93.0,170,Met One BAM-1020 Mass Monitor w/VSCC - Beta Attenuation,Los Angeles-North Main Street,"1630 N MAIN ST, LOS ANGELES",California,Los Angeles,Los Angeles,"Los Angeles-Long Beach-Anaheim, CA",21-05-2024,pm25
6,37,1103,88101,3,34.06659,-118.22688,WGS84,PM2.5 - Local Conditions,24-HR BLK AVG,PM25 24-hour 2012,05-07-2023,Micrograms/cubic meter (LC),,1,100,30.8,30.8,0,91.0,170,Met One BAM-1020 Mass Monitor w/VSCC - Beta Attenuation,Los Angeles-North Main Street,"1630 N MAIN ST, LOS ANGELES",California,Los Angeles,Los Angeles,"Los Angeles-Long Beach-Anaheim, CA",21-05-2024,pm25
6,37,1103,88101,3,34.06659,-118.22688,WGS84,PM2.5 - Local Conditions,24-HR BLK AVG,PM25 24-hour 2012,06-07-2023,Micrograms/cubic meter (LC),,1,100,17.7,17.7,0,67.0,170,Met One BAM-1020 Mass Monitor w/VSCC - Beta Attenuation,Los Angeles-North Main Street,"1630 N MAIN ST, LOS ANGELES",California,Los Angeles,Los Angeles,"Los Angeles-Long Beach-Anaheim, CA",21-05-2024,pm25
6,37,1103,88101,3,34.06659,-118.22688,WGS84,PM2.5 - Local Conditions,24-HR BLK AVG,PM25 24-hour 2012,07-07-2023,Micrograms/cubic meter (LC),,1,100,14.4,14.4,0,61.0,170,Met One BAM-1020 Mass Monitor w/VSCC - Beta Attenuation,Los Angeles-North Main Street,"1630 N MAIN ST, LOS ANGELES",California,Los Angeles,Los Angeles,"Los Angeles-Long Beach-Anaheim, CA",21-05-2024,pm25
6,37,1103,88101,3,34.06659,-118.22688,WGS84,PM2.5 - Local Conditions,24-HR BLK AVG,PM25 24-hour 2012,08-07-2023,Micrograms/cubic meter (LC),,1,100,15.5,15.5,0,63.0,170,Met One BAM-1020 Mass Monitor w/VSCC - Beta Attenuation,Los Angeles-North Main Street,"1630 N MAIN ST, LOS ANGELES",California,Los Angeles,Los Angeles,"Los Angeles-Long Beach-Anaheim, CA",21-05-2024,pm25
6,37,1103,88101,3,34.06659,-118.22688,WGS84,PM2.5 - Local Conditions,24-HR BLK AVG,PM25 24-hour 2012,09-07-2023,Micrograms/cubic meter (LC),,1,100,17.8,17.8,0,67.0,170,Met One BAM-1020 Mass Monitor w/VSCC - Beta Attenuation,Los Angeles-North Main Street,"1630 N MAIN ST, LOS ANGELES",California,Los Angeles,Los Angeles,"Los Angeles-Long Beach-Anaheim, CA",21-05-2024,pm25
6,37,1103,88101,3,34.06659,-118.22688,WGS84,PM2.5 - Local Conditions,24-HR BLK AVG,PM25 24-hour 2012,10-07-2023,Micrograms/cubic meter (LC),,1,100,15.2,15.2,0,62.0,170,Met One BAM-1020 Mass Monitor w/VSCC - Beta Attenuation,Los Angeles-North Main Street,"1630 N MAIN ST, LOS ANGELES",California,Los Angeles,Los Angeles,"Los Angeles-Long Beach-Anaheim, CA",21-05-2024,pm25
6,37,1103,88101,3,34.06659,-118.22688,WGS84,PM2.5 - Local Conditions,24-HR BLK AVG,PM25 24-hour 2012,11-07-2023,Micrograms/cubic meter (LC),,1,100,15.8,15.8,0,63.0,170,Met One BAM-1020 Mass Monitor w/VSCC - Beta Attenuation,Los Angeles-North Main Street,"1630 N MAIN ST, LOS ANGELES",California,Los Angeles,Los Angeles,"Los Angeles-Long Beach-Anaheim, CA",21-05-2024,pm25
6,37,1103,88101,3,34.06659,-118.22688,WGS84,PM2.5 - Local Conditions,24-HR BLK AVG,PM25 24-hour 2012,12-07-2023,Micrograms/cubic meter (LC),,1,100,10.9,10.9,0,54.0,170,Met One BAM-1020 Mass Monitor w/VSCC - Beta Attenuation,Los Angeles-North Main Street,"1630 N MAIN ST, LOS ANGELES",California,Los Angeles,Los Angeles,"Los Angeles-Long Beach-Anaheim, CA",21-05-2024,pm25
6,37,1103,88101,3,34.06659,-118.22688,WGS84,PM2.5 - Local Conditions,24-HR BLK AVG,PM25 24-hour 2012,13-07-2023,Micrograms/cubic meter (LC),,1,100,11.0,11.0,0,55.0,170,Met One BAM-1020 Mass Monitor w/VSCC - Beta Attenuation,Los Angeles-North Main Street,"1630 N MAIN ST, LOS ANGELES",California,Los Angeles,Los Angeles,"Los Angeles-Long Beach-Anaheim, CA",21-05-2024,pm25
6,37,1103,88101,3,34.06659,-118.22688,WGS84,PM2.5 - Local Conditions,24-HR BLK AVG,PM25 24-hour 2012,14-07-2023,Micrograms/cubic meter (LC),,1,100,13.1,13.1,0,58.0,170,Met One BAM-1020 Mass Monitor w/VSCC - Beta Attenuation,Los Angeles-North Main Street,"1630 N MAIN ST, LOS ANGELES",California,Los Angeles,Los Angeles,"Los Angeles-Long Beach-Anaheim, CA",21-05-2024,pm25
6,37,1103,88101,3,34.06659,-118.22688,WGS84,PM2.5 - Local Conditions,24-HR BLK AVG,PM25 24-hour 2012,15-07-2023,Micrograms/cubic meter (LC),,1,100,18.3,18.3,0,68.0,170,Met One BAM-1020 Mass Monitor w/VSCC - Beta Attenuation,Los Angeles-North Main Street,"1630 N MAIN ST, LOS ANGELES",California,Los Angeles,Los Angeles,"Los Angeles-Long Beach-Anaheim, CA",21-05-2024,pm25
6,37,1103,88101,3,34.06659,-118.22688,WGS84,PM2.5 - Local Conditions,24-HR BLK AVG,PM25 24-hour 2012,16-07-2023,Micrograms/cubic meter (LC),,1,100,16.9,16.9,0,66.0,170,Met One BAM-1020 Mass Monitor w/VSCC - Beta Attenuation,Los Angeles-North Main Street,"1630 N MAIN ST, LOS ANGELES",California,Los Angeles,Los Angeles,"Los Angeles-Long Beach-Anaheim, CA",21-05-2024,pm25
6,37,1103,88101,3,34.06659,-118.22688,WGS84,PM2.5 - Local Conditions,24-HR BLK AVG,PM25 24-hour 2012,17-07-2023,Micrograms/cubic meter (LC),,1,100,17.0,17.0,0,66.0,170,Met One BAM-1020 Mass Monitor w/VSCC - Beta Attenuation,Los Angeles-North Main Street,"1630 N MAIN ST, LOS ANGELES",California,Los Angeles,Los Angeles,"Los Angeles-Long Beach-Anaheim, CA",21-05-2024,pm25
6,37,1103,88101,3,34.06659,-118.22688,WGS84,PM2.5 - Local Conditions,24-HR BLK AVG,PM25 24-hour 2012,18-07-2023,Micrograms/cubic meter (LC),,1,100,12.6,12.6,0,58.0,170,Met One BAM-1020 Mass Monitor w/VSCC - Beta Attenuation,Los Angeles-North Main Street,"1630 N MAIN ST, LOS ANGELES",California,Los Angeles,Los Angeles,"Los Angeles-Long Beach-Anaheim, CA",21-05-2024,pm25
6,37,1103,88101,3,34.06659,-118.22688,WGS84,PM2.5 - Local Conditions,24-HR BLK AVG,PM25 24-hour 2012,19-07-2023,Micrograms/cubic meter (LC),,1,100,12.2,12.2,0,57.0,170,Met One BAM-1020 Mass Monitor w/VSCC - Beta Attenuation,Los Angeles-North Main Street,"1630 N MAIN ST, LOS ANGELES",California,Los Angeles,Los Angeles,"Los Angeles-Long Beach-Anaheim, CA",21-05-2024,pm25
6,37,1103,88101,3,34.06659,-118.22688,WGS84,PM2.5 - Local Conditions,24-HR BLK AVG,PM25 24-hour 2012,20-07-2023,Micrograms/cubic meter (LC),,1,100,16.5,16.5,0,65.0,170,Met One BAM-1020 Mass Monitor w/VSCC - Beta Attenuation,Los Angeles-North Main Street,"1630 N MAIN ST, LOS ANGELES",California,Los Angeles,Los Angeles,"Los Angeles-Long Beach-Anaheim, CA",21-05-2024,pm25
6,37,1103,88101,3,34.06659,-118.22688,WGS84,PM2.5 - Local Conditions,24-HR BLK AVG,PM25 24-hour 2012,21-07-2023,Micrograms/cubic meter (LC),,1,100,18.2,18.2,0,68.0,170,Met One BAM-1020 Mass Monitor w/VSCC - Beta Attenuation,Los Angeles-North Main Street,"1630 N MAIN ST, LOS ANGELES",California,Los Angeles,Los Angeles,"Los Angeles-Long Beach-Anaheim, CA",21-05-2024,pm25
6,37,1103,88101,3,34.06659,-118.22688,WGS84,PM2.5 - Local Conditions,24-HR BLK AVG,PM25 24-hour 2012,22-07-2023,Micrograms/cubic meter (LC),,1,100,18.5,18.5,0,69.0,170,Met One BAM-1020 Mass Monitor w/VSCC - Beta Attenuation,Los Angeles-North Main Street,"1630 N MAIN ST, LOS ANGELES",California,Los Angeles,Los Angeles,"Los Angeles-Long Beach-Anaheim, CA",21-05-2024,pm25
6,37,1103,88101,3,34.06659,-118.22688,WGS84,PM2.5 - Local Conditions,24-HR BLK AVG,PM25 24-hour 2012,23-07-2023,Micrograms/cubic meter (LC),,1,100,16.8,16.8,0,65.0,170,Met One BAM-1020 Mass Monitor w/VSCC - Beta Attenuation,Los Angeles-North Main Street,"1630 N MAIN ST, LOS ANGELES",California,Los Angeles,Los Angeles,"Los Angeles-Long Beach-Anaheim, CA",21-05-2024,pm25
6,37,1103,88101,3,34.06659,-118.22688,WGS84,PM2.5 - Local Conditions,24-HR BLK AVG,PM25 24-hour 2012,24-07-2023,Micrograms/cubic meter (LC),,1,100,16.3,16.3,0,64.0,170,Met One BAM-1020 Mass Monitor w/VSCC - Beta Attenuation,Los Angeles-North Main Street,"1630 N MAIN ST, LOS ANGELES",California,Los Angeles,Los Angeles,"Los Angeles-Long Beach-Anaheim, CA",21-05-2024,pm25
6,37,1103,88101,3,34.06659,-118.22688,WGS84,PM2.5 - Local Conditions,24-HR BLK AVG,PM25 24-hour 2012,25-07-2023,Micrograms/cubic meter (LC),,1,100,16.6,16.6,0,65.0,170,Met One BAM-1020 Mass Monitor w/VSCC - Beta Attenuation,Los Angeles-North Main Street,"1630 N MAIN ST, LOS ANGELES",California,Los Angeles,Los Angeles,"Los Angeles-Long Beach-Anaheim, CA",21-05-2024,pm25
6,37,1103,88101,3,34.06659,-118.22688,WGS84,PM2.5 - Local Conditions,24-HR BLK AVG,PM25 24-hour 2012,26-07-2023,Micrograms/cubic meter (LC),,1,100,16.6,16.6,0,65.0,170,Met One BAM-1020 Mass Monitor w/VSCC - Beta Attenuation,Los Angeles-North Main Street,"1630 N MAIN ST, LOS ANGELES",California,Los Angeles,Los Angeles,"Los Angeles-Long Beach-Anaheim, CA",21-05-2024,pm25
6,37,1103,88101,3,34.06659,-118.22688,WGS84,PM2.5 - Local Conditions,24-HR BLK AVG,PM25 24-hour 2012,27-07-2023,Micrograms/cubic meter (LC),,1,100,18.3,18.3,0,68.0,170,Met One BAM-1020 Mass Monitor w/VSCC - Beta Attenuation,Los Angeles-North Main Street,"1630 N MAIN ST, LOS ANGELES",California,Los Angeles,Los Angeles,"Los Angeles-Long Beach-Anaheim, CA",21-05-2024,pm25
6,37,1103,88101,3,34.06659,-118.22688,WGS84,PM2.5 - Local Conditions,24-HR BLK AVG,PM25 24-hour 2012,28-07-2023,Micrograms/cubic meter (LC),,1,100,18.8,18.8,0,69.0,170,Met One BAM-1020 Mass Monitor w/VSCC - Beta Attenuation,Los Angeles-North Main Street,"1630 N MAIN ST, LOS ANGELES",California,Los Angeles,Los Angeles,"Los Angeles-Long Beach-Anaheim, CA",21-05-2024,pm25
6,37,1103,88101,3,34.06659,-118.22688,WGS84,PM2.5 - Local Conditions,24-HR BLK AVG,PM25 24-hour 2012,29-07-2023,Micrograms/cubic meter (LC),,1,100,22.3,22.3,0,76.0,170,Met One BAM-1020 Mass Monitor w/VSCC - Beta Attenuation,Los Angeles-North Main Street,"1630 N MAIN ST, LOS ANGELES",California,Los Angeles,Los Angeles,"Los Angeles-Long Beach-Anaheim, CA",21-05-2024,pm25
6,37,1103,88101,3,34.06659,-118.22688,WGS84,PM2.5 - Local Conditions,24-HR BLK AVG,PM25 24-hour 2012,30-07-2023,Micrograms/cubic meter (LC),,1,100,20.1,20.1,0,71.0,170,Met One BAM-1020 Mass Monitor w/VSCC - Beta Attenuation,Los Angeles-North Main Street,"1630 N MAIN ST, LOS ANGELES",California,Los Angeles,Los Angeles,"Los Angeles-Long Beach-Anaheim, CA",21-05-2024,pm25
6,37,1103,88101,3,34.06659,-118.22688,WGS84,PM2.5 - Local Conditions,24-HR BLK AVG,PM25 24-hour 2012,31-07-2023,Micrograms/cubic meter (LC),,1,100,18.7,18.7,0,69.0,170,Met One BAM-1020 Mass Monitor w/VSCC - Beta Attenuation,Los Angeles-North Main Street,"1630 N MAIN ST, LOS ANGELES",California,Los Angeles,Los Angeles,"Los Angeles-Long Beach-Anaheim, CA",21-05-2024,pm25
6,37,1103,88101,3,34.06659,-118.22688,WGS84,PM2.5 - Local Conditions,24-HR BLK AVG,PM25 24-hour 2012,01-08-2023,Micrograms/cubic meter (LC),,1,100,19.4,19.4,0,70.0,170,Met One BAM-1020 Mass Monitor w/VSCC - Beta Attenuation,Los Angeles-North Main Street,"1630 N MAIN ST, LOS ANGELES",California,Los Angeles,Los Angeles,"Los Angeles-Long Beach-Anaheim, CA",21-05-2024,pm25
6,37,1103,88101,3,34.06659,-118.22688,WGS84,PM2.5 - Local Conditions,24-HR BLK AVG,PM25 24-hour 2012,02-08-2023,Micrograms/cubic meter (LC),,1,100,14.9,14.9,0,62.0,170,Met One BAM-1020 Mass Monitor w/VSCC - Beta Attenuation,Los Angeles-North Main Street,"1630 N MAIN ST, LOS ANGELES",California,Los Angeles,Los Angeles,"Los Angeles-Long Beach-Anaheim, CA",21-05-2024,pm25
6,37,1103,88101,3,34.06659,-118.22688,WGS84,PM2.5 - Local Conditions,24-HR BLK AVG,PM25 24-hour 2012,03-08-2023,Micrograms/cubic meter (LC),,1,100,12.7,12.7,0,58.0,170,Met One BAM-1020 Mass Monitor w/VSCC - Beta Attenuation,Los Angeles-North Main Street,"1630 N MAIN ST, LOS ANGELES",California,Los Angeles,Los Angeles,"Los Angeles-Long Beach-Anaheim, CA",21-05-2024,pm25
6,37,1103,88101,3,34.06659,-118.22688,WGS84,PM2.5 - Local Conditions,24-HR BLK AVG,PM25 24-hour 2012,04-08-2023,Micrograms/cubic meter (LC),,1,100,13.4,13.4,0,59.0,170,Met One BAM-1020 Mass Monitor w/VSCC - Beta Attenuation,Los Angeles-North Main Street,"1630 N MAIN ST, LOS ANGELES",California,Los Angeles,Los Angeles,"Los Angeles-Long Beach-Anaheim, CA",21-05-2024,pm25
6,37,1103,88101,3,34.06659,-118.22688,WGS84,PM2.5 - Local Conditions,24-HR BLK AVG,PM25 24-hour 2012,05-08-2023,Micrograms/cubic meter (LC),,1,100,16.1,16.1,0,64.0,170,Met One BAM-1020 Mass Monitor w/VSCC - Beta Attenuation,Los Angeles-North Main Street,"1630 N MAIN ST, LOS ANGELES",California,Los Angeles,Los Angeles,"Los Angeles-Long Beach-Anaheim, CA",21-05-2024,pm25
6,37,1103,88101,3,34.06659,-118.22688,WGS84,PM2.5 - Local Conditions,24-HR BLK AVG,PM25 24-hour 2012,06-08-2023,Micrograms/cubic meter (LC),,1,100,19.0,19.0,0,69.0,170,Met One BAM-1020 Mass Monitor w/VSCC - Beta Attenuation,Los Angeles-North Main Street,"1630 N MAIN ST, LOS ANGELES",California,Los Angeles,Los Angeles,"Los Angeles-Long Beach-Anaheim, CA",21-05-2024,pm25
6,37,1103,88101,3,34.06659,-118.22688,WGS84,PM2.5 - Local Conditions,24-HR BLK AVG,PM25 24-hour 2012,07-08-2023,Micrograms/cubic meter (LC),,1,100,19.4,19.4,0,70.0,170,Met One BAM-1020 Mass Monitor w/VSCC - Beta Attenuation,Los Angeles-North Main Street,"1630 N MAIN ST, LOS ANGELES",California,Los Angeles,Los Angeles,"Los Angeles-Long Beach-Anaheim, CA",21-05-2024,pm25
6,37,1103,88101,3,34.06659,-118.22688,WGS84,PM2.5 - Local Conditions,24-HR BLK AVG,PM25 24-hour 2012,08-08-2023,Micrograms/cubic meter (LC),,1,100,13.1,13.1,0,58.0,170,Met One BAM-1020 Mass Monitor w/VSCC - Beta Attenuation,Los Angeles-North Main Street,"1630 N MAIN ST, LOS ANGELES",California,Los Angeles,Los Angeles,"Los Angeles-Long Beach-Anaheim, CA",21-05-2024,pm25
6,37,1103,88101,3,34.06659,-118.22688,WGS84,PM2.5 - Local Conditions,24-HR BLK AVG,PM25 24-hour 2012,09-08-2023,Micrograms/cubic meter (LC),,1,100,10.5,10.5,0,54.0,170,Met One BAM-1020 Mass Monitor w/VSCC - Beta Attenuation,Los Angeles-North Main Street,"1630 N MAIN ST, LOS ANGELES",California,Los Angeles,Los Angeles,"Los Angeles-Long Beach-Anaheim, CA",21-05-2024,pm25
6,37,1103,88101,3,34.06659,-118.22688,WGS84,PM2.5 - Local Conditions,24-HR BLK AVG,PM25 24-hour 2012,10-08-2023,Micrograms/cubic meter (LC),,1,100,4.9,4.9,0,27.0,170,Met One BAM-1020 Mass Monitor w/VSCC - Beta Attenuation,Los Angeles-North Main Street,"1630 N MAIN ST, LOS ANGELES",California,Los Angeles,Los Angeles,"Los Angeles-Long Beach-Anaheim, CA",21-05-2024,pm25
6,37,1103,88101,3,34.06659,-118.22688,WGS84,PM2.5 - Local Conditions,24-HR BLK AVG,PM25 24-hour 2012,11-08-2023,Micrograms/cubic meter (LC),,1,100,6.3,6.3,0,35.0,170,Met One BAM-1020 Mass Monitor w/VSCC - Beta Attenuation,Los Angeles-North Main Street,"1630 N MAIN ST, LOS ANGELES",California,Los Angeles,Los Angeles,"Los Angeles-Long Beach-Anaheim, CA",21-05-2024,pm25
6,37,1103,88101,3,34.06659,-118.22688,WGS84,PM2.5 - Local Conditions,24-HR BLK AVG,PM25 24-hour 2012,12-08-2023,Micrograms/cubic meter (LC),,1,100,9.1,9.1,0,51.0,170,Met One BAM-1020 Mass Monitor w/VSCC - Beta Attenuation,Los Angeles-North Main Street,"1630 N MAIN ST, LOS ANGELES",California,Los Angeles,Los Angeles,"Los Angeles-Long Beach-Anaheim, CA",21-05-2024,pm25
6,37,1103,88101,3,34.06659,-118.22688,WGS84,PM2.5 - Local Conditions,24-HR BLK AVG,PM25 24-hour 2012,13-08-2023,Micrograms/cubic meter (LC),,1,100,8.9,8.9,0,49.0,170,Met One BAM-1020 Mass Monitor w/VSCC - Beta Attenuation,Los Angeles-North Main Street,"1630 N MAIN ST, LOS ANGELES",California,Los Angeles,Los Angeles,"Los Angeles-Long Beach-Anaheim, CA",21-05-2024,pm25
6,37,1103,88101,3,34.06659,-118.22688,WGS84,PM2.5 - Local Conditions,24-HR BLK AVG,PM25 24-hour 2012,14-08-2023,Micrograms/cubic meter (LC),,1,100,7.4,7.4,0,41.0,170,Met One BAM-1020 Mass Monitor w/VSCC - Beta Attenuation,Los Angeles-North Main Street,"1630 N MAIN ST, LOS ANGELES",California,Los Angeles,Los Angeles,"Los Angeles-Long Beach-Anaheim, CA",21-05-2024,pm25
6,37,1103,88101,3,34.06659,-118.22688,WGS84,PM2.5 - Local Conditions,24-HR BLK AVG,PM25 24-hour 2012,15-08-2023,Micrograms/cubic meter (LC),,1,100,9.0,9.0,0,50.0,170,Met One BAM-1020 Mass Monitor w/VSCC - Beta Attenuation,Los Angeles-North Main Street,"1630 N MAIN ST, LOS ANGELES",California,Los Angeles,Los Angeles,"Los Angeles-Long Beach-Anaheim, CA",21-05-2024,pm25
6,37,1103,88101,3,34.06659,-118.22688,WGS84,PM2.5 - Local Conditions,24-HR BLK AVG,PM25 24-hour 2012,16-08-2023,Micrograms/cubic meter (LC),,1,100,8.6,8.6,0,48.0,170,Met One BAM-1020 Mass Monitor w/VSCC - Beta Attenuation,Los Angeles-North Main Street,"1630 N MAIN ST, LOS ANGELES",California,Los Angeles,Los Angeles,"Los Angeles-Long Beach-Anaheim, CA",21-05-2024,pm25
6,37,1103,88101,3,34.06659,-118.22688,WGS84,PM2.5 - Local Conditions,24-HR BLK AVG,PM25 24-hour 2012,17-08-2023,Micrograms/cubic meter (LC),,1,100,10.8,10.8,0,54.0,170,Met One BAM-1020 Mass Monitor w/VSCC - Beta Attenuation,Los Angeles-North Main Street,"1630 N MAIN ST, LOS ANGELES",California,Los Angeles,Los Angeles,"Los Angeles-Long Beach-Anaheim, CA",21-05-2024,pm25
6,37,1103,88101,3,34.06659,-118.22688,WGS84,PM2.5 - Local Conditions,24-HR BLK AVG,PM25 24-hour 2012,18-08-2023,Micrograms/cubic meter (LC),,1,100,11.1,11.1,0,55.0,170,Met One BAM-1020 Mass Monitor w/VSCC - Beta Attenuation,Los Angeles-North Main Street,"1630 N MAIN ST, LOS ANGELES",California,Los Angeles,Los Angeles,"Los Angeles-Long Beach-Anaheim, CA",21-05-2024,pm25
6,37,1103,88101,3,34.06659,-118.22688,WGS84,PM2.5 - Local Conditions,24-HR BLK AVG,PM25 24-hour 2012,19-08-2023,Micrograms/cubic meter (LC),,1,100,8.7,8.7,0,48.0,170,Met One BAM-1020 Mass Monitor w/VSCC - Beta Attenuation,Los Angeles-North Main Street,"1630 N MAIN ST, LOS ANGELES",California,Los Angeles,Los Angeles,"Los Angeles-Long Beach-Anaheim, CA",21-05-2024,pm25
6,37,1103,88101,3,34.06659,-118.22688,WGS84,PM2.5 - Local Conditions,24-HR BLK AVG,PM25 24-hour 2012,20-08-2023,Micrograms/cubic meter (LC),,1,100,3.3,3.3,0,18.0,170,Met One BAM-1020 Mass Monitor w/VSCC - Beta Attenuation,Los Angeles-North Main Street,"1630 N MAIN ST, LOS ANGELES",California,Los Angeles,Los Angeles,"Los Angeles-Long Beach-Anaheim, CA",21-05-2024,pm25
6,37,1103,88101,3,34.06659,-118.22688,WGS84,PM2.5 - Local Conditions,24-HR BLK AVG,PM25 24-hour 2012,21-08-2023,Micrograms/cubic meter (LC),,1,100,3.2,3.2,0,18.0,170,Met One BAM-1020 Mass Monitor w/VSCC - Beta Attenuation,Los Angeles-North Main Street,"1630 N MAIN ST, LOS ANGELES",California,Los Angeles,Los Angeles,"Los Angeles-Long Beach-Anaheim, CA",21-05-2024,pm25
6,37,1103,88101,3,34.06659,-118.22688,WGS84,PM2.5 - Local Conditions,24-HR BLK AVG,PM25 24-hour 2012,22-08-2023,Micrograms/cubic meter (LC),,1,100,8.3,8.3,0,46.0,170,Met One BAM-1020 Mass Monitor w/VSCC - Beta Attenuation,Los Angeles-North Main Street,"1630 N MAIN ST, LOS ANGELES",California,Los Angeles,Los Angeles,"Los Angeles-Long Beach-Anaheim, CA",21-05-2024,pm25
6,37,1103,88101,3,34.06659,-118.22688,WGS84,PM2.5 - Local Conditions,24-HR BLK AVG,PM25 24-hour 2012,23-08-2023,Micrograms/cubic meter (LC),,1,100,10.3,10.3,0,53.0,170,Met One BAM-1020 Mass Monitor w/VSCC - Beta Attenuation,Los Angeles-North Main Street,"1630 N MAIN ST, LOS ANGELES",California,Los Angeles,Los Angeles,"Los Angeles-Long Beach-Anaheim, CA",21-05-2024,pm25
6,37,1103,88101,3,34.06659,-118.22688,WGS84,PM2.5 - Local Conditions,24-HR BLK AVG,PM25 24-hour 2012,24-08-2023,Micrograms/cubic meter (LC),,1,100,12.0,12.0,0,56.0,170,Met One BAM-1020 Mass Monitor w/VSCC - Beta Attenuation,Los Angeles-North Main Street,"1630 N MAIN ST, LOS ANGELES",California,Los Angeles,Los Angeles,"Los Angeles-Long Beach-Anaheim, CA",21-05-2024,pm25
6,37,1103,88101,3,34.06659,-118.22688,WGS84,PM2.5 - Local Conditions,24-HR BLK AVG,PM25 24-hour 2012,25-08-2023,Micrograms/cubic meter (LC),,1,100,9.7,9.7,0,52.0,170,Met One BAM-1020 Mass Monitor w/VSCC - Beta Attenuation,Los Angeles-North Main Street,"1630 N MAIN ST, LOS ANGELES",California,Los Angeles,Los Angeles,"Los Angeles-Long Beach-Anaheim, CA",21-05-2024,pm25
6,37,1103,88101,3,34.06659,-118.22688,WGS84,PM2.5 - Local Conditions,24-HR BLK AVG,PM25 24-hour 2012,26-08-2023,Micrograms/cubic meter (LC),,1,100,12.1,12.1,0,57.0,170,Met One BAM-1020 Mass Monitor w/VSCC - Beta Attenuation,Los Angeles-North Main Street,"1630 N MAIN ST, LOS ANGELES",California,Los Angeles,Los Angeles,"Los Angeles-Long Beach-Anaheim, CA",21-05-2024,pm25
6,37,1103,88101,3,34.06659,-118.22688,WGS84,PM2.5 - Local Conditions,24-HR BLK AVG,PM25 24-hour 2012,27-08-2023,Micrograms/cubic meter (LC),,1,100,13.9,13.9,0,60.0,170,Met One BAM-1020 Mass Monitor w/VSCC - Beta Attenuation,Los Angeles-North Main Street,"1630 N MAIN ST, LOS ANGELES",California,Los Angeles,Los Angeles,"Los Angeles-Long Beach-Anaheim, CA",21-05-2024,pm25
6,37,1103,88101,3,34.06659,-118.22688,WGS84,PM2.5 - Local Conditions,24-HR BLK AVG,PM25 24-hour 2012,28-08-2023,Micrograms/cubic meter (LC),,1,100,16.7,16.7,0,65.0,170,Met One BAM-1020 Mass Monitor w/VSCC - Beta Attenuation,Los Angeles-North Main Street,"1630 N MAIN ST, LOS ANGELES",California,Los Angeles,Los Angeles,"Los Angeles-Long Beach-Anaheim, CA",21-05-2024,pm25
6,37,1103,88101,3,34.06659,-118.22688,WGS84,PM2.5 - Local Conditions,24-HR BLK AVG,PM25 24-hour 2012,29-08-2023,Micrograms/cubic meter (LC),,1,100,17.5,17.5,0,67.0,170,Met One BAM-1020 Mass Monitor w/VSCC - Beta Attenuation,Los Angeles-North Main Street,"1630 N MAIN ST, LOS ANGELES",California,Los Angeles,Los Angeles,"Los Angeles-Long Beach-Anaheim, CA",21-05-2024,pm25
6,37,1103,88101,3,34.06659,-118.22688,WGS84,PM2.5 - Local Conditions,24-HR BLK AVG,PM25 24-hour 2012,30-08-2023,Micrograms/cubic meter (LC),,1,100,19.2,19.2,0,70.0,170,Met One BAM-1020 Mass Monitor w/VSCC - Beta Attenuation,Los Angeles-North Main Street,"1630 N MAIN ST, LOS ANGELES",California,Los Angeles,Los Angeles,"Los Angeles-Long Beach-Anaheim, CA",21-05-2024,pm25
6,37,1103,88101,3,34.06659,-118.22688,WGS84,PM2.5 - Local Conditions,24-HR BLK AVG,PM25 24-hour 2012,31-08-2023,Micrograms/cubic meter (LC),,1,100,19.3,19.3,0,70.0,170,Met One BAM-1020 Mass Monitor w/VSCC - Beta Attenuation,Los Angeles-North Main Street,"1630 N MAIN ST, LOS ANGELES",California,Los Angeles,Los Angeles,"Los Angeles-Long Beach-Anaheim, CA",21-05-2024,pm25
6,37,1103,88101,3,34.06659,-118.22688,WGS84,PM2.5 - Local Conditions,24-HR BLK AVG,PM25 24-hour 2012,01-09-2023,Micrograms/cubic meter (LC),,1,100,15.3,15.3,0,63.0,170,Met One BAM-1020 Mass Monitor w/VSCC - Beta Attenuation,Los Angeles-North Main Street,"1630 N MAIN ST, LOS ANGELES",California,Los Angeles,Los Angeles,"Los Angeles-Long Beach-Anaheim, CA",21-05-2024,pm25
6,37,1103,88101,3,34.06659,-118.22688,WGS84,PM2.5 - Local Conditions,24-HR BLK AVG,PM25 24-hour 2012,02-09-2023,Micrograms/cubic meter (LC),,1,100,5.3,5.3,0,29.0,170,Met One BAM-1020 Mass Monitor w/VSCC - Beta Attenuation,Los Angeles-North Main Street,"1630 N MAIN ST, LOS ANGELES",California,Los Angeles,Los Angeles,"Los Angeles-Long Beach-Anaheim, CA",21-05-2024,pm25
6,37,1103,88101,3,34.06659,-118.22688,WGS84,PM2.5 - Local Conditions,24-HR BLK AVG,PM25 24-hour 2012,03-09-2023,Micrograms/cubic meter (LC),,1,100,6.2,6.2,0,34.0,170,Met One BAM-1020 Mass Monitor w/VSCC - Beta Attenuation,Los Angeles-North Main Street,"1630 N MAIN ST, LOS ANGELES",California,Los Angeles,Los Angeles,"Los Angeles-Long Beach-Anaheim, CA",21-05-2024,pm25
6,37,1103,88101,3,34.06659,-118.22688,WGS84,PM2.5 - Local Conditions,24-HR BLK AVG,PM25 24-hour 2012,04-09-2023,Micrograms/cubic meter (LC),,1,100,8.4,8.4,0,47.0,170,Met One BAM-1020 Mass Monitor w/VSCC - Beta Attenuation,Los Angeles-North Main Street,"1630 N MAIN ST, LOS ANGELES",California,Los Angeles,Los Angeles,"Los Angeles-Long Beach-Anaheim, CA",21-05-2024,pm25
6,37,1103,88101,3,34.06659,-118.22688,WGS84,PM2.5 - Local Conditions,24-HR BLK AVG,PM25 24-hour 2012,05-09-2023,Micrograms/cubic meter (LC),,1,100,9.4,9.4,0,52.0,170,Met One BAM-1020 Mass Monitor w/VSCC - Beta Attenuation,Los Angeles-North Main Street,"1630 N MAIN ST, LOS ANGELES",California,Los Angeles,Los Angeles,"Los Angeles-Long Beach-Anaheim, CA",21-05-2024,pm25
6,37,1103,88101,3,34.06659,-118.22688,WGS84,PM2.5 - Local Conditions,24-HR BLK AVG,PM25 24-hour 2012,06-09-2023,Micrograms/cubic meter (LC),,1,100,9.2,9.2,0,51.0,170,Met One BAM-1020 Mass Monitor w/VSCC - Beta Attenuation,Los Angeles-North Main Street,"1630 N MAIN ST, LOS ANGELES",California,Los Angeles,Los Angeles,"Los Angeles-Long Beach-Anaheim, CA",21-05-2024,pm25
6,37,1103,88101,3,34.06659,-118.22688,WGS84,PM2.5 - Local Conditions,24-HR BLK AVG,PM25 24-hour 2012,07-09-2023,Micrograms/cubic meter (LC),,1,100,12.8,12.8,0,58.0,170,Met One BAM-1020 Mass Monitor w/VSCC - Beta Attenuation,Los Angeles-North Main Street,"1630 N MAIN ST, LOS ANGELES",California,Los Angeles,Los Angeles,"Los Angeles-Long Beach-Anaheim, CA",21-05-2024,pm25
6,37,1103,88101,3,34.06659,-118.22688,WGS84,PM2.5 - Local Conditions,24-HR BLK AVG,PM25 24-hour 2012,08-09-2023,Micrograms/cubic meter (LC),,1,100,13.4,13.4,0,59.0,170,Met One BAM-1020 Mass Monitor w/VSCC - Beta Attenuation,Los Angeles-North Main Street,"1630 N MAIN ST, LOS ANGELES",California,Los Angeles,Los Angeles,"Los Angeles-Long Beach-Anaheim, CA",21-05-2024,pm25
6,37,1103,88101,3,34.06659,-118.22688,WGS84,PM2.5 - Local Conditions,24-HR BLK AVG,PM25 24-hour 2012,09-09-2023,Micrograms/cubic meter (LC),,1,100,12.4,12.4,0,57.0,170,Met One BAM-1020 Mass Monitor w/VSCC - Beta Attenuation,Los Angeles-North Main Street,"1630 N MAIN ST, LOS ANGELES",California,Los Angeles,Los Angeles,"Los Angeles-Long Beach-Anaheim, CA",21-05-2024,pm25
6,37,1103,88101,3,34.06659,-118.22688,WGS84,PM2.5 - Local Conditions,24-HR BLK AVG,PM25 24-hour 2012,10-09-2023,Micrograms/cubic meter (LC),,1,100,11.8,11.8,0,56.0,170,Met One BAM-1020 Mass Monitor w/VSCC - Beta Attenuation,Los Angeles-North Main Street,"1630 N MAIN ST, LOS ANGELES",California,Los Angeles,Los Angeles,"Los Angeles-Long Beach-Anaheim, CA",21-05-2024,pm25
6,37,1103,88101,3,34.06659,-118.22688,WGS84,PM2.5 - Local Conditions,24-HR BLK AVG,PM25 24-hour 2012,11-09-2023,Micrograms/cubic meter (LC),,1,100,15.2,15.2,0,62.0,170,Met One BAM-1020 Mass Monitor w/VSCC - Beta Attenuation,Los Angeles-North Main Street,"1630 N MAIN ST, LOS ANGELES",California,Los Angeles,Los Angeles,"Los Angeles-Long Beach-Anaheim, CA",21-05-2024,pm25
6,37,1103,88101,3,34.06659,-118.22688,WGS84,PM2.5 - Local Conditions,24-HR BLK AVG,PM25 24-hour 2012,12-09-2023,Micrograms/cubic meter (LC),,1,100,14.6,14.6,0,61.0,170,Met One BAM-1020 Mass Monitor w/VSCC - Beta Attenuation,Los Angeles-North Main Street,"1630 N MAIN ST, LOS ANGELES",California,Los Angeles,Los Angeles,"Los Angeles-Long Beach-Anaheim, CA",21-05-2024,pm25
6,37,1103,88101,3,34.06659,-118.22688,WGS84,PM2.5 - Local Conditions,24-HR BLK AVG,PM25 24-hour 2012,13-09-2023,Micrograms/cubic meter (LC),,1,100,11.0,11.0,0,55.0,170,Met One BAM-1020 Mass Monitor w/VSCC - Beta Attenuation,Los Angeles-North Main Street,"1630 N MAIN ST, LOS ANGELES",California,Los Angeles,Los Angeles,"Los Angeles-Long Beach-Anaheim, CA",21-05-2024,pm25
6,37,1103,88101,3,34.06659,-118.22688,WGS84,PM2.5 - Local Conditions,24-HR BLK AVG,PM25 24-hour 2012,14-09-2023,Micrograms/cubic meter (LC),,1,100,9.4,9.4,0,52.0,170,Met One BAM-1020 Mass Monitor w/VSCC - Beta Attenuation,Los Angeles-North Main Street,"1630 N MAIN ST, LOS ANGELES",California,Los Angeles,Los Angeles,"Los Angeles-Long Beach-Anaheim, CA",21-05-2024,pm25
6,37,1103,88101,3,34.06659,-118.22688,WGS84,PM2.5 - Local Conditions,24-HR BLK AVG,PM25 24-hour 2012,15-09-2023,Micrograms/cubic meter (LC),,1,100,12.4,12.4,0,57.0,170,Met One BAM-1020 Mass Monitor w/VSCC - Beta Attenuation,Los Angeles-North Main Street,"1630 N MAIN ST, LOS ANGELES",California,Los Angeles,Los Angeles,"Los Angeles-Long Beach-Anaheim, CA",21-05-2024,pm25
6,37,1103,88101,3,34.06659,-118.22688,WGS84,PM2.5 - Local Conditions,24-HR BLK AVG,PM25 24-hour 2012,16-09-2023,Micrograms/cubic meter (LC),,1,100,9.8,9.8,0,52.0,170,Met One BAM-1020 Mass Monitor w/VSCC - Beta Attenuation,Los Angeles-North Main Street,"1630 N MAIN ST, LOS ANGELES",California,Los Angeles,Los Angeles,"Los Angeles-Long Beach-Anaheim, CA",21-05-2024,pm25
6,37,1103,88101,3,34.06659,-118.22688,WGS84,PM2.5 - Local Conditions,24-HR BLK AVG,PM25 24-hour 2012,17-09-2023,Micrograms/cubic meter (LC),,1,100,5.8,5.8,0,32.0,170,Met One BAM-1020 Mass Monitor w/VSCC - Beta Attenuation,Los Angeles-North Main Street,"1630 N MAIN ST, LOS ANGELES",California,Los Angeles,Los Angeles,"Los Angeles-Long Beach-Anaheim, CA",21-05-2024,pm25
6,37,1103,88101,3,34.06659,-118.22688,WGS84,PM2.5 - Local Conditions,24-HR BLK AVG,PM25 24-hour 2012,18-09-2023,Micrograms/cubic meter (LC),,1,100,7.2,7.2,0,40.0,170,Met One BAM-1020 Mass Monitor w/VSCC - Beta Attenuation,Los Angeles-North Main Street,"1630 N MAIN ST, LOS ANGELES",California,Los Angeles,Los Angeles,"Los Angeles-Long Beach-Anaheim, CA",21-05-2024,pm25
6,37,1103,88101,3,34.06659,-118.22688,WGS84,PM2.5 - Local Conditions,24-HR BLK AVG,PM25 24-hour 2012,19-09-2023,Micrograms/cubic meter (LC),,1,100,11.2,11.2,0,55.0,170,Met One BAM-1020 Mass Monitor w/VSCC - Beta Attenuation,Los Angeles-North Main Street,"1630 N MAIN ST, LOS ANGELES",California,Los Angeles,Los Angeles,"Los Angeles-Long Beach-Anaheim, CA",21-05-2024,pm25
6,37,1103,88101,3,34.06659,-118.22688,WGS84,PM2.5 - Local Conditions,24-HR BLK AVG,PM25 24-hour 2012,20-09-2023,Micrograms/cubic meter (LC),,1,100,9.7,9.7,0,52.0,170,Met One BAM-1020 Mass Monitor w/VSCC - Beta Attenuation,Los Angeles-North Main Street,"1630 N MAIN ST, LOS ANGELES",California,Los Angeles,Los Angeles,"Los Angeles-Long Beach-Anaheim, CA",21-05-2024,pm25
6,37,1103,88101,3,34.06659,-118.22688,WGS84,PM2.5 - Local Conditions,24-HR BLK AVG,PM25 24-hour 2012,21-09-2023,Micrograms/cubic meter (LC),,1,100,19.2,19.2,0,70.0,170,Met One BAM-1020 Mass Monitor w/VSCC - Beta Attenuation,Los Angeles-North Main Street,"1630 N MAIN ST, LOS ANGELES",California,Los Angeles,Los Angeles,"Los Angeles-Long Beach-Anaheim, CA",21-05-2024,pm25
6,37,1103,88101,3,34.06659,-118.22688,WGS84,PM2.5 - Local Conditions,24-HR BLK AVG,PM25 24-hour 2012,22-09-2023,Micrograms/cubic meter (LC),,1,100,22.1,22.1,0,75.0,170,Met One BAM-1020 Mass Monitor w/VSCC - Beta Attenuation,Los Angeles-North Main Street,"1630 N MAIN ST, LOS ANGELES",California,Los Angeles,Los Angeles,"Los Angeles-Long Beach-Anaheim, CA",21-05-2024,pm25
6,37,1103,88101,3,34.06659,-118.22688,WGS84,PM2.5 - Local Conditions,24-HR BLK AVG,PM25 24-hour 2012,23-09-2023,Micrograms/cubic meter (LC),,1,100,24.6,24.6,0,80.0,170,Met One BAM-1020 Mass Monitor w/VSCC - Beta Attenuation,Los Angeles-North Main Street,"1630 N MAIN ST, LOS ANGELES",California,Los Angeles,Los Angeles,"Los Angeles-Long Beach-Anaheim, CA",21-05-2024,pm25
6,37,1103,88101,3,34.06659,-118.22688,WGS84,PM2.5 - Local Conditions,24-HR BLK AVG,PM25 24-hour 2012,24-09-2023,Micrograms/cubic meter (LC),,1,100,26.3,26.3,0,83.0,170,Met One BAM-1020 Mass Monitor w/VSCC - Beta Attenuation,Los Angeles-North Main Street,"1630 N MAIN ST, LOS ANGELES",California,Los Angeles,Los Angeles,"Los Angeles-Long Beach-Anaheim, CA",21-05-2024,pm25
6,37,1103,88101,3,34.06659,-118.22688,WGS84,PM2.5 - Local Conditions,24-HR BLK AVG,PM25 24-hour 2012,25-09-2023,Micrograms/cubic meter (LC),,1,100,22.4,22.4,0,76.0,170,Met One BAM-1020 Mass Monitor w/VSCC - Beta Attenuation,Los Angeles-North Main Street,"1630 N MAIN ST, LOS ANGELES",California,Los Angeles,Los Angeles,"Los Angeles-Long Beach-Anaheim, CA",21-05-2024,pm25
6,37,1103,88101,3,34.06659,-118.22688,WGS84,PM2.5 - Local Conditions,24-HR BLK AVG,PM25 24-hour 2012,26-09-2023,Micrograms/cubic meter (LC),,1,100,14.2,14.2,0,61.0,170,Met One BAM-1020 Mass Monitor w/VSCC - Beta Attenuation,Los Angeles-North Main Street,"1630 N MAIN ST, LOS ANGELES",California,Los Angeles,Los Angeles,"Los Angeles-Long Beach-Anaheim, CA",21-05-2024,pm25
6,37,1103,88101,3,34.06659,-118.22688,WGS84,PM2.5 - Local Conditions,24-HR BLK AVG,PM25 24-hour 2012,27-09-2023,Micrograms/cubic meter (LC),,1,100,12.8,12.8,0,58.0,170,Met One BAM-1020 Mass Monitor w/VSCC - Beta Attenuation,Los Angeles-North Main Street,"1630 N MAIN ST, LOS ANGELES",California,Los Angeles,Los Angeles,"Los Angeles-Long Beach-Anaheim, CA",21-05-2024,pm25
6,37,1103,88101,3,34.06659,-118.22688,WGS84,PM2.5 - Local Conditions,24-HR BLK AVG,PM25 24-hour 2012,28-09-2023,Micrograms/cubic meter (LC),,1,100,13.8,13.8,0,60.0,170,Met One BAM-1020 Mass Monitor w/VSCC - Beta Attenuation,Los Angeles-North Main Street,"1630 N MAIN ST, LOS ANGELES",California,Los Angeles,Los Angeles,"Los Angeles-Long Beach-Anaheim, CA",21-05-2024,pm25
6,37,1103,88101,3,34.06659,-118.22688,WGS84,PM2.5 - Local Conditions,24-HR BLK AVG,PM25 24-hour 2012,29-09-2023,Micrograms/cubic meter (LC),,1,100,10.8,10.8,0,54.0,170,Met One BAM-1020 Mass Monitor w/VSCC - Beta Attenuation,Los Angeles-North Main Street,"1630 N MAIN ST, LOS ANGELES",California,Los Angeles,Los Angeles,"Los Angeles-Long Beach-Anaheim, CA",21-05-2024,pm25
6,37,1103,88101,3,34.06659,-118.22688,WGS84,PM2.5 - Local Conditions,24-HR BLK AVG,PM25 24-hour 2012,30-09-2023,Micrograms/cubic meter (LC),,1,100,6.4,6.4,0,36.0,170,Met One BAM-1020 Mass Monitor w/VSCC - Beta Attenuation,Los Angeles-North Main Street,"1630 N MAIN ST, LOS ANGELES",California,Los Angeles,Los Angeles,"Los Angeles-Long Beach-Anaheim, CA",21-05-2024,pm25
6,37,1103,88101,3,34.06659,-118.22688,WGS84,PM2.5 - Local Conditions,24-HR BLK AVG,PM25 24-hour 2012,01-10-2023,Micrograms/cubic meter (LC),,1,100,5.9,5.9,0,33.0,170,Met One BAM-1020 Mass Monitor w/VSCC - Beta Attenuation,Los Angeles-North Main Street,"1630 N MAIN ST, LOS ANGELES",California,Los Angeles,Los Angeles,"Los Angeles-Long Beach-Anaheim, CA",21-05-2024,pm25
6,37,1103,88101,3,34.06659,-118.22688,WGS84,PM2.5 - Local Conditions,24-HR BLK AVG,PM25 24-hour 2012,02-10-2023,Micrograms/cubic meter (LC),,1,100,8.6,8.6,0,48.0,170,Met One BAM-1020 Mass Monitor w/VSCC - Beta Attenuation,Los Angeles-North Main Street,"1630 N MAIN ST, LOS ANGELES",California,Los Angeles,Los Angeles,"Los Angeles-Long Beach-Anaheim, CA",21-05-2024,pm25
6,37,1103,88101,3,34.06659,-118.22688,WGS84,PM2.5 - Local Conditions,24-HR BLK AVG,PM25 24-hour 2012,03-10-2023,Micrograms/cubic meter (LC),,1,100,11.1,11.1,0,55.0,170,Met One BAM-1020 Mass Monitor w/VSCC - Beta Attenuation,Los Angeles-North Main Street,"1630 N MAIN ST, LOS ANGELES",California,Los Angeles,Los Angeles,"Los Angeles-Long Beach-Anaheim, CA",21-05-2024,pm25
6,37,1103,88101,3,34.06659,-118.22688,WGS84,PM2.5 - Local Conditions,24-HR BLK AVG,PM25 24-hour 2012,04-10-2023,Micrograms/cubic meter (LC),,1,100,10.9,10.9,0,54.0,170,Met One BAM-1020 Mass Monitor w/VSCC - Beta Attenuation,Los Angeles-North Main Street,"1630 N MAIN ST, LOS ANGELES",California,Los Angeles,Los Angeles,"Los Angeles-Long Beach-Anaheim, CA",21-05-2024,pm25
6,37,1103,88101,3,34.06659,-118.22688,WGS84,PM2.5 - Local Conditions,24-HR BLK AVG,PM25 24-hour 2012,05-10-2023,Micrograms/cubic meter (LC),,1,100,9.2,9.2,0,51.0,170,Met One BAM-1020 Mass Monitor w/VSCC - Beta Attenuation,Los Angeles-North Main Street,"1630 N MAIN ST, LOS ANGELES",California,Los Angeles,Los Angeles,"Los Angeles-Long Beach-Anaheim, CA",21-05-2024,pm25
6,37,1103,88101,3,34.06659,-118.22688,WGS84,PM2.5 - Local Conditions,24-HR BLK AVG,PM25 24-hour 2012,06-10-2023,Micrograms/cubic meter (LC),,1,100,11.0,11.0,0,55.0,170,Met One BAM-1020 Mass Monitor w/VSCC - Beta Attenuation,Los Angeles-North Main Street,"1630 N MAIN ST, LOS ANGELES",California,Los Angeles,Los Angeles,"Los Angeles-Long Beach-Anaheim, CA",21-05-2024,pm25
6,37,1103,88101,3,34.06659,-118.22688,WGS84,PM2.5 - Local Conditions,24-HR BLK AVG,PM25 24-hour 2012,07-10-2023,Micrograms/cubic meter (LC),,1,100,16.1,16.1,0,64.0,170,Met One BAM-1020 Mass Monitor w/VSCC - Beta Attenuation,Los Angeles-North Main Street,"1630 N MAIN ST, LOS ANGELES",California,Los Angeles,Los Angeles,"Los Angeles-Long Beach-Anaheim, CA",21-05-2024,pm25
6,37,1103,88101,3,34.06659,-118.22688,WGS84,PM2.5 - Local Conditions,24-HR BLK AVG,PM25 24-hour 2012,08-10-2023,Micrograms/cubic meter (LC),,1,100,16.3,16.3,0,64.0,170,Met One BAM-1020 Mass Monitor w/VSCC - Beta Attenuation,Los Angeles-North Main Street,"1630 N MAIN ST, LOS ANGELES",California,Los Angeles,Los Angeles,"Los Angeles-Long Beach-Anaheim, CA",21-05-2024,pm25
6,37,1103,88101,3,34.06659,-118.22688,WGS84,PM2.5 - Local Conditions,24-HR BLK AVG,PM25 24-hour 2012,09-10-2023,Micrograms/cubic meter (LC),,1,100,16.9,16.9,0,66.0,170,Met One BAM-1020 Mass Monitor w/VSCC - Beta Attenuation,Los Angeles-North Main Street,"1630 N MAIN ST, LOS ANGELES",California,Los Angeles,Los Angeles,"Los Angeles-Long Beach-Anaheim, CA",21-05-2024,pm25
6,37,1103,88101,3,34.06659,-118.22688,WGS84,PM2.5 - Local Conditions,24-HR BLK AVG,PM25 24-hour 2012,10-10-2023,Micrograms/cubic meter (LC),,1,100,9.5,9.5,0,52.0,170,Met One BAM-1020 Mass Monitor w/VSCC - Beta Attenuation,Los Angeles-North Main Street,"1630 N MAIN ST, LOS ANGELES",California,Los Angeles,Los Angeles,"Los Angeles-Long Beach-Anaheim, CA",21-05-2024,pm25
6,37,1103,88101,3,34.06659,-118.22688,WGS84,PM2.5 - Local Conditions,24-HR BLK AVG,PM25 24-hour 2012,11-10-2023,Micrograms/cubic meter (LC),,1,100,8.9,8.9,0,49.0,170,Met One BAM-1020 Mass Monitor w/VSCC - Beta Attenuation,Los Angeles-North Main Street,"1630 N MAIN ST, LOS ANGELES",California,Los Angeles,Los Angeles,"Los Angeles-Long Beach-Anaheim, CA",21-05-2024,pm25
6,37,1103,88101,3,34.06659,-118.22688,WGS84,PM2.5 - Local Conditions,24-HR BLK AVG,PM25 24-hour 2012,12-10-2023,Micrograms/cubic meter (LC),,1,100,13.1,13.1,0,58.0,170,Met One BAM-1020 Mass Monitor w/VSCC - Beta Attenuation,Los Angeles-North Main Street,"1630 N MAIN ST, LOS ANGELES",California,Los Angeles,Los Angeles,"Los Angeles-Long Beach-Anaheim, CA",21-05-2024,pm25
6,37,1103,88101,3,34.06659,-118.22688,WGS84,PM2.5 - Local Conditions,24-HR BLK AVG,PM25 24-hour 2012,13-10-2023,Micrograms/cubic meter (LC),,1,100,13.5,13.5,0,59.0,170,Met One BAM-1020 Mass Monitor w/VSCC - Beta Attenuation,Los Angeles-North Main Street,"1630 N MAIN ST, LOS ANGELES",California,Los Angeles,Los Angeles,"Los Angeles-Long Beach-Anaheim, CA",21-05-2024,pm25
6,37,1103,88101,3,34.06659,-118.22688,WGS84,PM2.5 - Local Conditions,24-HR BLK AVG,PM25 24-hour 2012,14-10-2023,Micrograms/cubic meter (LC),,1,100,15.7,15.7,0,63.0,170,Met One BAM-1020 Mass Monitor w/VSCC - Beta Attenuation,Los Angeles-North Main Street,"1630 N MAIN ST, LOS ANGELES",California,Los Angeles,Los Angeles,"Los Angeles-Long Beach-Anaheim, CA",21-05-2024,pm25
6,37,1103,88101,3,34.06659,-118.22688,WGS84,PM2.5 - Local Conditions,24-HR BLK AVG,PM25 24-hour 2012,15-10-2023,Micrograms/cubic meter (LC),,1,100,11.4,11.4,0,55.0,170,Met One BAM-1020 Mass Monitor w/VSCC - Beta Attenuation,Los Angeles-North Main Street,"1630 N MAIN ST, LOS ANGELES",California,Los Angeles,Los Angeles,"Los Angeles-Long Beach-Anaheim, CA",21-05-2024,pm25
6,37,1103,88101,3,34.06659,-118.22688,WGS84,PM2.5 - Local Conditions,24-HR BLK AVG,PM25 24-hour 2012,16-10-2023,Micrograms/cubic meter (LC),,1,100,14.3,14.3,0,61.0,170,Met One BAM-1020 Mass Monitor w/VSCC - Beta Attenuation,Los Angeles-North Main Street,"1630 N MAIN ST, LOS ANGELES",California,Los Angeles,Los Angeles,"Los Angeles-Long Beach-Anaheim, CA",21-05-2024,pm25
6,37,1103,88101,3,34.06659,-118.22688,WGS84,PM2.5 - Local Conditions,24-HR BLK AVG,PM25 24-hour 2012,17-10-2023,Micrograms/cubic meter (LC),,1,100,19.1,19.1,0,70.0,170,Met One BAM-1020 Mass Monitor w/VSCC - Beta Attenuation,Los Angeles-North Main Street,"1630 N MAIN ST, LOS ANGELES",California,Los Angeles,Los Angeles,"Los Angeles-Long Beach-Anaheim, CA",21-05-2024,pm25
6,37,1103,88101,3,34.06659,-118.22688,WGS84,PM2.5 - Local Conditions,24-HR BLK AVG,PM25 24-hour 2012,18-10-2023,Micrograms/cubic meter (LC),,1,100,18.9,18.9,0,69.0,170,Met One BAM-1020 Mass Monitor w/VSCC - Beta Attenuation,Los Angeles-North Main Street,"1630 N MAIN ST, LOS ANGELES",California,Los Angeles,Los Angeles,"Los Angeles-Long Beach-Anaheim, CA",21-05-2024,pm25
6,37,1103,88101,3,34.06659,-118.22688,WGS84,PM2.5 - Local Conditions,24-HR BLK AVG,PM25 24-hour 2012,19-10-2023,Micrograms/cubic meter (LC),,1,100,15.0,15.0,0,62.0,170,Met One BAM-1020 Mass Monitor w/VSCC - Beta Attenuation,Los Angeles-North Main Street,"1630 N MAIN ST, LOS ANGELES",California,Los Angeles,Los Angeles,"Los Angeles-Long Beach-Anaheim, CA",21-05-2024,pm25
6,37,1103,88101,3,34.06659,-118.22688,WGS84,PM2.5 - Local Conditions,24-HR BLK AVG,PM25 24-hour 2012,20-10-2023,Micrograms/cubic meter (LC),,1,100,16.2,16.2,0,64.0,170,Met One BAM-1020 Mass Monitor w/VSCC - Beta Attenuation,Los Angeles-North Main Street,"1630 N MAIN ST, LOS ANGELES",California,Los Angeles,Los Angeles,"Los Angeles-Long Beach-Anaheim, CA",21-05-2024,pm25
6,37,1103,88101,3,34.06659,-118.22688,WGS84,PM2.5 - Local Conditions,24-HR BLK AVG,PM25 24-hour 2012,21-10-2023,Micrograms/cubic meter (LC),,1,100,11.7,11.7,0,56.0,170,Met One BAM-1020 Mass Monitor w/VSCC - Beta Attenuation,Los Angeles-North Main Street,"1630 N MAIN ST, LOS ANGELES",California,Los Angeles,Los Angeles,"Los Angeles-Long Beach-Anaheim, CA",21-05-2024,pm25
6,37,1103,88101,3,34.06659,-118.22688,WGS84,PM2.5 - Local Conditions,24-HR BLK AVG,PM25 24-hour 2012,22-10-2023,Micrograms/cubic meter (LC),,1,100,6.5,6.5,0,36.0,170,Met One BAM-1020 Mass Monitor w/VSCC - Beta Attenuation,Los Angeles-North Main Street,"1630 N MAIN ST, LOS ANGELES",California,Los Angeles,Los Angeles,"Los Angeles-Long Beach-Anaheim, CA",21-05-2024,pm25
6,37,1103,88101,3,34.06659,-118.22688,WGS84,PM2.5 - Local Conditions,24-HR BLK AVG,PM25 24-hour 2012,23-10-2023,Micrograms/cubic meter (LC),,1,100,5.8,5.8,0,32.0,170,Met One BAM-1020 Mass Monitor w/VSCC - Beta Attenuation,Los Angeles-North Main Street,"1630 N MAIN ST, LOS ANGELES",California,Los Angeles,Los Angeles,"Los Angeles-Long Beach-Anaheim, CA",21-05-2024,pm25
6,37,1103,88101,3,34.06659,-118.22688,WGS84,PM2.5 - Local Conditions,24-HR BLK AVG,PM25 24-hour 2012,24-10-2023,Micrograms/cubic meter (LC),,1,100,8.1,8.1,0,45.0,170,Met One BAM-1020 Mass Monitor w/VSCC - Beta Attenuation,Los Angeles-North Main Street,"1630 N MAIN ST, LOS ANGELES",California,Los Angeles,Los Angeles,"Los Angeles-Long Beach-Anaheim, CA",21-05-2024,pm25
6,37,1103,88101,3,34.06659,-118.22688,WGS84,PM2.5 - Local Conditions,24-HR BLK AVG,PM25 24-hour 2012,25-10-2023,Micrograms/cubic meter (LC),,1,100,7.6,7.6,0,42.0,170,Met One BAM-1020 Mass Monitor w/VSCC - Beta Attenuation,Los Angeles-North Main Street,"1630 N MAIN ST, LOS ANGELES",California,Los Angeles,Los Angeles,"Los Angeles-Long Beach-Anaheim, CA",21-05-2024,pm25
6,37,1103,88101,3,34.06659,-118.22688,WGS84,PM2.5 - Local Conditions,24-HR BLK AVG,PM25 24-hour 2012,26-10-2023,Micrograms/cubic meter (LC),,1,100,8.3,8.3,0,46.0,170,Met One BAM-1020 Mass Monitor w/VSCC - Beta Attenuation,Los Angeles-North Main Street,"1630 N MAIN ST, LOS ANGELES",California,Los Angeles,Los Angeles,"Los Angeles-Long Beach-Anaheim, CA",21-05-2024,pm25
6,37,1103,88101,3,34.06659,-118.22688,WGS84,PM2.5 - Local Conditions,24-HR BLK AVG,PM25 24-hour 2012,27-10-2023,Micrograms/cubic meter (LC),,1,100,10.3,10.3,0,53.0,170,Met One BAM-1020 Mass Monitor w/VSCC - Beta Attenuation,Los Angeles-North Main Street,"1630 N MAIN ST, LOS ANGELES",California,Los Angeles,Los Angeles,"Los Angeles-Long Beach-Anaheim, CA",21-05-2024,pm25
6,37,1103,88101,3,34.06659,-118.22688,WGS84,PM2.5 - Local Conditions,24-HR BLK AVG,PM25 24-hour 2012,28-10-2023,Micrograms/cubic meter (LC),,1,100,11.1,11.1,0,55.0,170,Met One BAM-1020 Mass Monitor w/VSCC - Beta Attenuation,Los Angeles-North Main Street,"1630 N MAIN ST, LOS ANGELES",California,Los Angeles,Los Angeles,"Los Angeles-Long Beach-Anaheim, CA",21-05-2024,pm25
6,37,1103,88101,3,34.06659,-118.22688,WGS84,PM2.5 - Local Conditions,24-HR BLK AVG,PM25 24-hour 2012,29-10-2023,Micrograms/cubic meter (LC),,1,100,10.8,10.8,0,54.0,170,Met One BAM-1020 Mass Monitor w/VSCC - Beta Attenuation,Los Angeles-North Main Street,"1630 N MAIN ST, LOS ANGELES",California,Los Angeles,Los Angeles,"Los Angeles-Long Beach-Anaheim, CA",21-05-2024,pm25
6,37,1103,88101,3,34.06659,-118.22688,WGS84,PM2.5 - Local Conditions,24-HR BLK AVG,PM25 24-hour 2012,30-10-2023,Micrograms/cubic meter (LC),,1,100,9.3,9.3,0,51.0,170,Met One BAM-1020 Mass Monitor w/VSCC - Beta Attenuation,Los Angeles-North Main Street,"1630 N MAIN ST, LOS ANGELES",California,Los Angeles,Los Angeles,"Los Angeles-Long Beach-Anaheim, CA",21-05-2024,pm25
6,37,1103,88101,3,34.06659,-118.22688,WGS84,PM2.5 - Local Conditions,24-HR BLK AVG,PM25 24-hour 2012,31-10-2023,Micrograms/cubic meter (LC),,1,100,7.2,7.2,0,40.0,170,Met One BAM-1020 Mass Monitor w/VSCC - Beta Attenuation,Los Angeles-North Main Street,"1630 N MAIN ST, LOS ANGELES",California,Los Angeles,Los Angeles,"Los Angeles-Long Beach-Anaheim, CA",21-05-2024,pm25
6,37,1103,88101,3,34.06659,-118.22688,WGS84,PM2.5 - Local Conditions,24-HR BLK AVG,PM25 24-hour 2012,01-11-2023,Micrograms/cubic meter (LC),,1,100,6.8,6.8,0,38.0,170,Met One BAM-1020 Mass Monitor w/VSCC - Beta Attenuation,Los Angeles-North Main Street,"1630 N MAIN ST, LOS ANGELES",California,Los Angeles,Los Angeles,"Los Angeles-Long Beach-Anaheim, CA",21-05-2024,pm25
6,37,1103,88101,3,34.06659,-118.22688,WGS84,PM2.5 - Local Conditions,24-HR BLK AVG,PM25 24-hour 2012,02-11-2023,Micrograms/cubic meter (LC),,1,100,9.1,9.1,0,51.0,170,Met One BAM-1020 Mass Monitor w/VSCC - Beta Attenuation,Los Angeles-North Main Street,"1630 N MAIN ST, LOS ANGELES",California,Los Angeles,Los Angeles,"Los Angeles-Long Beach-Anaheim, CA",21-05-2024,pm25
6,37,1103,88101,3,34.06659,-118.22688,WGS84,PM2.5 - Local Conditions,24-HR BLK AVG,PM25 24-hour 2012,03-11-2023,Micrograms/cubic meter (LC),,1,100,17.5,17.5,0,67.0,170,Met One BAM-1020 Mass Monitor w/VSCC - Beta Attenuation,Los Angeles-North Main Street,"1630 N MAIN ST, LOS ANGELES",California,Los Angeles,Los Angeles,"Los Angeles-Long Beach-Anaheim, CA",21-05-2024,pm25
6,37,1103,88101,3,34.06659,-118.22688,WGS84,PM2.5 - Local Conditions,24-HR BLK AVG,PM25 24-hour 2012,04-11-2023,Micrograms/cubic meter (LC),,1,100,20.5,20.5,0,72.0,170,Met One BAM-1020 Mass Monitor w/VSCC - Beta Attenuation,Los Angeles-North Main Street,"1630 N MAIN ST, LOS ANGELES",California,Los Angeles,Los Angeles,"Los Angeles-Long Beach-Anaheim, CA",21-05-2024,pm25
6,37,1103,88101,3,34.06659,-118.22688,WGS84,PM2.5 - Local Conditions,24-HR BLK AVG,PM25 24-hour 2012,05-11-2023,Micrograms/cubic meter (LC),,1,100,23.2,23.2,0,77.0,170,Met One BAM-1020 Mass Monitor w/VSCC - Beta Attenuation,Los Angeles-North Main Street,"1630 N MAIN ST, LOS ANGELES",California,Los Angeles,Los Angeles,"Los Angeles-Long Beach-Anaheim, CA",21-05-2024,pm25
6,37,1103,88101,3,34.06659,-118.22688,WGS84,PM2.5 - Local Conditions,24-HR BLK AVG,PM25 24-hour 2012,06-11-2023,Micrograms/cubic meter (LC),,1,100,15.2,15.2,0,62.0,170,Met One BAM-1020 Mass Monitor w/VSCC - Beta Attenuation,Los Angeles-North Main Street,"1630 N MAIN ST, LOS ANGELES",California,Los Angeles,Los Angeles,"Los Angeles-Long Beach-Anaheim, CA",21-05-2024,pm25
6,37,1103,88101,3,34.06659,-118.22688,WGS84,PM2.5 - Local Conditions,24-HR BLK AVG,PM25 24-hour 2012,07-11-2023,Micrograms/cubic meter (LC),,1,100,6.0,6.0,0,33.0,170,Met One BAM-1020 Mass Monitor w/VSCC - Beta Attenuation,Los Angeles-North Main Street,"1630 N MAIN ST, LOS ANGELES",California,Los Angeles,Los Angeles,"Los Angeles-Long Beach-Anaheim, CA",21-05-2024,pm25
6,37,1103,88101,3,34.06659,-118.22688,WGS84,PM2.5 - Local Conditions,24-HR BLK AVG,PM25 24-hour 2012,08-11-2023,Micrograms/cubic meter (LC),,1,100,6.3,6.3,0,35.0,170,Met One BAM-1020 Mass Monitor w/VSCC - Beta Attenuation,Los Angeles-North Main Street,"1630 N MAIN ST, LOS ANGELES",California,Los Angeles,Los Angeles,"Los Angeles-Long Beach-Anaheim, CA",21-05-2024,pm25
6,37,1103,88101,3,34.06659,-118.22688,WGS84,PM2.5 - Local Conditions,24-HR BLK AVG,PM25 24-hour 2012,09-11-2023,Micrograms/cubic meter (LC),,1,100,6.4,6.4,0,36.0,170,Met One BAM-1020 Mass Monitor w/VSCC - Beta Attenuation,Los Angeles-North Main Street,"1630 N MAIN ST, LOS ANGELES",California,Los Angeles,Los Angeles,"Los Angeles-Long Beach-Anaheim, CA",21-05-2024,pm25
6,37,1103,88101,3,34.06659,-118.22688,WGS84,PM2.5 - Local Conditions,24-HR BLK AVG,PM25 24-hour 2012,10-11-2023,Micrograms/cubic meter (LC),,1,100,9.4,9.4,0,52.0,170,Met One BAM-1020 Mass Monitor w/VSCC - Beta Attenuation,Los Angeles-North Main Street,"1630 N MAIN ST, LOS ANGELES",California,Los Angeles,Los Angeles,"Los Angeles-Long Beach-Anaheim, CA",21-05-2024,pm25
6,37,1103,88101,3,34.06659,-118.22688,WGS84,PM2.5 - Local Conditions,24-HR BLK AVG,PM25 24-hour 2012,11-11-2023,Micrograms/cubic meter (LC),,1,100,12.0,12.0,0,56.0,170,Met One BAM-1020 Mass Monitor w/VSCC - Beta Attenuation,Los Angeles-North Main Street,"1630 N MAIN ST, LOS ANGELES",California,Los Angeles,Los Angeles,"Los Angeles-Long Beach-Anaheim, CA",21-05-2024,pm25
6,37,1103,88101,3,34.06659,-118.22688,WGS84,PM2.5 - Local Conditions,24-HR BLK AVG,PM25 24-hour 2012,12-11-2023,Micrograms/cubic meter (LC),,1,100,7.9,7.9,0,44.0,170,Met One BAM-1020 Mass Monitor w/VSCC - Beta Attenuation,Los Angeles-North Main Street,"1630 N MAIN ST, LOS ANGELES",California,Los Angeles,Los Angeles,"Los Angeles-Long Beach-Anaheim, CA",21-05-2024,pm25
6,37,1103,88101,3,34.06659,-118.22688,WGS84,PM2.5 - Local Conditions,24-HR BLK AVG,PM25 24-hour 2012,13-11-2023,Micrograms/cubic meter (LC),,1,100,12.2,12.2,0,57.0,170,Met One BAM-1020 Mass Monitor w/VSCC - Beta Attenuation,Los Angeles-North Main Street,"1630 N MAIN ST, LOS ANGELES",California,Los Angeles,Los Angeles,"Los Angeles-Long Beach-Anaheim, CA",21-05-2024,pm25
6,37,1103,88101,3,34.06659,-118.22688,WGS84,PM2.5 - Local Conditions,24-HR BLK AVG,PM25 24-hour 2012,14-11-2023,Micrograms/cubic meter (LC),,1,100,10.1,10.1,0,53.0,170,Met One BAM-1020 Mass Monitor w/VSCC - Beta Attenuation,Los Angeles-North Main Street,"1630 N MAIN ST, LOS ANGELES",California,Los Angeles,Los Angeles,"Los Angeles-Long Beach-Anaheim, CA",21-05-2024,pm25
6,37,1103,88101,3,34.06659,-118.22688,WGS84,PM2.5 - Local Conditions,24-HR BLK AVG,PM25 24-hour 2012,15-11-2023,Micrograms/cubic meter (LC),,1,100,9.1,9.1,0,51.0,170,Met One BAM-1020 Mass Monitor w/VSCC - Beta Attenuation,Los Angeles-North Main Street,"1630 N MAIN ST, LOS ANGELES",California,Los Angeles,Los Angeles,"Los Angeles-Long Beach-Anaheim, CA",21-05-2024,pm25
6,37,1103,88101,3,34.06659,-118.22688,WGS84,PM2.5 - Local Conditions,24-HR BLK AVG,PM25 24-hour 2012,16-11-2023,Micrograms/cubic meter (LC),,1,100,6.2,6.2,0,34.0,170,Met One BAM-1020 Mass Monitor w/VSCC - Beta Attenuation,Los Angeles-North Main Street,"1630 N MAIN ST, LOS ANGELES",California,Los Angeles,Los Angeles,"Los Angeles-Long Beach-Anaheim, CA",21-05-2024,pm25
6,37,1103,88101,3,34.06659,-118.22688,WGS84,PM2.5 - Local Conditions,24-HR BLK AVG,PM25 24-hour 2012,17-11-2023,Micrograms/cubic meter (LC),,1,100,8.3,8.3,0,46.0,170,Met One BAM-1020 Mass Monitor w/VSCC - Beta Attenuation,Los Angeles-North Main Street,"1630 N MAIN ST, LOS ANGELES",California,Los Angeles,Los Angeles,"Los Angeles-Long Beach-Anaheim, CA",21-05-2024,pm25
6,37,1103,88101,3,34.06659,-118.22688,WGS84,PM2.5 - Local Conditions,24-HR BLK AVG,PM25 24-hour 2012,18-11-2023,Micrograms/cubic meter (LC),,1,100,5.0,5.0,0,28.0,170,Met One BAM-1020 Mass Monitor w/VSCC - Beta Attenuation,Los Angeles-North Main Street,"1630 N MAIN ST, LOS ANGELES",California,Los Angeles,Los Angeles,"Los Angeles-Long Beach-Anaheim, CA",21-05-2024,pm25
6,37,1103,88101,3,34.06659,-118.22688,WGS84,PM2.5 - Local Conditions,24-HR BLK AVG,PM25 24-hour 2012,19-11-2023,Micrograms/cubic meter (LC),,1,100,3.9,3.9,0,22.0,170,Met One BAM-1020 Mass Monitor w/VSCC - Beta Attenuation,Los Angeles-North Main Street,"1630 N MAIN ST, LOS ANGELES",California,Los Angeles,Los Angeles,"Los Angeles-Long Beach-Anaheim, CA",21-05-2024,pm25
6,37,1103,88101,3,34.06659,-118.22688,WGS84,PM2.5 - Local Conditions,24-HR BLK AVG,PM25 24-hour 2012,20-11-2023,Micrograms/cubic meter (LC),,1,100,11.4,11.4,0,55.0,170,Met One BAM-1020 Mass Monitor w/VSCC - Beta Attenuation,Los Angeles-North Main Street,"1630 N MAIN ST, LOS ANGELES",California,Los Angeles,Los Angeles,"Los Angeles-Long Beach-Anaheim, CA",21-05-2024,pm25
6,37,1103,88101,3,34.06659,-118.22688,WGS84,PM2.5 - Local Conditions,24-HR BLK AVG,PM25 24-hour 2012,21-11-2023,Micrograms/cubic meter (LC),,1,100,7.9,7.9,0,44.0,170,Met One BAM-1020 Mass Monitor w/VSCC - Beta Attenuation,Los Angeles-North Main Street,"1630 N MAIN ST, LOS ANGELES",California,Los Angeles,Los Angeles,"Los Angeles-Long Beach-Anaheim, CA",21-05-2024,pm25
6,37,1103,88101,3,34.06659,-118.22688,WGS84,PM2.5 - Local Conditions,24-HR BLK AVG,PM25 24-hour 2012,22-11-2023,Micrograms/cubic meter (LC),,1,100,4.8,4.8,0,27.0,170,Met One BAM-1020 Mass Monitor w/VSCC - Beta Attenuation,Los Angeles-North Main Street,"1630 N MAIN ST, LOS ANGELES",California,Los Angeles,Los Angeles,"Los Angeles-Long Beach-Anaheim, CA",21-05-2024,pm25
6,37,1103,88101,3,34.06659,-118.22688,WGS84,PM2.5 - Local Conditions,24-HR BLK AVG,PM25 24-hour 2012,23-11-2023,Micrograms/cubic meter (LC),,1,100,6.8,6.8,0,38.0,170,Met One BAM-1020 Mass Monitor w/VSCC - Beta Attenuation,Los Angeles-North Main Street,"1630 N MAIN ST, LOS ANGELES",California,Los Angeles,Los Angeles,"Los Angeles-Long Beach-Anaheim, CA",21-05-2024,pm25
6,37,1103,88101,3,34.06659,-118.22688,WGS84,PM2.5 - Local Conditions,24-HR BLK AVG,PM25 24-hour 2012,24-11-2023,Micrograms/cubic meter (LC),,1,100,9.8,9.8,0,52.0,170,Met One BAM-1020 Mass Monitor w/VSCC - Beta Attenuation,Los Angeles-North Main Street,"1630 N MAIN ST, LOS ANGELES",California,Los Angeles,Los Angeles,"Los Angeles-Long Beach-Anaheim, CA",21-05-2024,pm25
6,37,1103,88101,3,34.06659,-118.22688,WGS84,PM2.5 - Local Conditions,24-HR BLK AVG,PM25 24-hour 2012,25-11-2023,Micrograms/cubic meter (LC),,1,100,9.7,9.7,0,52.0,170,Met One BAM-1020 Mass Monitor w/VSCC - Beta Attenuation,Los Angeles-North Main Street,"1630 N MAIN ST, LOS ANGELES",California,Los Angeles,Los Angeles,"Los Angeles-Long Beach-Anaheim, CA",21-05-2024,pm25
6,37,1103,88101,3,34.06659,-118.22688,WGS84,PM2.5 - Local Conditions,24-HR BLK AVG,PM25 24-hour 2012,26-11-2023,Micrograms/cubic meter (LC),,1,100,5.3,5.3,0,29.0,170,Met One BAM-1020 Mass Monitor w/VSCC - Beta Attenuation,Los Angeles-North Main Street,"1630 N MAIN ST, LOS ANGELES",California,Los Angeles,Los Angeles,"Los Angeles-Long Beach-Anaheim, CA",21-05-2024,pm25
6,37,1103,88101,3,34.06659,-118.22688,WGS84,PM2.5 - Local Conditions,24-HR BLK AVG,PM25 24-hour 2012,27-11-2023,Micrograms/cubic meter (LC),,1,100,5.6,5.6,0,31.0,170,Met One BAM-1020 Mass Monitor w/VSCC - Beta Attenuation,Los Angeles-North Main Street,"1630 N MAIN ST, LOS ANGELES",California,Los Angeles,Los Angeles,"Los Angeles-Long Beach-Anaheim, CA",21-05-2024,pm25
6,37,1103,88101,3,34.06659,-118.22688,WGS84,PM2.5 - Local Conditions,24-HR BLK AVG,PM25 24-hour 2012,28-11-2023,Micrograms/cubic meter (LC),,1,100,7.8,7.8,0,43.0,170,Met One BAM-1020 Mass Monitor w/VSCC - Beta Attenuation,Los Angeles-North Main Street,"1630 N MAIN ST, LOS ANGELES",California,Los Angeles,Los Angeles,"Los Angeles-Long Beach-Anaheim, CA",21-05-2024,pm25
6,37,1103,88101,3,34.06659,-118.22688,WGS84,PM2.5 - Local Conditions,24-HR BLK AVG,PM25 24-hour 2012,29-11-2023,Micrograms/cubic meter (LC),,1,100,7.7,7.7,0,43.0,170,Met One BAM-1020 Mass Monitor w/VSCC - Beta Attenuation,Los Angeles-North Main Street,"1630 N MAIN ST, LOS ANGELES",California,Los Angeles,Los Angeles,"Los Angeles-Long Beach-Anaheim, CA",21-05-2024,pm25
6,37,1103,88101,3,34.06659,-118.22688,WGS84,PM2.5 - Local Conditions,24-HR BLK AVG,PM25 24-hour 2012,30-11-2023,Micrograms/cubic meter (LC),,1,100,8.0,8.0,0,44.0,170,Met One BAM-1020 Mass Monitor w/VSCC - Beta Attenuation,Los Angeles-North Main Street,"1630 N MAIN ST, LOS ANGELES",California,Los Angeles,Los Angeles,"Los Angeles-Long Beach-Anaheim, CA",21-05-2024,pm25
6,37,1103,88101,3,34.06659,-118.22688,WGS84,PM2.5 - Local Conditions,24-HR BLK AVG,PM25 24-hour 2012,01-12-2023,Micrograms/cubic meter (LC),,1,100,5.9,5.9,0,33.0,170,Met One BAM-1020 Mass Monitor w/VSCC - Beta Attenuation,Los Angeles-North Main Street,"1630 N MAIN ST, LOS ANGELES",California,Los Angeles,Los Angeles,"Los Angeles-Long Beach-Anaheim, CA",21-05-2024,pm25
6,37,1103,88101,3,34.06659,-118.22688,WGS84,PM2.5 - Local Conditions,24-HR BLK AVG,PM25 24-hour 2012,02-12-2023,Micrograms/cubic meter (LC),,1,100,10.8,10.8,0,54.0,170,Met One BAM-1020 Mass Monitor w/VSCC - Beta Attenuation,Los Angeles-North Main Street,"1630 N MAIN ST, LOS ANGELES",California,Los Angeles,Los Angeles,"Los Angeles-Long Beach-Anaheim, CA",21-05-2024,pm25
6,37,1103,88101,3,34.06659,-118.22688,WGS84,PM2.5 - Local Conditions,24-HR BLK AVG,PM25 24-hour 2012,03-12-2023,Micrograms/cubic meter (LC),,1,100,16.3,16.3,0,64.0,170,Met One BAM-1020 Mass Monitor w/VSCC - Beta Attenuation,Los Angeles-North Main Street,"1630 N MAIN ST, LOS ANGELES",California,Los Angeles,Los Angeles,"Los Angeles-Long Beach-Anaheim, CA",21-05-2024,pm25
6,37,1103,88101,3,34.06659,-118.22688,WGS84,PM2.5 - Local Conditions,24-HR BLK AVG,PM25 24-hour 2012,04-12-2023,Micrograms/cubic meter (LC),,1,100,14.6,14.6,0,61.0,170,Met One BAM-1020 Mass Monitor w/VSCC - Beta Attenuation,Los Angeles-North Main Street,"1630 N MAIN ST, LOS ANGELES",California,Los Angeles,Los Angeles,"Los Angeles-Long Beach-Anaheim, CA",21-05-2024,pm25
6,37,1103,88101,3,34.06659,-118.22688,WGS84,PM2.5 - Local Conditions,24-HR BLK AVG,PM25 24-hour 2012,05-12-2023,Micrograms/cubic meter (LC),,1,100,8.9,8.9,0,49.0,170,Met One BAM-1020 Mass Monitor w/VSCC - Beta Attenuation,Los Angeles-North Main Street,"1630 N MAIN ST, LOS ANGELES",California,Los Angeles,Los Angeles,"Los Angeles-Long Beach-Anaheim, CA",21-05-2024,pm25
6,37,1103,88101,3,34.06659,-118.22688,WGS84,PM2.5 - Local Conditions,24-HR BLK AVG,PM25 24-hour 2012,06-12-2023,Micrograms/cubic meter (LC),,1,100,9.2,9.2,0,51.0,170,Met One BAM-1020 Mass Monitor w/VSCC - Beta Attenuation,Los Angeles-North Main Street,"1630 N MAIN ST, LOS ANGELES",California,Los Angeles,Los Angeles,"Los Angeles-Long Beach-Anaheim, CA",21-05-2024,pm25
6,37,1103,88101,3,34.06659,-118.22688,WGS84,PM2.5 - Local Conditions,24-HR BLK AVG,PM25 24-hour 2012,07-12-2023,Micrograms/cubic meter (LC),,1,100,11.4,11.4,0,55.0,170,Met One BAM-1020 Mass Monitor w/VSCC - Beta Attenuation,Los Angeles-North Main Street,"1630 N MAIN ST, LOS ANGELES",California,Los Angeles,Los Angeles,"Los Angeles-Long Beach-Anaheim, CA",21-05-2024,pm25
6,37,1103,88101,3,34.06659,-118.22688,WGS84,PM2.5 - Local Conditions,24-HR BLK AVG,PM25 24-hour 2012,08-12-2023,Micrograms/cubic meter (LC),,1,100,11.5,11.5,0,55.0,170,Met One BAM-1020 Mass Monitor w/VSCC - Beta Attenuation,Los Angeles-North Main Street,"1630 N MAIN ST, LOS ANGELES",California,Los Angeles,Los Angeles,"Los Angeles-Long Beach-Anaheim, CA",21-05-2024,pm25
6,37,1103,88101,3,34.06659,-118.22688,WGS84,PM2.5 - Local Conditions,24-HR BLK AVG,PM25 24-hour 2012,09-12-2023,Micrograms/cubic meter (LC),,1,100,11.4,11.4,0,55.0,170,Met One BAM-1020 Mass Monitor w/VSCC - Beta Attenuation,Los Angeles-North Main Street,"1630 N MAIN ST, LOS ANGELES",California,Los Angeles,Los Angeles,"Los Angeles-Long Beach-Anaheim, CA",21-05-2024,pm25
6,37,1103,88101,3,34.06659,-118.22688,WGS84,PM2.5 - Local Conditions,24-HR BLK AVG,PM25 24-hour 2012,10-12-2023,Micrograms/cubic meter (LC),,1,100,6.9,6.9,0,38.0,170,Met One BAM-1020 Mass Monitor w/VSCC - Beta Attenuation,Los Angeles-North Main Street,"1630 N MAIN ST, LOS ANGELES",California,Los Angeles,Los Angeles,"Los Angeles-Long Beach-Anaheim, CA",21-05-2024,pm25
6,37,1103,88101,3,34.06659,-118.22688,WGS84,PM2.5 - Local Conditions,24-HR BLK AVG,PM25 24-hour 2012,11-12-2023,Micrograms/cubic meter (LC),,1,100,11.1,11.1,0,55.0,170,Met One BAM-1020 Mass Monitor w/VSCC - Beta Attenuation,Los Angeles-North Main Street,"1630 N MAIN ST, LOS ANGELES",California,Los Angeles,Los Angeles,"Los Angeles-Long Beach-Anaheim, CA",21-05-2024,pm25
6,37,1103,88101,3,34.06659,-118.22688,WGS84,PM2.5 - Local Conditions,24-HR BLK AVG,PM25 24-hour 2012,12-12-2023,Micrograms/cubic meter (LC),,1,100,17.4,17.4,0,66.0,170,Met One BAM-1020 Mass Monitor w/VSCC - Beta Attenuation,Los Angeles-North Main Street,"1630 N MAIN ST, LOS ANGELES",California,Los Angeles,Los Angeles,"Los Angeles-Long Beach-Anaheim, CA",21-05-2024,pm25
6,37,1103,88101,3,34.06659,-118.22688,WGS84,PM2.5 - Local Conditions,24-HR BLK AVG,PM25 24-hour 2012,13-12-2023,Micrograms/cubic meter (LC),,1,100,18.4,18.4,0,68.0,170,Met One BAM-1020 Mass Monitor w/VSCC - Beta Attenuation,Los Angeles-North Main Street,"1630 N MAIN ST, LOS ANGELES",California,Los Angeles,Los Angeles,"Los Angeles-Long Beach-Anaheim, CA",21-05-2024,pm25
6,37,1103,88101,3,34.06659,-118.22688,WGS84,PM2.5 - Local Conditions,24-HR BLK AVG,PM25 24-hour 2012,14-12-2023,Micrograms/cubic meter (LC),,1,100,12.8,12.8,0,58.0,170,Met One BAM-1020 Mass Monitor w/VSCC - Beta Attenuation,Los Angeles-North Main Street,"1630 N MAIN ST, LOS ANGELES",California,Los Angeles,Los Angeles,"Los Angeles-Long Beach-Anaheim, CA",21-05-2024,pm25
6,37,1103,88101,3,34.06659,-118.22688,WGS84,PM2.5 - Local Conditions,24-HR BLK AVG,PM25 24-hour 2012,15-12-2023,Micrograms/cubic meter (LC),,1,100,9.2,9.2,0,51.0,170,Met One BAM-1020 Mass Monitor w/VSCC - Beta Attenuation,Los Angeles-North Main Street,"1630 N MAIN ST, LOS ANGELES",California,Los Angeles,Los Angeles,"Los Angeles-Long Beach-Anaheim, CA",21-05-2024,pm25
6,37,1103,88101,3,34.06659,-118.22688,WGS84,PM2.5 - Local Conditions,24-HR BLK AVG,PM25 24-hour 2012,16-12-2023,Micrograms/cubic meter (LC),,1,100,9.3,9.3,0,51.0,170,Met One BAM-1020 Mass Monitor w/VSCC - Beta Attenuation,Los Angeles-North Main Street,"1630 N MAIN ST, LOS ANGELES",California,Los Angeles,Los Angeles,"Los Angeles-Long Beach-Anaheim, CA",21-05-2024,pm25
6,37,1103,88101,3,34.06659,-118.22688,WGS84,PM2.5 - Local Conditions,24-HR BLK AVG,PM25 24-hour 2012,17-12-2023,Micrograms/cubic meter (LC),,1,100,12.3,12.3,0,57.0,170,Met One BAM-1020 Mass Monitor w/VSCC - Beta Attenuation,Los Angeles-North Main Street,"1630 N MAIN ST, LOS ANGELES",California,Los Angeles,Los Angeles,"Los Angeles-Long Beach-Anaheim, CA",21-05-2024,pm25
6,37,1103,88101,3,34.06659,-118.22688,WGS84,PM2.5 - Local Conditions,24-HR BLK AVG,PM25 24-hour 2012,18-12-2023,Micrograms/cubic meter (LC),,1,100,14.7,14.7,0,61.0,170,Met One BAM-1020 Mass Monitor w/VSCC - Beta Attenuation,Los Angeles-North Main Street,"1630 N MAIN ST, LOS ANGELES",California,Los Angeles,Los Angeles,"Los Angeles-Long Beach-Anaheim, CA",21-05-2024,pm25
6,37,1103,88101,3,34.06659,-118.22688,WGS84,PM2.5 - Local Conditions,24-HR BLK AVG,PM25 24-hour 2012,19-12-2023,Micrograms/cubic meter (LC),,1,100,12.1,12.1,0,57.0,170,Met One BAM-1020 Mass Monitor w/VSCC - Beta Attenuation,Los Angeles-North Main Street,"1630 N MAIN ST, LOS ANGELES",California,Los Angeles,Los Angeles,"Los Angeles-Long Beach-Anaheim, CA",21-05-2024,pm25
6,37,1103,88101,3,34.06659,-118.22688,WGS84,PM2.5 - Local Conditions,24-HR BLK AVG,PM25 24-hour 2012,20-12-2023,Micrograms/cubic meter (LC),,1,100,9.4,9.4,0,52.0,170,Met One BAM-1020 Mass Monitor w/VSCC - Beta Attenuation,Los Angeles-North Main Street,"1630 N MAIN ST, LOS ANGELES",California,Los Angeles,Los Angeles,"Los Angeles-Long Beach-Anaheim, CA",21-05-2024,pm25
6,37,1103,88101,3,34.06659,-118.22688,WGS84,PM2.5 - Local Conditions,24-HR BLK AVG,PM25 24-hour 2012,21-12-2023,Micrograms/cubic meter (LC),,1,100,6.3,6.3,0,35.0,170,Met One BAM-1020 Mass Monitor w/VSCC - Beta Attenuation,Los Angeles-North Main Street,"1630 N MAIN ST, LOS ANGELES",California,Los Angeles,Los Angeles,"Los Angeles-Long Beach-Anaheim, CA",21-05-2024,pm25
6,37,1103,88101,3,34.06659,-118.22688,WGS84,PM2.5 - Local Conditions,24-HR BLK AVG,PM25 24-hour 2012,22-12-2023,Micrograms/cubic meter (LC),,1,100,5.5,5.5,0,31.0,170,Met One BAM-1020 Mass Monitor w/VSCC - Beta Attenuation,Los Angeles-North Main Street,"1630 N MAIN ST, LOS ANGELES",California,Los Angeles,Los Angeles,"Los Angeles-Long Beach-Anaheim, CA",21-05-2024,pm25
6,37,1103,88101,3,34.06659,-118.22688,WGS84,PM2.5 - Local Conditions,24-HR BLK AVG,PM25 24-hour 2012,23-12-2023,Micrograms/cubic meter (LC),,1,100,11.8,11.8,0,56.0,170,Met One BAM-1020 Mass Monitor w/VSCC - Beta Attenuation,Los Angeles-North Main Street,"1630 N MAIN ST, LOS ANGELES",California,Los Angeles,Los Angeles,"Los Angeles-Long Beach-Anaheim, CA",21-05-2024,pm25
6,37,1103,88101,3,34.06659,-118.22688,WGS84,PM2.5 - Local Conditions,24-HR BLK AVG,PM25 24-hour 2012,24-12-2023,Micrograms/cubic meter (LC),,1,100,14.6,14.6,0,61.0,170,Met One BAM-1020 Mass Monitor w/VSCC - Beta Attenuation,Los Angeles-North Main Street,"1630 N MAIN ST, LOS ANGELES",California,Los Angeles,Los Angeles,"Los Angeles-Long Beach-Anaheim, CA",21-05-2024,pm25
6,37,1103,88101,3,34.06659,-118.22688,WGS84,PM2.5 - Local Conditions,24-HR BLK AVG,PM25 24-hour 2012,25-12-2023,Micrograms/cubic meter (LC),,1,100,20.3,20.3,0,72.0,170,Met One BAM-1020 Mass Monitor w/VSCC - Beta Attenuation,Los Angeles-North Main Street,"1630 N MAIN ST, LOS ANGELES",California,Los Angeles,Los Angeles,"Los Angeles-Long Beach-Anaheim, CA",21-05-2024,pm25
6,37,1103,88101,3,34.06659,-118.22688,WGS84,PM2.5 - Local Conditions,24-HR BLK AVG,PM25 24-hour 2012,26-12-2023,Micrograms/cubic meter (LC),,1,100,22.9,22.9,0,77.0,170,Met One BAM-1020 Mass Monitor w/VSCC - Beta Attenuation,Los Angeles-North Main Street,"1630 N MAIN ST, LOS ANGELES",California,Los Angeles,Los Angeles,"Los Angeles-Long Beach-Anaheim, CA",21-05-2024,pm25
6,37,1103,88101,3,34.06659,-118.22688,WGS84,PM2.5 - Local Conditions,24-HR BLK AVG,PM25 24-hour 2012,27-12-2023,Micrograms/cubic meter (LC),,1,100,18.1,18.1,0,68.0,170,Met One BAM-1020 Mass Monitor w/VSCC - Beta Attenuation,Los Angeles-North Main Street,"1630 N MAIN ST, LOS ANGELES",California,Los Angeles,Los Angeles,"Los Angeles-Long Beach-Anaheim, CA",21-05-2024,pm25
6,37,1103,88101,3,34.06659,-118.22688,WGS84,PM2.5 - Local Conditions,24-HR BLK AVG,PM25 24-hour 2012,28-12-2023,Micrograms/cubic meter (LC),,1,100,23.4,23.4,0,78.0,170,Met One BAM-1020 Mass Monitor w/VSCC - Beta Attenuation,Los Angeles-North Main Street,"1630 N MAIN ST, LOS ANGELES",California,Los Angeles,Los Angeles,"Los Angeles-Long Beach-Anaheim, CA",21-05-2024,pm25
6,37,1103,88101,3,34.06659,-118.22688,WGS84,PM2.5 - Local Conditions,24-HR BLK AVG,PM25 24-hour 2012,29-12-2023,Micrograms/cubic meter (LC),,1,100,20.8,20.8,0,73.0,170,Met One BAM-1020 Mass Monitor w/VSCC - Beta Attenuation,Los Angeles-North Main Street,"1630 N MAIN ST, LOS ANGELES",California,Los Angeles,Los Angeles,"Los Angeles-Long Beach-Anaheim, CA",21-05-2024,pm25
6,37,1103,88101,3,34.06659,-118.22688,WGS84,PM2.5 - Local Conditions,24-HR BLK AVG,PM25 24-hour 2012,30-12-2023,Micrograms/cubic meter (LC),,1,100,13.0,13.0,0,58.0,170,Met One BAM-1020 Mass Monitor w/VSCC - Beta Attenuation,Los Angeles-North Main Street,"1630 N MAIN ST, LOS ANGELES",California,Los Angeles,Los Angeles,"Los Angeles-Long Beach-Anaheim, CA",21-05-2024,pm25
6,37,1103,88101,3,34.06659,-118.22688,WGS84,PM2.5 - Local Conditions,24-HR BLK AVG,PM25 24-hour 2012,31-12-2023,Micrograms/cubic meter (LC),,1,100,12.5,12.5,0,57.0,170,Met One BAM-1020 Mass Monitor w/VSCC - Beta Attenuation,Los Angeles-North Main Street,"1630 N MAIN ST, LOS ANGELES",California,Los Angeles,Los Angeles,"Los Angeles-Long Beach-Anaheim, CA",21-05-2024,pm25
6,37,1103,88101,1,34.06659,-118.22688,WGS84,PM2.5 - Local Conditions,24 HOUR,PM25 24-hour 2012,01-01-2024,Micrograms/cubic meter (LC),,1,100,14.2,14.2,0,61.0,145,R & P Model 2025 PM-2.5 Sequential Air Sampler w/VSCC - Gravimetric,Los Angeles-North Main Street,"1630 N MAIN ST, LOS ANGELES",California,Los Angeles,Los Angeles,"Los Angeles-Long Beach-Anaheim, CA",27-09-2024,pm25
6,37,1103,88101,1,34.06659,-118.22688,WGS84,PM2.5 - Local Conditions,24 HOUR,PM25 24-hour 2012,02-01-2024,Micrograms/cubic meter (LC),,1,100,12.6,12.6,0,58.0,145,R & P Model 2025 PM-2.5 Sequential Air Sampler w/VSCC - Gravimetric,Los Angeles-North Main Street,"1630 N MAIN ST, LOS ANGELES",California,Los Angeles,Los Angeles,"Los Angeles-Long Beach-Anaheim, CA",27-09-2024,pm25
6,37,1103,88101,1,34.06659,-118.22688,WGS84,PM2.5 - Local Conditions,24 HOUR,PM25 24-hour 2012,03-01-2024,Micrograms/cubic meter (LC),,1,100,6.3,6.3,0,35.0,145,R & P Model 2025 PM-2.5 Sequential Air Sampler w/VSCC - Gravimetric,Los Angeles-North Main Street,"1630 N MAIN ST, LOS ANGELES",California,Los Angeles,Los Angeles,"Los Angeles-Long Beach-Anaheim, CA",27-09-2024,pm25
6,37,1103,88101,1,34.06659,-118.22688,WGS84,PM2.5 - Local Conditions,24 HOUR,PM25 24-hour 2012,04-01-2024,Micrograms/cubic meter (LC),,1,100,4.2,4.2,0,23.0,145,R & P Model 2025 PM-2.5 Sequential Air Sampler w/VSCC - Gravimetric,Los Angeles-North Main Street,"1630 N MAIN ST, LOS ANGELES",California,Los Angeles,Los Angeles,"Los Angeles-Long Beach-Anaheim, CA",27-09-2024,pm25
6,37,1103,88101,1,34.06659,-118.22688,WGS84,PM2.5 - Local Conditions,24 HOUR,PM25 24-hour 2012,05-01-2024,Micrograms/cubic meter (LC),,1,100,9.1,9.1,0,51.0,145,R & P Model 2025 PM-2.5 Sequential Air Sampler w/VSCC - Gravimetric,Los Angeles-North Main Street,"1630 N MAIN ST, LOS ANGELES",California,Los Angeles,Los Angeles,"Los Angeles-Long Beach-Anaheim, CA",27-09-2024,pm25
6,37,1103,88101,1,34.06659,-118.22688,WGS84,PM2.5 - Local Conditions,24 HOUR,PM25 24-hour 2012,06-01-2024,Micrograms/cubic meter (LC),,1,100,8.9,8.9,0,49.0,145,R & P Model 2025 PM-2.5 Sequential Air Sampler w/VSCC - Gravimetric,Los Angeles-North Main Street,"1630 N MAIN ST, LOS ANGELES",California,Los Angeles,Los Angeles,"Los Angeles-Long Beach-Anaheim, CA",27-09-2024,pm25
6,37,1103,88101,1,34.06659,-118.22688,WGS84,PM2.5 - Local Conditions,24 HOUR,PM25 24-hour 2012,07-01-2024,Micrograms/cubic meter (LC),,1,100,1.9,1.9,0,11.0,145,R & P Model 2025 PM-2.5 Sequential Air Sampler w/VSCC - Gravimetric,Los Angeles-North Main Street,"1630 N MAIN ST, LOS ANGELES",California,Los Angeles,Los Angeles,"Los Angeles-Long Beach-Anaheim, CA",27-09-2024,pm25
6,37,1103,88101,1,34.06659,-118.22688,WGS84,PM2.5 - Local Conditions,24 HOUR,PM25 24-hour 2012,08-01-2024,Micrograms/cubic meter (LC),,1,100,5.0,5.0,0,28.0,145,R & P Model 2025 PM-2.5 Sequential Air Sampler w/VSCC - Gravimetric,Los Angeles-North Main Street,"1630 N MAIN ST, LOS ANGELES",California,Los Angeles,Los Angeles,"Los Angeles-Long Beach-Anaheim, CA",27-09-2024,pm25
6,37,1103,88101,1,34.06659,-118.22688,WGS84,PM2.5 - Local Conditions,24 HOUR,PM25 24-hour 2012,09-01-2024,Micrograms/cubic meter (LC),,1,100,7.6,7.6,0,42.0,145,R & P Model 2025 PM-2.5 Sequential Air Sampler w/VSCC - Gravimetric,Los Angeles-North Main Street,"1630 N MAIN ST, LOS ANGELES",California,Los Angeles,Los Angeles,"Los Angeles-Long Beach-Anaheim, CA",27-09-2024,pm25
6,37,1103,88101,1,34.06659,-118.22688,WGS84,PM2.5 - Local Conditions,24 HOUR,PM25 24-hour 2012,10-01-2024,Micrograms/cubic meter (LC),,1,100,12.0,12.0,0,56.0,145,R & P Model 2025 PM-2.5 Sequential Air Sampler w/VSCC - Gravimetric,Los Angeles-North Main Street,"1630 N MAIN ST, LOS ANGELES",California,Los Angeles,Los Angeles,"Los Angeles-Long Beach-Anaheim, CA",27-09-2024,pm25
6,37,1103,88101,1,34.06659,-118.22688,WGS84,PM2.5 - Local Conditions,24 HOUR,PM25 24-hour 2012,11-01-2024,Micrograms/cubic meter (LC),,1,100,3.2,3.2,0,18.0,145,R & P Model 2025 PM-2.5 Sequential Air Sampler w/VSCC - Gravimetric,Los Angeles-North Main Street,"1630 N MAIN ST, LOS ANGELES",California,Los Angeles,Los Angeles,"Los Angeles-Long Beach-Anaheim, CA",27-09-2024,pm25
6,37,1103,88101,1,34.06659,-118.22688,WGS84,PM2.5 - Local Conditions,24 HOUR,PM25 24-hour 2012,12-01-2024,Micrograms/cubic meter (LC),,1,100,7.0,7.0,0,39.0,145,R & P Model 2025 PM-2.5 Sequential Air Sampler w/VSCC - Gravimetric,Los Angeles-North Main Street,"1630 N MAIN ST, LOS ANGELES",California,Los Angeles,Los Angeles,"Los Angeles-Long Beach-Anaheim, CA",27-09-2024,pm25
6,37,1103,88101,1,34.06659,-118.22688,WGS84,PM2.5 - Local Conditions,24 HOUR,PM25 24-hour 2012,13-01-2024,Micrograms/cubic meter (LC),,1,100,14.0,14.0,0,60.0,145,R & P Model 2025 PM-2.5 Sequential Air Sampler w/VSCC - Gravimetric,Los Angeles-North Main Street,"1630 N MAIN ST, LOS ANGELES",California,Los Angeles,Los Angeles,"Los Angeles-Long Beach-Anaheim, CA",27-09-2024,pm25
6,37,1103,88101,1,34.06659,-118.22688,WGS84,PM2.5 - Local Conditions,24 HOUR,PM25 24-hour 2012,14-01-2024,Micrograms/cubic meter (LC),,1,100,18.5,18.5,0,69.0,145,R & P Model 2025 PM-2.5 Sequential Air Sampler w/VSCC - Gravimetric,Los Angeles-North Main Street,"1630 N MAIN ST, LOS ANGELES",California,Los Angeles,Los Angeles,"Los Angeles-Long Beach-Anaheim, CA",27-09-2024,pm25
6,37,1103,88101,1,34.06659,-118.22688,WGS84,PM2.5 - Local Conditions,24 HOUR,PM25 24-hour 2012,15-01-2024,Micrograms/cubic meter (LC),,1,100,25.0,25.0,0,81.0,145,R & P Model 2025 PM-2.5 Sequential Air Sampler w/VSCC - Gravimetric,Los Angeles-North Main Street,"1630 N MAIN ST, LOS ANGELES",California,Los Angeles,Los Angeles,"Los Angeles-Long Beach-Anaheim, CA",27-09-2024,pm25
6,37,1103,88101,1,34.06659,-118.22688,WGS84,PM2.5 - Local Conditions,24 HOUR,PM25 24-hour 2012,16-01-2024,Micrograms/cubic meter (LC),,1,100,21.3,21.3,0,74.0,145,R & P Model 2025 PM-2.5 Sequential Air Sampler w/VSCC - Gravimetric,Los Angeles-North Main Street,"1630 N MAIN ST, LOS ANGELES",California,Los Angeles,Los Angeles,"Los Angeles-Long Beach-Anaheim, CA",27-09-2024,pm25
6,37,1103,88101,1,34.06659,-118.22688,WGS84,PM2.5 - Local Conditions,24 HOUR,PM25 24-hour 2012,17-01-2024,Micrograms/cubic meter (LC),,1,100,27.7,27.7,0,86.0,145,R & P Model 2025 PM-2.5 Sequential Air Sampler w/VSCC - Gravimetric,Los Angeles-North Main Street,"1630 N MAIN ST, LOS ANGELES",California,Los Angeles,Los Angeles,"Los Angeles-Long Beach-Anaheim, CA",27-09-2024,pm25
6,37,1103,88101,1,34.06659,-118.22688,WGS84,PM2.5 - Local Conditions,24 HOUR,PM25 24-hour 2012,18-01-2024,Micrograms/cubic meter (LC),,1,100,22.1,22.1,0,75.0,145,R & P Model 2025 PM-2.5 Sequential Air Sampler w/VSCC - Gravimetric,Los Angeles-North Main Street,"1630 N MAIN ST, LOS ANGELES",California,Los Angeles,Los Angeles,"Los Angeles-Long Beach-Anaheim, CA",27-09-2024,pm25
6,37,1103,88101,1,34.06659,-118.22688,WGS84,PM2.5 - Local Conditions,24 HOUR,PM25 24-hour 2012,19-01-2024,Micrograms/cubic meter (LC),,1,100,18.5,18.5,0,69.0,145,R & P Model 2025 PM-2.5 Sequential Air Sampler w/VSCC - Gravimetric,Los Angeles-North Main Street,"1630 N MAIN ST, LOS ANGELES",California,Los Angeles,Los Angeles,"Los Angeles-Long Beach-Anaheim, CA",27-09-2024,pm25
6,37,1103,88101,1,34.06659,-118.22688,WGS84,PM2.5 - Local Conditions,24 HOUR,PM25 24-hour 2012,20-01-2024,Micrograms/cubic meter (LC),,1,100,12.1,12.1,0,57.0,145,R & P Model 2025 PM-2.5 Sequential Air Sampler w/VSCC - Gravimetric,Los Angeles-North Main Street,"1630 N MAIN ST, LOS ANGELES",California,Los Angeles,Los Angeles,"Los Angeles-Long Beach-Anaheim, CA",27-09-2024,pm25
6,37,1103,88101,1,34.06659,-118.22688,WGS84,PM2.5 - Local Conditions,24 HOUR,PM25 24-hour 2012,21-01-2024,Micrograms/cubic meter (LC),,1,100,5.1,5.1,0,28.0,145,R & P Model 2025 PM-2.5 Sequential Air Sampler w/VSCC - Gravimetric,Los Angeles-North Main Street,"1630 N MAIN ST, LOS ANGELES",California,Los Angeles,Los Angeles,"Los Angeles-Long Beach-Anaheim, CA",27-09-2024,pm25
6,37,1103,88101,1,34.06659,-118.22688,WGS84,PM2.5 - Local Conditions,24 HOUR,PM25 24-hour 2012,22-01-2024,Micrograms/cubic meter (LC),,1,100,3.9,3.9,0,22.0,145,R & P Model 2025 PM-2.5 Sequential Air Sampler w/VSCC - Gravimetric,Los Angeles-North Main Street,"1630 N MAIN ST, LOS ANGELES",California,Los Angeles,Los Angeles,"Los Angeles-Long Beach-Anaheim, CA",27-09-2024,pm25
6,37,1103,88101,1,34.06659,-118.22688,WGS84,PM2.5 - Local Conditions,24 HOUR,PM25 24-hour 2012,23-01-2024,Micrograms/cubic meter (LC),,1,100,6.8,6.8,0,38.0,145,R & P Model 2025 PM-2.5 Sequential Air Sampler w/VSCC - Gravimetric,Los Angeles-North Main Street,"1630 N MAIN ST, LOS ANGELES",California,Los Angeles,Los Angeles,"Los Angeles-Long Beach-Anaheim, CA",27-09-2024,pm25
6,37,1103,88101,1,34.06659,-118.22688,WGS84,PM2.5 - Local Conditions,24 HOUR,PM25 24-hour 2012,24-01-2024,Micrograms/cubic meter (LC),,1,100,9.1,9.1,0,51.0,145,R & P Model 2025 PM-2.5 Sequential Air Sampler w/VSCC - Gravimetric,Los Angeles-North Main Street,"1630 N MAIN ST, LOS ANGELES",California,Los Angeles,Los Angeles,"Los Angeles-Long Beach-Anaheim, CA",27-09-2024,pm25
6,37,1103,88101,1,34.06659,-118.22688,WGS84,PM2.5 - Local Conditions,24 HOUR,PM25 24-hour 2012,25-01-2024,Micrograms/cubic meter (LC),,1,100,6.8,6.8,0,38.0,145,R & P Model 2025 PM-2.5 Sequential Air Sampler w/VSCC - Gravimetric,Los Angeles-North Main Street,"1630 N MAIN ST, LOS ANGELES",California,Los Angeles,Los Angeles,"Los Angeles-Long Beach-Anaheim, CA",27-09-2024,pm25
6,37,1103,88101,1,34.06659,-118.22688,WGS84,PM2.5 - Local Conditions,24 HOUR,PM25 24-hour 2012,26-01-2024,Micrograms/cubic meter (LC),,1,100,7.3,7.3,0,41.0,145,R & P Model 2025 PM-2.5 Sequential Air Sampler w/VSCC - Gravimetric,Los Angeles-North Main Street,"1630 N MAIN ST, LOS ANGELES",California,Los Angeles,Los Angeles,"Los Angeles-Long Beach-Anaheim, CA",27-09-2024,pm25
6,37,1103,88101,1,34.06659,-118.22688,WGS84,PM2.5 - Local Conditions,24 HOUR,PM25 24-hour 2012,27-01-2024,Micrograms/cubic meter (LC),,1,100,8.5,8.5,0,47.0,145,R & P Model 2025 PM-2.5 Sequential Air Sampler w/VSCC - Gravimetric,Los Angeles-North Main Street,"1630 N MAIN ST, LOS ANGELES",California,Los Angeles,Los Angeles,"Los Angeles-Long Beach-Anaheim, CA",27-09-2024,pm25
6,37,1103,88101,1,34.06659,-118.22688,WGS84,PM2.5 - Local Conditions,24 HOUR,PM25 24-hour 2012,28-01-2024,Micrograms/cubic meter (LC),,1,100,7.3,7.3,0,41.0,145,R & P Model 2025 PM-2.5 Sequential Air Sampler w/VSCC - Gravimetric,Los Angeles-North Main Street,"1630 N MAIN ST, LOS ANGELES",California,Los Angeles,Los Angeles,"Los Angeles-Long Beach-Anaheim, CA",27-09-2024,pm25
6,37,1103,88101,1,34.06659,-118.22688,WGS84,PM2.5 - Local Conditions,24 HOUR,PM25 24-hour 2012,29-01-2024,Micrograms/cubic meter (LC),,1,100,6.6,6.6,0,37.0,145,R & P Model 2025 PM-2.5 Sequential Air Sampler w/VSCC - Gravimetric,Los Angeles-North Main Street,"1630 N MAIN ST, LOS ANGELES",California,Los Angeles,Los Angeles,"Los Angeles-Long Beach-Anaheim, CA",27-09-2024,pm25
6,37,1103,88101,1,34.06659,-118.22688,WGS84,PM2.5 - Local Conditions,24 HOUR,PM25 24-hour 2012,31-01-2024,Micrograms/cubic meter (LC),,1,100,14.5,14.5,0,61.0,145,R & P Model 2025 PM-2.5 Sequential Air Sampler w/VSCC - Gravimetric,Los Angeles-North Main Street,"1630 N MAIN ST, LOS ANGELES",California,Los Angeles,Los Angeles,"Los Angeles-Long Beach-Anaheim, CA",27-09-2024,pm25
6,37,1103,88101,1,34.06659,-118.22688,WGS84,PM2.5 - Local Conditions,24 HOUR,PM25 24-hour 2012,01-02-2024,Micrograms/cubic meter (LC),,1,100,4.7,4.7,0,26.0,145,R & P Model 2025 PM-2.5 Sequential Air Sampler w/VSCC - Gravimetric,Los Angeles-North Main Street,"1630 N MAIN ST, LOS ANGELES",California,Los Angeles,Los Angeles,"Los Angeles-Long Beach-Anaheim, CA",27-09-2024,pm25
6,37,1103,88101,1,34.06659,-118.22688,WGS84,PM2.5 - Local Conditions,24 HOUR,PM25 24-hour 2012,02-02-2024,Micrograms/cubic meter (LC),,1,100,5.3,5.3,0,29.0,145,R & P Model 2025 PM-2.5 Sequential Air Sampler w/VSCC - Gravimetric,Los Angeles-North Main Street,"1630 N MAIN ST, LOS ANGELES",California,Los Angeles,Los Angeles,"Los Angeles-Long Beach-Anaheim, CA",27-09-2024,pm25
6,37,1103,88101,1,34.06659,-118.22688,WGS84,PM2.5 - Local Conditions,24 HOUR,PM25 24-hour 2012,03-02-2024,Micrograms/cubic meter (LC),,1,100,5.7,5.7,0,32.0,145,R & P Model 2025 PM-2.5 Sequential Air Sampler w/VSCC - Gravimetric,Los Angeles-North Main Street,"1630 N MAIN ST, LOS ANGELES",California,Los Angeles,Los Angeles,"Los Angeles-Long Beach-Anaheim, CA",27-09-2024,pm25
6,37,1103,88101,1,34.06659,-118.22688,WGS84,PM2.5 - Local Conditions,24 HOUR,PM25 24-hour 2012,04-02-2024,Micrograms/cubic meter (LC),,1,100,3.1,3.1,0,17.0,145,R & P Model 2025 PM-2.5 Sequential Air Sampler w/VSCC - Gravimetric,Los Angeles-North Main Street,"1630 N MAIN ST, LOS ANGELES",California,Los Angeles,Los Angeles,"Los Angeles-Long Beach-Anaheim, CA",27-09-2024,pm25
6,37,1103,88101,1,34.06659,-118.22688,WGS84,PM2.5 - Local Conditions,24 HOUR,PM25 24-hour 2012,05-02-2024,Micrograms/cubic meter (LC),,1,100,2.1,2.1,0,12.0,145,R & P Model 2025 PM-2.5 Sequential Air Sampler w/VSCC - Gravimetric,Los Angeles-North Main Street,"1630 N MAIN ST, LOS ANGELES",California,Los Angeles,Los Angeles,"Los Angeles-Long Beach-Anaheim, CA",27-09-2024,pm25
6,37,1103,88101,1,34.06659,-118.22688,WGS84,PM2.5 - Local Conditions,24 HOUR,PM25 24-hour 2012,06-02-2024,Micrograms/cubic meter (LC),,1,100,3.6,3.6,0,20.0,145,R & P Model 2025 PM-2.5 Sequential Air Sampler w/VSCC - Gravimetric,Los Angeles-North Main Street,"1630 N MAIN ST, LOS ANGELES",California,Los Angeles,Los Angeles,"Los Angeles-Long Beach-Anaheim, CA",27-09-2024,pm25
6,37,1103,88101,1,34.06659,-118.22688,WGS84,PM2.5 - Local Conditions,24 HOUR,PM25 24-hour 2012,07-02-2024,Micrograms/cubic meter (LC),,1,100,3.1,3.1,0,17.0,145,R & P Model 2025 PM-2.5 Sequential Air Sampler w/VSCC - Gravimetric,Los Angeles-North Main Street,"1630 N MAIN ST, LOS ANGELES",California,Los Angeles,Los Angeles,"Los Angeles-Long Beach-Anaheim, CA",27-09-2024,pm25
6,37,1103,88101,1,34.06659,-118.22688,WGS84,PM2.5 - Local Conditions,24 HOUR,PM25 24-hour 2012,08-02-2024,Micrograms/cubic meter (LC),,1,100,4.0,4.0,0,22.0,145,R & P Model 2025 PM-2.5 Sequential Air Sampler w/VSCC - Gravimetric,Los Angeles-North Main Street,"1630 N MAIN ST, LOS ANGELES",California,Los Angeles,Los Angeles,"Los Angeles-Long Beach-Anaheim, CA",27-09-2024,pm25
6,37,1103,88101,1,34.06659,-118.22688,WGS84,PM2.5 - Local Conditions,24 HOUR,PM25 24-hour 2012,09-02-2024,Micrograms/cubic meter (LC),,1,100,3.5,3.5,0,19.0,145,R & P Model 2025 PM-2.5 Sequential Air Sampler w/VSCC - Gravimetric,Los Angeles-North Main Street,"1630 N MAIN ST, LOS ANGELES",California,Los Angeles,Los Angeles,"Los Angeles-Long Beach-Anaheim, CA",27-09-2024,pm25
6,37,1103,88101,1,34.06659,-118.22688,WGS84,PM2.5 - Local Conditions,24 HOUR,PM25 24-hour 2012,10-02-2024,Micrograms/cubic meter (LC),,1,100,5.7,5.7,0,32.0,145,R & P Model 2025 PM-2.5 Sequential Air Sampler w/VSCC - Gravimetric,Los Angeles-North Main Street,"1630 N MAIN ST, LOS ANGELES",California,Los Angeles,Los Angeles,"Los Angeles-Long Beach-Anaheim, CA",27-09-2024,pm25
6,37,1103,88101,1,34.06659,-118.22688,WGS84,PM2.5 - Local Conditions,24 HOUR,PM25 24-hour 2012,11-02-2024,Micrograms/cubic meter (LC),,1,100,6.1,6.1,0,34.0,145,R & P Model 2025 PM-2.5 Sequential Air Sampler w/VSCC - Gravimetric,Los Angeles-North Main Street,"1630 N MAIN ST, LOS ANGELES",California,Los Angeles,Los Angeles,"Los Angeles-Long Beach-Anaheim, CA",27-09-2024,pm25
6,37,1103,88101,1,34.06659,-118.22688,WGS84,PM2.5 - Local Conditions,24 HOUR,PM25 24-hour 2012,12-02-2024,Micrograms/cubic meter (LC),,1,100,7.0,7.0,0,39.0,145,R & P Model 2025 PM-2.5 Sequential Air Sampler w/VSCC - Gravimetric,Los Angeles-North Main Street,"1630 N MAIN ST, LOS ANGELES",California,Los Angeles,Los Angeles,"Los Angeles-Long Beach-Anaheim, CA",27-09-2024,pm25
6,37,1103,88101,1,34.06659,-118.22688,WGS84,PM2.5 - Local Conditions,24 HOUR,PM25 24-hour 2012,13-02-2024,Micrograms/cubic meter (LC),,1,100,9.3,9.3,0,51.0,145,R & P Model 2025 PM-2.5 Sequential Air Sampler w/VSCC - Gravimetric,Los Angeles-North Main Street,"1630 N MAIN ST, LOS ANGELES",California,Los Angeles,Los Angeles,"Los Angeles-Long Beach-Anaheim, CA",27-09-2024,pm25
6,37,1103,88101,1,34.06659,-118.22688,WGS84,PM2.5 - Local Conditions,24 HOUR,PM25 24-hour 2012,14-02-2024,Micrograms/cubic meter (LC),,1,100,13.4,13.4,0,59.0,145,R & P Model 2025 PM-2.5 Sequential Air Sampler w/VSCC - Gravimetric,Los Angeles-North Main Street,"1630 N MAIN ST, LOS ANGELES",California,Los Angeles,Los Angeles,"Los Angeles-Long Beach-Anaheim, CA",27-09-2024,pm25
6,37,1103,88101,1,34.06659,-118.22688,WGS84,PM2.5 - Local Conditions,24 HOUR,PM25 24-hour 2012,15-02-2024,Micrograms/cubic meter (LC),,1,100,9.0,9.0,0,50.0,145,R & P Model 2025 PM-2.5 Sequential Air Sampler w/VSCC - Gravimetric,Los Angeles-North Main Street,"1630 N MAIN ST, LOS ANGELES",California,Los Angeles,Los Angeles,"Los Angeles-Long Beach-Anaheim, CA",27-09-2024,pm25
6,37,1103,88101,1,34.06659,-118.22688,WGS84,PM2.5 - Local Conditions,24 HOUR,PM25 24-hour 2012,16-02-2024,Micrograms/cubic meter (LC),,1,100,17.1,17.1,0,66.0,145,R & P Model 2025 PM-2.5 Sequential Air Sampler w/VSCC - Gravimetric,Los Angeles-North Main Street,"1630 N MAIN ST, LOS ANGELES",California,Los Angeles,Los Angeles,"Los Angeles-Long Beach-Anaheim, CA",27-09-2024,pm25
6,37,1103,88101,1,34.06659,-118.22688,WGS84,PM2.5 - Local Conditions,24 HOUR,PM25 24-hour 2012,17-02-2024,Micrograms/cubic meter (LC),,1,100,27.1,27.1,0,85.0,145,R & P Model 2025 PM-2.5 Sequential Air Sampler w/VSCC - Gravimetric,Los Angeles-North Main Street,"1630 N MAIN ST, LOS ANGELES",California,Los Angeles,Los Angeles,"Los Angeles-Long Beach-Anaheim, CA",27-09-2024,pm25
6,37,1103,88101,1,34.06659,-118.22688,WGS84,PM2.5 - Local Conditions,24 HOUR,PM25 24-hour 2012,18-02-2024,Micrograms/cubic meter (LC),,1,100,6.1,6.1,0,34.0,145,R & P Model 2025 PM-2.5 Sequential Air Sampler w/VSCC - Gravimetric,Los Angeles-North Main Street,"1630 N MAIN ST, LOS ANGELES",California,Los Angeles,Los Angeles,"Los Angeles-Long Beach-Anaheim, CA",27-09-2024,pm25
6,37,1103,88101,1,34.06659,-118.22688,WGS84,PM2.5 - Local Conditions,24 HOUR,PM25 24-hour 2012,19-02-2024,Micrograms/cubic meter (LC),,1,100,2.5,2.5,0,14.0,145,R & P Model 2025 PM-2.5 Sequential Air Sampler w/VSCC - Gravimetric,Los Angeles-North Main Street,"1630 N MAIN ST, LOS ANGELES",California,Los Angeles,Los Angeles,"Los Angeles-Long Beach-Anaheim, CA",27-09-2024,pm25
6,37,1103,88101,1,34.06659,-118.22688,WGS84,PM2.5 - Local Conditions,24 HOUR,PM25 24-hour 2012,20-02-2024,Micrograms/cubic meter (LC),,1,100,2.9,2.9,0,16.0,145,R & P Model 2025 PM-2.5 Sequential Air Sampler w/VSCC - Gravimetric,Los Angeles-North Main Street,"1630 N MAIN ST, LOS ANGELES",California,Los Angeles,Los Angeles,"Los Angeles-Long Beach-Anaheim, CA",27-09-2024,pm25
6,37,1103,88101,1,34.06659,-118.22688,WGS84,PM2.5 - Local Conditions,24 HOUR,PM25 24-hour 2012,21-02-2024,Micrograms/cubic meter (LC),,1,100,3.5,3.5,0,19.0,145,R & P Model 2025 PM-2.5 Sequential Air Sampler w/VSCC - Gravimetric,Los Angeles-North Main Street,"1630 N MAIN ST, LOS ANGELES",California,Los Angeles,Los Angeles,"Los Angeles-Long Beach-Anaheim, CA",27-09-2024,pm25
6,37,1103,88101,1,34.06659,-118.22688,WGS84,PM2.5 - Local Conditions,24 HOUR,PM25 24-hour 2012,22-02-2024,Micrograms/cubic meter (LC),,1,100,8.6,8.6,0,48.0,145,R & P Model 2025 PM-2.5 Sequential Air Sampler w/VSCC - Gravimetric,Los Angeles-North Main Street,"1630 N MAIN ST, LOS ANGELES",California,Los Angeles,Los Angeles,"Los Angeles-Long Beach-Anaheim, CA",27-09-2024,pm25
6,37,1103,88101,1,34.06659,-118.22688,WGS84,PM2.5 - Local Conditions,24 HOUR,PM25 24-hour 2012,23-02-2024,Micrograms/cubic meter (LC),,1,100,6.2,6.2,0,34.0,145,R & P Model 2025 PM-2.5 Sequential Air Sampler w/VSCC - Gravimetric,Los Angeles-North Main Street,"1630 N MAIN ST, LOS ANGELES",California,Los Angeles,Los Angeles,"Los Angeles-Long Beach-Anaheim, CA",27-09-2024,pm25
6,37,1103,88101,1,34.06659,-118.22688,WGS84,PM2.5 - Local Conditions,24 HOUR,PM25 24-hour 2012,24-02-2024,Micrograms/cubic meter (LC),,1,100,7.5,7.5,0,42.0,145,R & P Model 2025 PM-2.5 Sequential Air Sampler w/VSCC - Gravimetric,Los Angeles-North Main Street,"1630 N MAIN ST, LOS ANGELES",California,Los Angeles,Los Angeles,"Los Angeles-Long Beach-Anaheim, CA",27-09-2024,pm25
6,37,1103,88101,1,34.06659,-118.22688,WGS84,PM2.5 - Local Conditions,24 HOUR,PM25 24-hour 2012,25-02-2024,Micrograms/cubic meter (LC),,1,100,10.6,10.6,0,54.0,145,R & P Model 2025 PM-2.5 Sequential Air Sampler w/VSCC - Gravimetric,Los Angeles-North Main Street,"1630 N MAIN ST, LOS ANGELES",California,Los Angeles,Los Angeles,"Los Angeles-Long Beach-Anaheim, CA",27-09-2024,pm25
6,37,1103,88101,1,34.06659,-118.22688,WGS84,PM2.5 - Local Conditions,24 HOUR,PM25 24-hour 2012,26-02-2024,Micrograms/cubic meter (LC),,1,100,14.0,14.0,0,60.0,145,R & P Model 2025 PM-2.5 Sequential Air Sampler w/VSCC - Gravimetric,Los Angeles-North Main Street,"1630 N MAIN ST, LOS ANGELES",California,Los Angeles,Los Angeles,"Los Angeles-Long Beach-Anaheim, CA",27-09-2024,pm25
6,37,1103,88101,1,34.06659,-118.22688,WGS84,PM2.5 - Local Conditions,24 HOUR,PM25 24-hour 2012,27-02-2024,Micrograms/cubic meter (LC),,1,100,11.9,11.9,0,56.0,145,R & P Model 2025 PM-2.5 Sequential Air Sampler w/VSCC - Gravimetric,Los Angeles-North Main Street,"1630 N MAIN ST, LOS ANGELES",California,Los Angeles,Los Angeles,"Los Angeles-Long Beach-Anaheim, CA",27-09-2024,pm25
6,37,1103,88101,1,34.06659,-118.22688,WGS84,PM2.5 - Local Conditions,24 HOUR,PM25 24-hour 2012,28-02-2024,Micrograms/cubic meter (LC),,1,100,11.0,11.0,0,55.0,145,R & P Model 2025 PM-2.5 Sequential Air Sampler w/VSCC - Gravimetric,Los Angeles-North Main Street,"1630 N MAIN ST, LOS ANGELES",California,Los Angeles,Los Angeles,"Los Angeles-Long Beach-Anaheim, CA",27-09-2024,pm25
6,37,1103,88101,1,34.06659,-118.22688,WGS84,PM2.5 - Local Conditions,24 HOUR,PM25 24-hour 2012,29-02-2024,Micrograms/cubic meter (LC),,1,100,9.2,9.2,0,51.0,145,R & P Model 2025 PM-2.5 Sequential Air Sampler w/VSCC - Gravimetric,Los Angeles-North Main Street,"1630 N MAIN ST, LOS ANGELES",California,Los Angeles,Los Angeles,"Los Angeles-Long Beach-Anaheim, CA",27-09-2024,pm25
6,37,1103,88101,1,34.06659,-118.22688,WGS84,PM2.5 - Local Conditions,24 HOUR,PM25 24-hour 2012,01-03-2024,Micrograms/cubic meter (LC),,1,100,3.2,3.2,0,18.0,145,R & P Model 2025 PM-2.5 Sequential Air Sampler w/VSCC - Gravimetric,Los Angeles-North Main Street,"1630 N MAIN ST, LOS ANGELES",California,Los Angeles,Los Angeles,"Los Angeles-Long Beach-Anaheim, CA",27-09-2024,pm25
6,37,1103,88101,1,34.06659,-118.22688,WGS84,PM2.5 - Local Conditions,24 HOUR,PM25 24-hour 2012,02-03-2024,Micrograms/cubic meter (LC),,1,100,2.3,2.3,0,13.0,145,R & P Model 2025 PM-2.5 Sequential Air Sampler w/VSCC - Gravimetric,Los Angeles-North Main Street,"1630 N MAIN ST, LOS ANGELES",California,Los Angeles,Los Angeles,"Los Angeles-Long Beach-Anaheim, CA",27-09-2024,pm25
6,37,1103,88101,1,34.06659,-118.22688,WGS84,PM2.5 - Local Conditions,24 HOUR,PM25 24-hour 2012,03-03-2024,Micrograms/cubic meter (LC),,1,100,4.0,4.0,0,22.0,145,R & P Model 2025 PM-2.5 Sequential Air Sampler w/VSCC - Gravimetric,Los Angeles-North Main Street,"1630 N MAIN ST, LOS ANGELES",California,Los Angeles,Los Angeles,"Los Angeles-Long Beach-Anaheim, CA",27-09-2024,pm25
6,37,1103,88101,1,34.06659,-118.22688,WGS84,PM2.5 - Local Conditions,24 HOUR,PM25 24-hour 2012,04-03-2024,Micrograms/cubic meter (LC),,1,100,7.0,7.0,0,39.0,145,R & P Model 2025 PM-2.5 Sequential Air Sampler w/VSCC - Gravimetric,Los Angeles-North Main Street,"1630 N MAIN ST, LOS ANGELES",California,Los Angeles,Los Angeles,"Los Angeles-Long Beach-Anaheim, CA",27-09-2024,pm25
6,37,1103,88101,1,34.06659,-118.22688,WGS84,PM2.5 - Local Conditions,24 HOUR,PM25 24-hour 2012,05-03-2024,Micrograms/cubic meter (LC),,1,100,6.6,6.6,0,37.0,145,R & P Model 2025 PM-2.5 Sequential Air Sampler w/VSCC - Gravimetric,Los Angeles-North Main Street,"1630 N MAIN ST, LOS ANGELES",California,Los Angeles,Los Angeles,"Los Angeles-Long Beach-Anaheim, CA",27-09-2024,pm25
6,37,1103,88101,1,34.06659,-118.22688,WGS84,PM2.5 - Local Conditions,24 HOUR,PM25 24-hour 2012,06-03-2024,Micrograms/cubic meter (LC),,1,100,3.7,3.7,0,21.0,145,R & P Model 2025 PM-2.5 Sequential Air Sampler w/VSCC - Gravimetric,Los Angeles-North Main Street,"1630 N MAIN ST, LOS ANGELES",California,Los Angeles,Los Angeles,"Los Angeles-Long Beach-Anaheim, CA",27-09-2024,pm25
6,37,1103,88101,1,34.06659,-118.22688,WGS84,PM2.5 - Local Conditions,24 HOUR,PM25 24-hour 2012,07-03-2024,Micrograms/cubic meter (LC),,1,100,4.5,4.5,0,25.0,145,R & P Model 2025 PM-2.5 Sequential Air Sampler w/VSCC - Gravimetric,Los Angeles-North Main Street,"1630 N MAIN ST, LOS ANGELES",California,Los Angeles,Los Angeles,"Los Angeles-Long Beach-Anaheim, CA",27-09-2024,pm25
6,37,1103,88101,1,34.06659,-118.22688,WGS84,PM2.5 - Local Conditions,24 HOUR,PM25 24-hour 2012,09-03-2024,Micrograms/cubic meter (LC),,1,100,9.0,9.0,0,50.0,145,R & P Model 2025 PM-2.5 Sequential Air Sampler w/VSCC - Gravimetric,Los Angeles-North Main Street,"1630 N MAIN ST, LOS ANGELES",California,Los Angeles,Los Angeles,"Los Angeles-Long Beach-Anaheim, CA",27-09-2024,pm25
6,37,1103,88101,1,34.06659,-118.22688,WGS84,PM2.5 - Local Conditions,24 HOUR,PM25 24-hour 2012,10-03-2024,Micrograms/cubic meter (LC),,1,100,7.1,7.1,0,39.0,145,R & P Model 2025 PM-2.5 Sequential Air Sampler w/VSCC - Gravimetric,Los Angeles-North Main Street,"1630 N MAIN ST, LOS ANGELES",California,Los Angeles,Los Angeles,"Los Angeles-Long Beach-Anaheim, CA",27-09-2024,pm25
6,37,1103,88101,1,34.06659,-118.22688,WGS84,PM2.5 - Local Conditions,24 HOUR,PM25 24-hour 2012,11-03-2024,Micrograms/cubic meter (LC),,1,100,6.5,6.5,0,36.0,145,R & P Model 2025 PM-2.5 Sequential Air Sampler w/VSCC - Gravimetric,Los Angeles-North Main Street,"1630 N MAIN ST, LOS ANGELES",California,Los Angeles,Los Angeles,"Los Angeles-Long Beach-Anaheim, CA",27-09-2024,pm25
6,37,1103,88101,1,34.06659,-118.22688,WGS84,PM2.5 - Local Conditions,24 HOUR,PM25 24-hour 2012,12-03-2024,Micrograms/cubic meter (LC),,1,100,5.6,5.6,0,31.0,145,R & P Model 2025 PM-2.5 Sequential Air Sampler w/VSCC - Gravimetric,Los Angeles-North Main Street,"1630 N MAIN ST, LOS ANGELES",California,Los Angeles,Los Angeles,"Los Angeles-Long Beach-Anaheim, CA",27-09-2024,pm25
6,37,1103,88101,1,34.06659,-118.22688,WGS84,PM2.5 - Local Conditions,24 HOUR,PM25 24-hour 2012,13-03-2024,Micrograms/cubic meter (LC),,1,100,6.8,6.8,0,38.0,145,R & P Model 2025 PM-2.5 Sequential Air Sampler w/VSCC - Gravimetric,Los Angeles-North Main Street,"1630 N MAIN ST, LOS ANGELES",California,Los Angeles,Los Angeles,"Los Angeles-Long Beach-Anaheim, CA",27-09-2024,pm25
6,37,1103,88101,1,34.06659,-118.22688,WGS84,PM2.5 - Local Conditions,24 HOUR,PM25 24-hour 2012,14-03-2024,Micrograms/cubic meter (LC),,1,100,6.7,6.7,0,37.0,145,R & P Model 2025 PM-2.5 Sequential Air Sampler w/VSCC - Gravimetric,Los Angeles-North Main Street,"1630 N MAIN ST, LOS ANGELES",California,Los Angeles,Los Angeles,"Los Angeles-Long Beach-Anaheim, CA",27-09-2024,pm25
6,37,1103,88101,1,34.06659,-118.22688,WGS84,PM2.5 - Local Conditions,24 HOUR,PM25 24-hour 2012,15-03-2024,Micrograms/cubic meter (LC),,1,100,4.8,4.8,0,27.0,145,R & P Model 2025 PM-2.5 Sequential Air Sampler w/VSCC - Gravimetric,Los Angeles-North Main Street,"1630 N MAIN ST, LOS ANGELES",California,Los Angeles,Los Angeles,"Los Angeles-Long Beach-Anaheim, CA",27-09-2024,pm25
6,37,1103,88101,1,34.06659,-118.22688,WGS84,PM2.5 - Local Conditions,24 HOUR,PM25 24-hour 2012,16-03-2024,Micrograms/cubic meter (LC),,1,100,6.4,6.4,0,36.0,145,R & P Model 2025 PM-2.5 Sequential Air Sampler w/VSCC - Gravimetric,Los Angeles-North Main Street,"1630 N MAIN ST, LOS ANGELES",California,Los Angeles,Los Angeles,"Los Angeles-Long Beach-Anaheim, CA",27-09-2024,pm25
6,37,1103,88101,1,34.06659,-118.22688,WGS84,PM2.5 - Local Conditions,24 HOUR,PM25 24-hour 2012,17-03-2024,Micrograms/cubic meter (LC),,1,100,8.4,8.4,0,47.0,145,R & P Model 2025 PM-2.5 Sequential Air Sampler w/VSCC - Gravimetric,Los Angeles-North Main Street,"1630 N MAIN ST, LOS ANGELES",California,Los Angeles,Los Angeles,"Los Angeles-Long Beach-Anaheim, CA",27-09-2024,pm25
6,37,1103,88101,1,34.06659,-118.22688,WGS84,PM2.5 - Local Conditions,24 HOUR,PM25 24-hour 2012,18-03-2024,Micrograms/cubic meter (LC),,1,100,10.2,10.2,0,53.0,145,R & P Model 2025 PM-2.5 Sequential Air Sampler w/VSCC - Gravimetric,Los Angeles-North Main Street,"1630 N MAIN ST, LOS ANGELES",California,Los Angeles,Los Angeles,"Los Angeles-Long Beach-Anaheim, CA",27-09-2024,pm25
6,37,1103,88101,1,34.06659,-118.22688,WGS84,PM2.5 - Local Conditions,24 HOUR,PM25 24-hour 2012,19-03-2024,Micrograms/cubic meter (LC),,1,100,9.7,9.7,0,52.0,145,R & P Model 2025 PM-2.5 Sequential Air Sampler w/VSCC - Gravimetric,Los Angeles-North Main Street,"1630 N MAIN ST, LOS ANGELES",California,Los Angeles,Los Angeles,"Los Angeles-Long Beach-Anaheim, CA",27-09-2024,pm25
6,37,1103,88101,1,34.06659,-118.22688,WGS84,PM2.5 - Local Conditions,24 HOUR,PM25 24-hour 2012,20-03-2024,Micrograms/cubic meter (LC),,1,100,17.1,17.1,0,66.0,145,R & P Model 2025 PM-2.5 Sequential Air Sampler w/VSCC - Gravimetric,Los Angeles-North Main Street,"1630 N MAIN ST, LOS ANGELES",California,Los Angeles,Los Angeles,"Los Angeles-Long Beach-Anaheim, CA",27-09-2024,pm25
6,37,1103,88101,1,34.06659,-118.22688,WGS84,PM2.5 - Local Conditions,24 HOUR,PM25 24-hour 2012,21-03-2024,Micrograms/cubic meter (LC),,1,100,19.5,19.5,0,70.0,145,R & P Model 2025 PM-2.5 Sequential Air Sampler w/VSCC - Gravimetric,Los Angeles-North Main Street,"1630 N MAIN ST, LOS ANGELES",California,Los Angeles,Los Angeles,"Los Angeles-Long Beach-Anaheim, CA",27-09-2024,pm25
6,37,1103,88101,1,34.06659,-118.22688,WGS84,PM2.5 - Local Conditions,24 HOUR,PM25 24-hour 2012,22-03-2024,Micrograms/cubic meter (LC),,1,100,19.1,19.1,0,70.0,145,R & P Model 2025 PM-2.5 Sequential Air Sampler w/VSCC - Gravimetric,Los Angeles-North Main Street,"1630 N MAIN ST, LOS ANGELES",California,Los Angeles,Los Angeles,"Los Angeles-Long Beach-Anaheim, CA",27-09-2024,pm25
6,37,1103,88101,1,34.06659,-118.22688,WGS84,PM2.5 - Local Conditions,24 HOUR,PM25 24-hour 2012,23-03-2024,Micrograms/cubic meter (LC),,1,100,4.5,4.5,0,25.0,145,R & P Model 2025 PM-2.5 Sequential Air Sampler w/VSCC - Gravimetric,Los Angeles-North Main Street,"1630 N MAIN ST, LOS ANGELES",California,Los Angeles,Los Angeles,"Los Angeles-Long Beach-Anaheim, CA",27-09-2024,pm25
6,37,1103,88101,1,34.06659,-118.22688,WGS84,PM2.5 - Local Conditions,24 HOUR,PM25 24-hour 2012,24-03-2024,Micrograms/cubic meter (LC),,1,100,2.5,2.5,0,14.0,145,R & P Model 2025 PM-2.5 Sequential Air Sampler w/VSCC - Gravimetric,Los Angeles-North Main Street,"1630 N MAIN ST, LOS ANGELES",California,Los Angeles,Los Angeles,"Los Angeles-Long Beach-Anaheim, CA",27-09-2024,pm25
6,37,1103,88101,1,34.06659,-118.22688,WGS84,PM2.5 - Local Conditions,24 HOUR,PM25 24-hour 2012,25-03-2024,Micrograms/cubic meter (LC),,1,100,5.2,5.2,0,29.0,145,R & P Model 2025 PM-2.5 Sequential Air Sampler w/VSCC - Gravimetric,Los Angeles-North Main Street,"1630 N MAIN ST, LOS ANGELES",California,Los Angeles,Los Angeles,"Los Angeles-Long Beach-Anaheim, CA",27-09-2024,pm25
6,37,1103,88101,1,34.06659,-118.22688,WGS84,PM2.5 - Local Conditions,24 HOUR,PM25 24-hour 2012,26-03-2024,Micrograms/cubic meter (LC),,1,100,7.6,7.6,0,42.0,145,R & P Model 2025 PM-2.5 Sequential Air Sampler w/VSCC - Gravimetric,Los Angeles-North Main Street,"1630 N MAIN ST, LOS ANGELES",California,Los Angeles,Los Angeles,"Los Angeles-Long Beach-Anaheim, CA",27-09-2024,pm25
6,37,1103,88101,1,34.06659,-118.22688,WGS84,PM2.5 - Local Conditions,24 HOUR,PM25 24-hour 2012,27-03-2024,Micrograms/cubic meter (LC),,1,100,10.8,10.8,0,54.0,145,R & P Model 2025 PM-2.5 Sequential Air Sampler w/VSCC - Gravimetric,Los Angeles-North Main Street,"1630 N MAIN ST, LOS ANGELES",California,Los Angeles,Los Angeles,"Los Angeles-Long Beach-Anaheim, CA",27-09-2024,pm25
6,37,1103,88101,1,34.06659,-118.22688,WGS84,PM2.5 - Local Conditions,24 HOUR,PM25 24-hour 2012,28-03-2024,Micrograms/cubic meter (LC),,1,100,10.3,10.3,0,53.0,145,R & P Model 2025 PM-2.5 Sequential Air Sampler w/VSCC - Gravimetric,Los Angeles-North Main Street,"1630 N MAIN ST, LOS ANGELES",California,Los Angeles,Los Angeles,"Los Angeles-Long Beach-Anaheim, CA",27-09-2024,pm25
6,37,1103,88101,1,34.06659,-118.22688,WGS84,PM2.5 - Local Conditions,24 HOUR,PM25 24-hour 2012,29-03-2024,Micrograms/cubic meter (LC),,1,100,5.5,5.5,0,31.0,145,R & P Model 2025 PM-2.5 Sequential Air Sampler w/VSCC - Gravimetric,Los Angeles-North Main Street,"1630 N MAIN ST, LOS ANGELES",California,Los Angeles,Los Angeles,"Los Angeles-Long Beach-Anaheim, CA",27-09-2024,pm25
6,37,1103,88101,1,34.06659,-118.22688,WGS84,PM2.5 - Local Conditions,24 HOUR,PM25 24-hour 2012,30-03-2024,Micrograms/cubic meter (LC),,1,100,2.1,2.1,0,12.0,145,R & P Model 2025 PM-2.5 Sequential Air Sampler w/VSCC - Gravimetric,Los Angeles-North Main Street,"1630 N MAIN ST, LOS ANGELES",California,Los Angeles,Los Angeles,"Los Angeles-Long Beach-Anaheim, CA",27-09-2024,pm25
6,37,1103,88101,1,34.06659,-118.22688,WGS84,PM2.5 - Local Conditions,24 HOUR,PM25 24-hour 2012,31-03-2024,Micrograms/cubic meter (LC),,1,100,2.2,2.2,0,12.0,145,R & P Model 2025 PM-2.5 Sequential Air Sampler w/VSCC - Gravimetric,Los Angeles-North Main Street,"1630 N MAIN ST, LOS ANGELES",California,Los Angeles,Los Angeles,"Los Angeles-Long Beach-Anaheim, CA",27-09-2024,pm25
6,37,1103,88101,1,34.06659,-118.22688,WGS84,PM2.5 - Local Conditions,24 HOUR,PM25 24-hour 2012,01-04-2024,Micrograms/cubic meter (LC),,1,100,5.2,5.2,0,29.0,145,R & P Model 2025 PM-2.5 Sequential Air Sampler w/VSCC - Gravimetric,Los Angeles-North Main Street,"1630 N MAIN ST, LOS ANGELES",California,Los Angeles,Los Angeles,"Los Angeles-Long Beach-Anaheim, CA",27-09-2024,pm25
6,37,1103,88101,1,34.06659,-118.22688,WGS84,PM2.5 - Local Conditions,24 HOUR,PM25 24-hour 2012,02-04-2024,Micrograms/cubic meter (LC),,1,100,7.7,7.7,0,43.0,145,R & P Model 2025 PM-2.5 Sequential Air Sampler w/VSCC - Gravimetric,Los Angeles-North Main Street,"1630 N MAIN ST, LOS ANGELES",California,Los Angeles,Los Angeles,"Los Angeles-Long Beach-Anaheim, CA",27-09-2024,pm25
6,37,1103,88101,1,34.06659,-118.22688,WGS84,PM2.5 - Local Conditions,24 HOUR,PM25 24-hour 2012,03-04-2024,Micrograms/cubic meter (LC),,1,100,8.5,8.5,0,47.0,145,R & P Model 2025 PM-2.5 Sequential Air Sampler w/VSCC - Gravimetric,Los Angeles-North Main Street,"1630 N MAIN ST, LOS ANGELES",California,Los Angeles,Los Angeles,"Los Angeles-Long Beach-Anaheim, CA",27-09-2024,pm25
6,37,1103,88101,1,34.06659,-118.22688,WGS84,PM2.5 - Local Conditions,24 HOUR,PM25 24-hour 2012,04-04-2024,Micrograms/cubic meter (LC),,1,100,4.9,4.9,0,27.0,145,R & P Model 2025 PM-2.5 Sequential Air Sampler w/VSCC - Gravimetric,Los Angeles-North Main Street,"1630 N MAIN ST, LOS ANGELES",California,Los Angeles,Los Angeles,"Los Angeles-Long Beach-Anaheim, CA",27-09-2024,pm25
6,37,1103,88101,1,34.06659,-118.22688,WGS84,PM2.5 - Local Conditions,24 HOUR,PM25 24-hour 2012,05-04-2024,Micrograms/cubic meter (LC),,1,100,3.8,3.8,0,21.0,145,R & P Model 2025 PM-2.5 Sequential Air Sampler w/VSCC - Gravimetric,Los Angeles-North Main Street,"1630 N MAIN ST, LOS ANGELES",California,Los Angeles,Los Angeles,"Los Angeles-Long Beach-Anaheim, CA",27-09-2024,pm25
6,37,1103,88101,1,34.06659,-118.22688,WGS84,PM2.5 - Local Conditions,24 HOUR,PM25 24-hour 2012,06-04-2024,Micrograms/cubic meter (LC),,1,100,5.1,5.1,0,28.0,145,R & P Model 2025 PM-2.5 Sequential Air Sampler w/VSCC - Gravimetric,Los Angeles-North Main Street,"1630 N MAIN ST, LOS ANGELES",California,Los Angeles,Los Angeles,"Los Angeles-Long Beach-Anaheim, CA",27-09-2024,pm25
6,37,1103,88101,1,34.06659,-118.22688,WGS84,PM2.5 - Local Conditions,24 HOUR,PM25 24-hour 2012,07-04-2024,Micrograms/cubic meter (LC),,1,100,7.1,7.1,0,39.0,145,R & P Model 2025 PM-2.5 Sequential Air Sampler w/VSCC - Gravimetric,Los Angeles-North Main Street,"1630 N MAIN ST, LOS ANGELES",California,Los Angeles,Los Angeles,"Los Angeles-Long Beach-Anaheim, CA",27-09-2024,pm25
6,37,1103,88101,1,34.06659,-118.22688,WGS84,PM2.5 - Local Conditions,24 HOUR,PM25 24-hour 2012,08-04-2024,Micrograms/cubic meter (LC),,1,100,7.2,7.2,0,40.0,145,R & P Model 2025 PM-2.5 Sequential Air Sampler w/VSCC - Gravimetric,Los Angeles-North Main Street,"1630 N MAIN ST, LOS ANGELES",California,Los Angeles,Los Angeles,"Los Angeles-Long Beach-Anaheim, CA",27-09-2024,pm25
6,37,1103,88101,1,34.06659,-118.22688,WGS84,PM2.5 - Local Conditions,24 HOUR,PM25 24-hour 2012,09-04-2024,Micrograms/cubic meter (LC),,1,100,6.5,6.5,0,36.0,145,R & P Model 2025 PM-2.5 Sequential Air Sampler w/VSCC - Gravimetric,Los Angeles-North Main Street,"1630 N MAIN ST, LOS ANGELES",California,Los Angeles,Los Angeles,"Los Angeles-Long Beach-Anaheim, CA",27-09-2024,pm25
6,37,1103,88101,1,34.06659,-118.22688,WGS84,PM2.5 - Local Conditions,24 HOUR,PM25 24-hour 2012,10-04-2024,Micrograms/cubic meter (LC),,1,100,12.2,12.2,0,57.0,145,R & P Model 2025 PM-2.5 Sequential Air Sampler w/VSCC - Gravimetric,Los Angeles-North Main Street,"1630 N MAIN ST, LOS ANGELES",California,Los Angeles,Los Angeles,"Los Angeles-Long Beach-Anaheim, CA",27-09-2024,pm25
6,37,1103,88101,1,34.06659,-118.22688,WGS84,PM2.5 - Local Conditions,24 HOUR,PM25 24-hour 2012,11-04-2024,Micrograms/cubic meter (LC),,1,100,18.5,18.5,0,69.0,145,R & P Model 2025 PM-2.5 Sequential Air Sampler w/VSCC - Gravimetric,Los Angeles-North Main Street,"1630 N MAIN ST, LOS ANGELES",California,Los Angeles,Los Angeles,"Los Angeles-Long Beach-Anaheim, CA",27-09-2024,pm25
6,37,1103,88101,1,34.06659,-118.22688,WGS84,PM2.5 - Local Conditions,24 HOUR,PM25 24-hour 2012,12-04-2024,Micrograms/cubic meter (LC),,1,100,17.3,17.3,0,66.0,145,R & P Model 2025 PM-2.5 Sequential Air Sampler w/VSCC - Gravimetric,Los Angeles-North Main Street,"1630 N MAIN ST, LOS ANGELES",California,Los Angeles,Los Angeles,"Los Angeles-Long Beach-Anaheim, CA",27-09-2024,pm25
6,37,1103,88101,1,34.06659,-118.22688,WGS84,PM2.5 - Local Conditions,24 HOUR,PM25 24-hour 2012,13-04-2024,Micrograms/cubic meter (LC),,1,100,5.5,5.5,0,31.0,145,R & P Model 2025 PM-2.5 Sequential Air Sampler w/VSCC - Gravimetric,Los Angeles-North Main Street,"1630 N MAIN ST, LOS ANGELES",California,Los Angeles,Los Angeles,"Los Angeles-Long Beach-Anaheim, CA",27-09-2024,pm25
6,37,1103,88101,1,34.06659,-118.22688,WGS84,PM2.5 - Local Conditions,24 HOUR,PM25 24-hour 2012,14-04-2024,Micrograms/cubic meter (LC),,1,100,6.7,6.7,0,37.0,145,R & P Model 2025 PM-2.5 Sequential Air Sampler w/VSCC - Gravimetric,Los Angeles-North Main Street,"1630 N MAIN ST, LOS ANGELES",California,Los Angeles,Los Angeles,"Los Angeles-Long Beach-Anaheim, CA",27-09-2024,pm25
6,37,1103,88101,1,34.06659,-118.22688,WGS84,PM2.5 - Local Conditions,24 HOUR,PM25 24-hour 2012,15-04-2024,Micrograms/cubic meter (LC),,1,100,5.5,5.5,0,31.0,145,R & P Model 2025 PM-2.5 Sequential Air Sampler w/VSCC - Gravimetric,Los Angeles-North Main Street,"1630 N MAIN ST, LOS ANGELES",California,Los Angeles,Los Angeles,"Los Angeles-Long Beach-Anaheim, CA",27-09-2024,pm25
6,37,1103,88101,1,34.06659,-118.22688,WGS84,PM2.5 - Local Conditions,24 HOUR,PM25 24-hour 2012,16-04-2024,Micrograms/cubic meter (LC),,1,100,7.6,7.6,0,42.0,145,R & P Model 2025 PM-2.5 Sequential Air Sampler w/VSCC - Gravimetric,Los Angeles-North Main Street,"1630 N MAIN ST, LOS ANGELES",California,Los Angeles,Los Angeles,"Los Angeles-Long Beach-Anaheim, CA",27-09-2024,pm25
6,37,1103,88101,1,34.06659,-118.22688,WGS84,PM2.5 - Local Conditions,24 HOUR,PM25 24-hour 2012,17-04-2024,Micrograms/cubic meter (LC),,1,100,10.0,10.0,0,53.0,145,R & P Model 2025 PM-2.5 Sequential Air Sampler w/VSCC - Gravimetric,Los Angeles-North Main Street,"1630 N MAIN ST, LOS ANGELES",California,Los Angeles,Los Angeles,"Los Angeles-Long Beach-Anaheim, CA",27-09-2024,pm25
6,37,1103,88101,1,34.06659,-118.22688,WGS84,PM2.5 - Local Conditions,24 HOUR,PM25 24-hour 2012,18-04-2024,Micrograms/cubic meter (LC),,1,100,15.5,15.5,0,63.0,145,R & P Model 2025 PM-2.5 Sequential Air Sampler w/VSCC - Gravimetric,Los Angeles-North Main Street,"1630 N MAIN ST, LOS ANGELES",California,Los Angeles,Los Angeles,"Los Angeles-Long Beach-Anaheim, CA",27-09-2024,pm25
6,37,1103,88101,1,34.06659,-118.22688,WGS84,PM2.5 - Local Conditions,24 HOUR,PM25 24-hour 2012,19-04-2024,Micrograms/cubic meter (LC),,1,100,12.0,12.0,0,56.0,145,R & P Model 2025 PM-2.5 Sequential Air Sampler w/VSCC - Gravimetric,Los Angeles-North Main Street,"1630 N MAIN ST, LOS ANGELES",California,Los Angeles,Los Angeles,"Los Angeles-Long Beach-Anaheim, CA",27-09-2024,pm25
6,37,1103,88101,1,34.06659,-118.22688,WGS84,PM2.5 - Local Conditions,24 HOUR,PM25 24-hour 2012,20-04-2024,Micrograms/cubic meter (LC),,1,100,15.4,15.4,0,63.0,145,R & P Model 2025 PM-2.5 Sequential Air Sampler w/VSCC - Gravimetric,Los Angeles-North Main Street,"1630 N MAIN ST, LOS ANGELES",California,Los Angeles,Los Angeles,"Los Angeles-Long Beach-Anaheim, CA",27-09-2024,pm25
6,37,1103,88101,1,34.06659,-118.22688,WGS84,PM2.5 - Local Conditions,24 HOUR,PM25 24-hour 2012,21-04-2024,Micrograms/cubic meter (LC),,1,100,18.1,18.1,0,68.0,145,R & P Model 2025 PM-2.5 Sequential Air Sampler w/VSCC - Gravimetric,Los Angeles-North Main Street,"1630 N MAIN ST, LOS ANGELES",California,Los Angeles,Los Angeles,"Los Angeles-Long Beach-Anaheim, CA",27-09-2024,pm25
6,37,1103,88101,1,34.06659,-118.22688,WGS84,PM2.5 - Local Conditions,24 HOUR,PM25 24-hour 2012,22-04-2024,Micrograms/cubic meter (LC),,1,100,23.8,23.8,0,78.0,145,R & P Model 2025 PM-2.5 Sequential Air Sampler w/VSCC - Gravimetric,Los Angeles-North Main Street,"1630 N MAIN ST, LOS ANGELES",California,Los Angeles,Los Angeles,"Los Angeles-Long Beach-Anaheim, CA",27-09-2024,pm25
6,37,1103,88101,1,34.06659,-118.22688,WGS84,PM2.5 - Local Conditions,24 HOUR,PM25 24-hour 2012,23-04-2024,Micrograms/cubic meter (LC),,1,100,5.9,5.9,0,33.0,145,R & P Model 2025 PM-2.5 Sequential Air Sampler w/VSCC - Gravimetric,Los Angeles-North Main Street,"1630 N MAIN ST, LOS ANGELES",California,Los Angeles,Los Angeles,"Los Angeles-Long Beach-Anaheim, CA",27-09-2024,pm25
6,37,1103,88101,1,34.06659,-118.22688,WGS84,PM2.5 - Local Conditions,24 HOUR,PM25 24-hour 2012,24-04-2024,Micrograms/cubic meter (LC),,1,100,6.9,6.9,0,38.0,145,R & P Model 2025 PM-2.5 Sequential Air Sampler w/VSCC - Gravimetric,Los Angeles-North Main Street,"1630 N MAIN ST, LOS ANGELES",California,Los Angeles,Los Angeles,"Los Angeles-Long Beach-Anaheim, CA",27-09-2024,pm25
6,37,1103,88101,1,34.06659,-118.22688,WGS84,PM2.5 - Local Conditions,24 HOUR,PM25 24-hour 2012,25-04-2024,Micrograms/cubic meter (LC),,1,100,5.3,5.3,0,29.0,145,R & P Model 2025 PM-2.5 Sequential Air Sampler w/VSCC - Gravimetric,Los Angeles-North Main Street,"1630 N MAIN ST, LOS ANGELES",California,Los Angeles,Los Angeles,"Los Angeles-Long Beach-Anaheim, CA",27-09-2024,pm25
6,37,1103,88101,1,34.06659,-118.22688,WGS84,PM2.5 - Local Conditions,24 HOUR,PM25 24-hour 2012,26-04-2024,Micrograms/cubic meter (LC),,1,100,7.6,7.6,0,42.0,145,R & P Model 2025 PM-2.5 Sequential Air Sampler w/VSCC - Gravimetric,Los Angeles-North Main Street,"1630 N MAIN ST, LOS ANGELES",California,Los Angeles,Los Angeles,"Los Angeles-Long Beach-Anaheim, CA",27-09-2024,pm25
6,37,1103,88101,1,34.06659,-118.22688,WGS84,PM2.5 - Local Conditions,24 HOUR,PM25 24-hour 2012,27-04-2024,Micrograms/cubic meter (LC),,1,100,7.9,7.9,0,44.0,145,R & P Model 2025 PM-2.5 Sequential Air Sampler w/VSCC - Gravimetric,Los Angeles-North Main Street,"1630 N MAIN ST, LOS ANGELES",California,Los Angeles,Los Angeles,"Los Angeles-Long Beach-Anaheim, CA",27-09-2024,pm25
6,37,1103,88101,1,34.06659,-118.22688,WGS84,PM2.5 - Local Conditions,24 HOUR,PM25 24-hour 2012,28-04-2024,Micrograms/cubic meter (LC),,1,100,9.5,9.5,0,52.0,145,R & P Model 2025 PM-2.5 Sequential Air Sampler w/VSCC - Gravimetric,Los Angeles-North Main Street,"1630 N MAIN ST, LOS ANGELES",California,Los Angeles,Los Angeles,"Los Angeles-Long Beach-Anaheim, CA",27-09-2024,pm25
6,37,1103,88101,1,34.06659,-118.22688,WGS84,PM2.5 - Local Conditions,24 HOUR,PM25 24-hour 2012,29-04-2024,Micrograms/cubic meter (LC),,1,100,12.0,12.0,0,56.0,145,R & P Model 2025 PM-2.5 Sequential Air Sampler w/VSCC - Gravimetric,Los Angeles-North Main Street,"1630 N MAIN ST, LOS ANGELES",California,Los Angeles,Los Angeles,"Los Angeles-Long Beach-Anaheim, CA",27-09-2024,pm25
6,37,1103,88101,1,34.06659,-118.22688,WGS84,PM2.5 - Local Conditions,24 HOUR,PM25 24-hour 2012,30-04-2024,Micrograms/cubic meter (LC),,1,100,13.5,13.5,0,59.0,145,R & P Model 2025 PM-2.5 Sequential Air Sampler w/VSCC - Gravimetric,Los Angeles-North Main Street,"1630 N MAIN ST, LOS ANGELES",California,Los Angeles,Los Angeles,"Los Angeles-Long Beach-Anaheim, CA",27-09-2024,pm25
6,37,1103,88101,1,34.06659,-118.22688,WGS84,PM2.5 - Local Conditions,24 HOUR,PM25 24-hour 2012,01-05-2024,Micrograms/cubic meter (LC),,1,100,14.6,14.6,0,61.0,145,R & P Model 2025 PM-2.5 Sequential Air Sampler w/VSCC - Gravimetric,Los Angeles-North Main Street,"1630 N MAIN ST, LOS ANGELES",California,Los Angeles,Los Angeles,"Los Angeles-Long Beach-Anaheim, CA",27-09-2024,pm25
6,37,1103,88101,1,34.06659,-118.22688,WGS84,PM2.5 - Local Conditions,24 HOUR,PM25 24-hour 2012,02-05-2024,Micrograms/cubic meter (LC),,1,100,17.8,17.8,0,67.0,145,R & P Model 2025 PM-2.5 Sequential Air Sampler w/VSCC - Gravimetric,Los Angeles-North Main Street,"1630 N MAIN ST, LOS ANGELES",California,Los Angeles,Los Angeles,"Los Angeles-Long Beach-Anaheim, CA",27-09-2024,pm25
6,37,1103,88101,1,34.06659,-118.22688,WGS84,PM2.5 - Local Conditions,24 HOUR,PM25 24-hour 2012,03-05-2024,Micrograms/cubic meter (LC),,1,100,12.3,12.3,0,57.0,145,R & P Model 2025 PM-2.5 Sequential Air Sampler w/VSCC - Gravimetric,Los Angeles-North Main Street,"1630 N MAIN ST, LOS ANGELES",California,Los Angeles,Los Angeles,"Los Angeles-Long Beach-Anaheim, CA",27-09-2024,pm25
6,37,1103,88101,1,34.06659,-118.22688,WGS84,PM2.5 - Local Conditions,24 HOUR,PM25 24-hour 2012,04-05-2024,Micrograms/cubic meter (LC),,1,100,8.8,8.8,0,49.0,145,R & P Model 2025 PM-2.5 Sequential Air Sampler w/VSCC - Gravimetric,Los Angeles-North Main Street,"1630 N MAIN ST, LOS ANGELES",California,Los Angeles,Los Angeles,"Los Angeles-Long Beach-Anaheim, CA",27-09-2024,pm25
6,37,1103,88101,1,34.06659,-118.22688,WGS84,PM2.5 - Local Conditions,24 HOUR,PM25 24-hour 2012,06-05-2024,Micrograms/cubic meter (LC),,1,100,7.2,7.2,0,40.0,145,R & P Model 2025 PM-2.5 Sequential Air Sampler w/VSCC - Gravimetric,Los Angeles-North Main Street,"1630 N MAIN ST, LOS ANGELES",California,Los Angeles,Los Angeles,"Los Angeles-Long Beach-Anaheim, CA",27-09-2024,pm25
6,37,1103,88101,1,34.06659,-118.22688,WGS84,PM2.5 - Local Conditions,24 HOUR,PM25 24-hour 2012,07-05-2024,Micrograms/cubic meter (LC),,1,100,8.8,8.8,0,49.0,145,R & P Model 2025 PM-2.5 Sequential Air Sampler w/VSCC - Gravimetric,Los Angeles-North Main Street,"1630 N MAIN ST, LOS ANGELES",California,Los Angeles,Los Angeles,"Los Angeles-Long Beach-Anaheim, CA",27-09-2024,pm25
6,37,1103,88101,1,34.06659,-118.22688,WGS84,PM2.5 - Local Conditions,24 HOUR,PM25 24-hour 2012,08-05-2024,Micrograms/cubic meter (LC),,1,100,12.2,12.2,0,57.0,145,R & P Model 2025 PM-2.5 Sequential Air Sampler w/VSCC - Gravimetric,Los Angeles-North Main Street,"1630 N MAIN ST, LOS ANGELES",California,Los Angeles,Los Angeles,"Los Angeles-Long Beach-Anaheim, CA",27-09-2024,pm25
6,37,1103,88101,1,34.06659,-118.22688,WGS84,PM2.5 - Local Conditions,24 HOUR,PM25 24-hour 2012,09-05-2024,Micrograms/cubic meter (LC),,1,100,13.5,13.5,0,59.0,145,R & P Model 2025 PM-2.5 Sequential Air Sampler w/VSCC - Gravimetric,Los Angeles-North Main Street,"1630 N MAIN ST, LOS ANGELES",California,Los Angeles,Los Angeles,"Los Angeles-Long Beach-Anaheim, CA",27-09-2024,pm25
6,37,1103,88101,1,34.06659,-118.22688,WGS84,PM2.5 - Local Conditions,24 HOUR,PM25 24-hour 2012,10-05-2024,Micrograms/cubic meter (LC),,1,100,12.9,12.9,0,58.0,145,R & P Model 2025 PM-2.5 Sequential Air Sampler w/VSCC - Gravimetric,Los Angeles-North Main Street,"1630 N MAIN ST, LOS ANGELES",California,Los Angeles,Los Angeles,"Los Angeles-Long Beach-Anaheim, CA",27-09-2024,pm25
6,37,1103,88101,1,34.06659,-118.22688,WGS84,PM2.5 - Local Conditions,24 HOUR,PM25 24-hour 2012,11-05-2024,Micrograms/cubic meter (LC),,1,100,10.4,10.4,0,53.0,145,R & P Model 2025 PM-2.5 Sequential Air Sampler w/VSCC - Gravimetric,Los Angeles-North Main Street,"1630 N MAIN ST, LOS ANGELES",California,Los Angeles,Los Angeles,"Los Angeles-Long Beach-Anaheim, CA",27-09-2024,pm25
6,37,1103,88101,1,34.06659,-118.22688,WGS84,PM2.5 - Local Conditions,24 HOUR,PM25 24-hour 2012,12-05-2024,Micrograms/cubic meter (LC),,1,100,14.5,14.5,0,61.0,145,R & P Model 2025 PM-2.5 Sequential Air Sampler w/VSCC - Gravimetric,Los Angeles-North Main Street,"1630 N MAIN ST, LOS ANGELES",California,Los Angeles,Los Angeles,"Los Angeles-Long Beach-Anaheim, CA",27-09-2024,pm25
6,37,1103,88101,1,34.06659,-118.22688,WGS84,PM2.5 - Local Conditions,24 HOUR,PM25 24-hour 2012,13-05-2024,Micrograms/cubic meter (LC),,1,100,10.7,10.7,0,54.0,145,R & P Model 2025 PM-2.5 Sequential Air Sampler w/VSCC - Gravimetric,Los Angeles-North Main Street,"1630 N MAIN ST, LOS ANGELES",California,Los Angeles,Los Angeles,"Los Angeles-Long Beach-Anaheim, CA",27-09-2024,pm25
6,37,1103,88101,1,34.06659,-118.22688,WGS84,PM2.5 - Local Conditions,24 HOUR,PM25 24-hour 2012,14-05-2024,Micrograms/cubic meter (LC),,1,100,10.1,10.1,0,53.0,145,R & P Model 2025 PM-2.5 Sequential Air Sampler w/VSCC - Gravimetric,Los Angeles-North Main Street,"1630 N MAIN ST, LOS ANGELES",California,Los Angeles,Los Angeles,"Los Angeles-Long Beach-Anaheim, CA",27-09-2024,pm25
6,37,1103,88101,1,34.06659,-118.22688,WGS84,PM2.5 - Local Conditions,24 HOUR,PM25 24-hour 2012,15-05-2024,Micrograms/cubic meter (LC),,1,100,7.2,7.2,0,40.0,145,R & P Model 2025 PM-2.5 Sequential Air Sampler w/VSCC - Gravimetric,Los Angeles-North Main Street,"1630 N MAIN ST, LOS ANGELES",California,Los Angeles,Los Angeles,"Los Angeles-Long Beach-Anaheim, CA",27-09-2024,pm25
6,37,1103,88101,1,34.06659,-118.22688,WGS84,PM2.5 - Local Conditions,24 HOUR,PM25 24-hour 2012,16-05-2024,Micrograms/cubic meter (LC),,1,100,6.9,6.9,0,38.0,145,R & P Model 2025 PM-2.5 Sequential Air Sampler w/VSCC - Gravimetric,Los Angeles-North Main Street,"1630 N MAIN ST, LOS ANGELES",California,Los Angeles,Los Angeles,"Los Angeles-Long Beach-Anaheim, CA",27-09-2024,pm25
6,37,1103,88101,1,34.06659,-118.22688,WGS84,PM2.5 - Local Conditions,24 HOUR,PM25 24-hour 2012,17-05-2024,Micrograms/cubic meter (LC),,1,100,6.0,6.0,0,33.0,145,R & P Model 2025 PM-2.5 Sequential Air Sampler w/VSCC - Gravimetric,Los Angeles-North Main Street,"1630 N MAIN ST, LOS ANGELES",California,Los Angeles,Los Angeles,"Los Angeles-Long Beach-Anaheim, CA",27-09-2024,pm25
6,37,1103,88101,1,34.06659,-118.22688,WGS84,PM2.5 - Local Conditions,24 HOUR,PM25 24-hour 2012,18-05-2024,Micrograms/cubic meter (LC),,1,100,6.2,6.2,0,34.0,145,R & P Model 2025 PM-2.5 Sequential Air Sampler w/VSCC - Gravimetric,Los Angeles-North Main Street,"1630 N MAIN ST, LOS ANGELES",California,Los Angeles,Los Angeles,"Los Angeles-Long Beach-Anaheim, CA",27-09-2024,pm25
6,37,1103,88101,1,34.06659,-118.22688,WGS84,PM2.5 - Local Conditions,24 HOUR,PM25 24-hour 2012,19-05-2024,Micrograms/cubic meter (LC),,1,100,6.4,6.4,0,36.0,145,R & P Model 2025 PM-2.5 Sequential Air Sampler w/VSCC - Gravimetric,Los Angeles-North Main Street,"1630 N MAIN ST, LOS ANGELES",California,Los Angeles,Los Angeles,"Los Angeles-Long Beach-Anaheim, CA",27-09-2024,pm25
6,37,1103,88101,1,34.06659,-118.22688,WGS84,PM2.5 - Local Conditions,24 HOUR,PM25 24-hour 2012,20-05-2024,Micrograms/cubic meter (LC),,1,100,7.0,7.0,0,39.0,145,R & P Model 2025 PM-2.5 Sequential Air Sampler w/VSCC - Gravimetric,Los Angeles-North Main Street,"1630 N MAIN ST, LOS ANGELES",California,Los Angeles,Los Angeles,"Los Angeles-Long Beach-Anaheim, CA",27-09-2024,pm25
6,37,1103,88101,1,34.06659,-118.22688,WGS84,PM2.5 - Local Conditions,24 HOUR,PM25 24-hour 2012,21-05-2024,Micrograms/cubic meter (LC),,1,100,12.1,12.1,0,57.0,145,R & P Model 2025 PM-2.5 Sequential Air Sampler w/VSCC - Gravimetric,Los Angeles-North Main Street,"1630 N MAIN ST, LOS ANGELES",California,Los Angeles,Los Angeles,"Los Angeles-Long Beach-Anaheim, CA",27-09-2024,pm25
6,37,1103,88101,1,34.06659,-118.22688,WGS84,PM2.5 - Local Conditions,24 HOUR,PM25 24-hour 2012,22-05-2024,Micrograms/cubic meter (LC),,1,100,16.7,16.7,0,65.0,145,R & P Model 2025 PM-2.5 Sequential Air Sampler w/VSCC - Gravimetric,Los Angeles-North Main Street,"1630 N MAIN ST, LOS ANGELES",California,Los Angeles,Los Angeles,"Los Angeles-Long Beach-Anaheim, CA",27-09-2024,pm25
6,37,1103,88101,1,34.06659,-118.22688,WGS84,PM2.5 - Local Conditions,24 HOUR,PM25 24-hour 2012,23-05-2024,Micrograms/cubic meter (LC),,1,100,10.7,10.7,0,54.0,145,R & P Model 2025 PM-2.5 Sequential Air Sampler w/VSCC - Gravimetric,Los Angeles-North Main Street,"1630 N MAIN ST, LOS ANGELES",California,Los Angeles,Los Angeles,"Los Angeles-Long Beach-Anaheim, CA",27-09-2024,pm25
6,37,1103,88101,1,34.06659,-118.22688,WGS84,PM2.5 - Local Conditions,24 HOUR,PM25 24-hour 2012,24-05-2024,Micrograms/cubic meter (LC),,1,100,12.2,12.2,0,57.0,145,R & P Model 2025 PM-2.5 Sequential Air Sampler w/VSCC - Gravimetric,Los Angeles-North Main Street,"1630 N MAIN ST, LOS ANGELES",California,Los Angeles,Los Angeles,"Los Angeles-Long Beach-Anaheim, CA",27-09-2024,pm25
6,37,1103,88101,1,34.06659,-118.22688,WGS84,PM2.5 - Local Conditions,24 HOUR,PM25 24-hour 2012,25-05-2024,Micrograms/cubic meter (LC),,1,100,6.1,6.1,0,34.0,145,R & P Model 2025 PM-2.5 Sequential Air Sampler w/VSCC - Gravimetric,Los Angeles-North Main Street,"1630 N MAIN ST, LOS ANGELES",California,Los Angeles,Los Angeles,"Los Angeles-Long Beach-Anaheim, CA",27-09-2024,pm25
6,37,1103,88101,1,34.06659,-118.22688,WGS84,PM2.5 - Local Conditions,24 HOUR,PM25 24-hour 2012,26-05-2024,Micrograms/cubic meter (LC),,1,100,6.7,6.7,0,37.0,145,R & P Model 2025 PM-2.5 Sequential Air Sampler w/VSCC - Gravimetric,Los Angeles-North Main Street,"1630 N MAIN ST, LOS ANGELES",California,Los Angeles,Los Angeles,"Los Angeles-Long Beach-Anaheim, CA",27-09-2024,pm25
6,37,1103,88101,1,34.06659,-118.22688,WGS84,PM2.5 - Local Conditions,24 HOUR,PM25 24-hour 2012,27-05-2024,Micrograms/cubic meter (LC),,1,100,12.5,12.5,0,57.0,145,R & P Model 2025 PM-2.5 Sequential Air Sampler w/VSCC - Gravimetric,Los Angeles-North Main Street,"1630 N MAIN ST, LOS ANGELES",California,Los Angeles,Los Angeles,"Los Angeles-Long Beach-Anaheim, CA",27-09-2024,pm25
6,37,1103,88101,1,34.06659,-118.22688,WGS84,PM2.5 - Local Conditions,24 HOUR,PM25 24-hour 2012,28-05-2024,Micrograms/cubic meter (LC),,1,100,14.4,14.4,0,61.0,145,R & P Model 2025 PM-2.5 Sequential Air Sampler w/VSCC - Gravimetric,Los Angeles-North Main Street,"1630 N MAIN ST, LOS ANGELES",California,Los Angeles,Los Angeles,"Los Angeles-Long Beach-Anaheim, CA",27-09-2024,pm25
6,37,1103,88101,1,34.06659,-118.22688,WGS84,PM2.5 - Local Conditions,24 HOUR,PM25 24-hour 2012,29-05-2024,Micrograms/cubic meter (LC),,1,100,11.4,11.4,0,55.0,145,R & P Model 2025 PM-2.5 Sequential Air Sampler w/VSCC - Gravimetric,Los Angeles-North Main Street,"1630 N MAIN ST, LOS ANGELES",California,Los Angeles,Los Angeles,"Los Angeles-Long Beach-Anaheim, CA",27-09-2024,pm25
6,37,1103,88101,1,34.06659,-118.22688,WGS84,PM2.5 - Local Conditions,24 HOUR,PM25 24-hour 2012,30-05-2024,Micrograms/cubic meter (LC),,1,100,16.5,16.5,0,65.0,145,R & P Model 2025 PM-2.5 Sequential Air Sampler w/VSCC - Gravimetric,Los Angeles-North Main Street,"1630 N MAIN ST, LOS ANGELES",California,Los Angeles,Los Angeles,"Los Angeles-Long Beach-Anaheim, CA",27-09-2024,pm25
6,37,1103,88101,1,34.06659,-118.22688,WGS84,PM2.5 - Local Conditions,24 HOUR,PM25 24-hour 2012,31-05-2024,Micrograms/cubic meter (LC),,1,100,17.9,17.9,0,67.0,145,R & P Model 2025 PM-2.5 Sequential Air Sampler w/VSCC - Gravimetric,Los Angeles-North Main Street,"1630 N MAIN ST, LOS ANGELES",California,Los Angeles,Los Angeles,"Los Angeles-Long Beach-Anaheim, CA",27-09-2024,pm25
6,37,1103,88101,1,34.06659,-118.22688,WGS84,PM2.5 - Local Conditions,24 HOUR,PM25 24-hour 2012,01-06-2024,Micrograms/cubic meter (LC),,1,100,10.8,10.8,0,54.0,145,R & P Model 2025 PM-2.5 Sequential Air Sampler w/VSCC - Gravimetric,Los Angeles-North Main Street,"1630 N MAIN ST, LOS ANGELES",California,Los Angeles,Los Angeles,"Los Angeles-Long Beach-Anaheim, CA",27-09-2024,pm25
6,37,1103,88101,1,34.06659,-118.22688,WGS84,PM2.5 - Local Conditions,24 HOUR,PM25 24-hour 2012,02-06-2024,Micrograms/cubic meter (LC),,1,100,6.8,6.8,0,38.0,145,R & P Model 2025 PM-2.5 Sequential Air Sampler w/VSCC - Gravimetric,Los Angeles-North Main Street,"1630 N MAIN ST, LOS ANGELES",California,Los Angeles,Los Angeles,"Los Angeles-Long Beach-Anaheim, CA",27-09-2024,pm25
6,37,1103,88101,1,34.06659,-118.22688,WGS84,PM2.5 - Local Conditions,24 HOUR,PM25 24-hour 2012,03-06-2024,Micrograms/cubic meter (LC),,1,100,10.8,10.8,0,54.0,145,R & P Model 2025 PM-2.5 Sequential Air Sampler w/VSCC - Gravimetric,Los Angeles-North Main Street,"1630 N MAIN ST, LOS ANGELES",California,Los Angeles,Los Angeles,"Los Angeles-Long Beach-Anaheim, CA",27-09-2024,pm25
6,37,1103,88101,1,34.06659,-118.22688,WGS84,PM2.5 - Local Conditions,24 HOUR,PM25 24-hour 2012,04-06-2024,Micrograms/cubic meter (LC),,1,100,12.5,12.5,0,57.0,145,R & P Model 2025 PM-2.5 Sequential Air Sampler w/VSCC - Gravimetric,Los Angeles-North Main Street,"1630 N MAIN ST, LOS ANGELES",California,Los Angeles,Los Angeles,"Los Angeles-Long Beach-Anaheim, CA",27-09-2024,pm25
6,37,1103,88101,1,34.06659,-118.22688,WGS84,PM2.5 - Local Conditions,24 HOUR,PM25 24-hour 2012,05-06-2024,Micrograms/cubic meter (LC),,1,100,16.7,16.7,0,65.0,145,R & P Model 2025 PM-2.5 Sequential Air Sampler w/VSCC - Gravimetric,Los Angeles-North Main Street,"1630 N MAIN ST, LOS ANGELES",California,Los Angeles,Los Angeles,"Los Angeles-Long Beach-Anaheim, CA",27-09-2024,pm25
6,37,1103,88101,1,34.06659,-118.22688,WGS84,PM2.5 - Local Conditions,24 HOUR,PM25 24-hour 2012,06-06-2024,Micrograms/cubic meter (LC),,1,100,13.3,13.3,0,59.0,145,R & P Model 2025 PM-2.5 Sequential Air Sampler w/VSCC - Gravimetric,Los Angeles-North Main Street,"1630 N MAIN ST, LOS ANGELES",California,Los Angeles,Los Angeles,"Los Angeles-Long Beach-Anaheim, CA",27-09-2024,pm25
6,37,1103,88101,1,34.06659,-118.22688,WGS84,PM2.5 - Local Conditions,24 HOUR,PM25 24-hour 2012,07-06-2024,Micrograms/cubic meter (LC),,1,100,7.0,7.0,0,39.0,145,R & P Model 2025 PM-2.5 Sequential Air Sampler w/VSCC - Gravimetric,Los Angeles-North Main Street,"1630 N MAIN ST, LOS ANGELES",California,Los Angeles,Los Angeles,"Los Angeles-Long Beach-Anaheim, CA",27-09-2024,pm25
6,37,1103,88101,1,34.06659,-118.22688,WGS84,PM2.5 - Local Conditions,24 HOUR,PM25 24-hour 2012,08-06-2024,Micrograms/cubic meter (LC),,1,100,5.9,5.9,0,33.0,145,R & P Model 2025 PM-2.5 Sequential Air Sampler w/VSCC - Gravimetric,Los Angeles-North Main Street,"1630 N MAIN ST, LOS ANGELES",California,Los Angeles,Los Angeles,"Los Angeles-Long Beach-Anaheim, CA",27-09-2024,pm25
6,37,1103,88101,1,34.06659,-118.22688,WGS84,PM2.5 - Local Conditions,24 HOUR,PM25 24-hour 2012,09-06-2024,Micrograms/cubic meter (LC),,1,100,5.2,5.2,0,29.0,145,R & P Model 2025 PM-2.5 Sequential Air Sampler w/VSCC - Gravimetric,Los Angeles-North Main Street,"1630 N MAIN ST, LOS ANGELES",California,Los Angeles,Los Angeles,"Los Angeles-Long Beach-Anaheim, CA",27-09-2024,pm25
6,37,1103,88101,1,34.06659,-118.22688,WGS84,PM2.5 - Local Conditions,24 HOUR,PM25 24-hour 2012,10-06-2024,Micrograms/cubic meter (LC),,1,100,10.1,10.1,0,53.0,145,R & P Model 2025 PM-2.5 Sequential Air Sampler w/VSCC - Gravimetric,Los Angeles-North Main Street,"1630 N MAIN ST, LOS ANGELES",California,Los Angeles,Los Angeles,"Los Angeles-Long Beach-Anaheim, CA",27-09-2024,pm25
6,37,1103,88101,1,34.06659,-118.22688,WGS84,PM2.5 - Local Conditions,24 HOUR,PM25 24-hour 2012,11-06-2024,Micrograms/cubic meter (LC),,1,100,13.2,13.2,0,59.0,145,R & P Model 2025 PM-2.5 Sequential Air Sampler w/VSCC - Gravimetric,Los Angeles-North Main Street,"1630 N MAIN ST, LOS ANGELES",California,Los Angeles,Los Angeles,"Los Angeles-Long Beach-Anaheim, CA",27-09-2024,pm25
6,37,1103,88101,1,34.06659,-118.22688,WGS84,PM2.5 - Local Conditions,24 HOUR,PM25 24-hour 2012,12-06-2024,Micrograms/cubic meter (LC),,1,100,7.4,7.4,0,41.0,145,R & P Model 2025 PM-2.5 Sequential Air Sampler w/VSCC - Gravimetric,Los Angeles-North Main Street,"1630 N MAIN ST, LOS ANGELES",California,Los Angeles,Los Angeles,"Los Angeles-Long Beach-Anaheim, CA",27-09-2024,pm25
6,37,1103,88101,1,34.06659,-118.22688,WGS84,PM2.5 - Local Conditions,24 HOUR,PM25 24-hour 2012,13-06-2024,Micrograms/cubic meter (LC),,1,100,8.7,8.7,0,48.0,145,R & P Model 2025 PM-2.5 Sequential Air Sampler w/VSCC - Gravimetric,Los Angeles-North Main Street,"1630 N MAIN ST, LOS ANGELES",California,Los Angeles,Los Angeles,"Los Angeles-Long Beach-Anaheim, CA",27-09-2024,pm25
6,37,1103,88101,1,34.06659,-118.22688,WGS84,PM2.5 - Local Conditions,24 HOUR,PM25 24-hour 2012,14-06-2024,Micrograms/cubic meter (LC),,1,100,9.9,9.9,0,52.0,145,R & P Model 2025 PM-2.5 Sequential Air Sampler w/VSCC - Gravimetric,Los Angeles-North Main Street,"1630 N MAIN ST, LOS ANGELES",California,Los Angeles,Los Angeles,"Los Angeles-Long Beach-Anaheim, CA",27-09-2024,pm25
6,37,1103,88101,1,34.06659,-118.22688,WGS84,PM2.5 - Local Conditions,24 HOUR,PM25 24-hour 2012,15-06-2024,Micrograms/cubic meter (LC),,1,100,15.9,15.9,0,64.0,145,R & P Model 2025 PM-2.5 Sequential Air Sampler w/VSCC - Gravimetric,Los Angeles-North Main Street,"1630 N MAIN ST, LOS ANGELES",California,Los Angeles,Los Angeles,"Los Angeles-Long Beach-Anaheim, CA",27-09-2024,pm25
6,37,1103,88101,1,34.06659,-118.22688,WGS84,PM2.5 - Local Conditions,24 HOUR,PM25 24-hour 2012,16-06-2024,Micrograms/cubic meter (LC),,1,100,17.9,17.9,0,67.0,145,R & P Model 2025 PM-2.5 Sequential Air Sampler w/VSCC - Gravimetric,Los Angeles-North Main Street,"1630 N MAIN ST, LOS ANGELES",California,Los Angeles,Los Angeles,"Los Angeles-Long Beach-Anaheim, CA",27-09-2024,pm25
6,37,1103,88101,1,34.06659,-118.22688,WGS84,PM2.5 - Local Conditions,24 HOUR,PM25 24-hour 2012,17-06-2024,Micrograms/cubic meter (LC),,1,100,18.0,18.0,0,68.0,145,R & P Model 2025 PM-2.5 Sequential Air Sampler w/VSCC - Gravimetric,Los Angeles-North Main Street,"1630 N MAIN ST, LOS ANGELES",California,Los Angeles,Los Angeles,"Los Angeles-Long Beach-Anaheim, CA",27-09-2024,pm25
6,37,1103,88101,1,34.06659,-118.22688,WGS84,PM2.5 - Local Conditions,24 HOUR,PM25 24-hour 2012,18-06-2024,Micrograms/cubic meter (LC),,1,100,16.7,16.7,0,65.0,145,R & P Model 2025 PM-2.5 Sequential Air Sampler w/VSCC - Gravimetric,Los Angeles-North Main Street,"1630 N MAIN ST, LOS ANGELES",California,Los Angeles,Los Angeles,"Los Angeles-Long Beach-Anaheim, CA",27-09-2024,pm25
6,37,1103,88101,1,34.06659,-118.22688,WGS84,PM2.5 - Local Conditions,24 HOUR,PM25 24-hour 2012,19-06-2024,Micrograms/cubic meter (LC),,1,100,15.3,15.3,0,63.0,145,R & P Model 2025 PM-2.5 Sequential Air Sampler w/VSCC - Gravimetric,Los Angeles-North Main Street,"1630 N MAIN ST, LOS ANGELES",California,Los Angeles,Los Angeles,"Los Angeles-Long Beach-Anaheim, CA",27-09-2024,pm25
6,37,1103,88101,1,34.06659,-118.22688,WGS84,PM2.5 - Local Conditions,24 HOUR,PM25 24-hour 2012,20-06-2024,Micrograms/cubic meter (LC),,1,100,14.1,14.1,0,60.0,145,R & P Model 2025 PM-2.5 Sequential Air Sampler w/VSCC - Gravimetric,Los Angeles-North Main Street,"1630 N MAIN ST, LOS ANGELES",California,Los Angeles,Los Angeles,"Los Angeles-Long Beach-Anaheim, CA",27-09-2024,pm25
6,37,1103,88101,1,34.06659,-118.22688,WGS84,PM2.5 - Local Conditions,24 HOUR,PM25 24-hour 2012,21-06-2024,Micrograms/cubic meter (LC),,1,100,12.7,12.7,0,58.0,145,R & P Model 2025 PM-2.5 Sequential Air Sampler w/VSCC - Gravimetric,Los Angeles-North Main Street,"1630 N MAIN ST, LOS ANGELES",California,Los Angeles,Los Angeles,"Los Angeles-Long Beach-Anaheim, CA",27-09-2024,pm25
6,37,1103,88101,1,34.06659,-118.22688,WGS84,PM2.5 - Local Conditions,24 HOUR,PM25 24-hour 2012,22-06-2024,Micrograms/cubic meter (LC),,1,100,15.4,15.4,0,63.0,145,R & P Model 2025 PM-2.5 Sequential Air Sampler w/VSCC - Gravimetric,Los Angeles-North Main Street,"1630 N MAIN ST, LOS ANGELES",California,Los Angeles,Los Angeles,"Los Angeles-Long Beach-Anaheim, CA",27-09-2024,pm25
6,37,1103,88101,1,34.06659,-118.22688,WGS84,PM2.5 - Local Conditions,24 HOUR,PM25 24-hour 2012,23-06-2024,Micrograms/cubic meter (LC),,1,100,10.9,10.9,0,54.0,145,R & P Model 2025 PM-2.5 Sequential Air Sampler w/VSCC - Gravimetric,Los Angeles-North Main Street,"1630 N MAIN ST, LOS ANGELES",California,Los Angeles,Los Angeles,"Los Angeles-Long Beach-Anaheim, CA",27-09-2024,pm25
6,37,1103,88101,1,34.06659,-118.22688,WGS84,PM2.5 - Local Conditions,24 HOUR,PM25 24-hour 2012,24-06-2024,Micrograms/cubic meter (LC),,1,100,9.0,9.0,0,50.0,145,R & P Model 2025 PM-2.5 Sequential Air Sampler w/VSCC - Gravimetric,Los Angeles-North Main Street,"1630 N MAIN ST, LOS ANGELES",California,Los Angeles,Los Angeles,"Los Angeles-Long Beach-Anaheim, CA",27-09-2024,pm25
6,37,1103,88101,1,34.06659,-118.22688,WGS84,PM2.5 - Local Conditions,24 HOUR,PM25 24-hour 2012,25-06-2024,Micrograms/cubic meter (LC),,1,100,13.0,13.0,0,58.0,145,R & P Model 2025 PM-2.5 Sequential Air Sampler w/VSCC - Gravimetric,Los Angeles-North Main Street,"1630 N MAIN ST, LOS ANGELES",California,Los Angeles,Los Angeles,"Los Angeles-Long Beach-Anaheim, CA",27-09-2024,pm25
6,37,1103,88101,1,34.06659,-118.22688,WGS84,PM2.5 - Local Conditions,24 HOUR,PM25 24-hour 2012,26-06-2024,Micrograms/cubic meter (LC),,1,100,13.4,13.4,0,59.0,145,R & P Model 2025 PM-2.5 Sequential Air Sampler w/VSCC - Gravimetric,Los Angeles-North Main Street,"1630 N MAIN ST, LOS ANGELES",California,Los Angeles,Los Angeles,"Los Angeles-Long Beach-Anaheim, CA",27-09-2024,pm25
6,37,1103,88101,1,34.06659,-118.22688,WGS84,PM2.5 - Local Conditions,24 HOUR,PM25 24-hour 2012,27-06-2024,Micrograms/cubic meter (LC),,1,100,11.8,11.8,0,56.0,145,R & P Model 2025 PM-2.5 Sequential Air Sampler w/VSCC - Gravimetric,Los Angeles-North Main Street,"1630 N MAIN ST, LOS ANGELES",California,Los Angeles,Los Angeles,"Los Angeles-Long Beach-Anaheim, CA",27-09-2024,pm25
6,37,1103,88101,1,34.06659,-118.22688,WGS84,PM2.5 - Local Conditions,24 HOUR,PM25 24-hour 2012,28-06-2024,Micrograms/cubic meter (LC),,1,100,12.7,12.7,0,58.0,145,R & P Model 2025 PM-2.5 Sequential Air Sampler w/VSCC - Gravimetric,Los Angeles-North Main Street,"1630 N MAIN ST, LOS ANGELES",California,Los Angeles,Los Angeles,"Los Angeles-Long Beach-Anaheim, CA",27-09-2024,pm25
6,37,1103,88101,1,34.06659,-118.22688,WGS84,PM2.5 - Local Conditions,24 HOUR,PM25 24-hour 2012,29-06-2024,Micrograms/cubic meter (LC),,1,100,13.3,13.3,0,59.0,145,R & P Model 2025 PM-2.5 Sequential Air Sampler w/VSCC - Gravimetric,Los Angeles-North Main Street,"1630 N MAIN ST, LOS ANGELES",California,Los Angeles,Los Angeles,"Los Angeles-Long Beach-Anaheim, CA",27-09-2024,pm25
6,37,1103,88101,1,34.06659,-118.22688,WGS84,PM2.5 - Local Conditions,24 HOUR,PM25 24-hour 2012,30-06-2024,Micrograms/cubic meter (LC),,1,100,12.2,12.2,0,57.0,145,R & P Model 2025 PM-2.5 Sequential Air Sampler w/VSCC - Gravimetric,Los Angeles-North Main Street,"1630 N MAIN ST, LOS ANGELES",California,Los Angeles,Los Angeles,"Los Angeles-Long Beach-Anaheim, CA",27-09-2024,pm25
6,37,1103,88101,2,34.06659,-118.22688,WGS84,PM2.5 - Local Conditions,24 HOUR,PM25 24-hour 2012,01-01-2024,Micrograms/cubic meter (LC),,1,100,14.4,14.4,0,61.0,145,R & P Model 2025 PM-2.5 Sequential Air Sampler w/VSCC - Gravimetric,Los Angeles-North Main Street,"1630 N MAIN ST, LOS ANGELES",California,Los Angeles,Los Angeles,"Los Angeles-Long Beach-Anaheim, CA",27-09-2024,pm25
6,37,1103,88101,2,34.06659,-118.22688,WGS84,PM2.5 - Local Conditions,24 HOUR,PM25 24-hour 2012,07-01-2024,Micrograms/cubic meter (LC),,1,100,2.2,2.2,0,12.0,145,R & P Model 2025 PM-2.5 Sequential Air Sampler w/VSCC - Gravimetric,Los Angeles-North Main Street,"1630 N MAIN ST, LOS ANGELES",California,Los Angeles,Los Angeles,"Los Angeles-Long Beach-Anaheim, CA",27-09-2024,pm25
6,37,1103,88101,2,34.06659,-118.22688,WGS84,PM2.5 - Local Conditions,24 HOUR,PM25 24-hour 2012,13-01-2024,Micrograms/cubic meter (LC),,1,100,14.4,14.4,0,61.0,145,R & P Model 2025 PM-2.5 Sequential Air Sampler w/VSCC - Gravimetric,Los Angeles-North Main Street,"1630 N MAIN ST, LOS ANGELES",California,Los Angeles,Los Angeles,"Los Angeles-Long Beach-Anaheim, CA",27-09-2024,pm25
6,37,1103,88101,2,34.06659,-118.22688,WGS84,PM2.5 - Local Conditions,24 HOUR,PM25 24-hour 2012,19-01-2024,Micrograms/cubic meter (LC),,1,100,19.5,19.5,0,70.0,145,R & P Model 2025 PM-2.5 Sequential Air Sampler w/VSCC - Gravimetric,Los Angeles-North Main Street,"1630 N MAIN ST, LOS ANGELES",California,Los Angeles,Los Angeles,"Los Angeles-Long Beach-Anaheim, CA",27-09-2024,pm25
6,37,1103,88101,2,34.06659,-118.22688,WGS84,PM2.5 - Local Conditions,24 HOUR,PM25 24-hour 2012,25-01-2024,Micrograms/cubic meter (LC),,1,100,6.4,6.4,0,36.0,145,R & P Model 2025 PM-2.5 Sequential Air Sampler w/VSCC - Gravimetric,Los Angeles-North Main Street,"1630 N MAIN ST, LOS ANGELES",California,Los Angeles,Los Angeles,"Los Angeles-Long Beach-Anaheim, CA",27-09-2024,pm25
6,37,1103,88101,2,34.06659,-118.22688,WGS84,PM2.5 - Local Conditions,24 HOUR,PM25 24-hour 2012,31-01-2024,Micrograms/cubic meter (LC),,1,100,15.1,15.1,0,62.0,145,R & P Model 2025 PM-2.5 Sequential Air Sampler w/VSCC - Gravimetric,Los Angeles-North Main Street,"1630 N MAIN ST, LOS ANGELES",California,Los Angeles,Los Angeles,"Los Angeles-Long Beach-Anaheim, CA",27-09-2024,pm25
6,37,1103,88101,2,34.06659,-118.22688,WGS84,PM2.5 - Local Conditions,24 HOUR,PM25 24-hour 2012,06-02-2024,Micrograms/cubic meter (LC),,1,100,4.0,4.0,0,22.0,145,R & P Model 2025 PM-2.5 Sequential Air Sampler w/VSCC - Gravimetric,Los Angeles-North Main Street,"1630 N MAIN ST, LOS ANGELES",California,Los Angeles,Los Angeles,"Los Angeles-Long Beach-Anaheim, CA",27-09-2024,pm25
6,37,1103,88101,2,34.06659,-118.22688,WGS84,PM2.5 - Local Conditions,24 HOUR,PM25 24-hour 2012,12-02-2024,Micrograms/cubic meter (LC),,1,100,7.5,7.5,0,42.0,145,R & P Model 2025 PM-2.5 Sequential Air Sampler w/VSCC - Gravimetric,Los Angeles-North Main Street,"1630 N MAIN ST, LOS ANGELES",California,Los Angeles,Los Angeles,"Los Angeles-Long Beach-Anaheim, CA",27-09-2024,pm25
6,37,1103,88101,2,34.06659,-118.22688,WGS84,PM2.5 - Local Conditions,24 HOUR,PM25 24-hour 2012,18-02-2024,Micrograms/cubic meter (LC),,1,100,6.7,6.7,0,37.0,145,R & P Model 2025 PM-2.5 Sequential Air Sampler w/VSCC - Gravimetric,Los Angeles-North Main Street,"1630 N MAIN ST, LOS ANGELES",California,Los Angeles,Los Angeles,"Los Angeles-Long Beach-Anaheim, CA",27-09-2024,pm25
6,37,1103,88101,2,34.06659,-118.22688,WGS84,PM2.5 - Local Conditions,24 HOUR,PM25 24-hour 2012,24-02-2024,Micrograms/cubic meter (LC),,1,100,7.9,7.9,0,44.0,145,R & P Model 2025 PM-2.5 Sequential Air Sampler w/VSCC - Gravimetric,Los Angeles-North Main Street,"1630 N MAIN ST, LOS ANGELES",California,Los Angeles,Los Angeles,"Los Angeles-Long Beach-Anaheim, CA",27-09-2024,pm25
6,37,1103,88101,2,34.06659,-118.22688,WGS84,PM2.5 - Local Conditions,24 HOUR,PM25 24-hour 2012,01-03-2024,Micrograms/cubic meter (LC),,1,100,3.4,3.4,0,19.0,145,R & P Model 2025 PM-2.5 Sequential Air Sampler w/VSCC - Gravimetric,Los Angeles-North Main Street,"1630 N MAIN ST, LOS ANGELES",California,Los Angeles,Los Angeles,"Los Angeles-Long Beach-Anaheim, CA",27-09-2024,pm25
6,37,1103,88101,2,34.06659,-118.22688,WGS84,PM2.5 - Local Conditions,24 HOUR,PM25 24-hour 2012,07-03-2024,Micrograms/cubic meter (LC),,1,100,4.5,4.5,0,25.0,145,R & P Model 2025 PM-2.5 Sequential Air Sampler w/VSCC - Gravimetric,Los Angeles-North Main Street,"1630 N MAIN ST, LOS ANGELES",California,Los Angeles,Los Angeles,"Los Angeles-Long Beach-Anaheim, CA",27-09-2024,pm25
6,37,1103,88101,2,34.06659,-118.22688,WGS84,PM2.5 - Local Conditions,24 HOUR,PM25 24-hour 2012,13-03-2024,Micrograms/cubic meter (LC),,1,100,7.4,7.4,0,41.0,145,R & P Model 2025 PM-2.5 Sequential Air Sampler w/VSCC - Gravimetric,Los Angeles-North Main Street,"1630 N MAIN ST, LOS ANGELES",California,Los Angeles,Los Angeles,"Los Angeles-Long Beach-Anaheim, CA",27-09-2024,pm25
6,37,1103,88101,2,34.06659,-118.22688,WGS84,PM2.5 - Local Conditions,24 HOUR,PM25 24-hour 2012,19-03-2024,Micrograms/cubic meter (LC),,1,100,10.0,10.0,0,53.0,145,R & P Model 2025 PM-2.5 Sequential Air Sampler w/VSCC - Gravimetric,Los Angeles-North Main Street,"1630 N MAIN ST, LOS ANGELES",California,Los Angeles,Los Angeles,"Los Angeles-Long Beach-Anaheim, CA",27-09-2024,pm25
6,37,1103,88101,2,34.06659,-118.22688,WGS84,PM2.5 - Local Conditions,24 HOUR,PM25 24-hour 2012,25-03-2024,Micrograms/cubic meter (LC),,1,100,5.2,5.2,0,29.0,145,R & P Model 2025 PM-2.5 Sequential Air Sampler w/VSCC - Gravimetric,Los Angeles-North Main Street,"1630 N MAIN ST, LOS ANGELES",California,Los Angeles,Los Angeles,"Los Angeles-Long Beach-Anaheim, CA",27-09-2024,pm25
6,37,1103,88101,2,34.06659,-118.22688,WGS84,PM2.5 - Local Conditions,24 HOUR,PM25 24-hour 2012,31-03-2024,Micrograms/cubic meter (LC),,1,100,2.5,2.5,0,14.0,145,R & P Model 2025 PM-2.5 Sequential Air Sampler w/VSCC - Gravimetric,Los Angeles-North Main Street,"1630 N MAIN ST, LOS ANGELES",California,Los Angeles,Los Angeles,"Los Angeles-Long Beach-Anaheim, CA",27-09-2024,pm25
6,37,1103,88101,2,34.06659,-118.22688,WGS84,PM2.5 - Local Conditions,24 HOUR,PM25 24-hour 2012,06-04-2024,Micrograms/cubic meter (LC),,1,100,5.1,5.1,0,28.0,145,R & P Model 2025 PM-2.5 Sequential Air Sampler w/VSCC - Gravimetric,Los Angeles-North Main Street,"1630 N MAIN ST, LOS ANGELES",California,Los Angeles,Los Angeles,"Los Angeles-Long Beach-Anaheim, CA",27-09-2024,pm25
6,37,1103,88101,2,34.06659,-118.22688,WGS84,PM2.5 - Local Conditions,24 HOUR,PM25 24-hour 2012,12-04-2024,Micrograms/cubic meter (LC),,1,100,18.4,18.4,0,68.0,145,R & P Model 2025 PM-2.5 Sequential Air Sampler w/VSCC - Gravimetric,Los Angeles-North Main Street,"1630 N MAIN ST, LOS ANGELES",California,Los Angeles,Los Angeles,"Los Angeles-Long Beach-Anaheim, CA",27-09-2024,pm25
6,37,1103,88101,2,34.06659,-118.22688,WGS84,PM2.5 - Local Conditions,24 HOUR,PM25 24-hour 2012,24-04-2024,Micrograms/cubic meter (LC),,1,100,7.4,7.4,0,41.0,145,R & P Model 2025 PM-2.5 Sequential Air Sampler w/VSCC - Gravimetric,Los Angeles-North Main Street,"1630 N MAIN ST, LOS ANGELES",California,Los Angeles,Los Angeles,"Los Angeles-Long Beach-Anaheim, CA",27-09-2024,pm25
6,37,1103,88101,2,34.06659,-118.22688,WGS84,PM2.5 - Local Conditions,24 HOUR,PM25 24-hour 2012,30-04-2024,Micrograms/cubic meter (LC),,1,100,14.1,14.1,0,60.0,145,R & P Model 2025 PM-2.5 Sequential Air Sampler w/VSCC - Gravimetric,Los Angeles-North Main Street,"1630 N MAIN ST, LOS ANGELES",California,Los Angeles,Los Angeles,"Los Angeles-Long Beach-Anaheim, CA",27-09-2024,pm25
6,37,1103,88101,2,34.06659,-118.22688,WGS84,PM2.5 - Local Conditions,24 HOUR,PM25 24-hour 2012,06-05-2024,Micrograms/cubic meter (LC),,1,100,7.6,7.6,0,42.0,145,R & P Model 2025 PM-2.5 Sequential Air Sampler w/VSCC - Gravimetric,Los Angeles-North Main Street,"1630 N MAIN ST, LOS ANGELES",California,Los Angeles,Los Angeles,"Los Angeles-Long Beach-Anaheim, CA",27-09-2024,pm25
6,37,1103,88101,2,34.06659,-118.22688,WGS84,PM2.5 - Local Conditions,24 HOUR,PM25 24-hour 2012,12-05-2024,Micrograms/cubic meter (LC),,1,100,15.0,15.0,0,62.0,145,R & P Model 2025 PM-2.5 Sequential Air Sampler w/VSCC - Gravimetric,Los Angeles-North Main Street,"1630 N MAIN ST, LOS ANGELES",California,Los Angeles,Los Angeles,"Los Angeles-Long Beach-Anaheim, CA",27-09-2024,pm25
6,37,1103,88101,2,34.06659,-118.22688,WGS84,PM2.5 - Local Conditions,24 HOUR,PM25 24-hour 2012,18-05-2024,Micrograms/cubic meter (LC),,1,100,6.4,6.4,0,36.0,145,R & P Model 2025 PM-2.5 Sequential Air Sampler w/VSCC - Gravimetric,Los Angeles-North Main Street,"1630 N MAIN ST, LOS ANGELES",California,Los Angeles,Los Angeles,"Los Angeles-Long Beach-Anaheim, CA",27-09-2024,pm25
6,37,1103,88101,2,34.06659,-118.22688,WGS84,PM2.5 - Local Conditions,24 HOUR,PM25 24-hour 2012,24-05-2024,Micrograms/cubic meter (LC),,1,100,12.7,12.7,0,58.0,145,R & P Model 2025 PM-2.5 Sequential Air Sampler w/VSCC - Gravimetric,Los Angeles-North Main Street,"1630 N MAIN ST, LOS ANGELES",California,Los Angeles,Los Angeles,"Los Angeles-Long Beach-Anaheim, CA",27-09-2024,pm25
6,37,1103,88101,2,34.06659,-118.22688,WGS84,PM2.5 - Local Conditions,24 HOUR,PM25 24-hour 2012,30-05-2024,Micrograms/cubic meter (LC),,1,100,17.1,17.1,0,66.0,145,R & P Model 2025 PM-2.5 Sequential Air Sampler w/VSCC - Gravimetric,Los Angeles-North Main Street,"1630 N MAIN ST, LOS ANGELES",California,Los Angeles,Los Angeles,"Los Angeles-Long Beach-Anaheim, CA",27-09-2024,pm25
6,37,1103,88101,2,34.06659,-118.22688,WGS84,PM2.5 - Local Conditions,24 HOUR,PM25 24-hour 2012,05-06-2024,Micrograms/cubic meter (LC),,1,100,17.2,17.2,0,66.0,145,R & P Model 2025 PM-2.5 Sequential Air Sampler w/VSCC - Gravimetric,Los Angeles-North Main Street,"1630 N MAIN ST, LOS ANGELES",California,Los Angeles,Los Angeles,"Los Angeles-Long Beach-Anaheim, CA",27-09-2024,pm25
6,37,1103,88101,2,34.06659,-118.22688,WGS84,PM2.5 - Local Conditions,24 HOUR,PM25 24-hour 2012,11-06-2024,Micrograms/cubic meter (LC),,1,100,14.4,14.4,0,61.0,145,R & P Model 2025 PM-2.5 Sequential Air Sampler w/VSCC - Gravimetric,Los Angeles-North Main Street,"1630 N MAIN ST, LOS ANGELES",California,Los Angeles,Los Angeles,"Los Angeles-Long Beach-Anaheim, CA",27-09-2024,pm25
6,37,1103,88101,2,34.06659,-118.22688,WGS84,PM2.5 - Local Conditions,24 HOUR,PM25 24-hour 2012,17-06-2024,Micrograms/cubic meter (LC),,1,100,18.4,18.4,0,68.0,145,R & P Model 2025 PM-2.5 Sequential Air Sampler w/VSCC - Gravimetric,Los Angeles-North Main Street,"1630 N MAIN ST, LOS ANGELES",California,Los Angeles,Los Angeles,"Los Angeles-Long Beach-Anaheim, CA",27-09-2024,pm25
6,37,1103,88101,2,34.06659,-118.22688,WGS84,PM2.5 - Local Conditions,24 HOUR,PM25 24-hour 2012,23-06-2024,Micrograms/cubic meter (LC),,1,100,10.7,10.7,0,54.0,145,R & P Model 2025 PM-2.5 Sequential Air Sampler w/VSCC - Gravimetric,Los Angeles-North Main Street,"1630 N MAIN ST, LOS ANGELES",California,Los Angeles,Los Angeles,"Los Angeles-Long Beach-Anaheim, CA",27-09-2024,pm25
6,37,1103,88101,2,34.06659,-118.22688,WGS84,PM2.5 - Local Conditions,24 HOUR,PM25 24-hour 2012,29-06-2024,Micrograms/cubic meter (LC),,1,100,13.5,13.5,0,59.0,145,R & P Model 2025 PM-2.5 Sequential Air Sampler w/VSCC - Gravimetric,Los Angeles-North Main Street,"1630 N MAIN ST, LOS ANGELES",California,Los Angeles,Los Angeles,"Los Angeles-Long Beach-Anaheim, CA",27-09-2024,pm25
6,37,1103,88101,3,34.06659,-118.22688,WGS84,PM2.5 - Local Conditions,24-HR BLK AVG,PM25 24-hour 2012,01-01-2024,Micrograms/cubic meter (LC),,1,100,17.6,17.6,0,67.0,170,Met One BAM-1020 Mass Monitor w/VSCC - Beta Attenuation,Los Angeles-North Main Street,"1630 N MAIN ST, LOS ANGELES",California,Los Angeles,Los Angeles,"Los Angeles-Long Beach-Anaheim, CA",08-11-2024,pm25
6,37,1103,88101,3,34.06659,-118.22688,WGS84,PM2.5 - Local Conditions,24-HR BLK AVG,PM25 24-hour 2012,02-01-2024,Micrograms/cubic meter (LC),,1,100,13.2,13.2,0,59.0,170,Met One BAM-1020 Mass Monitor w/VSCC - Beta Attenuation,Los Angeles-North Main Street,"1630 N MAIN ST, LOS ANGELES",California,Los Angeles,Los Angeles,"Los Angeles-Long Beach-Anaheim, CA",08-11-2024,pm25
6,37,1103,88101,3,34.06659,-118.22688,WGS84,PM2.5 - Local Conditions,24-HR BLK AVG,PM25 24-hour 2012,03-01-2024,Micrograms/cubic meter (LC),,1,100,8.9,8.9,0,49.0,170,Met One BAM-1020 Mass Monitor w/VSCC - Beta Attenuation,Los Angeles-North Main Street,"1630 N MAIN ST, LOS ANGELES",California,Los Angeles,Los Angeles,"Los Angeles-Long Beach-Anaheim, CA",08-11-2024,pm25
6,37,1103,88101,3,34.06659,-118.22688,WGS84,PM2.5 - Local Conditions,24-HR BLK AVG,PM25 24-hour 2012,04-01-2024,Micrograms/cubic meter (LC),,1,100,7.0,7.0,0,39.0,170,Met One BAM-1020 Mass Monitor w/VSCC - Beta Attenuation,Los Angeles-North Main Street,"1630 N MAIN ST, LOS ANGELES",California,Los Angeles,Los Angeles,"Los Angeles-Long Beach-Anaheim, CA",08-11-2024,pm25
6,37,1103,88101,3,34.06659,-118.22688,WGS84,PM2.5 - Local Conditions,24-HR BLK AVG,PM25 24-hour 2012,05-01-2024,Micrograms/cubic meter (LC),,1,100,10.2,10.2,0,53.0,170,Met One BAM-1020 Mass Monitor w/VSCC - Beta Attenuation,Los Angeles-North Main Street,"1630 N MAIN ST, LOS ANGELES",California,Los Angeles,Los Angeles,"Los Angeles-Long Beach-Anaheim, CA",08-11-2024,pm25
6,37,1103,88101,3,34.06659,-118.22688,WGS84,PM2.5 - Local Conditions,24-HR BLK AVG,PM25 24-hour 2012,06-01-2024,Micrograms/cubic meter (LC),,1,100,11.3,11.3,0,55.0,170,Met One BAM-1020 Mass Monitor w/VSCC - Beta Attenuation,Los Angeles-North Main Street,"1630 N MAIN ST, LOS ANGELES",California,Los Angeles,Los Angeles,"Los Angeles-Long Beach-Anaheim, CA",08-11-2024,pm25
6,37,1103,88101,3,34.06659,-118.22688,WGS84,PM2.5 - Local Conditions,24-HR BLK AVG,PM25 24-hour 2012,07-01-2024,Micrograms/cubic meter (LC),,1,100,3.7,3.7,0,21.0,170,Met One BAM-1020 Mass Monitor w/VSCC - Beta Attenuation,Los Angeles-North Main Street,"1630 N MAIN ST, LOS ANGELES",California,Los Angeles,Los Angeles,"Los Angeles-Long Beach-Anaheim, CA",08-11-2024,pm25
6,37,1103,88101,3,34.06659,-118.22688,WGS84,PM2.5 - Local Conditions,24-HR BLK AVG,PM25 24-hour 2012,08-01-2024,Micrograms/cubic meter (LC),,1,100,7.0,7.0,0,39.0,170,Met One BAM-1020 Mass Monitor w/VSCC - Beta Attenuation,Los Angeles-North Main Street,"1630 N MAIN ST, LOS ANGELES",California,Los Angeles,Los Angeles,"Los Angeles-Long Beach-Anaheim, CA",08-11-2024,pm25
6,37,1103,88101,3,34.06659,-118.22688,WGS84,PM2.5 - Local Conditions,24-HR BLK AVG,PM25 24-hour 2012,09-01-2024,Micrograms/cubic meter (LC),,1,100,9.5,9.5,0,52.0,170,Met One BAM-1020 Mass Monitor w/VSCC - Beta Attenuation,Los Angeles-North Main Street,"1630 N MAIN ST, LOS ANGELES",California,Los Angeles,Los Angeles,"Los Angeles-Long Beach-Anaheim, CA",08-11-2024,pm25
6,37,1103,88101,3,34.06659,-118.22688,WGS84,PM2.5 - Local Conditions,24-HR BLK AVG,PM25 24-hour 2012,10-01-2024,Micrograms/cubic meter (LC),,1,100,13.7,13.7,0,60.0,170,Met One BAM-1020 Mass Monitor w/VSCC - Beta Attenuation,Los Angeles-North Main Street,"1630 N MAIN ST, LOS ANGELES",California,Los Angeles,Los Angeles,"Los Angeles-Long Beach-Anaheim, CA",08-11-2024,pm25
6,37,1103,88101,3,34.06659,-118.22688,WGS84,PM2.5 - Local Conditions,24-HR BLK AVG,PM25 24-hour 2012,11-01-2024,Micrograms/cubic meter (LC),,1,100,6.5,6.5,0,36.0,170,Met One BAM-1020 Mass Monitor w/VSCC - Beta Attenuation,Los Angeles-North Main Street,"1630 N MAIN ST, LOS ANGELES",California,Los Angeles,Los Angeles,"Los Angeles-Long Beach-Anaheim, CA",08-11-2024,pm25
6,37,1103,88101,3,34.06659,-118.22688,WGS84,PM2.5 - Local Conditions,24-HR BLK AVG,PM25 24-hour 2012,12-01-2024,Micrograms/cubic meter (LC),,1,100,10.0,10.0,0,53.0,170,Met One BAM-1020 Mass Monitor w/VSCC - Beta Attenuation,Los Angeles-North Main Street,"1630 N MAIN ST, LOS ANGELES",California,Los Angeles,Los Angeles,"Los Angeles-Long Beach-Anaheim, CA",08-11-2024,pm25
6,37,1103,88101,3,34.06659,-118.22688,WGS84,PM2.5 - Local Conditions,24-HR BLK AVG,PM25 24-hour 2012,13-01-2024,Micrograms/cubic meter (LC),,1,100,15.1,15.1,0,62.0,170,Met One BAM-1020 Mass Monitor w/VSCC - Beta Attenuation,Los Angeles-North Main Street,"1630 N MAIN ST, LOS ANGELES",California,Los Angeles,Los Angeles,"Los Angeles-Long Beach-Anaheim, CA",08-11-2024,pm25
6,37,1103,88101,3,34.06659,-118.22688,WGS84,PM2.5 - Local Conditions,24-HR BLK AVG,PM25 24-hour 2012,14-01-2024,Micrograms/cubic meter (LC),,1,100,18.3,18.3,0,68.0,170,Met One BAM-1020 Mass Monitor w/VSCC - Beta Attenuation,Los Angeles-North Main Street,"1630 N MAIN ST, LOS ANGELES",California,Los Angeles,Los Angeles,"Los Angeles-Long Beach-Anaheim, CA",08-11-2024,pm25
6,37,1103,88101,3,34.06659,-118.22688,WGS84,PM2.5 - Local Conditions,24-HR BLK AVG,PM25 24-hour 2012,15-01-2024,Micrograms/cubic meter (LC),,1,100,22.7,22.7,0,76.0,170,Met One BAM-1020 Mass Monitor w/VSCC - Beta Attenuation,Los Angeles-North Main Street,"1630 N MAIN ST, LOS ANGELES",California,Los Angeles,Los Angeles,"Los Angeles-Long Beach-Anaheim, CA",08-11-2024,pm25
6,37,1103,88101,3,34.06659,-118.22688,WGS84,PM2.5 - Local Conditions,24-HR BLK AVG,PM25 24-hour 2012,16-01-2024,Micrograms/cubic meter (LC),,1,100,21.6,21.6,0,74.0,170,Met One BAM-1020 Mass Monitor w/VSCC - Beta Attenuation,Los Angeles-North Main Street,"1630 N MAIN ST, LOS ANGELES",California,Los Angeles,Los Angeles,"Los Angeles-Long Beach-Anaheim, CA",08-11-2024,pm25
6,37,1103,88101,3,34.06659,-118.22688,WGS84,PM2.5 - Local Conditions,24-HR BLK AVG,PM25 24-hour 2012,17-01-2024,Micrograms/cubic meter (LC),,1,100,22.8,22.8,0,77.0,170,Met One BAM-1020 Mass Monitor w/VSCC - Beta Attenuation,Los Angeles-North Main Street,"1630 N MAIN ST, LOS ANGELES",California,Los Angeles,Los Angeles,"Los Angeles-Long Beach-Anaheim, CA",08-11-2024,pm25
6,37,1103,88101,3,34.06659,-118.22688,WGS84,PM2.5 - Local Conditions,24-HR BLK AVG,PM25 24-hour 2012,18-01-2024,Micrograms/cubic meter (LC),,1,100,19.0,19.0,0,69.0,170,Met One BAM-1020 Mass Monitor w/VSCC - Beta Attenuation,Los Angeles-North Main Street,"1630 N MAIN ST, LOS ANGELES",California,Los Angeles,Los Angeles,"Los Angeles-Long Beach-Anaheim, CA",08-11-2024,pm25
6,37,1103,88101,3,34.06659,-118.22688,WGS84,PM2.5 - Local Conditions,24-HR BLK AVG,PM25 24-hour 2012,19-01-2024,Micrograms/cubic meter (LC),,1,100,18.7,18.7,0,69.0,170,Met One BAM-1020 Mass Monitor w/VSCC - Beta Attenuation,Los Angeles-North Main Street,"1630 N MAIN ST, LOS ANGELES",California,Los Angeles,Los Angeles,"Los Angeles-Long Beach-Anaheim, CA",08-11-2024,pm25
6,37,1103,88101,3,34.06659,-118.22688,WGS84,PM2.5 - Local Conditions,24-HR BLK AVG,PM25 24-hour 2012,20-01-2024,Micrograms/cubic meter (LC),,1,100,12.1,12.1,0,57.0,170,Met One BAM-1020 Mass Monitor w/VSCC - Beta Attenuation,Los Angeles-North Main Street,"1630 N MAIN ST, LOS ANGELES",California,Los Angeles,Los Angeles,"Los Angeles-Long Beach-Anaheim, CA",08-11-2024,pm25
6,37,1103,88101,3,34.06659,-118.22688,WGS84,PM2.5 - Local Conditions,24-HR BLK AVG,PM25 24-hour 2012,21-01-2024,Micrograms/cubic meter (LC),,1,100,7.2,7.2,0,40.0,170,Met One BAM-1020 Mass Monitor w/VSCC - Beta Attenuation,Los Angeles-North Main Street,"1630 N MAIN ST, LOS ANGELES",California,Los Angeles,Los Angeles,"Los Angeles-Long Beach-Anaheim, CA",08-11-2024,pm25
6,37,1103,88101,3,34.06659,-118.22688,WGS84,PM2.5 - Local Conditions,24-HR BLK AVG,PM25 24-hour 2012,22-01-2024,Micrograms/cubic meter (LC),,1,100,5.3,5.3,0,29.0,170,Met One BAM-1020 Mass Monitor w/VSCC - Beta Attenuation,Los Angeles-North Main Street,"1630 N MAIN ST, LOS ANGELES",California,Los Angeles,Los Angeles,"Los Angeles-Long Beach-Anaheim, CA",08-11-2024,pm25
6,37,1103,88101,3,34.06659,-118.22688,WGS84,PM2.5 - Local Conditions,24-HR BLK AVG,PM25 24-hour 2012,23-01-2024,Micrograms/cubic meter (LC),,1,100,9.5,9.5,0,52.0,170,Met One BAM-1020 Mass Monitor w/VSCC - Beta Attenuation,Los Angeles-North Main Street,"1630 N MAIN ST, LOS ANGELES",California,Los Angeles,Los Angeles,"Los Angeles-Long Beach-Anaheim, CA",08-11-2024,pm25
6,37,1103,88101,3,34.06659,-118.22688,WGS84,PM2.5 - Local Conditions,24-HR BLK AVG,PM25 24-hour 2012,24-01-2024,Micrograms/cubic meter (LC),,1,100,9.6,9.6,0,52.0,170,Met One BAM-1020 Mass Monitor w/VSCC - Beta Attenuation,Los Angeles-North Main Street,"1630 N MAIN ST, LOS ANGELES",California,Los Angeles,Los Angeles,"Los Angeles-Long Beach-Anaheim, CA",08-11-2024,pm25
6,37,1103,88101,3,34.06659,-118.22688,WGS84,PM2.5 - Local Conditions,24-HR BLK AVG,PM25 24-hour 2012,25-01-2024,Micrograms/cubic meter (LC),,1,100,9.2,9.2,0,51.0,170,Met One BAM-1020 Mass Monitor w/VSCC - Beta Attenuation,Los Angeles-North Main Street,"1630 N MAIN ST, LOS ANGELES",California,Los Angeles,Los Angeles,"Los Angeles-Long Beach-Anaheim, CA",08-11-2024,pm25
6,37,1103,88101,3,34.06659,-118.22688,WGS84,PM2.5 - Local Conditions,24-HR BLK AVG,PM25 24-hour 2012,26-01-2024,Micrograms/cubic meter (LC),,1,100,10.2,10.2,0,53.0,170,Met One BAM-1020 Mass Monitor w/VSCC - Beta Attenuation,Los Angeles-North Main Street,"1630 N MAIN ST, LOS ANGELES",California,Los Angeles,Los Angeles,"Los Angeles-Long Beach-Anaheim, CA",08-11-2024,pm25
6,37,1103,88101,3,34.06659,-118.22688,WGS84,PM2.5 - Local Conditions,24-HR BLK AVG,PM25 24-hour 2012,27-01-2024,Micrograms/cubic meter (LC),,1,100,10.5,10.5,0,54.0,170,Met One BAM-1020 Mass Monitor w/VSCC - Beta Attenuation,Los Angeles-North Main Street,"1630 N MAIN ST, LOS ANGELES",California,Los Angeles,Los Angeles,"Los Angeles-Long Beach-Anaheim, CA",08-11-2024,pm25
6,37,1103,88101,3,34.06659,-118.22688,WGS84,PM2.5 - Local Conditions,24-HR BLK AVG,PM25 24-hour 2012,28-01-2024,Micrograms/cubic meter (LC),,1,100,9.5,9.5,0,52.0,170,Met One BAM-1020 Mass Monitor w/VSCC - Beta Attenuation,Los Angeles-North Main Street,"1630 N MAIN ST, LOS ANGELES",California,Los Angeles,Los Angeles,"Los Angeles-Long Beach-Anaheim, CA",08-11-2024,pm25
6,37,1103,88101,3,34.06659,-118.22688,WGS84,PM2.5 - Local Conditions,24-HR BLK AVG,PM25 24-hour 2012,29-01-2024,Micrograms/cubic meter (LC),,1,100,9.0,9.0,0,50.0,170,Met One BAM-1020 Mass Monitor w/VSCC - Beta Attenuation,Los Angeles-North Main Street,"1630 N MAIN ST, LOS ANGELES",California,Los Angeles,Los Angeles,"Los Angeles-Long Beach-Anaheim, CA",08-11-2024,pm25
6,37,1103,88101,3,34.06659,-118.22688,WGS84,PM2.5 - Local Conditions,24-HR BLK AVG,PM25 24-hour 2012,30-01-2024,Micrograms/cubic meter (LC),,1,100,11.4,11.4,0,55.0,170,Met One BAM-1020 Mass Monitor w/VSCC - Beta Attenuation,Los Angeles-North Main Street,"1630 N MAIN ST, LOS ANGELES",California,Los Angeles,Los Angeles,"Los Angeles-Long Beach-Anaheim, CA",08-11-2024,pm25
6,37,1103,88101,3,34.06659,-118.22688,WGS84,PM2.5 - Local Conditions,24-HR BLK AVG,PM25 24-hour 2012,31-01-2024,Micrograms/cubic meter (LC),,1,100,14.3,14.3,0,61.0,170,Met One BAM-1020 Mass Monitor w/VSCC - Beta Attenuation,Los Angeles-North Main Street,"1630 N MAIN ST, LOS ANGELES",California,Los Angeles,Los Angeles,"Los Angeles-Long Beach-Anaheim, CA",08-11-2024,pm25
6,37,1103,88101,3,34.06659,-118.22688,WGS84,PM2.5 - Local Conditions,24-HR BLK AVG,PM25 24-hour 2012,01-02-2024,Micrograms/cubic meter (LC),,1,100,6.3,6.3,0,35.0,170,Met One BAM-1020 Mass Monitor w/VSCC - Beta Attenuation,Los Angeles-North Main Street,"1630 N MAIN ST, LOS ANGELES",California,Los Angeles,Los Angeles,"Los Angeles-Long Beach-Anaheim, CA",08-11-2024,pm25
6,37,1103,88101,3,34.06659,-118.22688,WGS84,PM2.5 - Local Conditions,24-HR BLK AVG,PM25 24-hour 2012,02-02-2024,Micrograms/cubic meter (LC),,1,100,8.6,8.6,0,48.0,170,Met One BAM-1020 Mass Monitor w/VSCC - Beta Attenuation,Los Angeles-North Main Street,"1630 N MAIN ST, LOS ANGELES",California,Los Angeles,Los Angeles,"Los Angeles-Long Beach-Anaheim, CA",08-11-2024,pm25
6,37,1103,88101,3,34.06659,-118.22688,WGS84,PM2.5 - Local Conditions,24-HR BLK AVG,PM25 24-hour 2012,03-02-2024,Micrograms/cubic meter (LC),,1,100,7.5,7.5,0,42.0,170,Met One BAM-1020 Mass Monitor w/VSCC - Beta Attenuation,Los Angeles-North Main Street,"1630 N MAIN ST, LOS ANGELES",California,Los Angeles,Los Angeles,"Los Angeles-Long Beach-Anaheim, CA",08-11-2024,pm25
6,37,1103,88101,3,34.06659,-118.22688,WGS84,PM2.5 - Local Conditions,24-HR BLK AVG,PM25 24-hour 2012,04-02-2024,Micrograms/cubic meter (LC),,1,100,4.9,4.9,0,27.0,170,Met One BAM-1020 Mass Monitor w/VSCC - Beta Attenuation,Los Angeles-North Main Street,"1630 N MAIN ST, LOS ANGELES",California,Los Angeles,Los Angeles,"Los Angeles-Long Beach-Anaheim, CA",08-11-2024,pm25
6,37,1103,88101,3,34.06659,-118.22688,WGS84,PM2.5 - Local Conditions,24-HR BLK AVG,PM25 24-hour 2012,05-02-2024,Micrograms/cubic meter (LC),,1,100,3.8,3.8,0,21.0,170,Met One BAM-1020 Mass Monitor w/VSCC - Beta Attenuation,Los Angeles-North Main Street,"1630 N MAIN ST, LOS ANGELES",California,Los Angeles,Los Angeles,"Los Angeles-Long Beach-Anaheim, CA",08-11-2024,pm25
6,37,1103,88101,3,34.06659,-118.22688,WGS84,PM2.5 - Local Conditions,24-HR BLK AVG,PM25 24-hour 2012,06-02-2024,Micrograms/cubic meter (LC),,1,100,5.9,5.9,0,33.0,170,Met One BAM-1020 Mass Monitor w/VSCC - Beta Attenuation,Los Angeles-North Main Street,"1630 N MAIN ST, LOS ANGELES",California,Los Angeles,Los Angeles,"Los Angeles-Long Beach-Anaheim, CA",08-11-2024,pm25
6,37,1103,88101,3,34.06659,-118.22688,WGS84,PM2.5 - Local Conditions,24-HR BLK AVG,PM25 24-hour 2012,07-02-2024,Micrograms/cubic meter (LC),,1,100,6.0,6.0,0,33.0,170,Met One BAM-1020 Mass Monitor w/VSCC - Beta Attenuation,Los Angeles-North Main Street,"1630 N MAIN ST, LOS ANGELES",California,Los Angeles,Los Angeles,"Los Angeles-Long Beach-Anaheim, CA",08-11-2024,pm25
6,37,1103,88101,3,34.06659,-118.22688,WGS84,PM2.5 - Local Conditions,24-HR BLK AVG,PM25 24-hour 2012,08-02-2024,Micrograms/cubic meter (LC),,1,100,5.3,5.3,0,29.0,170,Met One BAM-1020 Mass Monitor w/VSCC - Beta Attenuation,Los Angeles-North Main Street,"1630 N MAIN ST, LOS ANGELES",California,Los Angeles,Los Angeles,"Los Angeles-Long Beach-Anaheim, CA",08-11-2024,pm25
6,37,1103,88101,3,34.06659,-118.22688,WGS84,PM2.5 - Local Conditions,24-HR BLK AVG,PM25 24-hour 2012,09-02-2024,Micrograms/cubic meter (LC),,1,100,4.1,4.1,0,23.0,170,Met One BAM-1020 Mass Monitor w/VSCC - Beta Attenuation,Los Angeles-North Main Street,"1630 N MAIN ST, LOS ANGELES",California,Los Angeles,Los Angeles,"Los Angeles-Long Beach-Anaheim, CA",08-11-2024,pm25
6,37,1103,88101,3,34.06659,-118.22688,WGS84,PM2.5 - Local Conditions,24-HR BLK AVG,PM25 24-hour 2012,10-02-2024,Micrograms/cubic meter (LC),,1,100,7.3,7.3,0,41.0,170,Met One BAM-1020 Mass Monitor w/VSCC - Beta Attenuation,Los Angeles-North Main Street,"1630 N MAIN ST, LOS ANGELES",California,Los Angeles,Los Angeles,"Los Angeles-Long Beach-Anaheim, CA",08-11-2024,pm25
6,37,1103,88101,3,34.06659,-118.22688,WGS84,PM2.5 - Local Conditions,24-HR BLK AVG,PM25 24-hour 2012,11-02-2024,Micrograms/cubic meter (LC),,1,100,8.0,8.0,0,44.0,170,Met One BAM-1020 Mass Monitor w/VSCC - Beta Attenuation,Los Angeles-North Main Street,"1630 N MAIN ST, LOS ANGELES",California,Los Angeles,Los Angeles,"Los Angeles-Long Beach-Anaheim, CA",08-11-2024,pm25
6,37,1103,88101,3,34.06659,-118.22688,WGS84,PM2.5 - Local Conditions,24-HR BLK AVG,PM25 24-hour 2012,12-02-2024,Micrograms/cubic meter (LC),,1,100,9.5,9.5,0,52.0,170,Met One BAM-1020 Mass Monitor w/VSCC - Beta Attenuation,Los Angeles-North Main Street,"1630 N MAIN ST, LOS ANGELES",California,Los Angeles,Los Angeles,"Los Angeles-Long Beach-Anaheim, CA",08-11-2024,pm25
6,37,1103,88101,3,34.06659,-118.22688,WGS84,PM2.5 - Local Conditions,24-HR BLK AVG,PM25 24-hour 2012,13-02-2024,Micrograms/cubic meter (LC),,1,100,9.8,9.8,0,52.0,170,Met One BAM-1020 Mass Monitor w/VSCC - Beta Attenuation,Los Angeles-North Main Street,"1630 N MAIN ST, LOS ANGELES",California,Los Angeles,Los Angeles,"Los Angeles-Long Beach-Anaheim, CA",08-11-2024,pm25
6,37,1103,88101,3,34.06659,-118.22688,WGS84,PM2.5 - Local Conditions,24-HR BLK AVG,PM25 24-hour 2012,14-02-2024,Micrograms/cubic meter (LC),,1,100,13.3,13.3,0,59.0,170,Met One BAM-1020 Mass Monitor w/VSCC - Beta Attenuation,Los Angeles-North Main Street,"1630 N MAIN ST, LOS ANGELES",California,Los Angeles,Los Angeles,"Los Angeles-Long Beach-Anaheim, CA",08-11-2024,pm25
6,37,1103,88101,3,34.06659,-118.22688,WGS84,PM2.5 - Local Conditions,24-HR BLK AVG,PM25 24-hour 2012,15-02-2024,Micrograms/cubic meter (LC),,1,100,9.0,9.0,0,50.0,170,Met One BAM-1020 Mass Monitor w/VSCC - Beta Attenuation,Los Angeles-North Main Street,"1630 N MAIN ST, LOS ANGELES",California,Los Angeles,Los Angeles,"Los Angeles-Long Beach-Anaheim, CA",08-11-2024,pm25
6,37,1103,88101,3,34.06659,-118.22688,WGS84,PM2.5 - Local Conditions,24-HR BLK AVG,PM25 24-hour 2012,16-02-2024,Micrograms/cubic meter (LC),,1,100,15.2,15.2,0,62.0,170,Met One BAM-1020 Mass Monitor w/VSCC - Beta Attenuation,Los Angeles-North Main Street,"1630 N MAIN ST, LOS ANGELES",California,Los Angeles,Los Angeles,"Los Angeles-Long Beach-Anaheim, CA",08-11-2024,pm25
6,37,1103,88101,3,34.06659,-118.22688,WGS84,PM2.5 - Local Conditions,24-HR BLK AVG,PM25 24-hour 2012,17-02-2024,Micrograms/cubic meter (LC),,1,100,22.0,22.0,0,75.0,170,Met One BAM-1020 Mass Monitor w/VSCC - Beta Attenuation,Los Angeles-North Main Street,"1630 N MAIN ST, LOS ANGELES",California,Los Angeles,Los Angeles,"Los Angeles-Long Beach-Anaheim, CA",08-11-2024,pm25
6,37,1103,88101,3,34.06659,-118.22688,WGS84,PM2.5 - Local Conditions,24-HR BLK AVG,PM25 24-hour 2012,18-02-2024,Micrograms/cubic meter (LC),,1,100,9.1,9.1,0,51.0,170,Met One BAM-1020 Mass Monitor w/VSCC - Beta Attenuation,Los Angeles-North Main Street,"1630 N MAIN ST, LOS ANGELES",California,Los Angeles,Los Angeles,"Los Angeles-Long Beach-Anaheim, CA",08-11-2024,pm25
6,37,1103,88101,3,34.06659,-118.22688,WGS84,PM2.5 - Local Conditions,24-HR BLK AVG,PM25 24-hour 2012,19-02-2024,Micrograms/cubic meter (LC),,1,100,3.3,3.3,0,18.0,170,Met One BAM-1020 Mass Monitor w/VSCC - Beta Attenuation,Los Angeles-North Main Street,"1630 N MAIN ST, LOS ANGELES",California,Los Angeles,Los Angeles,"Los Angeles-Long Beach-Anaheim, CA",08-11-2024,pm25
6,37,1103,88101,3,34.06659,-118.22688,WGS84,PM2.5 - Local Conditions,24-HR BLK AVG,PM25 24-hour 2012,20-02-2024,Micrograms/cubic meter (LC),,1,100,3.9,3.9,0,22.0,170,Met One BAM-1020 Mass Monitor w/VSCC - Beta Attenuation,Los Angeles-North Main Street,"1630 N MAIN ST, LOS ANGELES",California,Los Angeles,Los Angeles,"Los Angeles-Long Beach-Anaheim, CA",08-11-2024,pm25
6,37,1103,88101,3,34.06659,-118.22688,WGS84,PM2.5 - Local Conditions,24-HR BLK AVG,PM25 24-hour 2012,21-02-2024,Micrograms/cubic meter (LC),,1,100,3.9,3.9,0,22.0,170,Met One BAM-1020 Mass Monitor w/VSCC - Beta Attenuation,Los Angeles-North Main Street,"1630 N MAIN ST, LOS ANGELES",California,Los Angeles,Los Angeles,"Los Angeles-Long Beach-Anaheim, CA",08-11-2024,pm25
6,37,1103,88101,3,34.06659,-118.22688,WGS84,PM2.5 - Local Conditions,24-HR BLK AVG,PM25 24-hour 2012,22-02-2024,Micrograms/cubic meter (LC),,1,100,10.2,10.2,0,53.0,170,Met One BAM-1020 Mass Monitor w/VSCC - Beta Attenuation,Los Angeles-North Main Street,"1630 N MAIN ST, LOS ANGELES",California,Los Angeles,Los Angeles,"Los Angeles-Long Beach-Anaheim, CA",08-11-2024,pm25
6,37,1103,88101,3,34.06659,-118.22688,WGS84,PM2.5 - Local Conditions,24-HR BLK AVG,PM25 24-hour 2012,23-02-2024,Micrograms/cubic meter (LC),,1,100,7.4,7.4,0,41.0,170,Met One BAM-1020 Mass Monitor w/VSCC - Beta Attenuation,Los Angeles-North Main Street,"1630 N MAIN ST, LOS ANGELES",California,Los Angeles,Los Angeles,"Los Angeles-Long Beach-Anaheim, CA",08-11-2024,pm25
6,37,1103,88101,3,34.06659,-118.22688,WGS84,PM2.5 - Local Conditions,24-HR BLK AVG,PM25 24-hour 2012,24-02-2024,Micrograms/cubic meter (LC),,1,100,8.6,8.6,0,48.0,170,Met One BAM-1020 Mass Monitor w/VSCC - Beta Attenuation,Los Angeles-North Main Street,"1630 N MAIN ST, LOS ANGELES",California,Los Angeles,Los Angeles,"Los Angeles-Long Beach-Anaheim, CA",08-11-2024,pm25
6,37,1103,88101,3,34.06659,-118.22688,WGS84,PM2.5 - Local Conditions,24-HR BLK AVG,PM25 24-hour 2012,25-02-2024,Micrograms/cubic meter (LC),,1,100,11.8,11.8,0,56.0,170,Met One BAM-1020 Mass Monitor w/VSCC - Beta Attenuation,Los Angeles-North Main Street,"1630 N MAIN ST, LOS ANGELES",California,Los Angeles,Los Angeles,"Los Angeles-Long Beach-Anaheim, CA",08-11-2024,pm25
6,37,1103,88101,3,34.06659,-118.22688,WGS84,PM2.5 - Local Conditions,24-HR BLK AVG,PM25 24-hour 2012,26-02-2024,Micrograms/cubic meter (LC),,1,100,12.5,12.5,0,57.0,170,Met One BAM-1020 Mass Monitor w/VSCC - Beta Attenuation,Los Angeles-North Main Street,"1630 N MAIN ST, LOS ANGELES",California,Los Angeles,Los Angeles,"Los Angeles-Long Beach-Anaheim, CA",08-11-2024,pm25
6,37,1103,88101,3,34.06659,-118.22688,WGS84,PM2.5 - Local Conditions,24-HR BLK AVG,PM25 24-hour 2012,27-02-2024,Micrograms/cubic meter (LC),,1,100,11.8,11.8,0,56.0,170,Met One BAM-1020 Mass Monitor w/VSCC - Beta Attenuation,Los Angeles-North Main Street,"1630 N MAIN ST, LOS ANGELES",California,Los Angeles,Los Angeles,"Los Angeles-Long Beach-Anaheim, CA",08-11-2024,pm25
6,37,1103,88101,3,34.06659,-118.22688,WGS84,PM2.5 - Local Conditions,24-HR BLK AVG,PM25 24-hour 2012,28-02-2024,Micrograms/cubic meter (LC),,1,100,11.3,11.3,0,55.0,170,Met One BAM-1020 Mass Monitor w/VSCC - Beta Attenuation,Los Angeles-North Main Street,"1630 N MAIN ST, LOS ANGELES",California,Los Angeles,Los Angeles,"Los Angeles-Long Beach-Anaheim, CA",08-11-2024,pm25
6,37,1103,88101,3,34.06659,-118.22688,WGS84,PM2.5 - Local Conditions,24-HR BLK AVG,PM25 24-hour 2012,29-02-2024,Micrograms/cubic meter (LC),,1,100,9.8,9.8,0,52.0,170,Met One BAM-1020 Mass Monitor w/VSCC - Beta Attenuation,Los Angeles-North Main Street,"1630 N MAIN ST, LOS ANGELES",California,Los Angeles,Los Angeles,"Los Angeles-Long Beach-Anaheim, CA",08-11-2024,pm25
6,37,1103,88101,3,34.06659,-118.22688,WGS84,PM2.5 - Local Conditions,24-HR BLK AVG,PM25 24-hour 2012,01-03-2024,Micrograms/cubic meter (LC),,1,100,3.6,3.6,0,20.0,170,Met One BAM-1020 Mass Monitor w/VSCC - Beta Attenuation,Los Angeles-North Main Street,"1630 N MAIN ST, LOS ANGELES",California,Los Angeles,Los Angeles,"Los Angeles-Long Beach-Anaheim, CA",08-11-2024,pm25
6,37,1103,88101,3,34.06659,-118.22688,WGS84,PM2.5 - Local Conditions,24-HR BLK AVG,PM25 24-hour 2012,02-03-2024,Micrograms/cubic meter (LC),,1,100,2.5,2.5,0,14.0,170,Met One BAM-1020 Mass Monitor w/VSCC - Beta Attenuation,Los Angeles-North Main Street,"1630 N MAIN ST, LOS ANGELES",California,Los Angeles,Los Angeles,"Los Angeles-Long Beach-Anaheim, CA",08-11-2024,pm25
6,37,1103,88101,3,34.06659,-118.22688,WGS84,PM2.5 - Local Conditions,24-HR BLK AVG,PM25 24-hour 2012,03-03-2024,Micrograms/cubic meter (LC),,1,100,4.5,4.5,0,25.0,170,Met One BAM-1020 Mass Monitor w/VSCC - Beta Attenuation,Los Angeles-North Main Street,"1630 N MAIN ST, LOS ANGELES",California,Los Angeles,Los Angeles,"Los Angeles-Long Beach-Anaheim, CA",08-11-2024,pm25
6,37,1103,88101,3,34.06659,-118.22688,WGS84,PM2.5 - Local Conditions,24-HR BLK AVG,PM25 24-hour 2012,04-03-2024,Micrograms/cubic meter (LC),,1,100,7.4,7.4,0,41.0,170,Met One BAM-1020 Mass Monitor w/VSCC - Beta Attenuation,Los Angeles-North Main Street,"1630 N MAIN ST, LOS ANGELES",California,Los Angeles,Los Angeles,"Los Angeles-Long Beach-Anaheim, CA",08-11-2024,pm25
6,37,1103,88101,3,34.06659,-118.22688,WGS84,PM2.5 - Local Conditions,24-HR BLK AVG,PM25 24-hour 2012,05-03-2024,Micrograms/cubic meter (LC),,1,100,7.7,7.7,0,43.0,170,Met One BAM-1020 Mass Monitor w/VSCC - Beta Attenuation,Los Angeles-North Main Street,"1630 N MAIN ST, LOS ANGELES",California,Los Angeles,Los Angeles,"Los Angeles-Long Beach-Anaheim, CA",08-11-2024,pm25
6,37,1103,88101,3,34.06659,-118.22688,WGS84,PM2.5 - Local Conditions,24-HR BLK AVG,PM25 24-hour 2012,06-03-2024,Micrograms/cubic meter (LC),,1,100,4.7,4.7,0,26.0,170,Met One BAM-1020 Mass Monitor w/VSCC - Beta Attenuation,Los Angeles-North Main Street,"1630 N MAIN ST, LOS ANGELES",California,Los Angeles,Los Angeles,"Los Angeles-Long Beach-Anaheim, CA",08-11-2024,pm25
6,37,1103,88101,3,34.06659,-118.22688,WGS84,PM2.5 - Local Conditions,24-HR BLK AVG,PM25 24-hour 2012,07-03-2024,Micrograms/cubic meter (LC),,1,100,5.3,5.3,0,29.0,170,Met One BAM-1020 Mass Monitor w/VSCC - Beta Attenuation,Los Angeles-North Main Street,"1630 N MAIN ST, LOS ANGELES",California,Los Angeles,Los Angeles,"Los Angeles-Long Beach-Anaheim, CA",08-11-2024,pm25
6,37,1103,88101,3,34.06659,-118.22688,WGS84,PM2.5 - Local Conditions,24-HR BLK AVG,PM25 24-hour 2012,08-03-2024,Micrograms/cubic meter (LC),,1,100,9.5,9.5,0,52.0,170,Met One BAM-1020 Mass Monitor w/VSCC - Beta Attenuation,Los Angeles-North Main Street,"1630 N MAIN ST, LOS ANGELES",California,Los Angeles,Los Angeles,"Los Angeles-Long Beach-Anaheim, CA",08-11-2024,pm25
6,37,1103,88101,3,34.06659,-118.22688,WGS84,PM2.5 - Local Conditions,24-HR BLK AVG,PM25 24-hour 2012,09-03-2024,Micrograms/cubic meter (LC),,1,100,10.1,10.1,0,53.0,170,Met One BAM-1020 Mass Monitor w/VSCC - Beta Attenuation,Los Angeles-North Main Street,"1630 N MAIN ST, LOS ANGELES",California,Los Angeles,Los Angeles,"Los Angeles-Long Beach-Anaheim, CA",08-11-2024,pm25
6,37,1103,88101,3,34.06659,-118.22688,WGS84,PM2.5 - Local Conditions,24-HR BLK AVG,PM25 24-hour 2012,10-03-2024,Micrograms/cubic meter (LC),,1,100,8.0,8.0,0,44.0,170,Met One BAM-1020 Mass Monitor w/VSCC - Beta Attenuation,Los Angeles-North Main Street,"1630 N MAIN ST, LOS ANGELES",California,Los Angeles,Los Angeles,"Los Angeles-Long Beach-Anaheim, CA",08-11-2024,pm25
6,37,1103,88101,3,34.06659,-118.22688,WGS84,PM2.5 - Local Conditions,24-HR BLK AVG,PM25 24-hour 2012,11-03-2024,Micrograms/cubic meter (LC),,1,100,7.2,7.2,0,40.0,170,Met One BAM-1020 Mass Monitor w/VSCC - Beta Attenuation,Los Angeles-North Main Street,"1630 N MAIN ST, LOS ANGELES",California,Los Angeles,Los Angeles,"Los Angeles-Long Beach-Anaheim, CA",08-11-2024,pm25
6,37,1103,88101,3,34.06659,-118.22688,WGS84,PM2.5 - Local Conditions,24-HR BLK AVG,PM25 24-hour 2012,12-03-2024,Micrograms/cubic meter (LC),,1,100,6.7,6.7,0,37.0,170,Met One BAM-1020 Mass Monitor w/VSCC - Beta Attenuation,Los Angeles-North Main Street,"1630 N MAIN ST, LOS ANGELES",California,Los Angeles,Los Angeles,"Los Angeles-Long Beach-Anaheim, CA",08-11-2024,pm25
6,37,1103,88101,3,34.06659,-118.22688,WGS84,PM2.5 - Local Conditions,24-HR BLK AVG,PM25 24-hour 2012,13-03-2024,Micrograms/cubic meter (LC),,1,100,7.4,7.4,0,41.0,170,Met One BAM-1020 Mass Monitor w/VSCC - Beta Attenuation,Los Angeles-North Main Street,"1630 N MAIN ST, LOS ANGELES",California,Los Angeles,Los Angeles,"Los Angeles-Long Beach-Anaheim, CA",08-11-2024,pm25
6,37,1103,88101,3,34.06659,-118.22688,WGS84,PM2.5 - Local Conditions,24-HR BLK AVG,PM25 24-hour 2012,14-03-2024,Micrograms/cubic meter (LC),,1,100,7.5,7.5,0,42.0,170,Met One BAM-1020 Mass Monitor w/VSCC - Beta Attenuation,Los Angeles-North Main Street,"1630 N MAIN ST, LOS ANGELES",California,Los Angeles,Los Angeles,"Los Angeles-Long Beach-Anaheim, CA",08-11-2024,pm25
6,37,1103,88101,3,34.06659,-118.22688,WGS84,PM2.5 - Local Conditions,24-HR BLK AVG,PM25 24-hour 2012,15-03-2024,Micrograms/cubic meter (LC),,1,100,6.2,6.2,0,34.0,170,Met One BAM-1020 Mass Monitor w/VSCC - Beta Attenuation,Los Angeles-North Main Street,"1630 N MAIN ST, LOS ANGELES",California,Los Angeles,Los Angeles,"Los Angeles-Long Beach-Anaheim, CA",08-11-2024,pm25
6,37,1103,88101,3,34.06659,-118.22688,WGS84,PM2.5 - Local Conditions,24-HR BLK AVG,PM25 24-hour 2012,16-03-2024,Micrograms/cubic meter (LC),,1,100,6.7,6.7,0,37.0,170,Met One BAM-1020 Mass Monitor w/VSCC - Beta Attenuation,Los Angeles-North Main Street,"1630 N MAIN ST, LOS ANGELES",California,Los Angeles,Los Angeles,"Los Angeles-Long Beach-Anaheim, CA",08-11-2024,pm25
6,37,1103,88101,3,34.06659,-118.22688,WGS84,PM2.5 - Local Conditions,24-HR BLK AVG,PM25 24-hour 2012,17-03-2024,Micrograms/cubic meter (LC),,1,100,9.4,9.4,0,52.0,170,Met One BAM-1020 Mass Monitor w/VSCC - Beta Attenuation,Los Angeles-North Main Street,"1630 N MAIN ST, LOS ANGELES",California,Los Angeles,Los Angeles,"Los Angeles-Long Beach-Anaheim, CA",08-11-2024,pm25
6,37,1103,88101,3,34.06659,-118.22688,WGS84,PM2.5 - Local Conditions,24-HR BLK AVG,PM25 24-hour 2012,18-03-2024,Micrograms/cubic meter (LC),,1,100,10.9,10.9,0,54.0,170,Met One BAM-1020 Mass Monitor w/VSCC - Beta Attenuation,Los Angeles-North Main Street,"1630 N MAIN ST, LOS ANGELES",California,Los Angeles,Los Angeles,"Los Angeles-Long Beach-Anaheim, CA",08-11-2024,pm25
6,37,1103,88101,3,34.06659,-118.22688,WGS84,PM2.5 - Local Conditions,24-HR BLK AVG,PM25 24-hour 2012,19-03-2024,Micrograms/cubic meter (LC),,1,100,10.6,10.6,0,54.0,170,Met One BAM-1020 Mass Monitor w/VSCC - Beta Attenuation,Los Angeles-North Main Street,"1630 N MAIN ST, LOS ANGELES",California,Los Angeles,Los Angeles,"Los Angeles-Long Beach-Anaheim, CA",08-11-2024,pm25
6,37,1103,88101,3,34.06659,-118.22688,WGS84,PM2.5 - Local Conditions,24-HR BLK AVG,PM25 24-hour 2012,20-03-2024,Micrograms/cubic meter (LC),,1,100,17.2,17.2,0,66.0,170,Met One BAM-1020 Mass Monitor w/VSCC - Beta Attenuation,Los Angeles-North Main Street,"1630 N MAIN ST, LOS ANGELES",California,Los Angeles,Los Angeles,"Los Angeles-Long Beach-Anaheim, CA",08-11-2024,pm25
6,37,1103,88101,3,34.06659,-118.22688,WGS84,PM2.5 - Local Conditions,24-HR BLK AVG,PM25 24-hour 2012,21-03-2024,Micrograms/cubic meter (LC),,1,100,18.0,18.0,0,68.0,170,Met One BAM-1020 Mass Monitor w/VSCC - Beta Attenuation,Los Angeles-North Main Street,"1630 N MAIN ST, LOS ANGELES",California,Los Angeles,Los Angeles,"Los Angeles-Long Beach-Anaheim, CA",08-11-2024,pm25
6,37,1103,88101,3,34.06659,-118.22688,WGS84,PM2.5 - Local Conditions,24-HR BLK AVG,PM25 24-hour 2012,22-03-2024,Micrograms/cubic meter (LC),,1,100,19.1,19.1,0,70.0,170,Met One BAM-1020 Mass Monitor w/VSCC - Beta Attenuation,Los Angeles-North Main Street,"1630 N MAIN ST, LOS ANGELES",California,Los Angeles,Los Angeles,"Los Angeles-Long Beach-Anaheim, CA",08-11-2024,pm25
6,37,1103,88101,3,34.06659,-118.22688,WGS84,PM2.5 - Local Conditions,24-HR BLK AVG,PM25 24-hour 2012,23-03-2024,Micrograms/cubic meter (LC),,1,100,4.9,4.9,0,27.0,170,Met One BAM-1020 Mass Monitor w/VSCC - Beta Attenuation,Los Angeles-North Main Street,"1630 N MAIN ST, LOS ANGELES",California,Los Angeles,Los Angeles,"Los Angeles-Long Beach-Anaheim, CA",08-11-2024,pm25
6,37,1103,88101,3,34.06659,-118.22688,WGS84,PM2.5 - Local Conditions,24-HR BLK AVG,PM25 24-hour 2012,24-03-2024,Micrograms/cubic meter (LC),,1,100,3.0,3.0,0,17.0,170,Met One BAM-1020 Mass Monitor w/VSCC - Beta Attenuation,Los Angeles-North Main Street,"1630 N MAIN ST, LOS ANGELES",California,Los Angeles,Los Angeles,"Los Angeles-Long Beach-Anaheim, CA",08-11-2024,pm25
6,37,1103,88101,3,34.06659,-118.22688,WGS84,PM2.5 - Local Conditions,24-HR BLK AVG,PM25 24-hour 2012,25-03-2024,Micrograms/cubic meter (LC),,1,100,5.5,5.5,0,31.0,170,Met One BAM-1020 Mass Monitor w/VSCC - Beta Attenuation,Los Angeles-North Main Street,"1630 N MAIN ST, LOS ANGELES",California,Los Angeles,Los Angeles,"Los Angeles-Long Beach-Anaheim, CA",08-11-2024,pm25
6,37,1103,88101,3,34.06659,-118.22688,WGS84,PM2.5 - Local Conditions,24-HR BLK AVG,PM25 24-hour 2012,26-03-2024,Micrograms/cubic meter (LC),,1,100,8.5,8.5,0,47.0,170,Met One BAM-1020 Mass Monitor w/VSCC - Beta Attenuation,Los Angeles-North Main Street,"1630 N MAIN ST, LOS ANGELES",California,Los Angeles,Los Angeles,"Los Angeles-Long Beach-Anaheim, CA",08-11-2024,pm25
6,37,1103,88101,3,34.06659,-118.22688,WGS84,PM2.5 - Local Conditions,24-HR BLK AVG,PM25 24-hour 2012,27-03-2024,Micrograms/cubic meter (LC),,1,100,11.8,11.8,0,56.0,170,Met One BAM-1020 Mass Monitor w/VSCC - Beta Attenuation,Los Angeles-North Main Street,"1630 N MAIN ST, LOS ANGELES",California,Los Angeles,Los Angeles,"Los Angeles-Long Beach-Anaheim, CA",08-11-2024,pm25
6,37,1103,88101,3,34.06659,-118.22688,WGS84,PM2.5 - Local Conditions,24-HR BLK AVG,PM25 24-hour 2012,28-03-2024,Micrograms/cubic meter (LC),,1,100,10.3,10.3,0,53.0,170,Met One BAM-1020 Mass Monitor w/VSCC - Beta Attenuation,Los Angeles-North Main Street,"1630 N MAIN ST, LOS ANGELES",California,Los Angeles,Los Angeles,"Los Angeles-Long Beach-Anaheim, CA",08-11-2024,pm25
6,37,1103,88101,3,34.06659,-118.22688,WGS84,PM2.5 - Local Conditions,24-HR BLK AVG,PM25 24-hour 2012,29-03-2024,Micrograms/cubic meter (LC),,1,100,6.1,6.1,0,34.0,170,Met One BAM-1020 Mass Monitor w/VSCC - Beta Attenuation,Los Angeles-North Main Street,"1630 N MAIN ST, LOS ANGELES",California,Los Angeles,Los Angeles,"Los Angeles-Long Beach-Anaheim, CA",08-11-2024,pm25
6,37,1103,88101,3,34.06659,-118.22688,WGS84,PM2.5 - Local Conditions,24-HR BLK AVG,PM25 24-hour 2012,30-03-2024,Micrograms/cubic meter (LC),,1,100,3.2,3.2,0,18.0,170,Met One BAM-1020 Mass Monitor w/VSCC - Beta Attenuation,Los Angeles-North Main Street,"1630 N MAIN ST, LOS ANGELES",California,Los Angeles,Los Angeles,"Los Angeles-Long Beach-Anaheim, CA",08-11-2024,pm25
6,37,1103,88101,3,34.06659,-118.22688,WGS84,PM2.5 - Local Conditions,24-HR BLK AVG,PM25 24-hour 2012,31-03-2024,Micrograms/cubic meter (LC),,1,100,3.9,3.9,0,22.0,170,Met One BAM-1020 Mass Monitor w/VSCC - Beta Attenuation,Los Angeles-North Main Street,"1630 N MAIN ST, LOS ANGELES",California,Los Angeles,Los Angeles,"Los Angeles-Long Beach-Anaheim, CA",08-11-2024,pm25
6,37,1103,88101,3,34.06659,-118.22688,WGS84,PM2.5 - Local Conditions,24-HR BLK AVG,PM25 24-hour 2012,01-04-2024,Micrograms/cubic meter (LC),,1,100,6.0,6.0,0,33.0,170,Met One BAM-1020 Mass Monitor w/VSCC - Beta Attenuation,Los Angeles-North Main Street,"1630 N MAIN ST, LOS ANGELES",California,Los Angeles,Los Angeles,"Los Angeles-Long Beach-Anaheim, CA",08-11-2024,pm25
6,37,1103,88101,3,34.06659,-118.22688,WGS84,PM2.5 - Local Conditions,24-HR BLK AVG,PM25 24-hour 2012,02-04-2024,Micrograms/cubic meter (LC),,1,100,8.5,8.5,0,47.0,170,Met One BAM-1020 Mass Monitor w/VSCC - Beta Attenuation,Los Angeles-North Main Street,"1630 N MAIN ST, LOS ANGELES",California,Los Angeles,Los Angeles,"Los Angeles-Long Beach-Anaheim, CA",08-11-2024,pm25
6,37,1103,88101,3,34.06659,-118.22688,WGS84,PM2.5 - Local Conditions,24-HR BLK AVG,PM25 24-hour 2012,03-04-2024,Micrograms/cubic meter (LC),,1,100,9.1,9.1,0,51.0,170,Met One BAM-1020 Mass Monitor w/VSCC - Beta Attenuation,Los Angeles-North Main Street,"1630 N MAIN ST, LOS ANGELES",California,Los Angeles,Los Angeles,"Los Angeles-Long Beach-Anaheim, CA",08-11-2024,pm25
6,37,1103,88101,3,34.06659,-118.22688,WGS84,PM2.5 - Local Conditions,24-HR BLK AVG,PM25 24-hour 2012,04-04-2024,Micrograms/cubic meter (LC),,1,100,7.4,7.4,0,41.0,170,Met One BAM-1020 Mass Monitor w/VSCC - Beta Attenuation,Los Angeles-North Main Street,"1630 N MAIN ST, LOS ANGELES",California,Los Angeles,Los Angeles,"Los Angeles-Long Beach-Anaheim, CA",08-11-2024,pm25
6,37,1103,88101,3,34.06659,-118.22688,WGS84,PM2.5 - Local Conditions,24-HR BLK AVG,PM25 24-hour 2012,10-04-2024,Micrograms/cubic meter (LC),,1,100,12.9,12.9,0,58.0,170,Met One BAM-1020 Mass Monitor w/VSCC - Beta Attenuation,Los Angeles-North Main Street,"1630 N MAIN ST, LOS ANGELES",California,Los Angeles,Los Angeles,"Los Angeles-Long Beach-Anaheim, CA",08-11-2024,pm25
6,37,1103,88101,3,34.06659,-118.22688,WGS84,PM2.5 - Local Conditions,24-HR BLK AVG,PM25 24-hour 2012,11-04-2024,Micrograms/cubic meter (LC),,1,100,18.4,18.4,0,68.0,170,Met One BAM-1020 Mass Monitor w/VSCC - Beta Attenuation,Los Angeles-North Main Street,"1630 N MAIN ST, LOS ANGELES",California,Los Angeles,Los Angeles,"Los Angeles-Long Beach-Anaheim, CA",08-11-2024,pm25
6,37,1103,88101,3,34.06659,-118.22688,WGS84,PM2.5 - Local Conditions,24-HR BLK AVG,PM25 24-hour 2012,12-04-2024,Micrograms/cubic meter (LC),,1,100,16.2,16.2,0,64.0,170,Met One BAM-1020 Mass Monitor w/VSCC - Beta Attenuation,Los Angeles-North Main Street,"1630 N MAIN ST, LOS ANGELES",California,Los Angeles,Los Angeles,"Los Angeles-Long Beach-Anaheim, CA",08-11-2024,pm25
6,37,1103,88101,3,34.06659,-118.22688,WGS84,PM2.5 - Local Conditions,24-HR BLK AVG,PM25 24-hour 2012,13-04-2024,Micrograms/cubic meter (LC),,1,100,6.3,6.3,0,35.0,170,Met One BAM-1020 Mass Monitor w/VSCC - Beta Attenuation,Los Angeles-North Main Street,"1630 N MAIN ST, LOS ANGELES",California,Los Angeles,Los Angeles,"Los Angeles-Long Beach-Anaheim, CA",08-11-2024,pm25
6,37,1103,88101,3,34.06659,-118.22688,WGS84,PM2.5 - Local Conditions,24-HR BLK AVG,PM25 24-hour 2012,14-04-2024,Micrograms/cubic meter (LC),,1,100,6.7,6.7,0,37.0,170,Met One BAM-1020 Mass Monitor w/VSCC - Beta Attenuation,Los Angeles-North Main Street,"1630 N MAIN ST, LOS ANGELES",California,Los Angeles,Los Angeles,"Los Angeles-Long Beach-Anaheim, CA",08-11-2024,pm25
6,37,1103,88101,3,34.06659,-118.22688,WGS84,PM2.5 - Local Conditions,24-HR BLK AVG,PM25 24-hour 2012,15-04-2024,Micrograms/cubic meter (LC),,1,100,7.9,7.9,0,44.0,170,Met One BAM-1020 Mass Monitor w/VSCC - Beta Attenuation,Los Angeles-North Main Street,"1630 N MAIN ST, LOS ANGELES",California,Los Angeles,Los Angeles,"Los Angeles-Long Beach-Anaheim, CA",08-11-2024,pm25
6,37,1103,88101,3,34.06659,-118.22688,WGS84,PM2.5 - Local Conditions,24-HR BLK AVG,PM25 24-hour 2012,16-04-2024,Micrograms/cubic meter (LC),,1,100,9.8,9.8,0,52.0,170,Met One BAM-1020 Mass Monitor w/VSCC - Beta Attenuation,Los Angeles-North Main Street,"1630 N MAIN ST, LOS ANGELES",California,Los Angeles,Los Angeles,"Los Angeles-Long Beach-Anaheim, CA",08-11-2024,pm25
6,37,1103,88101,3,34.06659,-118.22688,WGS84,PM2.5 - Local Conditions,24-HR BLK AVG,PM25 24-hour 2012,17-04-2024,Micrograms/cubic meter (LC),,1,100,10.7,10.7,0,54.0,170,Met One BAM-1020 Mass Monitor w/VSCC - Beta Attenuation,Los Angeles-North Main Street,"1630 N MAIN ST, LOS ANGELES",California,Los Angeles,Los Angeles,"Los Angeles-Long Beach-Anaheim, CA",08-11-2024,pm25
6,37,1103,88101,3,34.06659,-118.22688,WGS84,PM2.5 - Local Conditions,24-HR BLK AVG,PM25 24-hour 2012,18-04-2024,Micrograms/cubic meter (LC),,1,100,16.5,16.5,0,65.0,170,Met One BAM-1020 Mass Monitor w/VSCC - Beta Attenuation,Los Angeles-North Main Street,"1630 N MAIN ST, LOS ANGELES",California,Los Angeles,Los Angeles,"Los Angeles-Long Beach-Anaheim, CA",08-11-2024,pm25
6,37,1103,88101,3,34.06659,-118.22688,WGS84,PM2.5 - Local Conditions,24-HR BLK AVG,PM25 24-hour 2012,19-04-2024,Micrograms/cubic meter (LC),,1,100,13.7,13.7,0,60.0,170,Met One BAM-1020 Mass Monitor w/VSCC - Beta Attenuation,Los Angeles-North Main Street,"1630 N MAIN ST, LOS ANGELES",California,Los Angeles,Los Angeles,"Los Angeles-Long Beach-Anaheim, CA",08-11-2024,pm25
6,37,1103,88101,3,34.06659,-118.22688,WGS84,PM2.5 - Local Conditions,24-HR BLK AVG,PM25 24-hour 2012,20-04-2024,Micrograms/cubic meter (LC),,1,100,16.2,16.2,0,64.0,170,Met One BAM-1020 Mass Monitor w/VSCC - Beta Attenuation,Los Angeles-North Main Street,"1630 N MAIN ST, LOS ANGELES",California,Los Angeles,Los Angeles,"Los Angeles-Long Beach-Anaheim, CA",08-11-2024,pm25
6,37,1103,88101,3,34.06659,-118.22688,WGS84,PM2.5 - Local Conditions,24-HR BLK AVG,PM25 24-hour 2012,21-04-2024,Micrograms/cubic meter (LC),,1,100,18.1,18.1,0,68.0,170,Met One BAM-1020 Mass Monitor w/VSCC - Beta Attenuation,Los Angeles-North Main Street,"1630 N MAIN ST, LOS ANGELES",California,Los Angeles,Los Angeles,"Los Angeles-Long Beach-Anaheim, CA",08-11-2024,pm25
6,37,1103,88101,3,34.06659,-118.22688,WGS84,PM2.5 - Local Conditions,24-HR BLK AVG,PM25 24-hour 2012,22-04-2024,Micrograms/cubic meter (LC),,1,100,21.7,21.7,0,74.0,170,Met One BAM-1020 Mass Monitor w/VSCC - Beta Attenuation,Los Angeles-North Main Street,"1630 N MAIN ST, LOS ANGELES",California,Los Angeles,Los Angeles,"Los Angeles-Long Beach-Anaheim, CA",08-11-2024,pm25
6,37,1103,88101,3,34.06659,-118.22688,WGS84,PM2.5 - Local Conditions,24-HR BLK AVG,PM25 24-hour 2012,23-04-2024,Micrograms/cubic meter (LC),,1,100,7.8,7.8,0,43.0,170,Met One BAM-1020 Mass Monitor w/VSCC - Beta Attenuation,Los Angeles-North Main Street,"1630 N MAIN ST, LOS ANGELES",California,Los Angeles,Los Angeles,"Los Angeles-Long Beach-Anaheim, CA",08-11-2024,pm25
6,37,1103,88101,3,34.06659,-118.22688,WGS84,PM2.5 - Local Conditions,24-HR BLK AVG,PM25 24-hour 2012,24-04-2024,Micrograms/cubic meter (LC),,1,100,8.2,8.2,0,46.0,170,Met One BAM-1020 Mass Monitor w/VSCC - Beta Attenuation,Los Angeles-North Main Street,"1630 N MAIN ST, LOS ANGELES",California,Los Angeles,Los Angeles,"Los Angeles-Long Beach-Anaheim, CA",08-11-2024,pm25
6,37,1103,88101,3,34.06659,-118.22688,WGS84,PM2.5 - Local Conditions,24-HR BLK AVG,PM25 24-hour 2012,25-04-2024,Micrograms/cubic meter (LC),,1,100,5.6,5.6,0,31.0,170,Met One BAM-1020 Mass Monitor w/VSCC - Beta Attenuation,Los Angeles-North Main Street,"1630 N MAIN ST, LOS ANGELES",California,Los Angeles,Los Angeles,"Los Angeles-Long Beach-Anaheim, CA",08-11-2024,pm25
6,37,1103,88101,3,34.06659,-118.22688,WGS84,PM2.5 - Local Conditions,24-HR BLK AVG,PM25 24-hour 2012,26-04-2024,Micrograms/cubic meter (LC),,1,100,8.9,8.9,0,49.0,170,Met One BAM-1020 Mass Monitor w/VSCC - Beta Attenuation,Los Angeles-North Main Street,"1630 N MAIN ST, LOS ANGELES",California,Los Angeles,Los Angeles,"Los Angeles-Long Beach-Anaheim, CA",08-11-2024,pm25
6,37,1103,88101,3,34.06659,-118.22688,WGS84,PM2.5 - Local Conditions,24-HR BLK AVG,PM25 24-hour 2012,27-04-2024,Micrograms/cubic meter (LC),,1,100,8.5,8.5,0,47.0,170,Met One BAM-1020 Mass Monitor w/VSCC - Beta Attenuation,Los Angeles-North Main Street,"1630 N MAIN ST, LOS ANGELES",California,Los Angeles,Los Angeles,"Los Angeles-Long Beach-Anaheim, CA",08-11-2024,pm25
6,37,1103,88101,3,34.06659,-118.22688,WGS84,PM2.5 - Local Conditions,24-HR BLK AVG,PM25 24-hour 2012,28-04-2024,Micrograms/cubic meter (LC),,1,100,11.2,11.2,0,55.0,170,Met One BAM-1020 Mass Monitor w/VSCC - Beta Attenuation,Los Angeles-North Main Street,"1630 N MAIN ST, LOS ANGELES",California,Los Angeles,Los Angeles,"Los Angeles-Long Beach-Anaheim, CA",08-11-2024,pm25
6,37,1103,88101,3,34.06659,-118.22688,WGS84,PM2.5 - Local Conditions,24-HR BLK AVG,PM25 24-hour 2012,29-04-2024,Micrograms/cubic meter (LC),,1,100,15.0,15.0,0,62.0,170,Met One BAM-1020 Mass Monitor w/VSCC - Beta Attenuation,Los Angeles-North Main Street,"1630 N MAIN ST, LOS ANGELES",California,Los Angeles,Los Angeles,"Los Angeles-Long Beach-Anaheim, CA",08-11-2024,pm25
6,37,1103,88101,3,34.06659,-118.22688,WGS84,PM2.5 - Local Conditions,24-HR BLK AVG,PM25 24-hour 2012,30-04-2024,Micrograms/cubic meter (LC),,1,100,14.6,14.6,0,61.0,170,Met One BAM-1020 Mass Monitor w/VSCC - Beta Attenuation,Los Angeles-North Main Street,"1630 N MAIN ST, LOS ANGELES",California,Los Angeles,Los Angeles,"Los Angeles-Long Beach-Anaheim, CA",08-11-2024,pm25
6,37,1103,88101,3,34.06659,-118.22688,WGS84,PM2.5 - Local Conditions,24-HR BLK AVG,PM25 24-hour 2012,01-05-2024,Micrograms/cubic meter (LC),,1,100,15.4,15.4,0,63.0,170,Met One BAM-1020 Mass Monitor w/VSCC - Beta Attenuation,Los Angeles-North Main Street,"1630 N MAIN ST, LOS ANGELES",California,Los Angeles,Los Angeles,"Los Angeles-Long Beach-Anaheim, CA",08-11-2024,pm25
6,37,1103,88101,3,34.06659,-118.22688,WGS84,PM2.5 - Local Conditions,24-HR BLK AVG,PM25 24-hour 2012,02-05-2024,Micrograms/cubic meter (LC),,1,100,17.1,17.1,0,66.0,170,Met One BAM-1020 Mass Monitor w/VSCC - Beta Attenuation,Los Angeles-North Main Street,"1630 N MAIN ST, LOS ANGELES",California,Los Angeles,Los Angeles,"Los Angeles-Long Beach-Anaheim, CA",08-11-2024,pm25
6,37,1103,88101,3,34.06659,-118.22688,WGS84,PM2.5 - Local Conditions,24-HR BLK AVG,PM25 24-hour 2012,03-05-2024,Micrograms/cubic meter (LC),,1,100,14.2,14.2,0,61.0,170,Met One BAM-1020 Mass Monitor w/VSCC - Beta Attenuation,Los Angeles-North Main Street,"1630 N MAIN ST, LOS ANGELES",California,Los Angeles,Los Angeles,"Los Angeles-Long Beach-Anaheim, CA",08-11-2024,pm25
6,37,1103,88101,3,34.06659,-118.22688,WGS84,PM2.5 - Local Conditions,24-HR BLK AVG,PM25 24-hour 2012,04-05-2024,Micrograms/cubic meter (LC),,1,100,10.4,10.4,0,53.0,170,Met One BAM-1020 Mass Monitor w/VSCC - Beta Attenuation,Los Angeles-North Main Street,"1630 N MAIN ST, LOS ANGELES",California,Los Angeles,Los Angeles,"Los Angeles-Long Beach-Anaheim, CA",08-11-2024,pm25
6,37,1103,88101,3,34.06659,-118.22688,WGS84,PM2.5 - Local Conditions,24-HR BLK AVG,PM25 24-hour 2012,06-05-2024,Micrograms/cubic meter (LC),,1,100,6.2,6.2,0,34.0,170,Met One BAM-1020 Mass Monitor w/VSCC - Beta Attenuation,Los Angeles-North Main Street,"1630 N MAIN ST, LOS ANGELES",California,Los Angeles,Los Angeles,"Los Angeles-Long Beach-Anaheim, CA",08-11-2024,pm25
6,37,1103,88101,3,34.06659,-118.22688,WGS84,PM2.5 - Local Conditions,24-HR BLK AVG,PM25 24-hour 2012,07-05-2024,Micrograms/cubic meter (LC),,1,100,10.0,10.0,0,53.0,170,Met One BAM-1020 Mass Monitor w/VSCC - Beta Attenuation,Los Angeles-North Main Street,"1630 N MAIN ST, LOS ANGELES",California,Los Angeles,Los Angeles,"Los Angeles-Long Beach-Anaheim, CA",08-11-2024,pm25
6,37,1103,88101,3,34.06659,-118.22688,WGS84,PM2.5 - Local Conditions,24-HR BLK AVG,PM25 24-hour 2012,08-05-2024,Micrograms/cubic meter (LC),,1,100,12.6,12.6,0,58.0,170,Met One BAM-1020 Mass Monitor w/VSCC - Beta Attenuation,Los Angeles-North Main Street,"1630 N MAIN ST, LOS ANGELES",California,Los Angeles,Los Angeles,"Los Angeles-Long Beach-Anaheim, CA",08-11-2024,pm25
6,37,1103,88101,3,34.06659,-118.22688,WGS84,PM2.5 - Local Conditions,24-HR BLK AVG,PM25 24-hour 2012,09-05-2024,Micrograms/cubic meter (LC),,1,100,15.1,15.1,0,62.0,170,Met One BAM-1020 Mass Monitor w/VSCC - Beta Attenuation,Los Angeles-North Main Street,"1630 N MAIN ST, LOS ANGELES",California,Los Angeles,Los Angeles,"Los Angeles-Long Beach-Anaheim, CA",08-11-2024,pm25
6,37,1103,88101,3,34.06659,-118.22688,WGS84,PM2.5 - Local Conditions,24-HR BLK AVG,PM25 24-hour 2012,10-05-2024,Micrograms/cubic meter (LC),,1,100,15.6,15.6,0,63.0,170,Met One BAM-1020 Mass Monitor w/VSCC - Beta Attenuation,Los Angeles-North Main Street,"1630 N MAIN ST, LOS ANGELES",California,Los Angeles,Los Angeles,"Los Angeles-Long Beach-Anaheim, CA",08-11-2024,pm25
6,37,1103,88101,3,34.06659,-118.22688,WGS84,PM2.5 - Local Conditions,24-HR BLK AVG,PM25 24-hour 2012,11-05-2024,Micrograms/cubic meter (LC),,1,100,13.8,13.8,0,60.0,170,Met One BAM-1020 Mass Monitor w/VSCC - Beta Attenuation,Los Angeles-North Main Street,"1630 N MAIN ST, LOS ANGELES",California,Los Angeles,Los Angeles,"Los Angeles-Long Beach-Anaheim, CA",08-11-2024,pm25
6,37,1103,88101,3,34.06659,-118.22688,WGS84,PM2.5 - Local Conditions,24-HR BLK AVG,PM25 24-hour 2012,12-05-2024,Micrograms/cubic meter (LC),,1,100,17.0,17.0,0,66.0,170,Met One BAM-1020 Mass Monitor w/VSCC - Beta Attenuation,Los Angeles-North Main Street,"1630 N MAIN ST, LOS ANGELES",California,Los Angeles,Los Angeles,"Los Angeles-Long Beach-Anaheim, CA",08-11-2024,pm25
6,37,1103,88101,3,34.06659,-118.22688,WGS84,PM2.5 - Local Conditions,24-HR BLK AVG,PM25 24-hour 2012,13-05-2024,Micrograms/cubic meter (LC),,1,100,12.7,12.7,0,58.0,170,Met One BAM-1020 Mass Monitor w/VSCC - Beta Attenuation,Los Angeles-North Main Street,"1630 N MAIN ST, LOS ANGELES",California,Los Angeles,Los Angeles,"Los Angeles-Long Beach-Anaheim, CA",08-11-2024,pm25
6,37,1103,88101,3,34.06659,-118.22688,WGS84,PM2.5 - Local Conditions,24-HR BLK AVG,PM25 24-hour 2012,14-05-2024,Micrograms/cubic meter (LC),,1,100,13.2,13.2,0,59.0,170,Met One BAM-1020 Mass Monitor w/VSCC - Beta Attenuation,Los Angeles-North Main Street,"1630 N MAIN ST, LOS ANGELES",California,Los Angeles,Los Angeles,"Los Angeles-Long Beach-Anaheim, CA",08-11-2024,pm25
6,37,1103,88101,3,34.06659,-118.22688,WGS84,PM2.5 - Local Conditions,24-HR BLK AVG,PM25 24-hour 2012,15-05-2024,Micrograms/cubic meter (LC),,1,100,9.3,9.3,0,51.0,170,Met One BAM-1020 Mass Monitor w/VSCC - Beta Attenuation,Los Angeles-North Main Street,"1630 N MAIN ST, LOS ANGELES",California,Los Angeles,Los Angeles,"Los Angeles-Long Beach-Anaheim, CA",08-11-2024,pm25
6,37,1103,88101,3,34.06659,-118.22688,WGS84,PM2.5 - Local Conditions,24-HR BLK AVG,PM25 24-hour 2012,16-05-2024,Micrograms/cubic meter (LC),,1,100,9.1,9.1,0,51.0,170,Met One BAM-1020 Mass Monitor w/VSCC - Beta Attenuation,Los Angeles-North Main Street,"1630 N MAIN ST, LOS ANGELES",California,Los Angeles,Los Angeles,"Los Angeles-Long Beach-Anaheim, CA",08-11-2024,pm25
6,37,1103,88101,3,34.06659,-118.22688,WGS84,PM2.5 - Local Conditions,24-HR BLK AVG,PM25 24-hour 2012,17-05-2024,Micrograms/cubic meter (LC),,1,100,9.2,9.2,0,51.0,170,Met One BAM-1020 Mass Monitor w/VSCC - Beta Attenuation,Los Angeles-North Main Street,"1630 N MAIN ST, LOS ANGELES",California,Los Angeles,Los Angeles,"Los Angeles-Long Beach-Anaheim, CA",08-11-2024,pm25
6,37,1103,88101,3,34.06659,-118.22688,WGS84,PM2.5 - Local Conditions,24-HR BLK AVG,PM25 24-hour 2012,18-05-2024,Micrograms/cubic meter (LC),,1,100,8.7,8.7,0,48.0,170,Met One BAM-1020 Mass Monitor w/VSCC - Beta Attenuation,Los Angeles-North Main Street,"1630 N MAIN ST, LOS ANGELES",California,Los Angeles,Los Angeles,"Los Angeles-Long Beach-Anaheim, CA",08-11-2024,pm25
6,37,1103,88101,3,34.06659,-118.22688,WGS84,PM2.5 - Local Conditions,24-HR BLK AVG,PM25 24-hour 2012,19-05-2024,Micrograms/cubic meter (LC),,1,100,8.8,8.8,0,49.0,170,Met One BAM-1020 Mass Monitor w/VSCC - Beta Attenuation,Los Angeles-North Main Street,"1630 N MAIN ST, LOS ANGELES",California,Los Angeles,Los Angeles,"Los Angeles-Long Beach-Anaheim, CA",08-11-2024,pm25
6,37,1103,88101,3,34.06659,-118.22688,WGS84,PM2.5 - Local Conditions,24-HR BLK AVG,PM25 24-hour 2012,20-05-2024,Micrograms/cubic meter (LC),,1,100,8.2,8.2,0,46.0,170,Met One BAM-1020 Mass Monitor w/VSCC - Beta Attenuation,Los Angeles-North Main Street,"1630 N MAIN ST, LOS ANGELES",California,Los Angeles,Los Angeles,"Los Angeles-Long Beach-Anaheim, CA",08-11-2024,pm25
6,37,1103,88101,3,34.06659,-118.22688,WGS84,PM2.5 - Local Conditions,24-HR BLK AVG,PM25 24-hour 2012,21-05-2024,Micrograms/cubic meter (LC),,1,100,12.6,12.6,0,58.0,170,Met One BAM-1020 Mass Monitor w/VSCC - Beta Attenuation,Los Angeles-North Main Street,"1630 N MAIN ST, LOS ANGELES",California,Los Angeles,Los Angeles,"Los Angeles-Long Beach-Anaheim, CA",08-11-2024,pm25
6,37,1103,88101,3,34.06659,-118.22688,WGS84,PM2.5 - Local Conditions,24-HR BLK AVG,PM25 24-hour 2012,22-05-2024,Micrograms/cubic meter (LC),,1,100,17.7,17.7,0,67.0,170,Met One BAM-1020 Mass Monitor w/VSCC - Beta Attenuation,Los Angeles-North Main Street,"1630 N MAIN ST, LOS ANGELES",California,Los Angeles,Los Angeles,"Los Angeles-Long Beach-Anaheim, CA",08-11-2024,pm25
6,37,1103,88101,3,34.06659,-118.22688,WGS84,PM2.5 - Local Conditions,24-HR BLK AVG,PM25 24-hour 2012,23-05-2024,Micrograms/cubic meter (LC),,1,100,12.2,12.2,0,57.0,170,Met One BAM-1020 Mass Monitor w/VSCC - Beta Attenuation,Los Angeles-North Main Street,"1630 N MAIN ST, LOS ANGELES",California,Los Angeles,Los Angeles,"Los Angeles-Long Beach-Anaheim, CA",08-11-2024,pm25
6,37,1103,88101,3,34.06659,-118.22688,WGS84,PM2.5 - Local Conditions,24-HR BLK AVG,PM25 24-hour 2012,24-05-2024,Micrograms/cubic meter (LC),,1,100,14.5,14.5,0,61.0,170,Met One BAM-1020 Mass Monitor w/VSCC - Beta Attenuation,Los Angeles-North Main Street,"1630 N MAIN ST, LOS ANGELES",California,Los Angeles,Los Angeles,"Los Angeles-Long Beach-Anaheim, CA",08-11-2024,pm25
6,37,1103,88101,3,34.06659,-118.22688,WGS84,PM2.5 - Local Conditions,24-HR BLK AVG,PM25 24-hour 2012,25-05-2024,Micrograms/cubic meter (LC),,1,100,7.0,7.0,0,39.0,170,Met One BAM-1020 Mass Monitor w/VSCC - Beta Attenuation,Los Angeles-North Main Street,"1630 N MAIN ST, LOS ANGELES",California,Los Angeles,Los Angeles,"Los Angeles-Long Beach-Anaheim, CA",08-11-2024,pm25
6,37,1103,88101,3,34.06659,-118.22688,WGS84,PM2.5 - Local Conditions,24-HR BLK AVG,PM25 24-hour 2012,26-05-2024,Micrograms/cubic meter (LC),,1,100,8.6,8.6,0,48.0,170,Met One BAM-1020 Mass Monitor w/VSCC - Beta Attenuation,Los Angeles-North Main Street,"1630 N MAIN ST, LOS ANGELES",California,Los Angeles,Los Angeles,"Los Angeles-Long Beach-Anaheim, CA",08-11-2024,pm25
6,37,1103,88101,3,34.06659,-118.22688,WGS84,PM2.5 - Local Conditions,24-HR BLK AVG,PM25 24-hour 2012,27-05-2024,Micrograms/cubic meter (LC),,1,100,14.2,14.2,0,61.0,170,Met One BAM-1020 Mass Monitor w/VSCC - Beta Attenuation,Los Angeles-North Main Street,"1630 N MAIN ST, LOS ANGELES",California,Los Angeles,Los Angeles,"Los Angeles-Long Beach-Anaheim, CA",08-11-2024,pm25
6,37,1103,88101,3,34.06659,-118.22688,WGS84,PM2.5 - Local Conditions,24-HR BLK AVG,PM25 24-hour 2012,28-05-2024,Micrograms/cubic meter (LC),,1,100,17.4,17.4,0,66.0,170,Met One BAM-1020 Mass Monitor w/VSCC - Beta Attenuation,Los Angeles-North Main Street,"1630 N MAIN ST, LOS ANGELES",California,Los Angeles,Los Angeles,"Los Angeles-Long Beach-Anaheim, CA",08-11-2024,pm25
6,37,1103,88101,3,34.06659,-118.22688,WGS84,PM2.5 - Local Conditions,24-HR BLK AVG,PM25 24-hour 2012,29-05-2024,Micrograms/cubic meter (LC),,1,100,13.6,13.6,0,59.0,170,Met One BAM-1020 Mass Monitor w/VSCC - Beta Attenuation,Los Angeles-North Main Street,"1630 N MAIN ST, LOS ANGELES",California,Los Angeles,Los Angeles,"Los Angeles-Long Beach-Anaheim, CA",08-11-2024,pm25
6,37,1103,88101,3,34.06659,-118.22688,WGS84,PM2.5 - Local Conditions,24-HR BLK AVG,PM25 24-hour 2012,30-05-2024,Micrograms/cubic meter (LC),,1,100,18.5,18.5,0,69.0,170,Met One BAM-1020 Mass Monitor w/VSCC - Beta Attenuation,Los Angeles-North Main Street,"1630 N MAIN ST, LOS ANGELES",California,Los Angeles,Los Angeles,"Los Angeles-Long Beach-Anaheim, CA",08-11-2024,pm25
6,37,1103,88101,3,34.06659,-118.22688,WGS84,PM2.5 - Local Conditions,24-HR BLK AVG,PM25 24-hour 2012,31-05-2024,Micrograms/cubic meter (LC),,1,100,19.7,19.7,0,71.0,170,Met One BAM-1020 Mass Monitor w/VSCC - Beta Attenuation,Los Angeles-North Main Street,"1630 N MAIN ST, LOS ANGELES",California,Los Angeles,Los Angeles,"Los Angeles-Long Beach-Anaheim, CA",08-11-2024,pm25
6,37,1103,88101,3,34.06659,-118.22688,WGS84,PM2.5 - Local Conditions,24-HR BLK AVG,PM25 24-hour 2012,01-06-2024,Micrograms/cubic meter (LC),,1,100,13.9,13.9,0,60.0,170,Met One BAM-1020 Mass Monitor w/VSCC - Beta Attenuation,Los Angeles-North Main Street,"1630 N MAIN ST, LOS ANGELES",California,Los Angeles,Los Angeles,"Los Angeles-Long Beach-Anaheim, CA",08-11-2024,pm25
6,37,1103,88101,3,34.06659,-118.22688,WGS84,PM2.5 - Local Conditions,24-HR BLK AVG,PM25 24-hour 2012,02-06-2024,Micrograms/cubic meter (LC),,1,100,8.6,8.6,0,48.0,170,Met One BAM-1020 Mass Monitor w/VSCC - Beta Attenuation,Los Angeles-North Main Street,"1630 N MAIN ST, LOS ANGELES",California,Los Angeles,Los Angeles,"Los Angeles-Long Beach-Anaheim, CA",08-11-2024,pm25
6,37,1103,88101,3,34.06659,-118.22688,WGS84,PM2.5 - Local Conditions,24-HR BLK AVG,PM25 24-hour 2012,03-06-2024,Micrograms/cubic meter (LC),,1,100,12.4,12.4,0,57.0,170,Met One BAM-1020 Mass Monitor w/VSCC - Beta Attenuation,Los Angeles-North Main Street,"1630 N MAIN ST, LOS ANGELES",California,Los Angeles,Los Angeles,"Los Angeles-Long Beach-Anaheim, CA",08-11-2024,pm25
6,37,1103,88101,3,34.06659,-118.22688,WGS84,PM2.5 - Local Conditions,24-HR BLK AVG,PM25 24-hour 2012,04-06-2024,Micrograms/cubic meter (LC),,1,100,17.1,17.1,0,66.0,170,Met One BAM-1020 Mass Monitor w/VSCC - Beta Attenuation,Los Angeles-North Main Street,"1630 N MAIN ST, LOS ANGELES",California,Los Angeles,Los Angeles,"Los Angeles-Long Beach-Anaheim, CA",08-11-2024,pm25
6,37,1103,88101,3,34.06659,-118.22688,WGS84,PM2.5 - Local Conditions,24-HR BLK AVG,PM25 24-hour 2012,05-06-2024,Micrograms/cubic meter (LC),,1,100,21.5,21.5,0,74.0,170,Met One BAM-1020 Mass Monitor w/VSCC - Beta Attenuation,Los Angeles-North Main Street,"1630 N MAIN ST, LOS ANGELES",California,Los Angeles,Los Angeles,"Los Angeles-Long Beach-Anaheim, CA",08-11-2024,pm25
6,37,1103,88101,3,34.06659,-118.22688,WGS84,PM2.5 - Local Conditions,24-HR BLK AVG,PM25 24-hour 2012,06-06-2024,Micrograms/cubic meter (LC),,1,100,18.2,18.2,0,68.0,170,Met One BAM-1020 Mass Monitor w/VSCC - Beta Attenuation,Los Angeles-North Main Street,"1630 N MAIN ST, LOS ANGELES",California,Los Angeles,Los Angeles,"Los Angeles-Long Beach-Anaheim, CA",08-11-2024,pm25
6,37,1103,88101,3,34.06659,-118.22688,WGS84,PM2.5 - Local Conditions,24-HR BLK AVG,PM25 24-hour 2012,07-06-2024,Micrograms/cubic meter (LC),,1,100,10.7,10.7,0,54.0,170,Met One BAM-1020 Mass Monitor w/VSCC - Beta Attenuation,Los Angeles-North Main Street,"1630 N MAIN ST, LOS ANGELES",California,Los Angeles,Los Angeles,"Los Angeles-Long Beach-Anaheim, CA",08-11-2024,pm25
6,37,1103,88101,3,34.06659,-118.22688,WGS84,PM2.5 - Local Conditions,24-HR BLK AVG,PM25 24-hour 2012,08-06-2024,Micrograms/cubic meter (LC),,1,100,8.7,8.7,0,48.0,170,Met One BAM-1020 Mass Monitor w/VSCC - Beta Attenuation,Los Angeles-North Main Street,"1630 N MAIN ST, LOS ANGELES",California,Los Angeles,Los Angeles,"Los Angeles-Long Beach-Anaheim, CA",08-11-2024,pm25
6,37,1103,88101,3,34.06659,-118.22688,WGS84,PM2.5 - Local Conditions,24-HR BLK AVG,PM25 24-hour 2012,09-06-2024,Micrograms/cubic meter (LC),,1,100,6.6,6.6,0,37.0,170,Met One BAM-1020 Mass Monitor w/VSCC - Beta Attenuation,Los Angeles-North Main Street,"1630 N MAIN ST, LOS ANGELES",California,Los Angeles,Los Angeles,"Los Angeles-Long Beach-Anaheim, CA",08-11-2024,pm25
6,37,1103,88101,3,34.06659,-118.22688,WGS84,PM2.5 - Local Conditions,24-HR BLK AVG,PM25 24-hour 2012,10-06-2024,Micrograms/cubic meter (LC),,1,100,12.7,12.7,0,58.0,170,Met One BAM-1020 Mass Monitor w/VSCC - Beta Attenuation,Los Angeles-North Main Street,"1630 N MAIN ST, LOS ANGELES",California,Los Angeles,Los Angeles,"Los Angeles-Long Beach-Anaheim, CA",08-11-2024,pm25
6,37,1103,88101,3,34.06659,-118.22688,WGS84,PM2.5 - Local Conditions,24-HR BLK AVG,PM25 24-hour 2012,11-06-2024,Micrograms/cubic meter (LC),,1,100,16.4,16.4,0,65.0,170,Met One BAM-1020 Mass Monitor w/VSCC - Beta Attenuation,Los Angeles-North Main Street,"1630 N MAIN ST, LOS ANGELES",California,Los Angeles,Los Angeles,"Los Angeles-Long Beach-Anaheim, CA",08-11-2024,pm25
6,37,1103,88101,3,34.06659,-118.22688,WGS84,PM2.5 - Local Conditions,24-HR BLK AVG,PM25 24-hour 2012,12-06-2024,Micrograms/cubic meter (LC),,1,100,10.7,10.7,0,54.0,170,Met One BAM-1020 Mass Monitor w/VSCC - Beta Attenuation,Los Angeles-North Main Street,"1630 N MAIN ST, LOS ANGELES",California,Los Angeles,Los Angeles,"Los Angeles-Long Beach-Anaheim, CA",08-11-2024,pm25
6,37,1103,88101,3,34.06659,-118.22688,WGS84,PM2.5 - Local Conditions,24-HR BLK AVG,PM25 24-hour 2012,13-06-2024,Micrograms/cubic meter (LC),,1,100,12.3,12.3,0,57.0,170,Met One BAM-1020 Mass Monitor w/VSCC - Beta Attenuation,Los Angeles-North Main Street,"1630 N MAIN ST, LOS ANGELES",California,Los Angeles,Los Angeles,"Los Angeles-Long Beach-Anaheim, CA",08-11-2024,pm25
6,37,1103,88101,3,34.06659,-118.22688,WGS84,PM2.5 - Local Conditions,24-HR BLK AVG,PM25 24-hour 2012,14-06-2024,Micrograms/cubic meter (LC),,1,100,14.0,14.0,0,60.0,170,Met One BAM-1020 Mass Monitor w/VSCC - Beta Attenuation,Los Angeles-North Main Street,"1630 N MAIN ST, LOS ANGELES",California,Los Angeles,Los Angeles,"Los Angeles-Long Beach-Anaheim, CA",08-11-2024,pm25
6,37,1103,88101,3,34.06659,-118.22688,WGS84,PM2.5 - Local Conditions,24-HR BLK AVG,PM25 24-hour 2012,15-06-2024,Micrograms/cubic meter (LC),,1,100,20.6,20.6,0,72.0,170,Met One BAM-1020 Mass Monitor w/VSCC - Beta Attenuation,Los Angeles-North Main Street,"1630 N MAIN ST, LOS ANGELES",California,Los Angeles,Los Angeles,"Los Angeles-Long Beach-Anaheim, CA",08-11-2024,pm25
6,37,1103,88101,3,34.06659,-118.22688,WGS84,PM2.5 - Local Conditions,24-HR BLK AVG,PM25 24-hour 2012,16-06-2024,Micrograms/cubic meter (LC),,1,100,19.8,19.8,0,71.0,170,Met One BAM-1020 Mass Monitor w/VSCC - Beta Attenuation,Los Angeles-North Main Street,"1630 N MAIN ST, LOS ANGELES",California,Los Angeles,Los Angeles,"Los Angeles-Long Beach-Anaheim, CA",08-11-2024,pm25
6,37,1103,88101,3,34.06659,-118.22688,WGS84,PM2.5 - Local Conditions,24-HR BLK AVG,PM25 24-hour 2012,17-06-2024,Micrograms/cubic meter (LC),,1,100,19.6,19.6,0,71.0,170,Met One BAM-1020 Mass Monitor w/VSCC - Beta Attenuation,Los Angeles-North Main Street,"1630 N MAIN ST, LOS ANGELES",California,Los Angeles,Los Angeles,"Los Angeles-Long Beach-Anaheim, CA",08-11-2024,pm25
6,37,1103,88101,3,34.06659,-118.22688,WGS84,PM2.5 - Local Conditions,24-HR BLK AVG,PM25 24-hour 2012,18-06-2024,Micrograms/cubic meter (LC),,1,100,19.2,19.2,0,70.0,170,Met One BAM-1020 Mass Monitor w/VSCC - Beta Attenuation,Los Angeles-North Main Street,"1630 N MAIN ST, LOS ANGELES",California,Los Angeles,Los Angeles,"Los Angeles-Long Beach-Anaheim, CA",08-11-2024,pm25
6,37,1103,88101,3,34.06659,-118.22688,WGS84,PM2.5 - Local Conditions,24-HR BLK AVG,PM25 24-hour 2012,19-06-2024,Micrograms/cubic meter (LC),,1,100,18.0,18.0,0,68.0,170,Met One BAM-1020 Mass Monitor w/VSCC - Beta Attenuation,Los Angeles-North Main Street,"1630 N MAIN ST, LOS ANGELES",California,Los Angeles,Los Angeles,"Los Angeles-Long Beach-Anaheim, CA",08-11-2024,pm25
6,37,1103,88101,3,34.06659,-118.22688,WGS84,PM2.5 - Local Conditions,24-HR BLK AVG,PM25 24-hour 2012,20-06-2024,Micrograms/cubic meter (LC),,1,100,16.0,16.0,0,64.0,170,Met One BAM-1020 Mass Monitor w/VSCC - Beta Attenuation,Los Angeles-North Main Street,"1630 N MAIN ST, LOS ANGELES",California,Los Angeles,Los Angeles,"Los Angeles-Long Beach-Anaheim, CA",08-11-2024,pm25
6,37,1103,88101,3,34.06659,-118.22688,WGS84,PM2.5 - Local Conditions,24-HR BLK AVG,PM25 24-hour 2012,21-06-2024,Micrograms/cubic meter (LC),,1,100,15.7,15.7,0,63.0,170,Met One BAM-1020 Mass Monitor w/VSCC - Beta Attenuation,Los Angeles-North Main Street,"1630 N MAIN ST, LOS ANGELES",California,Los Angeles,Los Angeles,"Los Angeles-Long Beach-Anaheim, CA",08-11-2024,pm25
6,37,1103,88101,3,34.06659,-118.22688,WGS84,PM2.5 - Local Conditions,24-HR BLK AVG,PM25 24-hour 2012,22-06-2024,Micrograms/cubic meter (LC),,1,100,19.2,19.2,0,70.0,170,Met One BAM-1020 Mass Monitor w/VSCC - Beta Attenuation,Los Angeles-North Main Street,"1630 N MAIN ST, LOS ANGELES",California,Los Angeles,Los Angeles,"Los Angeles-Long Beach-Anaheim, CA",08-11-2024,pm25
6,37,1103,88101,3,34.06659,-118.22688,WGS84,PM2.5 - Local Conditions,24-HR BLK AVG,PM25 24-hour 2012,23-06-2024,Micrograms/cubic meter (LC),,1,100,13.0,13.0,0,58.0,170,Met One BAM-1020 Mass Monitor w/VSCC - Beta Attenuation,Los Angeles-North Main Street,"1630 N MAIN ST, LOS ANGELES",California,Los Angeles,Los Angeles,"Los Angeles-Long Beach-Anaheim, CA",08-11-2024,pm25
6,37,1103,88101,3,34.06659,-118.22688,WGS84,PM2.5 - Local Conditions,24-HR BLK AVG,PM25 24-hour 2012,24-06-2024,Micrograms/cubic meter (LC),,1,100,11.2,11.2,0,55.0,170,Met One BAM-1020 Mass Monitor w/VSCC - Beta Attenuation,Los Angeles-North Main Street,"1630 N MAIN ST, LOS ANGELES",California,Los Angeles,Los Angeles,"Los Angeles-Long Beach-Anaheim, CA",08-11-2024,pm25
6,37,1103,88101,3,34.06659,-118.22688,WGS84,PM2.5 - Local Conditions,24-HR BLK AVG,PM25 24-hour 2012,25-06-2024,Micrograms/cubic meter (LC),,1,100,14.5,14.5,0,61.0,170,Met One BAM-1020 Mass Monitor w/VSCC - Beta Attenuation,Los Angeles-North Main Street,"1630 N MAIN ST, LOS ANGELES",California,Los Angeles,Los Angeles,"Los Angeles-Long Beach-Anaheim, CA",08-11-2024,pm25
6,37,1103,88101,3,34.06659,-118.22688,WGS84,PM2.5 - Local Conditions,24-HR BLK AVG,PM25 24-hour 2012,26-06-2024,Micrograms/cubic meter (LC),,1,100,14.3,14.3,0,61.0,170,Met One BAM-1020 Mass Monitor w/VSCC - Beta Attenuation,Los Angeles-North Main Street,"1630 N MAIN ST, LOS ANGELES",California,Los Angeles,Los Angeles,"Los Angeles-Long Beach-Anaheim, CA",08-11-2024,pm25
6,37,1103,88101,3,34.06659,-118.22688,WGS84,PM2.5 - Local Conditions,24-HR BLK AVG,PM25 24-hour 2012,27-06-2024,Micrograms/cubic meter (LC),,1,100,12.6,12.6,0,58.0,170,Met One BAM-1020 Mass Monitor w/VSCC - Beta Attenuation,Los Angeles-North Main Street,"1630 N MAIN ST, LOS ANGELES",California,Los Angeles,Los Angeles,"Los Angeles-Long Beach-Anaheim, CA",08-11-2024,pm25
6,37,1103,88101,3,34.06659,-118.22688,WGS84,PM2.5 - Local Conditions,24-HR BLK AVG,PM25 24-hour 2012,28-06-2024,Micrograms/cubic meter (LC),,1,100,14.4,14.4,0,61.0,170,Met One BAM-1020 Mass Monitor w/VSCC - Beta Attenuation,Los Angeles-North Main Street,"1630 N MAIN ST, LOS ANGELES",California,Los Angeles,Los Angeles,"Los Angeles-Long Beach-Anaheim, CA",08-11-2024,pm25
6,37,1103,88101,3,34.06659,-118.22688,WGS84,PM2.5 - Local Conditions,24-HR BLK AVG,PM25 24-hour 2012,29-06-2024,Micrograms/cubic meter (LC),,1,100,16.5,16.5,0,65.0,170,Met One BAM-1020 Mass Monitor w/VSCC - Beta Attenuation,Los Angeles-North Main Street,"1630 N MAIN ST, LOS ANGELES",California,Los Angeles,Los Angeles,"Los Angeles-Long Beach-Anaheim, CA",08-11-2024,pm25
6,37,1103,88101,3,34.06659,-118.22688,WGS84,PM2.5 - Local Conditions,24-HR BLK AVG,PM25 24-hour 2012,30-06-2024,Micrograms/cubic meter (LC),,1,100,16.7,16.7,0,65.0,170,Met One BAM-1020 Mass Monitor w/VSCC - Beta Attenuation,Los Angeles-North Main Street,"1630 N MAIN ST, LOS ANGELES",California,Los Angeles,Los Angeles,"Los Angeles-Long Beach-Anaheim, CA",08-11-2024,pm25
6,37,1103,88101,3,34.06659,-118.22688,WGS84,PM2.5 - Local Conditions,24-HR BLK AVG,PM25 24-hour 2012,01-07-2024,Micrograms/cubic meter (LC),,2,200,14.1,14.1,0,60.0,170,Met One BAM-1020 Mass Monitor w/VSCC - Beta Attenuation,Los Angeles-North Main Street,"1630 N MAIN ST, LOS ANGELES",California,Los Angeles,Los Angeles,"Los Angeles-Long Beach-Anaheim, CA",08-11-2024,pm25
6,37,1103,88101,3,34.06659,-118.22688,WGS84,PM2.5 - Local Conditions,24-HR BLK AVG,PM25 24-hour 2012,02-07-2024,Micrograms/cubic meter (LC),,2,200,16.6,16.6,0,65.0,170,Met One BAM-1020 Mass Monitor w/VSCC - Beta Attenuation,Los Angeles-North Main Street,"1630 N MAIN ST, LOS ANGELES",California,Los Angeles,Los Angeles,"Los Angeles-Long Beach-Anaheim, CA",08-11-2024,pm25
6,37,1103,88101,3,34.06659,-118.22688,WGS84,PM2.5 - Local Conditions,24-HR BLK AVG,PM25 24-hour 2012,03-07-2024,Micrograms/cubic meter (LC),,2,200,13.0,13.0,0,58.0,170,Met One BAM-1020 Mass Monitor w/VSCC - Beta Attenuation,Los Angeles-North Main Street,"1630 N MAIN ST, LOS ANGELES",California,Los Angeles,Los Angeles,"Los Angeles-Long Beach-Anaheim, CA",08-11-2024,pm25
6,37,1103,88101,3,34.06659,-118.22688,WGS84,PM2.5 - Local Conditions,24-HR BLK AVG,PM25 24-hour 2012,04-07-2024,Micrograms/cubic meter (LC),,2,200,44.1,44.1,0,122.0,170,Met One BAM-1020 Mass Monitor w/VSCC - Beta Attenuation,Los Angeles-North Main Street,"1630 N MAIN ST, LOS ANGELES",California,Los Angeles,Los Angeles,"Los Angeles-Long Beach-Anaheim, CA",08-11-2024,pm25
6,37,1103,88101,3,34.06659,-118.22688,WGS84,PM2.5 - Local Conditions,24-HR BLK AVG,PM25 24-hour 2012,05-07-2024,Micrograms/cubic meter (LC),,2,200,62.3,62.3,0,156.0,170,Met One BAM-1020 Mass Monitor w/VSCC - Beta Attenuation,Los Angeles-North Main Street,"1630 N MAIN ST, LOS ANGELES",California,Los Angeles,Los Angeles,"Los Angeles-Long Beach-Anaheim, CA",08-11-2024,pm25
6,37,1103,88101,3,34.06659,-118.22688,WGS84,PM2.5 - Local Conditions,24-HR BLK AVG,PM25 24-hour 2012,06-07-2024,Micrograms/cubic meter (LC),,2,200,15.1,15.1,0,62.0,170,Met One BAM-1020 Mass Monitor w/VSCC - Beta Attenuation,Los Angeles-North Main Street,"1630 N MAIN ST, LOS ANGELES",California,Los Angeles,Los Angeles,"Los Angeles-Long Beach-Anaheim, CA",08-11-2024,pm25
6,37,1103,88101,3,34.06659,-118.22688,WGS84,PM2.5 - Local Conditions,24-HR BLK AVG,PM25 24-hour 2012,07-07-2024,Micrograms/cubic meter (LC),,2,200,12.1,12.1,0,57.0,170,Met One BAM-1020 Mass Monitor w/VSCC - Beta Attenuation,Los Angeles-North Main Street,"1630 N MAIN ST, LOS ANGELES",California,Los Angeles,Los Angeles,"Los Angeles-Long Beach-Anaheim, CA",08-11-2024,pm25
6,37,1103,88101,3,34.06659,-118.22688,WGS84,PM2.5 - Local Conditions,24-HR BLK AVG,PM25 24-hour 2012,08-07-2024,Micrograms/cubic meter (LC),,2,200,12.3,12.3,0,57.0,170,Met One BAM-1020 Mass Monitor w/VSCC - Beta Attenuation,Los Angeles-North Main Street,"1630 N MAIN ST, LOS ANGELES",California,Los Angeles,Los Angeles,"Los Angeles-Long Beach-Anaheim, CA",08-11-2024,pm25
6,37,1103,88101,3,34.06659,-118.22688,WGS84,PM2.5 - Local Conditions,24-HR BLK AVG,PM25 24-hour 2012,09-07-2024,Micrograms/cubic meter (LC),,2,200,16.3,16.3,0,64.0,170,Met One BAM-1020 Mass Monitor w/VSCC - Beta Attenuation,Los Angeles-North Main Street,"1630 N MAIN ST, LOS ANGELES",California,Los Angeles,Los Angeles,"Los Angeles-Long Beach-Anaheim, CA",08-11-2024,pm25
6,37,1103,88101,3,34.06659,-118.22688,WGS84,PM2.5 - Local Conditions,24-HR BLK AVG,PM25 24-hour 2012,10-07-2024,Micrograms/cubic meter (LC),,2,200,15.1,15.1,0,62.0,170,Met One BAM-1020 Mass Monitor w/VSCC - Beta Attenuation,Los Angeles-North Main Street,"1630 N MAIN ST, LOS ANGELES",California,Los Angeles,Los Angeles,"Los Angeles-Long Beach-Anaheim, CA",08-11-2024,pm25
6,37,1103,88101,3,34.06659,-118.22688,WGS84,PM2.5 - Local Conditions,24-HR BLK AVG,PM25 24-hour 2012,11-07-2024,Micrograms/cubic meter (LC),,2,200,16.1,16.1,0,64.0,170,Met One BAM-1020 Mass Monitor w/VSCC - Beta Attenuation,Los Angeles-North Main Street,"1630 N MAIN ST, LOS ANGELES",California,Los Angeles,Los Angeles,"Los Angeles-Long Beach-Anaheim, CA",08-11-2024,pm25
6,37,1103,88101,3,34.06659,-118.22688,WGS84,PM2.5 - Local Conditions,24-HR BLK AVG,PM25 24-hour 2012,12-07-2024,Micrograms/cubic meter (LC),,2,200,15.7,15.7,0,63.0,170,Met One BAM-1020 Mass Monitor w/VSCC - Beta Attenuation,Los Angeles-North Main Street,"1630 N MAIN ST, LOS ANGELES",California,Los Angeles,Los Angeles,"Los Angeles-Long Beach-Anaheim, CA",08-11-2024,pm25
6,37,1103,88101,3,34.06659,-118.22688,WGS84,PM2.5 - Local Conditions,24-HR BLK AVG,PM25 24-hour 2012,13-07-2024,Micrograms/cubic meter (LC),,2,200,15.7,15.7,0,63.0,170,Met One BAM-1020 Mass Monitor w/VSCC - Beta Attenuation,Los Angeles-North Main Street,"1630 N MAIN ST, LOS ANGELES",California,Los Angeles,Los Angeles,"Los Angeles-Long Beach-Anaheim, CA",08-11-2024,pm25
6,37,1103,88101,3,34.06659,-118.22688,WGS84,PM2.5 - Local Conditions,24-HR BLK AVG,PM25 24-hour 2012,14-07-2024,Micrograms/cubic meter (LC),,2,200,13.0,13.0,0,58.0,170,Met One BAM-1020 Mass Monitor w/VSCC - Beta Attenuation,Los Angeles-North Main Street,"1630 N MAIN ST, LOS ANGELES",California,Los Angeles,Los Angeles,"Los Angeles-Long Beach-Anaheim, CA",08-11-2024,pm25
6,37,1103,88101,3,34.06659,-118.22688,WGS84,PM2.5 - Local Conditions,24-HR BLK AVG,PM25 24-hour 2012,15-07-2024,Micrograms/cubic meter (LC),,2,200,11.8,11.8,0,56.0,170,Met One BAM-1020 Mass Monitor w/VSCC - Beta Attenuation,Los Angeles-North Main Street,"1630 N MAIN ST, LOS ANGELES",California,Los Angeles,Los Angeles,"Los Angeles-Long Beach-Anaheim, CA",08-11-2024,pm25
6,37,1103,88101,3,34.06659,-118.22688,WGS84,PM2.5 - Local Conditions,24-HR BLK AVG,PM25 24-hour 2012,16-07-2024,Micrograms/cubic meter (LC),,2,200,9.1,9.1,0,51.0,170,Met One BAM-1020 Mass Monitor w/VSCC - Beta Attenuation,Los Angeles-North Main Street,"1630 N MAIN ST, LOS ANGELES",California,Los Angeles,Los Angeles,"Los Angeles-Long Beach-Anaheim, CA",08-11-2024,pm25
6,37,1103,88101,3,34.06659,-118.22688,WGS84,PM2.5 - Local Conditions,24-HR BLK AVG,PM25 24-hour 2012,17-07-2024,Micrograms/cubic meter (LC),,2,200,10.3,10.3,0,53.0,170,Met One BAM-1020 Mass Monitor w/VSCC - Beta Attenuation,Los Angeles-North Main Street,"1630 N MAIN ST, LOS ANGELES",California,Los Angeles,Los Angeles,"Los Angeles-Long Beach-Anaheim, CA",08-11-2024,pm25
6,37,1103,88101,3,34.06659,-118.22688,WGS84,PM2.5 - Local Conditions,24-HR BLK AVG,PM25 24-hour 2012,18-07-2024,Micrograms/cubic meter (LC),,2,200,12.9,12.9,0,58.0,170,Met One BAM-1020 Mass Monitor w/VSCC - Beta Attenuation,Los Angeles-North Main Street,"1630 N MAIN ST, LOS ANGELES",California,Los Angeles,Los Angeles,"Los Angeles-Long Beach-Anaheim, CA",08-11-2024,pm25
6,37,1103,88101,3,34.06659,-118.22688,WGS84,PM2.5 - Local Conditions,24-HR BLK AVG,PM25 24-hour 2012,19-07-2024,Micrograms/cubic meter (LC),,2,200,26.9,26.9,0,84.0,170,Met One BAM-1020 Mass Monitor w/VSCC - Beta Attenuation,Los Angeles-North Main Street,"1630 N MAIN ST, LOS ANGELES",California,Los Angeles,Los Angeles,"Los Angeles-Long Beach-Anaheim, CA",08-11-2024,pm25
6,37,1103,88101,3,34.06659,-118.22688,WGS84,PM2.5 - Local Conditions,24-HR BLK AVG,PM25 24-hour 2012,20-07-2024,Micrograms/cubic meter (LC),,2,200,13.5,13.5,0,59.0,170,Met One BAM-1020 Mass Monitor w/VSCC - Beta Attenuation,Los Angeles-North Main Street,"1630 N MAIN ST, LOS ANGELES",California,Los Angeles,Los Angeles,"Los Angeles-Long Beach-Anaheim, CA",08-11-2024,pm25
6,37,1103,88101,3,34.06659,-118.22688,WGS84,PM2.5 - Local Conditions,24-HR BLK AVG,PM25 24-hour 2012,21-07-2024,Micrograms/cubic meter (LC),,2,200,14.1,14.1,0,60.0,170,Met One BAM-1020 Mass Monitor w/VSCC - Beta Attenuation,Los Angeles-North Main Street,"1630 N MAIN ST, LOS ANGELES",California,Los Angeles,Los Angeles,"Los Angeles-Long Beach-Anaheim, CA",08-11-2024,pm25
6,37,1103,88101,3,34.06659,-118.22688,WGS84,PM2.5 - Local Conditions,24-HR BLK AVG,PM25 24-hour 2012,22-07-2024,Micrograms/cubic meter (LC),,2,200,13.1,13.1,0,58.0,170,Met One BAM-1020 Mass Monitor w/VSCC - Beta Attenuation,Los Angeles-North Main Street,"1630 N MAIN ST, LOS ANGELES",California,Los Angeles,Los Angeles,"Los Angeles-Long Beach-Anaheim, CA",08-11-2024,pm25
6,37,1103,88101,3,34.06659,-118.22688,WGS84,PM2.5 - Local Conditions,24-HR BLK AVG,PM25 24-hour 2012,23-07-2024,Micrograms/cubic meter (LC),,2,200,10.2,10.2,0,53.0,170,Met One BAM-1020 Mass Monitor w/VSCC - Beta Attenuation,Los Angeles-North Main Street,"1630 N MAIN ST, LOS ANGELES",California,Los Angeles,Los Angeles,"Los Angeles-Long Beach-Anaheim, CA",08-11-2024,pm25
6,37,1103,88101,3,34.06659,-118.22688,WGS84,PM2.5 - Local Conditions,24-HR BLK AVG,PM25 24-hour 2012,24-07-2024,Micrograms/cubic meter (LC),,2,200,11.6,11.6,0,56.0,170,Met One BAM-1020 Mass Monitor w/VSCC - Beta Attenuation,Los Angeles-North Main Street,"1630 N MAIN ST, LOS ANGELES",California,Los Angeles,Los Angeles,"Los Angeles-Long Beach-Anaheim, CA",08-11-2024,pm25
6,37,1103,88101,3,34.06659,-118.22688,WGS84,PM2.5 - Local Conditions,24-HR BLK AVG,PM25 24-hour 2012,25-07-2024,Micrograms/cubic meter (LC),,2,200,15.2,15.2,0,62.0,170,Met One BAM-1020 Mass Monitor w/VSCC - Beta Attenuation,Los Angeles-North Main Street,"1630 N MAIN ST, LOS ANGELES",California,Los Angeles,Los Angeles,"Los Angeles-Long Beach-Anaheim, CA",08-11-2024,pm25
6,37,1103,88101,3,34.06659,-118.22688,WGS84,PM2.5 - Local Conditions,24-HR BLK AVG,PM25 24-hour 2012,26-07-2024,Micrograms/cubic meter (LC),,2,200,13.8,13.8,0,60.0,170,Met One BAM-1020 Mass Monitor w/VSCC - Beta Attenuation,Los Angeles-North Main Street,"1630 N MAIN ST, LOS ANGELES",California,Los Angeles,Los Angeles,"Los Angeles-Long Beach-Anaheim, CA",08-11-2024,pm25
6,37,1103,88101,3,34.06659,-118.22688,WGS84,PM2.5 - Local Conditions,24-HR BLK AVG,PM25 24-hour 2012,27-07-2024,Micrograms/cubic meter (LC),,2,200,16.2,16.2,0,64.0,170,Met One BAM-1020 Mass Monitor w/VSCC - Beta Attenuation,Los Angeles-North Main Street,"1630 N MAIN ST, LOS ANGELES",California,Los Angeles,Los Angeles,"Los Angeles-Long Beach-Anaheim, CA",08-11-2024,pm25
6,37,1103,88101,3,34.06659,-118.22688,WGS84,PM2.5 - Local Conditions,24-HR BLK AVG,PM25 24-hour 2012,28-07-2024,Micrograms/cubic meter (LC),,2,200,12.8,12.8,0,58.0,170,Met One BAM-1020 Mass Monitor w/VSCC - Beta Attenuation,Los Angeles-North Main Street,"1630 N MAIN ST, LOS ANGELES",California,Los Angeles,Los Angeles,"Los Angeles-Long Beach-Anaheim, CA",08-11-2024,pm25
6,37,1103,88101,3,34.06659,-118.22688,WGS84,PM2.5 - Local Conditions,24-HR BLK AVG,PM25 24-hour 2012,29-07-2024,Micrograms/cubic meter (LC),,2,200,10.5,10.5,0,54.0,170,Met One BAM-1020 Mass Monitor w/VSCC - Beta Attenuation,Los Angeles-North Main Street,"1630 N MAIN ST, LOS ANGELES",California,Los Angeles,Los Angeles,"Los Angeles-Long Beach-Anaheim, CA",08-11-2024,pm25
6,37,1103,88101,3,34.06659,-118.22688,WGS84,PM2.5 - Local Conditions,24-HR BLK AVG,PM25 24-hour 2012,30-07-2024,Micrograms/cubic meter (LC),,2,200,12.9,12.9,0,58.0,170,Met One BAM-1020 Mass Monitor w/VSCC - Beta Attenuation,Los Angeles-North Main Street,"1630 N MAIN ST, LOS ANGELES",California,Los Angeles,Los Angeles,"Los Angeles-Long Beach-Anaheim, CA",08-11-2024,pm25
6,37,1103,88101,3,34.06659,-118.22688,WGS84,PM2.5 - Local Conditions,24-HR BLK AVG,PM25 24-hour 2012,31-07-2024,Micrograms/cubic meter (LC),,2,200,11.5,11.5,0,55.0,170,Met One BAM-1020 Mass Monitor w/VSCC - Beta Attenuation,Los Angeles-North Main Street,"1630 N MAIN ST, LOS ANGELES",California,Los Angeles,Los Angeles,"Los Angeles-Long Beach-Anaheim, CA",08-11-2024,pm25
6,37,1103,88101,3,34.06659,-118.22688,WGS84,PM2.5 - Local Conditions,24-HR BLK AVG,PM25 24-hour 2012,01-08-2024,Micrograms/cubic meter (LC),,2,200,11.3,11.3,0,55.0,170,Met One BAM-1020 Mass Monitor w/VSCC - Beta Attenuation,Los Angeles-North Main Street,"1630 N MAIN ST, LOS ANGELES",California,Los Angeles,Los Angeles,"Los Angeles-Long Beach-Anaheim, CA",08-11-2024,pm25
6,37,1103,88101,3,34.06659,-118.22688,WGS84,PM2.5 - Local Conditions,24-HR BLK AVG,PM25 24-hour 2012,02-08-2024,Micrograms/cubic meter (LC),,2,200,11.7,11.7,0,56.0,170,Met One BAM-1020 Mass Monitor w/VSCC - Beta Attenuation,Los Angeles-North Main Street,"1630 N MAIN ST, LOS ANGELES",California,Los Angeles,Los Angeles,"Los Angeles-Long Beach-Anaheim, CA",08-11-2024,pm25
6,37,1103,88101,3,34.06659,-118.22688,WGS84,PM2.5 - Local Conditions,24-HR BLK AVG,PM25 24-hour 2012,03-08-2024,Micrograms/cubic meter (LC),,2,200,12.1,12.1,0,57.0,170,Met One BAM-1020 Mass Monitor w/VSCC - Beta Attenuation,Los Angeles-North Main Street,"1630 N MAIN ST, LOS ANGELES",California,Los Angeles,Los Angeles,"Los Angeles-Long Beach-Anaheim, CA",08-11-2024,pm25
6,37,1103,88101,3,34.06659,-118.22688,WGS84,PM2.5 - Local Conditions,24-HR BLK AVG,PM25 24-hour 2012,04-08-2024,Micrograms/cubic meter (LC),,2,200,12.3,12.3,0,57.0,170,Met One BAM-1020 Mass Monitor w/VSCC - Beta Attenuation,Los Angeles-North Main Street,"1630 N MAIN ST, LOS ANGELES",California,Los Angeles,Los Angeles,"Los Angeles-Long Beach-Anaheim, CA",08-11-2024,pm25
6,37,1103,88101,3,34.06659,-118.22688,WGS84,PM2.5 - Local Conditions,24-HR BLK AVG,PM25 24-hour 2012,05-08-2024,Micrograms/cubic meter (LC),,2,200,15.6,15.6,0,63.0,170,Met One BAM-1020 Mass Monitor w/VSCC - Beta Attenuation,Los Angeles-North Main Street,"1630 N MAIN ST, LOS ANGELES",California,Los Angeles,Los Angeles,"Los Angeles-Long Beach-Anaheim, CA",08-11-2024,pm25
6,37,1103,88101,3,34.06659,-118.22688,WGS84,PM2.5 - Local Conditions,24-HR BLK AVG,PM25 24-hour 2012,06-08-2024,Micrograms/cubic meter (LC),,2,200,15.4,15.4,0,63.0,170,Met One BAM-1020 Mass Monitor w/VSCC - Beta Attenuation,Los Angeles-North Main Street,"1630 N MAIN ST, LOS ANGELES",California,Los Angeles,Los Angeles,"Los Angeles-Long Beach-Anaheim, CA",08-11-2024,pm25
6,37,1103,88101,3,34.06659,-118.22688,WGS84,PM2.5 - Local Conditions,24-HR BLK AVG,PM25 24-hour 2012,07-08-2024,Micrograms/cubic meter (LC),,2,200,16.5,16.5,0,65.0,170,Met One BAM-1020 Mass Monitor w/VSCC - Beta Attenuation,Los Angeles-North Main Street,"1630 N MAIN ST, LOS ANGELES",California,Los Angeles,Los Angeles,"Los Angeles-Long Beach-Anaheim, CA",08-11-2024,pm25
6,37,1103,88101,3,34.06659,-118.22688,WGS84,PM2.5 - Local Conditions,24-HR BLK AVG,PM25 24-hour 2012,08-08-2024,Micrograms/cubic meter (LC),,2,200,15.8,15.8,0,63.0,170,Met One BAM-1020 Mass Monitor w/VSCC - Beta Attenuation,Los Angeles-North Main Street,"1630 N MAIN ST, LOS ANGELES",California,Los Angeles,Los Angeles,"Los Angeles-Long Beach-Anaheim, CA",08-11-2024,pm25
6,37,1103,88101,3,34.06659,-118.22688,WGS84,PM2.5 - Local Conditions,24-HR BLK AVG,PM25 24-hour 2012,09-08-2024,Micrograms/cubic meter (LC),,2,200,13.5,13.5,0,59.0,170,Met One BAM-1020 Mass Monitor w/VSCC - Beta Attenuation,Los Angeles-North Main Street,"1630 N MAIN ST, LOS ANGELES",California,Los Angeles,Los Angeles,"Los Angeles-Long Beach-Anaheim, CA",08-11-2024,pm25
6,37,1103,88101,3,34.06659,-118.22688,WGS84,PM2.5 - Local Conditions,24-HR BLK AVG,PM25 24-hour 2012,10-08-2024,Micrograms/cubic meter (LC),,2,200,14.8,14.8,0,62.0,170,Met One BAM-1020 Mass Monitor w/VSCC - Beta Attenuation,Los Angeles-North Main Street,"1630 N MAIN ST, LOS ANGELES",California,Los Angeles,Los Angeles,"Los Angeles-Long Beach-Anaheim, CA",08-11-2024,pm25
6,37,1103,88101,3,34.06659,-118.22688,WGS84,PM2.5 - Local Conditions,24-HR BLK AVG,PM25 24-hour 2012,11-08-2024,Micrograms/cubic meter (LC),,2,200,16.3,16.3,0,64.0,170,Met One BAM-1020 Mass Monitor w/VSCC - Beta Attenuation,Los Angeles-North Main Street,"1630 N MAIN ST, LOS ANGELES",California,Los Angeles,Los Angeles,"Los Angeles-Long Beach-Anaheim, CA",08-11-2024,pm25
6,37,1103,88101,3,34.06659,-118.22688,WGS84,PM2.5 - Local Conditions,24-HR BLK AVG,PM25 24-hour 2012,12-08-2024,Micrograms/cubic meter (LC),,2,200,13.4,13.4,0,59.0,170,Met One BAM-1020 Mass Monitor w/VSCC - Beta Attenuation,Los Angeles-North Main Street,"1630 N MAIN ST, LOS ANGELES",California,Los Angeles,Los Angeles,"Los Angeles-Long Beach-Anaheim, CA",08-11-2024,pm25
6,37,1103,88101,3,34.06659,-118.22688,WGS84,PM2.5 - Local Conditions,24-HR BLK AVG,PM25 24-hour 2012,13-08-2024,Micrograms/cubic meter (LC),,2,200,13.2,13.2,0,59.0,170,Met One BAM-1020 Mass Monitor w/VSCC - Beta Attenuation,Los Angeles-North Main Street,"1630 N MAIN ST, LOS ANGELES",California,Los Angeles,Los Angeles,"Los Angeles-Long Beach-Anaheim, CA",08-11-2024,pm25
6,37,1103,88101,3,34.06659,-118.22688,WGS84,PM2.5 - Local Conditions,24-HR BLK AVG,PM25 24-hour 2012,14-08-2024,Micrograms/cubic meter (LC),,2,200,16.3,16.3,0,64.0,170,Met One BAM-1020 Mass Monitor w/VSCC - Beta Attenuation,Los Angeles-North Main Street,"1630 N MAIN ST, LOS ANGELES",California,Los Angeles,Los Angeles,"Los Angeles-Long Beach-Anaheim, CA",08-11-2024,pm25
6,37,1103,88101,3,34.06659,-118.22688,WGS84,PM2.5 - Local Conditions,24-HR BLK AVG,PM25 24-hour 2012,15-08-2024,Micrograms/cubic meter (LC),,2,200,13.6,13.6,0,59.0,170,Met One BAM-1020 Mass Monitor w/VSCC - Beta Attenuation,Los Angeles-North Main Street,"1630 N MAIN ST, LOS ANGELES",California,Los Angeles,Los Angeles,"Los Angeles-Long Beach-Anaheim, CA",08-11-2024,pm25
6,37,1103,88101,3,34.06659,-118.22688,WGS84,PM2.5 - Local Conditions,24-HR BLK AVG,PM25 24-hour 2012,16-08-2024,Micrograms/cubic meter (LC),,2,200,12.9,12.9,0,58.0,170,Met One BAM-1020 Mass Monitor w/VSCC - Beta Attenuation,Los Angeles-North Main Street,"1630 N MAIN ST, LOS ANGELES",California,Los Angeles,Los Angeles,"Los Angeles-Long Beach-Anaheim, CA",08-11-2024,pm25
6,37,1103,88101,3,34.06659,-118.22688,WGS84,PM2.5 - Local Conditions,24-HR BLK AVG,PM25 24-hour 2012,17-08-2024,Micrograms/cubic meter (LC),,2,200,12.9,12.9,0,58.0,170,Met One BAM-1020 Mass Monitor w/VSCC - Beta Attenuation,Los Angeles-North Main Street,"1630 N MAIN ST, LOS ANGELES",California,Los Angeles,Los Angeles,"Los Angeles-Long Beach-Anaheim, CA",08-11-2024,pm25
6,37,1103,88101,3,34.06659,-118.22688,WGS84,PM2.5 - Local Conditions,24-HR BLK AVG,PM25 24-hour 2012,18-08-2024,Micrograms/cubic meter (LC),,2,200,12.6,12.6,0,58.0,170,Met One BAM-1020 Mass Monitor w/VSCC - Beta Attenuation,Los Angeles-North Main Street,"1630 N MAIN ST, LOS ANGELES",California,Los Angeles,Los Angeles,"Los Angeles-Long Beach-Anaheim, CA",08-11-2024,pm25
6,37,1103,88101,3,34.06659,-118.22688,WGS84,PM2.5 - Local Conditions,24-HR BLK AVG,PM25 24-hour 2012,19-08-2024,Micrograms/cubic meter (LC),,2,200,10.9,10.9,0,54.0,170,Met One BAM-1020 Mass Monitor w/VSCC - Beta Attenuation,Los Angeles-North Main Street,"1630 N MAIN ST, LOS ANGELES",California,Los Angeles,Los Angeles,"Los Angeles-Long Beach-Anaheim, CA",08-11-2024,pm25
6,37,1103,88101,3,34.06659,-118.22688,WGS84,PM2.5 - Local Conditions,24-HR BLK AVG,PM25 24-hour 2012,20-08-2024,Micrograms/cubic meter (LC),,2,200,12.5,12.5,0,57.0,170,Met One BAM-1020 Mass Monitor w/VSCC - Beta Attenuation,Los Angeles-North Main Street,"1630 N MAIN ST, LOS ANGELES",California,Los Angeles,Los Angeles,"Los Angeles-Long Beach-Anaheim, CA",08-11-2024,pm25
6,37,1103,88101,3,34.06659,-118.22688,WGS84,PM2.5 - Local Conditions,24-HR BLK AVG,PM25 24-hour 2012,21-08-2024,Micrograms/cubic meter (LC),,2,200,14.2,14.2,0,61.0,170,Met One BAM-1020 Mass Monitor w/VSCC - Beta Attenuation,Los Angeles-North Main Street,"1630 N MAIN ST, LOS ANGELES",California,Los Angeles,Los Angeles,"Los Angeles-Long Beach-Anaheim, CA",08-11-2024,pm25
6,37,1103,88101,3,34.06659,-118.22688,WGS84,PM2.5 - Local Conditions,24-HR BLK AVG,PM25 24-hour 2012,22-08-2024,Micrograms/cubic meter (LC),,2,200,11.5,11.5,0,55.0,170,Met One BAM-1020 Mass Monitor w/VSCC - Beta Attenuation,Los Angeles-North Main Street,"1630 N MAIN ST, LOS ANGELES",California,Los Angeles,Los Angeles,"Los Angeles-Long Beach-Anaheim, CA",08-11-2024,pm25
6,37,1103,88101,3,34.06659,-118.22688,WGS84,PM2.5 - Local Conditions,24-HR BLK AVG,PM25 24-hour 2012,23-08-2024,Micrograms/cubic meter (LC),,2,200,10.7,10.7,0,54.0,170,Met One BAM-1020 Mass Monitor w/VSCC - Beta Attenuation,Los Angeles-North Main Street,"1630 N MAIN ST, LOS ANGELES",California,Los Angeles,Los Angeles,"Los Angeles-Long Beach-Anaheim, CA",08-11-2024,pm25
6,37,1103,88101,3,34.06659,-118.22688,WGS84,PM2.5 - Local Conditions,24-HR BLK AVG,PM25 24-hour 2012,24-08-2024,Micrograms/cubic meter (LC),,2,200,11.6,11.6,0,56.0,170,Met One BAM-1020 Mass Monitor w/VSCC - Beta Attenuation,Los Angeles-North Main Street,"1630 N MAIN ST, LOS ANGELES",California,Los Angeles,Los Angeles,"Los Angeles-Long Beach-Anaheim, CA",08-11-2024,pm25
6,37,1103,88101,3,34.06659,-118.22688,WGS84,PM2.5 - Local Conditions,24-HR BLK AVG,PM25 24-hour 2012,25-08-2024,Micrograms/cubic meter (LC),,2,200,11.8,11.8,0,56.0,170,Met One BAM-1020 Mass Monitor w/VSCC - Beta Attenuation,Los Angeles-North Main Street,"1630 N MAIN ST, LOS ANGELES",California,Los Angeles,Los Angeles,"Los Angeles-Long Beach-Anaheim, CA",08-11-2024,pm25
6,37,1103,88101,3,34.06659,-118.22688,WGS84,PM2.5 - Local Conditions,24-HR BLK AVG,PM25 24-hour 2012,26-08-2024,Micrograms/cubic meter (LC),,2,200,11.7,11.7,0,56.0,170,Met One BAM-1020 Mass Monitor w/VSCC - Beta Attenuation,Los Angeles-North Main Street,"1630 N MAIN ST, LOS ANGELES",California,Los Angeles,Los Angeles,"Los Angeles-Long Beach-Anaheim, CA",08-11-2024,pm25
6,37,1103,88101,3,34.06659,-118.22688,WGS84,PM2.5 - Local Conditions,24-HR BLK AVG,PM25 24-hour 2012,27-08-2024,Micrograms/cubic meter (LC),,2,200,12.1,12.1,0,57.0,170,Met One BAM-1020 Mass Monitor w/VSCC - Beta Attenuation,Los Angeles-North Main Street,"1630 N MAIN ST, LOS ANGELES",California,Los Angeles,Los Angeles,"Los Angeles-Long Beach-Anaheim, CA",08-11-2024,pm25
6,37,1103,88101,3,34.06659,-118.22688,WGS84,PM2.5 - Local Conditions,24-HR BLK AVG,PM25 24-hour 2012,28-08-2024,Micrograms/cubic meter (LC),,2,200,16.1,16.1,0,64.0,170,Met One BAM-1020 Mass Monitor w/VSCC - Beta Attenuation,Los Angeles-North Main Street,"1630 N MAIN ST, LOS ANGELES",California,Los Angeles,Los Angeles,"Los Angeles-Long Beach-Anaheim, CA",08-11-2024,pm25
6,37,1103,88101,3,34.06659,-118.22688,WGS84,PM2.5 - Local Conditions,24-HR BLK AVG,PM25 24-hour 2012,29-08-2024,Micrograms/cubic meter (LC),,2,200,16.3,16.3,0,64.0,170,Met One BAM-1020 Mass Monitor w/VSCC - Beta Attenuation,Los Angeles-North Main Street,"1630 N MAIN ST, LOS ANGELES",California,Los Angeles,Los Angeles,"Los Angeles-Long Beach-Anaheim, CA",08-11-2024,pm25
6,37,1103,88101,3,34.06659,-118.22688,WGS84,PM2.5 - Local Conditions,24-HR BLK AVG,PM25 24-hour 2012,30-08-2024,Micrograms/cubic meter (LC),,2,200,13.1,13.1,0,58.0,170,Met One BAM-1020 Mass Monitor w/VSCC - Beta Attenuation,Los Angeles-North Main Street,"1630 N MAIN ST, LOS ANGELES",California,Los Angeles,Los Angeles,"Los Angeles-Long Beach-Anaheim, CA",08-11-2024,pm25
6,37,1103,88101,3,34.06659,-118.22688,WGS84,PM2.5 - Local Conditions,24-HR BLK AVG,PM25 24-hour 2012,31-08-2024,Micrograms/cubic meter (LC),,2,200,15.7,15.7,0,63.0,170,Met One BAM-1020 Mass Monitor w/VSCC - Beta Attenuation,Los Angeles-North Main Street,"1630 N MAIN ST, LOS ANGELES",California,Los Angeles,Los Angeles,"Los Angeles-Long Beach-Anaheim, CA",08-11-2024,pm25
