State Code,County Code,Site Num,Parameter Code,POC,Latitude,Longitude,Datum,Parameter Name,Sample Duration,Pollutant Standard,Date Local,Units of Measure,Event Type,Observation Count,Observation Percent,Arithmetic Mean,1st Max Value,1st Max Hour,AQI,Method Code,Method Name,Local Site Name,Address,State Name,County Name,City Name,CBSA Name,Date of Last Change,parameter
12,86,1016,88101,2,25.794222,-80.215556,NAD83,PM2.5 - Local Conditions,24 HOUR,PM25 24-hour 2012,2021-01-10,Micrograms/cubic meter (LC),,1,100.0,7.0,7.0,0,39.0,145.0,R & P Model 2025 PM-2.5 Sequential Air Sampler w/VSCC - Gravimetric,Miami Fire Station,"1200 NW 20th St, Miami, FL 33142",Florida,Miami-Dade,Miami,"Miami-Fort Lauderdale-West Palm Beach, FL",2024-08-05,pm25
12,86,1016,88101,2,25.794222,-80.215556,NAD83,PM2.5 - Local Conditions,24 HOUR,PM25 24-hour 2012,2021-01-22,Micrograms/cubic meter (LC),,1,100.0,8.9,8.9,0,49.0,145.0,R & P Model 2025 PM-2.5 Sequential Air Sampler w/VSCC - Gravimetric,Miami Fire Station,"1200 NW 20th St, Miami, FL 33142",Florida,Miami-Dade,Miami,"Miami-Fort Lauderdale-West Palm Beach, FL",2024-08-05,pm25
12,86,1016,88101,2,25.794222,-80.215556,NAD83,PM2.5 - Local Conditions,24 HOUR,PM25 24-hour 2012,2021-02-03,Micrograms/cubic meter (LC),,1,100.0,5.6,5.6,0,31.0,145.0,R & P Model 2025 PM-2.5 Sequential Air Sampler w/VSCC - Gravimetric,Miami Fire Station,"1200 NW 20th St, Miami, FL 33142",Florida,Miami-Dade,Miami,"Miami-Fort Lauderdale-West Palm Beach, FL",2024-08-05,pm25
12,86,1016,88101,2,25.794222,-80.215556,NAD83,PM2.5 - Local Conditions,24 HOUR,PM25 24-hour 2012,2021-02-15,Micrograms/cubic meter (LC),,1,100.0,8.8,8.8,0,49.0,145.0,R & P Model 2025 PM-2.5 Sequential Air Sampler w/VSCC - Gravimetric,Miami Fire Station,"1200 NW 20th St, Miami, FL 33142",Florida,Miami-Dade,Miami,"Miami-Fort Lauderdale-West Palm Beach, FL",2024-08-05,pm25
12,86,1016,88101,2,25.794222,-80.215556,NAD83,PM2.5 - Local Conditions,24 HOUR,PM25 24-hour 2012,2021-02-27,Micrograms/cubic meter (LC),,1,100.0,5.6,5.6,0,31.0,145.0,R & P Model 2025 PM-2.5 Sequential Air Sampler w/VSCC - Gravimetric,Miami Fire Station,"1200 NW 20th St, Miami, FL 33142",Florida,Miami-Dade,Miami,"Miami-Fort Lauderdale-West Palm Beach, FL",2024-08-05,pm25
12,86,1016,88101,2,25.794222,-80.215556,NAD83,PM2.5 - Local Conditions,24 HOUR,PM25 24-hour 2012,2021-03-11,Micrograms/cubic meter (LC),,1,100.0,5.9,5.9,0,33.0,145.0,R & P Model 2025 PM-2.5 Sequential Air Sampler w/VSCC - Gravimetric,Miami Fire Station,"1200 NW 20th St, Miami, FL 33142",Florida,Miami-Dade,Miami,"Miami-Fort Lauderdale-West Palm Beach, FL",2024-08-05,pm25
12,86,1016,88101,2,25.794222,-80.215556,NAD83,PM2.5 - Local Conditions,24 HOUR,PM25 24-hour 2012,2021-03-23,Micrograms/cubic meter (LC),,1,100.0,4.3,4.3,0,24.0,145.0,R & P Model 2025 PM-2.5 Sequential Air Sampler w/VSCC - Gravimetric,Miami Fire Station,"1200 NW 20th St, Miami, FL 33142",Florida,Miami-Dade,Miami,"Miami-Fort Lauderdale-West Palm Beach, FL",2024-08-05,pm25
12,86,1016,88101,2,25.794222,-80.215556,NAD83,PM2.5 - Local Conditions,24 HOUR,PM25 24-hour 2012,2021-04-04,Micrograms/cubic meter (LC),,1,100.0,5.9,5.9,0,33.0,145.0,R & P Model 2025 PM-2.5 Sequential Air Sampler w/VSCC - Gravimetric,Miami Fire Station,"1200 NW 20th St, Miami, FL 33142",Florida,Miami-Dade,Miami,"Miami-Fort Lauderdale-West Palm Beach, FL",2024-08-05,pm25
12,86,1016,88101,2,25.794222,-80.215556,NAD83,PM2.5 - Local Conditions,24 HOUR,PM25 24-hour 2012,2021-04-16,Micrograms/cubic meter (LC),,1,100.0,9.5,9.5,0,52.0,145.0,R & P Model 2025 PM-2.5 Sequential Air Sampler w/VSCC - Gravimetric,Miami Fire Station,"1200 NW 20th St, Miami, FL 33142",Florida,Miami-Dade,Miami,"Miami-Fort Lauderdale-West Palm Beach, FL",2024-08-05,pm25
12,86,1016,88101,2,25.794222,-80.215556,NAD83,PM2.5 - Local Conditions,24 HOUR,PM25 24-hour 2012,2021-04-28,Micrograms/cubic meter (LC),,1,100.0,6.6,6.6,0,37.0,145.0,R & P Model 2025 PM-2.5 Sequential Air Sampler w/VSCC - Gravimetric,Miami Fire Station,"1200 NW 20th St, Miami, FL 33142",Florida,Miami-Dade,Miami,"Miami-Fort Lauderdale-West Palm Beach, FL",2024-08-05,pm25
12,86,1016,88101,2,25.794222,-80.215556,NAD83,PM2.5 - Local Conditions,24 HOUR,PM25 24-hour 2012,2021-05-10,Micrograms/cubic meter (LC),,1,100.0,4.4,4.4,0,24.0,145.0,R & P Model 2025 PM-2.5 Sequential Air Sampler w/VSCC - Gravimetric,Miami Fire Station,"1200 NW 20th St, Miami, FL 33142",Florida,Miami-Dade,Miami,"Miami-Fort Lauderdale-West Palm Beach, FL",2024-08-05,pm25
12,86,1016,88101,2,25.794222,-80.215556,NAD83,PM2.5 - Local Conditions,24 HOUR,PM25 24-hour 2012,2021-05-22,Micrograms/cubic meter (LC),,1,100.0,6.1,6.1,0,34.0,145.0,R & P Model 2025 PM-2.5 Sequential Air Sampler w/VSCC - Gravimetric,Miami Fire Station,"1200 NW 20th St, Miami, FL 33142",Florida,Miami-Dade,Miami,"Miami-Fort Lauderdale-West Palm Beach, FL",2024-08-05,pm25
12,86,1016,88101,2,25.794222,-80.215556,NAD83,PM2.5 - Local Conditions,24 HOUR,PM25 24-hour 2012,2021-06-03,Micrograms/cubic meter (LC),,1,100.0,5.8,5.8,0,32.0,145.0,R & P Model 2025 PM-2.5 Sequential Air Sampler w/VSCC - Gravimetric,Miami Fire Station,"1200 NW 20th St, Miami, FL 33142",Florida,Miami-Dade,Miami,"Miami-Fort Lauderdale-West Palm Beach, FL",2024-08-05,pm25
12,86,1016,88101,2,25.794222,-80.215556,NAD83,PM2.5 - Local Conditions,24 HOUR,PM25 24-hour 2012,2021-06-15,Micrograms/cubic meter (LC),,1,100.0,19.9,19.9,0,71.0,145.0,R & P Model 2025 PM-2.5 Sequential Air Sampler w/VSCC - Gravimetric,Miami Fire Station,"1200 NW 20th St, Miami, FL 33142",Florida,Miami-Dade,Miami,"Miami-Fort Lauderdale-West Palm Beach, FL",2024-08-05,pm25
12,86,1016,88101,2,25.794222,-80.215556,NAD83,PM2.5 - Local Conditions,24 HOUR,PM25 24-hour 2012,2021-06-27,Micrograms/cubic meter (LC),,1,100.0,4.8,4.8,0,27.0,145.0,R & P Model 2025 PM-2.5 Sequential Air Sampler w/VSCC - Gravimetric,Miami Fire Station,"1200 NW 20th St, Miami, FL 33142",Florida,Miami-Dade,Miami,"Miami-Fort Lauderdale-West Palm Beach, FL",2024-08-05,pm25
12,86,1016,88101,2,25.794222,-80.215556,NAD83,PM2.5 - Local Conditions,24 HOUR,PM25 24-hour 2012,2021-07-09,Micrograms/cubic meter (LC),,1,100.0,13.0,13.0,0,58.0,145.0,R & P Model 2025 PM-2.5 Sequential Air Sampler w/VSCC - Gravimetric,Miami Fire Station,"1200 NW 20th St, Miami, FL 33142",Florida,Miami-Dade,Miami,"Miami-Fort Lauderdale-West Palm Beach, FL",2024-08-05,pm25
12,86,1016,88101,2,25.794222,-80.215556,NAD83,PM2.5 - Local Conditions,24 HOUR,PM25 24-hour 2012,2021-07-21,Micrograms/cubic meter (LC),,1,100.0,9.2,9.2,0,51.0,145.0,R & P Model 2025 PM-2.5 Sequential Air Sampler w/VSCC - Gravimetric,Miami Fire Station,"1200 NW 20th St, Miami, FL 33142",Florida,Miami-Dade,Miami,"Miami-Fort Lauderdale-West Palm Beach, FL",2024-08-05,pm25
12,86,1016,88101,2,25.794222,-80.215556,NAD83,PM2.5 - Local Conditions,24 HOUR,PM25 24-hour 2012,2021-08-02,Micrograms/cubic meter (LC),,1,100.0,9.1,9.1,0,51.0,145.0,R & P Model 2025 PM-2.5 Sequential Air Sampler w/VSCC - Gravimetric,Miami Fire Station,"1200 NW 20th St, Miami, FL 33142",Florida,Miami-Dade,Miami,"Miami-Fort Lauderdale-West Palm Beach, FL",2024-08-05,pm25
12,86,1016,88101,2,25.794222,-80.215556,NAD83,PM2.5 - Local Conditions,24 HOUR,PM25 24-hour 2012,2021-08-14,Micrograms/cubic meter (LC),,1,100.0,8.0,8.0,0,44.0,145.0,R & P Model 2025 PM-2.5 Sequential Air Sampler w/VSCC - Gravimetric,Miami Fire Station,"1200 NW 20th St, Miami, FL 33142",Florida,Miami-Dade,Miami,"Miami-Fort Lauderdale-West Palm Beach, FL",2024-08-05,pm25
12,86,1016,88101,2,25.794222,-80.215556,NAD83,PM2.5 - Local Conditions,24 HOUR,PM25 24-hour 2012,2021-08-26,Micrograms/cubic meter (LC),,1,100.0,10.6,10.6,0,54.0,145.0,R & P Model 2025 PM-2.5 Sequential Air Sampler w/VSCC - Gravimetric,Miami Fire Station,"1200 NW 20th St, Miami, FL 33142",Florida,Miami-Dade,Miami,"Miami-Fort Lauderdale-West Palm Beach, FL",2024-08-05,pm25
12,86,1016,88101,2,25.794222,-80.215556,NAD83,PM2.5 - Local Conditions,24 HOUR,PM25 24-hour 2012,2021-09-07,Micrograms/cubic meter (LC),,1,100.0,16.7,16.7,0,65.0,145.0,R & P Model 2025 PM-2.5 Sequential Air Sampler w/VSCC - Gravimetric,Miami Fire Station,"1200 NW 20th St, Miami, FL 33142",Florida,Miami-Dade,Miami,"Miami-Fort Lauderdale-West Palm Beach, FL",2024-08-05,pm25
12,86,1016,88101,2,25.794222,-80.215556,NAD83,PM2.5 - Local Conditions,24 HOUR,PM25 24-hour 2012,2021-09-19,Micrograms/cubic meter (LC),,1,100.0,4.4,4.4,0,24.0,145.0,R & P Model 2025 PM-2.5 Sequential Air Sampler w/VSCC - Gravimetric,Miami Fire Station,"1200 NW 20th St, Miami, FL 33142",Florida,Miami-Dade,Miami,"Miami-Fort Lauderdale-West Palm Beach, FL",2024-08-05,pm25
12,86,1016,88101,2,25.794222,-80.215556,NAD83,PM2.5 - Local Conditions,24 HOUR,PM25 24-hour 2012,2021-10-01,Micrograms/cubic meter (LC),,1,100.0,5.4,5.4,0,30.0,145.0,R & P Model 2025 PM-2.5 Sequential Air Sampler w/VSCC - Gravimetric,Miami Fire Station,"1200 NW 20th St, Miami, FL 33142",Florida,Miami-Dade,Miami,"Miami-Fort Lauderdale-West Palm Beach, FL",2024-08-05,pm25
12,86,1016,88101,2,25.794222,-80.215556,NAD83,PM2.5 - Local Conditions,24 HOUR,PM25 24-hour 2012,2021-10-13,Micrograms/cubic meter (LC),,1,100.0,6.7,6.7,0,37.0,145.0,R & P Model 2025 PM-2.5 Sequential Air Sampler w/VSCC - Gravimetric,Miami Fire Station,"1200 NW 20th St, Miami, FL 33142",Florida,Miami-Dade,Miami,"Miami-Fort Lauderdale-West Palm Beach, FL",2024-08-05,pm25
12,86,1016,88101,2,25.794222,-80.215556,NAD83,PM2.5 - Local Conditions,24 HOUR,PM25 24-hour 2012,2021-10-25,Micrograms/cubic meter (LC),,1,100.0,9.4,9.4,0,52.0,145.0,R & P Model 2025 PM-2.5 Sequential Air Sampler w/VSCC - Gravimetric,Miami Fire Station,"1200 NW 20th St, Miami, FL 33142",Florida,Miami-Dade,Miami,"Miami-Fort Lauderdale-West Palm Beach, FL",2024-08-05,pm25
12,86,1016,88101,2,25.794222,-80.215556,NAD83,PM2.5 - Local Conditions,24 HOUR,PM25 24-hour 2012,2021-11-06,Micrograms/cubic meter (LC),,1,100.0,2.7,2.7,0,15.0,145.0,R & P Model 2025 PM-2.5 Sequential Air Sampler w/VSCC - Gravimetric,Miami Fire Station,"1200 NW 20th St, Miami, FL 33142",Florida,Miami-Dade,Miami,"Miami-Fort Lauderdale-West Palm Beach, FL",2024-08-05,pm25
12,86,1016,88101,2,25.794222,-80.215556,NAD83,PM2.5 - Local Conditions,24 HOUR,PM25 24-hour 2012,2021-11-18,Micrograms/cubic meter (LC),,1,100.0,6.8,6.8,0,38.0,145.0,R & P Model 2025 PM-2.5 Sequential Air Sampler w/VSCC - Gravimetric,Miami Fire Station,"1200 NW 20th St, Miami, FL 33142",Florida,Miami-Dade,Miami,"Miami-Fort Lauderdale-West Palm Beach, FL",2024-08-05,pm25
12,86,1016,88101,2,25.794222,-80.215556,NAD83,PM2.5 - Local Conditions,24 HOUR,PM25 24-hour 2012,2021-11-30,Micrograms/cubic meter (LC),,1,100.0,6.5,6.5,0,36.0,145.0,R & P Model 2025 PM-2.5 Sequential Air Sampler w/VSCC - Gravimetric,Miami Fire Station,"1200 NW 20th St, Miami, FL 33142",Florida,Miami-Dade,Miami,"Miami-Fort Lauderdale-West Palm Beach, FL",2024-08-05,pm25
12,86,1016,88101,2,25.794222,-80.215556,NAD83,PM2.5 - Local Conditions,24 HOUR,PM25 24-hour 2012,2021-12-12,Micrograms/cubic meter (LC),,1,100.0,5.0,5.0,0,28.0,145.0,R & P Model 2025 PM-2.5 Sequential Air Sampler w/VSCC - Gravimetric,Miami Fire Station,"1200 NW 20th St, Miami, FL 33142",Florida,Miami-Dade,Miami,"Miami-Fort Lauderdale-West Palm Beach, FL",2024-08-05,pm25
12,86,1016,88101,2,25.794222,-80.215556,NAD83,PM2.5 - Local Conditions,24 HOUR,PM25 24-hour 2012,2021-12-24,Micrograms/cubic meter (LC),,1,100.0,12.2,12.2,0,57.0,145.0,R & P Model 2025 PM-2.5 Sequential Air Sampler w/VSCC - Gravimetric,Miami Fire Station,"1200 NW 20th St, Miami, FL 33142",Florida,Miami-Dade,Miami,"Miami-Fort Lauderdale-West Palm Beach, FL",2024-08-05,pm25
12,86,1016,88101,3,25.794222,-80.215556,NAD83,PM2.5 - Local Conditions,24-HR BLK AVG,PM25 24-hour 2012,2021-01-01,Micrograms/cubic meter (LC),Included,1,100.0,5.3,5.3,0,29.0,238.0,Teledyne T640X at 16.67 LPM - Broadband spectroscopy,Miami Fire Station,"1200 NW 20th St, Miami, FL 33142",Florida,Miami-Dade,Miami,"Miami-Fort Lauderdale-West Palm Beach, FL",2024-08-05,pm25
12,86,1016,88101,3,25.794222,-80.215556,NAD83,PM2.5 - Local Conditions,24-HR BLK AVG,PM25 24-hour 2012,2021-01-02,Micrograms/cubic meter (LC),Included,1,100.0,5.1,5.1,0,28.0,238.0,Teledyne T640X at 16.67 LPM - Broadband spectroscopy,Miami Fire Station,"1200 NW 20th St, Miami, FL 33142",Florida,Miami-Dade,Miami,"Miami-Fort Lauderdale-West Palm Beach, FL",2024-08-05,pm25
12,86,1016,88101,3,25.794222,-80.215556,NAD83,PM2.5 - Local Conditions,24-HR BLK AVG,PM25 24-hour 2012,2021-01-03,Micrograms/cubic meter (LC),Included,1,100.0,4.7,4.7,0,26.0,238.0,Teledyne T640X at 16.67 LPM - Broadband spectroscopy,Miami Fire Station,"1200 NW 20th St, Miami, FL 33142",Florida,Miami-Dade,Miami,"Miami-Fort Lauderdale-West Palm Beach, FL",2024-08-05,pm25
12,86,1016,88101,3,25.794222,-80.215556,NAD83,PM2.5 - Local Conditions,24-HR BLK AVG,PM25 24-hour 2012,2021-01-04,Micrograms/cubic meter (LC),Included,1,100.0,7.7,7.7,0,43.0,238.0,Teledyne T640X at 16.67 LPM - Broadband spectroscopy,Miami Fire Station,"1200 NW 20th St, Miami, FL 33142",Florida,Miami-Dade,Miami,"Miami-Fort Lauderdale-West Palm Beach, FL",2024-08-05,pm25
12,86,1016,88101,3,25.794222,-80.215556,NAD83,PM2.5 - Local Conditions,24-HR BLK AVG,PM25 24-hour 2012,2021-01-05,Micrograms/cubic meter (LC),Included,1,100.0,6.0,6.0,0,33.0,238.0,Teledyne T640X at 16.67 LPM - Broadband spectroscopy,Miami Fire Station,"1200 NW 20th St, Miami, FL 33142",Florida,Miami-Dade,Miami,"Miami-Fort Lauderdale-West Palm Beach, FL",2024-08-05,pm25
12,86,1016,88101,3,25.794222,-80.215556,NAD83,PM2.5 - Local Conditions,24-HR BLK AVG,PM25 24-hour 2012,2021-01-06,Micrograms/cubic meter (LC),Included,1,100.0,6.4,6.4,0,36.0,238.0,Teledyne T640X at 16.67 LPM - Broadband spectroscopy,Miami Fire Station,"1200 NW 20th St, Miami, FL 33142",Florida,Miami-Dade,Miami,"Miami-Fort Lauderdale-West Palm Beach, FL",2024-08-05,pm25
12,86,1016,88101,3,25.794222,-80.215556,NAD83,PM2.5 - Local Conditions,24-HR BLK AVG,PM25 24-hour 2012,2021-01-07,Micrograms/cubic meter (LC),Included,1,100.0,5.8,5.8,0,32.0,238.0,Teledyne T640X at 16.67 LPM - Broadband spectroscopy,Miami Fire Station,"1200 NW 20th St, Miami, FL 33142",Florida,Miami-Dade,Miami,"Miami-Fort Lauderdale-West Palm Beach, FL",2024-08-05,pm25
12,86,1016,88101,3,25.794222,-80.215556,NAD83,PM2.5 - Local Conditions,24-HR BLK AVG,PM25 24-hour 2012,2021-01-08,Micrograms/cubic meter (LC),Included,1,100.0,4.9,4.9,0,27.0,238.0,Teledyne T640X at 16.67 LPM - Broadband spectroscopy,Miami Fire Station,"1200 NW 20th St, Miami, FL 33142",Florida,Miami-Dade,Miami,"Miami-Fort Lauderdale-West Palm Beach, FL",2024-08-05,pm25
12,86,1016,88101,3,25.794222,-80.215556,NAD83,PM2.5 - Local Conditions,24-HR BLK AVG,PM25 24-hour 2012,2021-01-09,Micrograms/cubic meter (LC),Included,1,100.0,5.3,5.3,0,29.0,238.0,Teledyne T640X at 16.67 LPM - Broadband spectroscopy,Miami Fire Station,"1200 NW 20th St, Miami, FL 33142",Florida,Miami-Dade,Miami,"Miami-Fort Lauderdale-West Palm Beach, FL",2024-08-05,pm25
12,86,1016,88101,3,25.794222,-80.215556,NAD83,PM2.5 - Local Conditions,24-HR BLK AVG,PM25 24-hour 2012,2021-01-10,Micrograms/cubic meter (LC),Included,1,100.0,6.1,6.1,0,34.0,238.0,Teledyne T640X at 16.67 LPM - Broadband spectroscopy,Miami Fire Station,"1200 NW 20th St, Miami, FL 33142",Florida,Miami-Dade,Miami,"Miami-Fort Lauderdale-West Palm Beach, FL",2024-08-05,pm25
12,86,1016,88101,3,25.794222,-80.215556,NAD83,PM2.5 - Local Conditions,24-HR BLK AVG,PM25 24-hour 2012,2021-01-11,Micrograms/cubic meter (LC),Included,1,100.0,4.2,4.2,0,23.0,238.0,Teledyne T640X at 16.67 LPM - Broadband spectroscopy,Miami Fire Station,"1200 NW 20th St, Miami, FL 33142",Florida,Miami-Dade,Miami,"Miami-Fort Lauderdale-West Palm Beach, FL",2024-08-05,pm25
12,86,1016,88101,3,25.794222,-80.215556,NAD83,PM2.5 - Local Conditions,24-HR BLK AVG,PM25 24-hour 2012,2021-01-12,Micrograms/cubic meter (LC),Included,1,100.0,6.9,6.9,0,38.0,238.0,Teledyne T640X at 16.67 LPM - Broadband spectroscopy,Miami Fire Station,"1200 NW 20th St, Miami, FL 33142",Florida,Miami-Dade,Miami,"Miami-Fort Lauderdale-West Palm Beach, FL",2024-08-05,pm25
12,86,1016,88101,3,25.794222,-80.215556,NAD83,PM2.5 - Local Conditions,24-HR BLK AVG,PM25 24-hour 2012,2021-01-13,Micrograms/cubic meter (LC),Included,1,100.0,10.7,10.7,0,54.0,238.0,Teledyne T640X at 16.67 LPM - Broadband spectroscopy,Miami Fire Station,"1200 NW 20th St, Miami, FL 33142",Florida,Miami-Dade,Miami,"Miami-Fort Lauderdale-West Palm Beach, FL",2024-08-05,pm25
12,86,1016,88101,3,25.794222,-80.215556,NAD83,PM2.5 - Local Conditions,24-HR BLK AVG,PM25 24-hour 2012,2021-01-14,Micrograms/cubic meter (LC),Included,1,100.0,9.7,9.7,0,52.0,238.0,Teledyne T640X at 16.67 LPM - Broadband spectroscopy,Miami Fire Station,"1200 NW 20th St, Miami, FL 33142",Florida,Miami-Dade,Miami,"Miami-Fort Lauderdale-West Palm Beach, FL",2024-08-05,pm25
12,86,1016,88101,3,25.794222,-80.215556,NAD83,PM2.5 - Local Conditions,24-HR BLK AVG,PM25 24-hour 2012,2021-01-15,Micrograms/cubic meter (LC),Included,1,100.0,9.2,9.2,0,51.0,238.0,Teledyne T640X at 16.67 LPM - Broadband spectroscopy,Miami Fire Station,"1200 NW 20th St, Miami, FL 33142",Florida,Miami-Dade,Miami,"Miami-Fort Lauderdale-West Palm Beach, FL",2024-08-05,pm25
12,86,1016,88101,3,25.794222,-80.215556,NAD83,PM2.5 - Local Conditions,24-HR BLK AVG,PM25 24-hour 2012,2021-01-16,Micrograms/cubic meter (LC),Included,1,100.0,4.5,4.5,0,25.0,238.0,Teledyne T640X at 16.67 LPM - Broadband spectroscopy,Miami Fire Station,"1200 NW 20th St, Miami, FL 33142",Florida,Miami-Dade,Miami,"Miami-Fort Lauderdale-West Palm Beach, FL",2024-08-05,pm25
12,86,1016,88101,3,25.794222,-80.215556,NAD83,PM2.5 - Local Conditions,24-HR BLK AVG,PM25 24-hour 2012,2021-01-17,Micrograms/cubic meter (LC),Included,1,100.0,3.8,3.8,0,21.0,238.0,Teledyne T640X at 16.67 LPM - Broadband spectroscopy,Miami Fire Station,"1200 NW 20th St, Miami, FL 33142",Florida,Miami-Dade,Miami,"Miami-Fort Lauderdale-West Palm Beach, FL",2024-08-05,pm25
12,86,1016,88101,3,25.794222,-80.215556,NAD83,PM2.5 - Local Conditions,24-HR BLK AVG,PM25 24-hour 2012,2021-01-18,Micrograms/cubic meter (LC),Included,1,100.0,5.4,5.4,0,30.0,238.0,Teledyne T640X at 16.67 LPM - Broadband spectroscopy,Miami Fire Station,"1200 NW 20th St, Miami, FL 33142",Florida,Miami-Dade,Miami,"Miami-Fort Lauderdale-West Palm Beach, FL",2024-08-05,pm25
12,86,1016,88101,3,25.794222,-80.215556,NAD83,PM2.5 - Local Conditions,24-HR BLK AVG,PM25 24-hour 2012,2021-01-19,Micrograms/cubic meter (LC),Included,1,100.0,4.9,4.9,0,27.0,238.0,Teledyne T640X at 16.67 LPM - Broadband spectroscopy,Miami Fire Station,"1200 NW 20th St, Miami, FL 33142",Florida,Miami-Dade,Miami,"Miami-Fort Lauderdale-West Palm Beach, FL",2024-08-05,pm25
12,86,1016,88101,3,25.794222,-80.215556,NAD83,PM2.5 - Local Conditions,24-HR BLK AVG,PM25 24-hour 2012,2021-01-20,Micrograms/cubic meter (LC),Included,1,100.0,3.7,3.7,0,21.0,238.0,Teledyne T640X at 16.67 LPM - Broadband spectroscopy,Miami Fire Station,"1200 NW 20th St, Miami, FL 33142",Florida,Miami-Dade,Miami,"Miami-Fort Lauderdale-West Palm Beach, FL",2024-08-05,pm25
12,86,1016,88101,3,25.794222,-80.215556,NAD83,PM2.5 - Local Conditions,24-HR BLK AVG,PM25 24-hour 2012,2021-01-21,Micrograms/cubic meter (LC),Included,1,100.0,5.0,5.0,0,28.0,238.0,Teledyne T640X at 16.67 LPM - Broadband spectroscopy,Miami Fire Station,"1200 NW 20th St, Miami, FL 33142",Florida,Miami-Dade,Miami,"Miami-Fort Lauderdale-West Palm Beach, FL",2024-08-05,pm25
12,86,1016,88101,3,25.794222,-80.215556,NAD83,PM2.5 - Local Conditions,24-HR BLK AVG,PM25 24-hour 2012,2021-01-22,Micrograms/cubic meter (LC),Included,1,100.0,6.2,6.2,0,34.0,238.0,Teledyne T640X at 16.67 LPM - Broadband spectroscopy,Miami Fire Station,"1200 NW 20th St, Miami, FL 33142",Florida,Miami-Dade,Miami,"Miami-Fort Lauderdale-West Palm Beach, FL",2024-08-05,pm25
12,86,1016,88101,3,25.794222,-80.215556,NAD83,PM2.5 - Local Conditions,24-HR BLK AVG,PM25 24-hour 2012,2021-01-23,Micrograms/cubic meter (LC),Included,1,100.0,6.2,6.2,0,34.0,238.0,Teledyne T640X at 16.67 LPM - Broadband spectroscopy,Miami Fire Station,"1200 NW 20th St, Miami, FL 33142",Florida,Miami-Dade,Miami,"Miami-Fort Lauderdale-West Palm Beach, FL",2024-08-05,pm25
12,86,1016,88101,3,25.794222,-80.215556,NAD83,PM2.5 - Local Conditions,24-HR BLK AVG,PM25 24-hour 2012,2021-01-24,Micrograms/cubic meter (LC),Included,1,100.0,5.3,5.3,0,29.0,238.0,Teledyne T640X at 16.67 LPM - Broadband spectroscopy,Miami Fire Station,"1200 NW 20th St, Miami, FL 33142",Florida,Miami-Dade,Miami,"Miami-Fort Lauderdale-West Palm Beach, FL",2024-08-05,pm25
12,86,1016,88101,3,25.794222,-80.215556,NAD83,PM2.5 - Local Conditions,24-HR BLK AVG,PM25 24-hour 2012,2021-01-25,Micrograms/cubic meter (LC),Included,1,100.0,3.6,3.6,0,20.0,238.0,Teledyne T640X at 16.67 LPM - Broadband spectroscopy,Miami Fire Station,"1200 NW 20th St, Miami, FL 33142",Florida,Miami-Dade,Miami,"Miami-Fort Lauderdale-West Palm Beach, FL",2024-08-05,pm25
12,86,1016,88101,3,25.794222,-80.215556,NAD83,PM2.5 - Local Conditions,24-HR BLK AVG,PM25 24-hour 2012,2021-01-26,Micrograms/cubic meter (LC),Included,1,100.0,2.9,2.9,0,16.0,238.0,Teledyne T640X at 16.67 LPM - Broadband spectroscopy,Miami Fire Station,"1200 NW 20th St, Miami, FL 33142",Florida,Miami-Dade,Miami,"Miami-Fort Lauderdale-West Palm Beach, FL",2024-08-05,pm25
12,86,1016,88101,3,25.794222,-80.215556,NAD83,PM2.5 - Local Conditions,24-HR BLK AVG,PM25 24-hour 2012,2021-01-27,Micrograms/cubic meter (LC),Included,1,100.0,5.6,5.6,0,31.0,238.0,Teledyne T640X at 16.67 LPM - Broadband spectroscopy,Miami Fire Station,"1200 NW 20th St, Miami, FL 33142",Florida,Miami-Dade,Miami,"Miami-Fort Lauderdale-West Palm Beach, FL",2024-08-05,pm25
12,86,1016,88101,3,25.794222,-80.215556,NAD83,PM2.5 - Local Conditions,24-HR BLK AVG,PM25 24-hour 2012,2021-01-28,Micrograms/cubic meter (LC),Included,1,100.0,6.3,6.3,0,35.0,238.0,Teledyne T640X at 16.67 LPM - Broadband spectroscopy,Miami Fire Station,"1200 NW 20th St, Miami, FL 33142",Florida,Miami-Dade,Miami,"Miami-Fort Lauderdale-West Palm Beach, FL",2024-08-05,pm25
12,86,1016,88101,3,25.794222,-80.215556,NAD83,PM2.5 - Local Conditions,24-HR BLK AVG,PM25 24-hour 2012,2021-01-29,Micrograms/cubic meter (LC),Included,1,100.0,4.4,4.4,0,24.0,238.0,Teledyne T640X at 16.67 LPM - Broadband spectroscopy,Miami Fire Station,"1200 NW 20th St, Miami, FL 33142",Florida,Miami-Dade,Miami,"Miami-Fort Lauderdale-West Palm Beach, FL",2024-08-05,pm25
12,86,1016,88101,3,25.794222,-80.215556,NAD83,PM2.5 - Local Conditions,24-HR BLK AVG,PM25 24-hour 2012,2021-01-30,Micrograms/cubic meter (LC),Included,1,100.0,4.0,4.0,0,22.0,238.0,Teledyne T640X at 16.67 LPM - Broadband spectroscopy,Miami Fire Station,"1200 NW 20th St, Miami, FL 33142",Florida,Miami-Dade,Miami,"Miami-Fort Lauderdale-West Palm Beach, FL",2024-08-05,pm25
12,86,1016,88101,3,25.794222,-80.215556,NAD83,PM2.5 - Local Conditions,24-HR BLK AVG,PM25 24-hour 2012,2021-01-31,Micrograms/cubic meter (LC),Included,1,100.0,3.4,3.4,0,19.0,238.0,Teledyne T640X at 16.67 LPM - Broadband spectroscopy,Miami Fire Station,"1200 NW 20th St, Miami, FL 33142",Florida,Miami-Dade,Miami,"Miami-Fort Lauderdale-West Palm Beach, FL",2024-08-05,pm25
12,86,1016,88101,3,25.794222,-80.215556,NAD83,PM2.5 - Local Conditions,24-HR BLK AVG,PM25 24-hour 2012,2021-02-01,Micrograms/cubic meter (LC),Included,1,100.0,5.4,5.4,0,30.0,238.0,Teledyne T640X at 16.67 LPM - Broadband spectroscopy,Miami Fire Station,"1200 NW 20th St, Miami, FL 33142",Florida,Miami-Dade,Miami,"Miami-Fort Lauderdale-West Palm Beach, FL",2024-08-05,pm25
12,86,1016,88101,3,25.794222,-80.215556,NAD83,PM2.5 - Local Conditions,24-HR BLK AVG,PM25 24-hour 2012,2021-02-02,Micrograms/cubic meter (LC),Included,1,100.0,4.8,4.8,0,27.0,238.0,Teledyne T640X at 16.67 LPM - Broadband spectroscopy,Miami Fire Station,"1200 NW 20th St, Miami, FL 33142",Florida,Miami-Dade,Miami,"Miami-Fort Lauderdale-West Palm Beach, FL",2024-08-05,pm25
12,86,1016,88101,3,25.794222,-80.215556,NAD83,PM2.5 - Local Conditions,24-HR BLK AVG,PM25 24-hour 2012,2021-02-03,Micrograms/cubic meter (LC),Included,1,100.0,4.8,4.8,0,27.0,238.0,Teledyne T640X at 16.67 LPM - Broadband spectroscopy,Miami Fire Station,"1200 NW 20th St, Miami, FL 33142",Florida,Miami-Dade,Miami,"Miami-Fort Lauderdale-West Palm Beach, FL",2024-08-05,pm25
12,86,1016,88101,3,25.794222,-80.215556,NAD83,PM2.5 - Local Conditions,24-HR BLK AVG,PM25 24-hour 2012,2021-02-04,Micrograms/cubic meter (LC),Included,1,100.0,7.0,7.0,0,39.0,238.0,Teledyne T640X at 16.67 LPM - Broadband spectroscopy,Miami Fire Station,"1200 NW 20th St, Miami, FL 33142",Florida,Miami-Dade,Miami,"Miami-Fort Lauderdale-West Palm Beach, FL",2024-08-05,pm25
12,86,1016,88101,3,25.794222,-80.215556,NAD83,PM2.5 - Local Conditions,24-HR BLK AVG,PM25 24-hour 2012,2021-02-05,Micrograms/cubic meter (LC),Included,1,100.0,3.8,3.8,0,21.0,238.0,Teledyne T640X at 16.67 LPM - Broadband spectroscopy,Miami Fire Station,"1200 NW 20th St, Miami, FL 33142",Florida,Miami-Dade,Miami,"Miami-Fort Lauderdale-West Palm Beach, FL",2024-08-05,pm25
12,86,1016,88101,3,25.794222,-80.215556,NAD83,PM2.5 - Local Conditions,24-HR BLK AVG,PM25 24-hour 2012,2021-02-06,Micrograms/cubic meter (LC),Included,1,100.0,5.0,5.0,0,28.0,238.0,Teledyne T640X at 16.67 LPM - Broadband spectroscopy,Miami Fire Station,"1200 NW 20th St, Miami, FL 33142",Florida,Miami-Dade,Miami,"Miami-Fort Lauderdale-West Palm Beach, FL",2024-08-05,pm25
12,86,1016,88101,3,25.794222,-80.215556,NAD83,PM2.5 - Local Conditions,24-HR BLK AVG,PM25 24-hour 2012,2021-02-07,Micrograms/cubic meter (LC),Included,1,100.0,6.9,6.9,0,38.0,238.0,Teledyne T640X at 16.67 LPM - Broadband spectroscopy,Miami Fire Station,"1200 NW 20th St, Miami, FL 33142",Florida,Miami-Dade,Miami,"Miami-Fort Lauderdale-West Palm Beach, FL",2024-08-05,pm25
12,86,1016,88101,3,25.794222,-80.215556,NAD83,PM2.5 - Local Conditions,24-HR BLK AVG,PM25 24-hour 2012,2021-02-08,Micrograms/cubic meter (LC),Included,1,100.0,6.5,6.5,0,36.0,238.0,Teledyne T640X at 16.67 LPM - Broadband spectroscopy,Miami Fire Station,"1200 NW 20th St, Miami, FL 33142",Florida,Miami-Dade,Miami,"Miami-Fort Lauderdale-West Palm Beach, FL",2024-08-05,pm25
12,86,1016,88101,3,25.794222,-80.215556,NAD83,PM2.5 - Local Conditions,24-HR BLK AVG,PM25 24-hour 2012,2021-02-09,Micrograms/cubic meter (LC),Included,1,100.0,4.5,4.5,0,25.0,238.0,Teledyne T640X at 16.67 LPM - Broadband spectroscopy,Miami Fire Station,"1200 NW 20th St, Miami, FL 33142",Florida,Miami-Dade,Miami,"Miami-Fort Lauderdale-West Palm Beach, FL",2024-08-05,pm25
12,86,1016,88101,3,25.794222,-80.215556,NAD83,PM2.5 - Local Conditions,24-HR BLK AVG,PM25 24-hour 2012,2021-02-10,Micrograms/cubic meter (LC),Included,1,100.0,3.9,3.9,0,22.0,238.0,Teledyne T640X at 16.67 LPM - Broadband spectroscopy,Miami Fire Station,"1200 NW 20th St, Miami, FL 33142",Florida,Miami-Dade,Miami,"Miami-Fort Lauderdale-West Palm Beach, FL",2024-08-05,pm25
12,86,1016,88101,3,25.794222,-80.215556,NAD83,PM2.5 - Local Conditions,24-HR BLK AVG,PM25 24-hour 2012,2021-02-11,Micrograms/cubic meter (LC),Included,1,100.0,3.4,3.4,0,19.0,238.0,Teledyne T640X at 16.67 LPM - Broadband spectroscopy,Miami Fire Station,"1200 NW 20th St, Miami, FL 33142",Florida,Miami-Dade,Miami,"Miami-Fort Lauderdale-West Palm Beach, FL",2024-08-05,pm25
12,86,1016,88101,3,25.794222,-80.215556,NAD83,PM2.5 - Local Conditions,24-HR BLK AVG,PM25 24-hour 2012,2021-02-12,Micrograms/cubic meter (LC),Included,1,100.0,4.2,4.2,0,23.0,238.0,Teledyne T640X at 16.67 LPM - Broadband spectroscopy,Miami Fire Station,"1200 NW 20th St, Miami, FL 33142",Florida,Miami-Dade,Miami,"Miami-Fort Lauderdale-West Palm Beach, FL",2024-08-05,pm25
12,86,1016,88101,3,25.794222,-80.215556,NAD83,PM2.5 - Local Conditions,24-HR BLK AVG,PM25 24-hour 2012,2021-02-13,Micrograms/cubic meter (LC),Included,1,100.0,4.5,4.5,0,25.0,238.0,Teledyne T640X at 16.67 LPM - Broadband spectroscopy,Miami Fire Station,"1200 NW 20th St, Miami, FL 33142",Florida,Miami-Dade,Miami,"Miami-Fort Lauderdale-West Palm Beach, FL",2024-08-05,pm25
12,86,1016,88101,3,25.794222,-80.215556,NAD83,PM2.5 - Local Conditions,24-HR BLK AVG,PM25 24-hour 2012,2021-02-14,Micrograms/cubic meter (LC),Included,1,100.0,5.2,5.2,0,29.0,238.0,Teledyne T640X at 16.67 LPM - Broadband spectroscopy,Miami Fire Station,"1200 NW 20th St, Miami, FL 33142",Florida,Miami-Dade,Miami,"Miami-Fort Lauderdale-West Palm Beach, FL",2024-08-05,pm25
12,86,1016,88101,3,25.794222,-80.215556,NAD83,PM2.5 - Local Conditions,24-HR BLK AVG,PM25 24-hour 2012,2021-02-15,Micrograms/cubic meter (LC),Included,1,100.0,6.1,6.1,0,34.0,238.0,Teledyne T640X at 16.67 LPM - Broadband spectroscopy,Miami Fire Station,"1200 NW 20th St, Miami, FL 33142",Florida,Miami-Dade,Miami,"Miami-Fort Lauderdale-West Palm Beach, FL",2024-08-05,pm25
12,86,1016,88101,3,25.794222,-80.215556,NAD83,PM2.5 - Local Conditions,24-HR BLK AVG,PM25 24-hour 2012,2021-02-16,Micrograms/cubic meter (LC),Included,1,100.0,5.6,5.6,0,31.0,238.0,Teledyne T640X at 16.67 LPM - Broadband spectroscopy,Miami Fire Station,"1200 NW 20th St, Miami, FL 33142",Florida,Miami-Dade,Miami,"Miami-Fort Lauderdale-West Palm Beach, FL",2024-08-05,pm25
12,86,1016,88101,3,25.794222,-80.215556,NAD83,PM2.5 - Local Conditions,24-HR BLK AVG,PM25 24-hour 2012,2021-02-17,Micrograms/cubic meter (LC),Included,1,100.0,5.5,5.5,0,31.0,238.0,Teledyne T640X at 16.67 LPM - Broadband spectroscopy,Miami Fire Station,"1200 NW 20th St, Miami, FL 33142",Florida,Miami-Dade,Miami,"Miami-Fort Lauderdale-West Palm Beach, FL",2024-08-05,pm25
12,86,1016,88101,3,25.794222,-80.215556,NAD83,PM2.5 - Local Conditions,24-HR BLK AVG,PM25 24-hour 2012,2021-02-18,Micrograms/cubic meter (LC),Included,1,100.0,5.2,5.2,0,29.0,238.0,Teledyne T640X at 16.67 LPM - Broadband spectroscopy,Miami Fire Station,"1200 NW 20th St, Miami, FL 33142",Florida,Miami-Dade,Miami,"Miami-Fort Lauderdale-West Palm Beach, FL",2024-08-05,pm25
12,86,1016,88101,3,25.794222,-80.215556,NAD83,PM2.5 - Local Conditions,24-HR BLK AVG,PM25 24-hour 2012,2021-02-19,Micrograms/cubic meter (LC),Included,1,100.0,5.9,5.9,0,33.0,238.0,Teledyne T640X at 16.67 LPM - Broadband spectroscopy,Miami Fire Station,"1200 NW 20th St, Miami, FL 33142",Florida,Miami-Dade,Miami,"Miami-Fort Lauderdale-West Palm Beach, FL",2024-08-05,pm25
12,86,1016,88101,3,25.794222,-80.215556,NAD83,PM2.5 - Local Conditions,24-HR BLK AVG,PM25 24-hour 2012,2021-02-20,Micrograms/cubic meter (LC),Included,1,100.0,4.4,4.4,0,24.0,238.0,Teledyne T640X at 16.67 LPM - Broadband spectroscopy,Miami Fire Station,"1200 NW 20th St, Miami, FL 33142",Florida,Miami-Dade,Miami,"Miami-Fort Lauderdale-West Palm Beach, FL",2024-08-05,pm25
12,86,1016,88101,3,25.794222,-80.215556,NAD83,PM2.5 - Local Conditions,24-HR BLK AVG,PM25 24-hour 2012,2021-02-21,Micrograms/cubic meter (LC),Included,1,100.0,4.4,4.4,0,24.0,238.0,Teledyne T640X at 16.67 LPM - Broadband spectroscopy,Miami Fire Station,"1200 NW 20th St, Miami, FL 33142",Florida,Miami-Dade,Miami,"Miami-Fort Lauderdale-West Palm Beach, FL",2024-08-05,pm25
12,86,1016,88101,3,25.794222,-80.215556,NAD83,PM2.5 - Local Conditions,24-HR BLK AVG,PM25 24-hour 2012,2021-02-22,Micrograms/cubic meter (LC),Included,1,100.0,4.2,4.2,0,23.0,238.0,Teledyne T640X at 16.67 LPM - Broadband spectroscopy,Miami Fire Station,"1200 NW 20th St, Miami, FL 33142",Florida,Miami-Dade,Miami,"Miami-Fort Lauderdale-West Palm Beach, FL",2024-08-05,pm25
12,86,1016,88101,3,25.794222,-80.215556,NAD83,PM2.5 - Local Conditions,24-HR BLK AVG,PM25 24-hour 2012,2021-02-23,Micrograms/cubic meter (LC),Included,1,100.0,5.2,5.2,0,29.0,238.0,Teledyne T640X at 16.67 LPM - Broadband spectroscopy,Miami Fire Station,"1200 NW 20th St, Miami, FL 33142",Florida,Miami-Dade,Miami,"Miami-Fort Lauderdale-West Palm Beach, FL",2024-08-05,pm25
12,86,1016,88101,3,25.794222,-80.215556,NAD83,PM2.5 - Local Conditions,24-HR BLK AVG,PM25 24-hour 2012,2021-02-24,Micrograms/cubic meter (LC),Included,1,100.0,4.4,4.4,0,24.0,238.0,Teledyne T640X at 16.67 LPM - Broadband spectroscopy,Miami Fire Station,"1200 NW 20th St, Miami, FL 33142",Florida,Miami-Dade,Miami,"Miami-Fort Lauderdale-West Palm Beach, FL",2024-08-05,pm25
12,86,1016,88101,3,25.794222,-80.215556,NAD83,PM2.5 - Local Conditions,24-HR BLK AVG,PM25 24-hour 2012,2021-02-25,Micrograms/cubic meter (LC),Included,1,100.0,5.9,5.9,0,33.0,238.0,Teledyne T640X at 16.67 LPM - Broadband spectroscopy,Miami Fire Station,"1200 NW 20th St, Miami, FL 33142",Florida,Miami-Dade,Miami,"Miami-Fort Lauderdale-West Palm Beach, FL",2024-08-05,pm25
12,86,1016,88101,3,25.794222,-80.215556,NAD83,PM2.5 - Local Conditions,24-HR BLK AVG,PM25 24-hour 2012,2021-02-26,Micrograms/cubic meter (LC),Included,1,100.0,3.9,3.9,0,22.0,238.0,Teledyne T640X at 16.67 LPM - Broadband spectroscopy,Miami Fire Station,"1200 NW 20th St, Miami, FL 33142",Florida,Miami-Dade,Miami,"Miami-Fort Lauderdale-West Palm Beach, FL",2024-08-05,pm25
12,86,1016,88101,3,25.794222,-80.215556,NAD83,PM2.5 - Local Conditions,24-HR BLK AVG,PM25 24-hour 2012,2021-02-27,Micrograms/cubic meter (LC),Included,1,100.0,3.8,3.8,0,21.0,238.0,Teledyne T640X at 16.67 LPM - Broadband spectroscopy,Miami Fire Station,"1200 NW 20th St, Miami, FL 33142",Florida,Miami-Dade,Miami,"Miami-Fort Lauderdale-West Palm Beach, FL",2024-08-05,pm25
12,86,1016,88101,3,25.794222,-80.215556,NAD83,PM2.5 - Local Conditions,24-HR BLK AVG,PM25 24-hour 2012,2021-02-28,Micrograms/cubic meter (LC),Included,1,100.0,4.3,4.3,0,24.0,238.0,Teledyne T640X at 16.67 LPM - Broadband spectroscopy,Miami Fire Station,"1200 NW 20th St, Miami, FL 33142",Florida,Miami-Dade,Miami,"Miami-Fort Lauderdale-West Palm Beach, FL",2024-08-05,pm25
12,86,1016,88101,3,25.794222,-80.215556,NAD83,PM2.5 - Local Conditions,24-HR BLK AVG,PM25 24-hour 2012,2021-03-01,Micrograms/cubic meter (LC),Included,1,100.0,4.8,4.8,0,27.0,238.0,Teledyne T640X at 16.67 LPM - Broadband spectroscopy,Miami Fire Station,"1200 NW 20th St, Miami, FL 33142",Florida,Miami-Dade,Miami,"Miami-Fort Lauderdale-West Palm Beach, FL",2024-08-05,pm25
12,86,1016,88101,3,25.794222,-80.215556,NAD83,PM2.5 - Local Conditions,24-HR BLK AVG,PM25 24-hour 2012,2021-03-02,Micrograms/cubic meter (LC),Included,1,100.0,4.7,4.7,0,26.0,238.0,Teledyne T640X at 16.67 LPM - Broadband spectroscopy,Miami Fire Station,"1200 NW 20th St, Miami, FL 33142",Florida,Miami-Dade,Miami,"Miami-Fort Lauderdale-West Palm Beach, FL",2024-08-05,pm25
12,86,1016,88101,3,25.794222,-80.215556,NAD83,PM2.5 - Local Conditions,24-HR BLK AVG,PM25 24-hour 2012,2021-03-03,Micrograms/cubic meter (LC),Included,1,100.0,5.0,5.0,0,28.0,238.0,Teledyne T640X at 16.67 LPM - Broadband spectroscopy,Miami Fire Station,"1200 NW 20th St, Miami, FL 33142",Florida,Miami-Dade,Miami,"Miami-Fort Lauderdale-West Palm Beach, FL",2024-08-05,pm25
12,86,1016,88101,3,25.794222,-80.215556,NAD83,PM2.5 - Local Conditions,24-HR BLK AVG,PM25 24-hour 2012,2021-03-04,Micrograms/cubic meter (LC),Included,1,100.0,7.7,7.7,0,43.0,238.0,Teledyne T640X at 16.67 LPM - Broadband spectroscopy,Miami Fire Station,"1200 NW 20th St, Miami, FL 33142",Florida,Miami-Dade,Miami,"Miami-Fort Lauderdale-West Palm Beach, FL",2024-08-05,pm25
12,86,1016,88101,3,25.794222,-80.215556,NAD83,PM2.5 - Local Conditions,24-HR BLK AVG,PM25 24-hour 2012,2021-03-05,Micrograms/cubic meter (LC),Included,1,100.0,5.0,5.0,0,28.0,238.0,Teledyne T640X at 16.67 LPM - Broadband spectroscopy,Miami Fire Station,"1200 NW 20th St, Miami, FL 33142",Florida,Miami-Dade,Miami,"Miami-Fort Lauderdale-West Palm Beach, FL",2024-08-05,pm25
12,86,1016,88101,3,25.794222,-80.215556,NAD83,PM2.5 - Local Conditions,24-HR BLK AVG,PM25 24-hour 2012,2021-03-06,Micrograms/cubic meter (LC),Included,1,100.0,3.6,3.6,0,20.0,238.0,Teledyne T640X at 16.67 LPM - Broadband spectroscopy,Miami Fire Station,"1200 NW 20th St, Miami, FL 33142",Florida,Miami-Dade,Miami,"Miami-Fort Lauderdale-West Palm Beach, FL",2024-08-05,pm25
12,86,1016,88101,3,25.794222,-80.215556,NAD83,PM2.5 - Local Conditions,24-HR BLK AVG,PM25 24-hour 2012,2021-03-07,Micrograms/cubic meter (LC),Included,1,100.0,4.5,4.5,0,25.0,238.0,Teledyne T640X at 16.67 LPM - Broadband spectroscopy,Miami Fire Station,"1200 NW 20th St, Miami, FL 33142",Florida,Miami-Dade,Miami,"Miami-Fort Lauderdale-West Palm Beach, FL",2024-08-05,pm25
12,86,1016,88101,3,25.794222,-80.215556,NAD83,PM2.5 - Local Conditions,24-HR BLK AVG,PM25 24-hour 2012,2021-03-08,Micrograms/cubic meter (LC),Included,1,100.0,4.7,4.7,0,26.0,238.0,Teledyne T640X at 16.67 LPM - Broadband spectroscopy,Miami Fire Station,"1200 NW 20th St, Miami, FL 33142",Florida,Miami-Dade,Miami,"Miami-Fort Lauderdale-West Palm Beach, FL",2024-08-05,pm25
12,86,1016,88101,3,25.794222,-80.215556,NAD83,PM2.5 - Local Conditions,24-HR BLK AVG,PM25 24-hour 2012,2021-03-09,Micrograms/cubic meter (LC),Included,1,100.0,3.6,3.6,0,20.0,238.0,Teledyne T640X at 16.67 LPM - Broadband spectroscopy,Miami Fire Station,"1200 NW 20th St, Miami, FL 33142",Florida,Miami-Dade,Miami,"Miami-Fort Lauderdale-West Palm Beach, FL",2024-08-05,pm25
12,86,1016,88101,3,25.794222,-80.215556,NAD83,PM2.5 - Local Conditions,24-HR BLK AVG,PM25 24-hour 2012,2021-03-10,Micrograms/cubic meter (LC),Included,1,100.0,4.2,4.2,0,23.0,238.0,Teledyne T640X at 16.67 LPM - Broadband spectroscopy,Miami Fire Station,"1200 NW 20th St, Miami, FL 33142",Florida,Miami-Dade,Miami,"Miami-Fort Lauderdale-West Palm Beach, FL",2024-08-05,pm25
12,86,1016,88101,3,25.794222,-80.215556,NAD83,PM2.5 - Local Conditions,24-HR BLK AVG,PM25 24-hour 2012,2021-03-11,Micrograms/cubic meter (LC),Included,1,100.0,3.9,3.9,0,22.0,238.0,Teledyne T640X at 16.67 LPM - Broadband spectroscopy,Miami Fire Station,"1200 NW 20th St, Miami, FL 33142",Florida,Miami-Dade,Miami,"Miami-Fort Lauderdale-West Palm Beach, FL",2024-08-05,pm25
12,86,1016,88101,3,25.794222,-80.215556,NAD83,PM2.5 - Local Conditions,24-HR BLK AVG,PM25 24-hour 2012,2021-03-12,Micrograms/cubic meter (LC),Included,1,100.0,4.0,4.0,0,22.0,238.0,Teledyne T640X at 16.67 LPM - Broadband spectroscopy,Miami Fire Station,"1200 NW 20th St, Miami, FL 33142",Florida,Miami-Dade,Miami,"Miami-Fort Lauderdale-West Palm Beach, FL",2024-08-05,pm25
12,86,1016,88101,3,25.794222,-80.215556,NAD83,PM2.5 - Local Conditions,24-HR BLK AVG,PM25 24-hour 2012,2021-03-13,Micrograms/cubic meter (LC),Included,1,100.0,4.0,4.0,0,22.0,238.0,Teledyne T640X at 16.67 LPM - Broadband spectroscopy,Miami Fire Station,"1200 NW 20th St, Miami, FL 33142",Florida,Miami-Dade,Miami,"Miami-Fort Lauderdale-West Palm Beach, FL",2024-08-05,pm25
12,86,1016,88101,3,25.794222,-80.215556,NAD83,PM2.5 - Local Conditions,24-HR BLK AVG,PM25 24-hour 2012,2021-03-14,Micrograms/cubic meter (LC),Included,1,100.0,4.2,4.2,0,23.0,238.0,Teledyne T640X at 16.67 LPM - Broadband spectroscopy,Miami Fire Station,"1200 NW 20th St, Miami, FL 33142",Florida,Miami-Dade,Miami,"Miami-Fort Lauderdale-West Palm Beach, FL",2024-08-05,pm25
12,86,1016,88101,3,25.794222,-80.215556,NAD83,PM2.5 - Local Conditions,24-HR BLK AVG,PM25 24-hour 2012,2021-03-15,Micrograms/cubic meter (LC),Included,1,100.0,5.1,5.1,0,28.0,238.0,Teledyne T640X at 16.67 LPM - Broadband spectroscopy,Miami Fire Station,"1200 NW 20th St, Miami, FL 33142",Florida,Miami-Dade,Miami,"Miami-Fort Lauderdale-West Palm Beach, FL",2024-08-05,pm25
12,86,1016,88101,3,25.794222,-80.215556,NAD83,PM2.5 - Local Conditions,24-HR BLK AVG,PM25 24-hour 2012,2021-03-16,Micrograms/cubic meter (LC),Included,1,100.0,4.1,4.1,0,23.0,238.0,Teledyne T640X at 16.67 LPM - Broadband spectroscopy,Miami Fire Station,"1200 NW 20th St, Miami, FL 33142",Florida,Miami-Dade,Miami,"Miami-Fort Lauderdale-West Palm Beach, FL",2024-08-05,pm25
12,86,1016,88101,3,25.794222,-80.215556,NAD83,PM2.5 - Local Conditions,24-HR BLK AVG,PM25 24-hour 2012,2021-03-17,Micrograms/cubic meter (LC),Included,1,100.0,4.6,4.6,0,26.0,238.0,Teledyne T640X at 16.67 LPM - Broadband spectroscopy,Miami Fire Station,"1200 NW 20th St, Miami, FL 33142",Florida,Miami-Dade,Miami,"Miami-Fort Lauderdale-West Palm Beach, FL",2024-08-05,pm25
12,86,1016,88101,3,25.794222,-80.215556,NAD83,PM2.5 - Local Conditions,24-HR BLK AVG,PM25 24-hour 2012,2021-03-18,Micrograms/cubic meter (LC),Included,1,100.0,6.3,6.3,0,35.0,238.0,Teledyne T640X at 16.67 LPM - Broadband spectroscopy,Miami Fire Station,"1200 NW 20th St, Miami, FL 33142",Florida,Miami-Dade,Miami,"Miami-Fort Lauderdale-West Palm Beach, FL",2024-08-05,pm25
12,86,1016,88101,3,25.794222,-80.215556,NAD83,PM2.5 - Local Conditions,24-HR BLK AVG,PM25 24-hour 2012,2021-03-19,Micrograms/cubic meter (LC),Included,1,100.0,6.2,6.2,0,34.0,238.0,Teledyne T640X at 16.67 LPM - Broadband spectroscopy,Miami Fire Station,"1200 NW 20th St, Miami, FL 33142",Florida,Miami-Dade,Miami,"Miami-Fort Lauderdale-West Palm Beach, FL",2024-08-05,pm25
12,86,1016,88101,3,25.794222,-80.215556,NAD83,PM2.5 - Local Conditions,24-HR BLK AVG,PM25 24-hour 2012,2021-03-20,Micrograms/cubic meter (LC),Included,1,100.0,5.2,5.2,0,29.0,238.0,Teledyne T640X at 16.67 LPM - Broadband spectroscopy,Miami Fire Station,"1200 NW 20th St, Miami, FL 33142",Florida,Miami-Dade,Miami,"Miami-Fort Lauderdale-West Palm Beach, FL",2024-08-05,pm25
12,86,1016,88101,3,25.794222,-80.215556,NAD83,PM2.5 - Local Conditions,24-HR BLK AVG,PM25 24-hour 2012,2021-03-21,Micrograms/cubic meter (LC),Included,1,100.0,3.6,3.6,0,20.0,238.0,Teledyne T640X at 16.67 LPM - Broadband spectroscopy,Miami Fire Station,"1200 NW 20th St, Miami, FL 33142",Florida,Miami-Dade,Miami,"Miami-Fort Lauderdale-West Palm Beach, FL",2024-08-05,pm25
12,86,1016,88101,3,25.794222,-80.215556,NAD83,PM2.5 - Local Conditions,24-HR BLK AVG,PM25 24-hour 2012,2021-03-22,Micrograms/cubic meter (LC),Included,1,100.0,3.1,3.1,0,17.0,238.0,Teledyne T640X at 16.67 LPM - Broadband spectroscopy,Miami Fire Station,"1200 NW 20th St, Miami, FL 33142",Florida,Miami-Dade,Miami,"Miami-Fort Lauderdale-West Palm Beach, FL",2024-08-05,pm25
12,86,1016,88101,3,25.794222,-80.215556,NAD83,PM2.5 - Local Conditions,24-HR BLK AVG,PM25 24-hour 2012,2021-03-23,Micrograms/cubic meter (LC),Included,1,100.0,4.0,4.0,0,22.0,238.0,Teledyne T640X at 16.67 LPM - Broadband spectroscopy,Miami Fire Station,"1200 NW 20th St, Miami, FL 33142",Florida,Miami-Dade,Miami,"Miami-Fort Lauderdale-West Palm Beach, FL",2024-08-05,pm25
12,86,1016,88101,3,25.794222,-80.215556,NAD83,PM2.5 - Local Conditions,24-HR BLK AVG,PM25 24-hour 2012,2021-03-24,Micrograms/cubic meter (LC),Included,1,100.0,6.7,6.7,0,37.0,238.0,Teledyne T640X at 16.67 LPM - Broadband spectroscopy,Miami Fire Station,"1200 NW 20th St, Miami, FL 33142",Florida,Miami-Dade,Miami,"Miami-Fort Lauderdale-West Palm Beach, FL",2024-08-05,pm25
12,86,1016,88101,3,25.794222,-80.215556,NAD83,PM2.5 - Local Conditions,24-HR BLK AVG,PM25 24-hour 2012,2021-03-25,Micrograms/cubic meter (LC),Included,1,100.0,4.7,4.7,0,26.0,238.0,Teledyne T640X at 16.67 LPM - Broadband spectroscopy,Miami Fire Station,"1200 NW 20th St, Miami, FL 33142",Florida,Miami-Dade,Miami,"Miami-Fort Lauderdale-West Palm Beach, FL",2024-08-05,pm25
12,86,1016,88101,3,25.794222,-80.215556,NAD83,PM2.5 - Local Conditions,24-HR BLK AVG,PM25 24-hour 2012,2021-03-26,Micrograms/cubic meter (LC),Included,1,100.0,3.8,3.8,0,21.0,238.0,Teledyne T640X at 16.67 LPM - Broadband spectroscopy,Miami Fire Station,"1200 NW 20th St, Miami, FL 33142",Florida,Miami-Dade,Miami,"Miami-Fort Lauderdale-West Palm Beach, FL",2024-08-05,pm25
12,86,1016,88101,3,25.794222,-80.215556,NAD83,PM2.5 - Local Conditions,24-HR BLK AVG,PM25 24-hour 2012,2021-03-27,Micrograms/cubic meter (LC),Included,1,100.0,4.2,4.2,0,23.0,238.0,Teledyne T640X at 16.67 LPM - Broadband spectroscopy,Miami Fire Station,"1200 NW 20th St, Miami, FL 33142",Florida,Miami-Dade,Miami,"Miami-Fort Lauderdale-West Palm Beach, FL",2024-08-05,pm25
12,86,1016,88101,3,25.794222,-80.215556,NAD83,PM2.5 - Local Conditions,24-HR BLK AVG,PM25 24-hour 2012,2021-03-28,Micrograms/cubic meter (LC),Included,1,100.0,3.9,3.9,0,22.0,238.0,Teledyne T640X at 16.67 LPM - Broadband spectroscopy,Miami Fire Station,"1200 NW 20th St, Miami, FL 33142",Florida,Miami-Dade,Miami,"Miami-Fort Lauderdale-West Palm Beach, FL",2024-08-05,pm25
12,86,1016,88101,3,25.794222,-80.215556,NAD83,PM2.5 - Local Conditions,24-HR BLK AVG,PM25 24-hour 2012,2021-03-29,Micrograms/cubic meter (LC),Included,1,100.0,4.3,4.3,0,24.0,238.0,Teledyne T640X at 16.67 LPM - Broadband spectroscopy,Miami Fire Station,"1200 NW 20th St, Miami, FL 33142",Florida,Miami-Dade,Miami,"Miami-Fort Lauderdale-West Palm Beach, FL",2024-08-05,pm25
12,86,1016,88101,3,25.794222,-80.215556,NAD83,PM2.5 - Local Conditions,24-HR BLK AVG,PM25 24-hour 2012,2021-03-30,Micrograms/cubic meter (LC),Included,1,100.0,5.7,5.7,0,32.0,238.0,Teledyne T640X at 16.67 LPM - Broadband spectroscopy,Miami Fire Station,"1200 NW 20th St, Miami, FL 33142",Florida,Miami-Dade,Miami,"Miami-Fort Lauderdale-West Palm Beach, FL",2024-08-05,pm25
12,86,1016,88101,3,25.794222,-80.215556,NAD83,PM2.5 - Local Conditions,24-HR BLK AVG,PM25 24-hour 2012,2021-03-31,Micrograms/cubic meter (LC),Included,1,100.0,5.1,5.1,0,28.0,238.0,Teledyne T640X at 16.67 LPM - Broadband spectroscopy,Miami Fire Station,"1200 NW 20th St, Miami, FL 33142",Florida,Miami-Dade,Miami,"Miami-Fort Lauderdale-West Palm Beach, FL",2024-08-05,pm25
12,86,1016,88101,3,25.794222,-80.215556,NAD83,PM2.5 - Local Conditions,24-HR BLK AVG,PM25 24-hour 2012,2021-04-01,Micrograms/cubic meter (LC),Included,1,100.0,4.6,4.6,0,26.0,238.0,Teledyne T640X at 16.67 LPM - Broadband spectroscopy,Miami Fire Station,"1200 NW 20th St, Miami, FL 33142",Florida,Miami-Dade,Miami,"Miami-Fort Lauderdale-West Palm Beach, FL",2024-08-05,pm25
12,86,1016,88101,3,25.794222,-80.215556,NAD83,PM2.5 - Local Conditions,24-HR BLK AVG,PM25 24-hour 2012,2021-04-02,Micrograms/cubic meter (LC),Included,1,100.0,4.8,4.8,0,27.0,238.0,Teledyne T640X at 16.67 LPM - Broadband spectroscopy,Miami Fire Station,"1200 NW 20th St, Miami, FL 33142",Florida,Miami-Dade,Miami,"Miami-Fort Lauderdale-West Palm Beach, FL",2024-08-05,pm25
12,86,1016,88101,3,25.794222,-80.215556,NAD83,PM2.5 - Local Conditions,24-HR BLK AVG,PM25 24-hour 2012,2021-04-03,Micrograms/cubic meter (LC),Included,1,100.0,3.5,3.5,0,19.0,238.0,Teledyne T640X at 16.67 LPM - Broadband spectroscopy,Miami Fire Station,"1200 NW 20th St, Miami, FL 33142",Florida,Miami-Dade,Miami,"Miami-Fort Lauderdale-West Palm Beach, FL",2024-08-05,pm25
12,86,1016,88101,3,25.794222,-80.215556,NAD83,PM2.5 - Local Conditions,24-HR BLK AVG,PM25 24-hour 2012,2021-04-04,Micrograms/cubic meter (LC),Included,1,100.0,3.4,3.4,0,19.0,238.0,Teledyne T640X at 16.67 LPM - Broadband spectroscopy,Miami Fire Station,"1200 NW 20th St, Miami, FL 33142",Florida,Miami-Dade,Miami,"Miami-Fort Lauderdale-West Palm Beach, FL",2024-08-05,pm25
12,86,1016,88101,3,25.794222,-80.215556,NAD83,PM2.5 - Local Conditions,24-HR BLK AVG,PM25 24-hour 2012,2021-04-05,Micrograms/cubic meter (LC),Included,1,100.0,4.2,4.2,0,23.0,238.0,Teledyne T640X at 16.67 LPM - Broadband spectroscopy,Miami Fire Station,"1200 NW 20th St, Miami, FL 33142",Florida,Miami-Dade,Miami,"Miami-Fort Lauderdale-West Palm Beach, FL",2024-08-05,pm25
12,86,1016,88101,3,25.794222,-80.215556,NAD83,PM2.5 - Local Conditions,24-HR BLK AVG,PM25 24-hour 2012,2021-04-06,Micrograms/cubic meter (LC),Included,1,100.0,4.4,4.4,0,24.0,238.0,Teledyne T640X at 16.67 LPM - Broadband spectroscopy,Miami Fire Station,"1200 NW 20th St, Miami, FL 33142",Florida,Miami-Dade,Miami,"Miami-Fort Lauderdale-West Palm Beach, FL",2024-08-05,pm25
12,86,1016,88101,3,25.794222,-80.215556,NAD83,PM2.5 - Local Conditions,24-HR BLK AVG,PM25 24-hour 2012,2021-04-07,Micrograms/cubic meter (LC),Included,1,100.0,4.1,4.1,0,23.0,238.0,Teledyne T640X at 16.67 LPM - Broadband spectroscopy,Miami Fire Station,"1200 NW 20th St, Miami, FL 33142",Florida,Miami-Dade,Miami,"Miami-Fort Lauderdale-West Palm Beach, FL",2024-08-05,pm25
12,86,1016,88101,3,25.794222,-80.215556,NAD83,PM2.5 - Local Conditions,24-HR BLK AVG,PM25 24-hour 2012,2021-04-08,Micrograms/cubic meter (LC),Included,1,100.0,4.6,4.6,0,26.0,238.0,Teledyne T640X at 16.67 LPM - Broadband spectroscopy,Miami Fire Station,"1200 NW 20th St, Miami, FL 33142",Florida,Miami-Dade,Miami,"Miami-Fort Lauderdale-West Palm Beach, FL",2024-08-05,pm25
12,86,1016,88101,3,25.794222,-80.215556,NAD83,PM2.5 - Local Conditions,24-HR BLK AVG,PM25 24-hour 2012,2021-04-09,Micrograms/cubic meter (LC),Included,1,100.0,4.0,4.0,0,22.0,238.0,Teledyne T640X at 16.67 LPM - Broadband spectroscopy,Miami Fire Station,"1200 NW 20th St, Miami, FL 33142",Florida,Miami-Dade,Miami,"Miami-Fort Lauderdale-West Palm Beach, FL",2024-08-05,pm25
12,86,1016,88101,3,25.794222,-80.215556,NAD83,PM2.5 - Local Conditions,24-HR BLK AVG,PM25 24-hour 2012,2021-04-10,Micrograms/cubic meter (LC),Included,1,100.0,4.4,4.4,0,24.0,238.0,Teledyne T640X at 16.67 LPM - Broadband spectroscopy,Miami Fire Station,"1200 NW 20th St, Miami, FL 33142",Florida,Miami-Dade,Miami,"Miami-Fort Lauderdale-West Palm Beach, FL",2024-08-05,pm25
12,86,1016,88101,3,25.794222,-80.215556,NAD83,PM2.5 - Local Conditions,24-HR BLK AVG,PM25 24-hour 2012,2021-04-11,Micrograms/cubic meter (LC),Included,1,100.0,5.7,5.7,0,32.0,238.0,Teledyne T640X at 16.67 LPM - Broadband spectroscopy,Miami Fire Station,"1200 NW 20th St, Miami, FL 33142",Florida,Miami-Dade,Miami,"Miami-Fort Lauderdale-West Palm Beach, FL",2024-08-05,pm25
12,86,1016,88101,3,25.794222,-80.215556,NAD83,PM2.5 - Local Conditions,24-HR BLK AVG,PM25 24-hour 2012,2021-04-12,Micrograms/cubic meter (LC),Included,1,100.0,4.4,4.4,0,24.0,238.0,Teledyne T640X at 16.67 LPM - Broadband spectroscopy,Miami Fire Station,"1200 NW 20th St, Miami, FL 33142",Florida,Miami-Dade,Miami,"Miami-Fort Lauderdale-West Palm Beach, FL",2024-08-05,pm25
12,86,1016,88101,3,25.794222,-80.215556,NAD83,PM2.5 - Local Conditions,24-HR BLK AVG,PM25 24-hour 2012,2021-04-13,Micrograms/cubic meter (LC),Included,1,100.0,7.0,7.0,0,39.0,238.0,Teledyne T640X at 16.67 LPM - Broadband spectroscopy,Miami Fire Station,"1200 NW 20th St, Miami, FL 33142",Florida,Miami-Dade,Miami,"Miami-Fort Lauderdale-West Palm Beach, FL",2024-08-05,pm25
12,86,1016,88101,3,25.794222,-80.215556,NAD83,PM2.5 - Local Conditions,24-HR BLK AVG,PM25 24-hour 2012,2021-04-14,Micrograms/cubic meter (LC),Included,1,100.0,4.6,4.6,0,26.0,238.0,Teledyne T640X at 16.67 LPM - Broadband spectroscopy,Miami Fire Station,"1200 NW 20th St, Miami, FL 33142",Florida,Miami-Dade,Miami,"Miami-Fort Lauderdale-West Palm Beach, FL",2024-08-05,pm25
12,86,1016,88101,3,25.794222,-80.215556,NAD83,PM2.5 - Local Conditions,24-HR BLK AVG,PM25 24-hour 2012,2021-04-15,Micrograms/cubic meter (LC),Included,1,100.0,4.1,4.1,0,23.0,238.0,Teledyne T640X at 16.67 LPM - Broadband spectroscopy,Miami Fire Station,"1200 NW 20th St, Miami, FL 33142",Florida,Miami-Dade,Miami,"Miami-Fort Lauderdale-West Palm Beach, FL",2024-08-05,pm25
12,86,1016,88101,3,25.794222,-80.215556,NAD83,PM2.5 - Local Conditions,24-HR BLK AVG,PM25 24-hour 2012,2021-04-16,Micrograms/cubic meter (LC),Included,1,100.0,6.7,6.7,0,37.0,238.0,Teledyne T640X at 16.67 LPM - Broadband spectroscopy,Miami Fire Station,"1200 NW 20th St, Miami, FL 33142",Florida,Miami-Dade,Miami,"Miami-Fort Lauderdale-West Palm Beach, FL",2024-08-05,pm25
12,86,1016,88101,3,25.794222,-80.215556,NAD83,PM2.5 - Local Conditions,24-HR BLK AVG,PM25 24-hour 2012,2021-04-17,Micrograms/cubic meter (LC),Included,1,100.0,8.0,8.0,0,44.0,238.0,Teledyne T640X at 16.67 LPM - Broadband spectroscopy,Miami Fire Station,"1200 NW 20th St, Miami, FL 33142",Florida,Miami-Dade,Miami,"Miami-Fort Lauderdale-West Palm Beach, FL",2024-08-05,pm25
12,86,1016,88101,3,25.794222,-80.215556,NAD83,PM2.5 - Local Conditions,24-HR BLK AVG,PM25 24-hour 2012,2021-04-18,Micrograms/cubic meter (LC),Included,1,100.0,8.2,8.2,0,46.0,238.0,Teledyne T640X at 16.67 LPM - Broadband spectroscopy,Miami Fire Station,"1200 NW 20th St, Miami, FL 33142",Florida,Miami-Dade,Miami,"Miami-Fort Lauderdale-West Palm Beach, FL",2024-08-05,pm25
12,86,1016,88101,3,25.794222,-80.215556,NAD83,PM2.5 - Local Conditions,24-HR BLK AVG,PM25 24-hour 2012,2021-04-19,Micrograms/cubic meter (LC),Included,1,100.0,10.4,10.4,0,53.0,238.0,Teledyne T640X at 16.67 LPM - Broadband spectroscopy,Miami Fire Station,"1200 NW 20th St, Miami, FL 33142",Florida,Miami-Dade,Miami,"Miami-Fort Lauderdale-West Palm Beach, FL",2024-08-05,pm25
12,86,1016,88101,3,25.794222,-80.215556,NAD83,PM2.5 - Local Conditions,24-HR BLK AVG,PM25 24-hour 2012,2021-04-20,Micrograms/cubic meter (LC),Included,1,100.0,8.5,8.5,0,47.0,238.0,Teledyne T640X at 16.67 LPM - Broadband spectroscopy,Miami Fire Station,"1200 NW 20th St, Miami, FL 33142",Florida,Miami-Dade,Miami,"Miami-Fort Lauderdale-West Palm Beach, FL",2024-08-05,pm25
12,86,1016,88101,3,25.794222,-80.215556,NAD83,PM2.5 - Local Conditions,24-HR BLK AVG,PM25 24-hour 2012,2021-04-21,Micrograms/cubic meter (LC),Included,1,100.0,8.8,8.8,0,49.0,238.0,Teledyne T640X at 16.67 LPM - Broadband spectroscopy,Miami Fire Station,"1200 NW 20th St, Miami, FL 33142",Florida,Miami-Dade,Miami,"Miami-Fort Lauderdale-West Palm Beach, FL",2024-08-05,pm25
12,86,1016,88101,3,25.794222,-80.215556,NAD83,PM2.5 - Local Conditions,24-HR BLK AVG,PM25 24-hour 2012,2021-04-22,Micrograms/cubic meter (LC),Included,1,100.0,8.1,8.1,0,45.0,238.0,Teledyne T640X at 16.67 LPM - Broadband spectroscopy,Miami Fire Station,"1200 NW 20th St, Miami, FL 33142",Florida,Miami-Dade,Miami,"Miami-Fort Lauderdale-West Palm Beach, FL",2024-08-05,pm25
12,86,1016,88101,3,25.794222,-80.215556,NAD83,PM2.5 - Local Conditions,24-HR BLK AVG,PM25 24-hour 2012,2021-04-23,Micrograms/cubic meter (LC),Included,1,100.0,7.5,7.5,0,42.0,238.0,Teledyne T640X at 16.67 LPM - Broadband spectroscopy,Miami Fire Station,"1200 NW 20th St, Miami, FL 33142",Florida,Miami-Dade,Miami,"Miami-Fort Lauderdale-West Palm Beach, FL",2024-08-05,pm25
12,86,1016,88101,3,25.794222,-80.215556,NAD83,PM2.5 - Local Conditions,24-HR BLK AVG,PM25 24-hour 2012,2021-04-24,Micrograms/cubic meter (LC),Included,1,100.0,6.3,6.3,0,35.0,238.0,Teledyne T640X at 16.67 LPM - Broadband spectroscopy,Miami Fire Station,"1200 NW 20th St, Miami, FL 33142",Florida,Miami-Dade,Miami,"Miami-Fort Lauderdale-West Palm Beach, FL",2024-08-05,pm25
12,86,1016,88101,3,25.794222,-80.215556,NAD83,PM2.5 - Local Conditions,24-HR BLK AVG,PM25 24-hour 2012,2021-04-25,Micrograms/cubic meter (LC),Included,1,100.0,6.7,6.7,0,37.0,238.0,Teledyne T640X at 16.67 LPM - Broadband spectroscopy,Miami Fire Station,"1200 NW 20th St, Miami, FL 33142",Florida,Miami-Dade,Miami,"Miami-Fort Lauderdale-West Palm Beach, FL",2024-08-05,pm25
12,86,1016,88101,3,25.794222,-80.215556,NAD83,PM2.5 - Local Conditions,24-HR BLK AVG,PM25 24-hour 2012,2021-04-26,Micrograms/cubic meter (LC),Included,1,100.0,6.2,6.2,0,34.0,238.0,Teledyne T640X at 16.67 LPM - Broadband spectroscopy,Miami Fire Station,"1200 NW 20th St, Miami, FL 33142",Florida,Miami-Dade,Miami,"Miami-Fort Lauderdale-West Palm Beach, FL",2024-08-05,pm25
12,86,1016,88101,3,25.794222,-80.215556,NAD83,PM2.5 - Local Conditions,24-HR BLK AVG,PM25 24-hour 2012,2021-04-27,Micrograms/cubic meter (LC),Included,1,100.0,3.7,3.7,0,21.0,238.0,Teledyne T640X at 16.67 LPM - Broadband spectroscopy,Miami Fire Station,"1200 NW 20th St, Miami, FL 33142",Florida,Miami-Dade,Miami,"Miami-Fort Lauderdale-West Palm Beach, FL",2024-08-05,pm25
12,86,1016,88101,3,25.794222,-80.215556,NAD83,PM2.5 - Local Conditions,24-HR BLK AVG,PM25 24-hour 2012,2021-04-28,Micrograms/cubic meter (LC),Included,1,100.0,4.1,4.1,0,23.0,238.0,Teledyne T640X at 16.67 LPM - Broadband spectroscopy,Miami Fire Station,"1200 NW 20th St, Miami, FL 33142",Florida,Miami-Dade,Miami,"Miami-Fort Lauderdale-West Palm Beach, FL",2024-08-05,pm25
12,86,1016,88101,3,25.794222,-80.215556,NAD83,PM2.5 - Local Conditions,24-HR BLK AVG,PM25 24-hour 2012,2021-04-29,Micrograms/cubic meter (LC),Included,1,100.0,3.7,3.7,0,21.0,238.0,Teledyne T640X at 16.67 LPM - Broadband spectroscopy,Miami Fire Station,"1200 NW 20th St, Miami, FL 33142",Florida,Miami-Dade,Miami,"Miami-Fort Lauderdale-West Palm Beach, FL",2024-08-05,pm25
12,86,1016,88101,3,25.794222,-80.215556,NAD83,PM2.5 - Local Conditions,24-HR BLK AVG,PM25 24-hour 2012,2021-04-30,Micrograms/cubic meter (LC),Included,1,100.0,3.6,3.6,0,20.0,238.0,Teledyne T640X at 16.67 LPM - Broadband spectroscopy,Miami Fire Station,"1200 NW 20th St, Miami, FL 33142",Florida,Miami-Dade,Miami,"Miami-Fort Lauderdale-West Palm Beach, FL",2024-08-05,pm25
12,86,1016,88101,3,25.794222,-80.215556,NAD83,PM2.5 - Local Conditions,24-HR BLK AVG,PM25 24-hour 2012,2021-05-01,Micrograms/cubic meter (LC),Included,1,100.0,5.3,5.3,0,29.0,238.0,Teledyne T640X at 16.67 LPM - Broadband spectroscopy,Miami Fire Station,"1200 NW 20th St, Miami, FL 33142",Florida,Miami-Dade,Miami,"Miami-Fort Lauderdale-West Palm Beach, FL",2024-08-05,pm25
12,86,1016,88101,3,25.794222,-80.215556,NAD83,PM2.5 - Local Conditions,24-HR BLK AVG,PM25 24-hour 2012,2021-05-02,Micrograms/cubic meter (LC),Included,1,100.0,4.1,4.1,0,23.0,238.0,Teledyne T640X at 16.67 LPM - Broadband spectroscopy,Miami Fire Station,"1200 NW 20th St, Miami, FL 33142",Florida,Miami-Dade,Miami,"Miami-Fort Lauderdale-West Palm Beach, FL",2024-08-05,pm25
12,86,1016,88101,3,25.794222,-80.215556,NAD83,PM2.5 - Local Conditions,24-HR BLK AVG,PM25 24-hour 2012,2021-05-03,Micrograms/cubic meter (LC),Included,1,100.0,4.0,4.0,0,22.0,238.0,Teledyne T640X at 16.67 LPM - Broadband spectroscopy,Miami Fire Station,"1200 NW 20th St, Miami, FL 33142",Florida,Miami-Dade,Miami,"Miami-Fort Lauderdale-West Palm Beach, FL",2024-08-05,pm25
12,86,1016,88101,3,25.794222,-80.215556,NAD83,PM2.5 - Local Conditions,24-HR BLK AVG,PM25 24-hour 2012,2021-05-04,Micrograms/cubic meter (LC),Included,1,100.0,3.7,3.7,0,21.0,238.0,Teledyne T640X at 16.67 LPM - Broadband spectroscopy,Miami Fire Station,"1200 NW 20th St, Miami, FL 33142",Florida,Miami-Dade,Miami,"Miami-Fort Lauderdale-West Palm Beach, FL",2024-08-05,pm25
12,86,1016,88101,3,25.794222,-80.215556,NAD83,PM2.5 - Local Conditions,24-HR BLK AVG,PM25 24-hour 2012,2021-05-05,Micrograms/cubic meter (LC),Included,1,100.0,3.8,3.8,0,21.0,238.0,Teledyne T640X at 16.67 LPM - Broadband spectroscopy,Miami Fire Station,"1200 NW 20th St, Miami, FL 33142",Florida,Miami-Dade,Miami,"Miami-Fort Lauderdale-West Palm Beach, FL",2024-08-05,pm25
12,86,1016,88101,3,25.794222,-80.215556,NAD83,PM2.5 - Local Conditions,24-HR BLK AVG,PM25 24-hour 2012,2021-05-06,Micrograms/cubic meter (LC),Included,1,100.0,4.0,4.0,0,22.0,238.0,Teledyne T640X at 16.67 LPM - Broadband spectroscopy,Miami Fire Station,"1200 NW 20th St, Miami, FL 33142",Florida,Miami-Dade,Miami,"Miami-Fort Lauderdale-West Palm Beach, FL",2024-08-05,pm25
12,86,1016,88101,3,25.794222,-80.215556,NAD83,PM2.5 - Local Conditions,24-HR BLK AVG,PM25 24-hour 2012,2021-05-07,Micrograms/cubic meter (LC),Included,1,100.0,5.6,5.6,0,31.0,238.0,Teledyne T640X at 16.67 LPM - Broadband spectroscopy,Miami Fire Station,"1200 NW 20th St, Miami, FL 33142",Florida,Miami-Dade,Miami,"Miami-Fort Lauderdale-West Palm Beach, FL",2024-08-05,pm25
12,86,1016,88101,3,25.794222,-80.215556,NAD83,PM2.5 - Local Conditions,24-HR BLK AVG,PM25 24-hour 2012,2021-05-08,Micrograms/cubic meter (LC),Included,1,100.0,4.6,4.6,0,26.0,238.0,Teledyne T640X at 16.67 LPM - Broadband spectroscopy,Miami Fire Station,"1200 NW 20th St, Miami, FL 33142",Florida,Miami-Dade,Miami,"Miami-Fort Lauderdale-West Palm Beach, FL",2024-08-05,pm25
12,86,1016,88101,3,25.794222,-80.215556,NAD83,PM2.5 - Local Conditions,24-HR BLK AVG,PM25 24-hour 2012,2021-05-09,Micrograms/cubic meter (LC),Included,1,100.0,3.5,3.5,0,19.0,238.0,Teledyne T640X at 16.67 LPM - Broadband spectroscopy,Miami Fire Station,"1200 NW 20th St, Miami, FL 33142",Florida,Miami-Dade,Miami,"Miami-Fort Lauderdale-West Palm Beach, FL",2024-08-05,pm25
12,86,1016,88101,3,25.794222,-80.215556,NAD83,PM2.5 - Local Conditions,24-HR BLK AVG,PM25 24-hour 2012,2021-05-10,Micrograms/cubic meter (LC),Included,1,100.0,3.2,3.2,0,18.0,238.0,Teledyne T640X at 16.67 LPM - Broadband spectroscopy,Miami Fire Station,"1200 NW 20th St, Miami, FL 33142",Florida,Miami-Dade,Miami,"Miami-Fort Lauderdale-West Palm Beach, FL",2024-08-05,pm25
12,86,1016,88101,3,25.794222,-80.215556,NAD83,PM2.5 - Local Conditions,24-HR BLK AVG,PM25 24-hour 2012,2021-05-11,Micrograms/cubic meter (LC),Included,1,100.0,3.8,3.8,0,21.0,238.0,Teledyne T640X at 16.67 LPM - Broadband spectroscopy,Miami Fire Station,"1200 NW 20th St, Miami, FL 33142",Florida,Miami-Dade,Miami,"Miami-Fort Lauderdale-West Palm Beach, FL",2024-08-05,pm25
12,86,1016,88101,3,25.794222,-80.215556,NAD83,PM2.5 - Local Conditions,24-HR BLK AVG,PM25 24-hour 2012,2021-05-12,Micrograms/cubic meter (LC),Included,1,100.0,3.4,3.4,0,19.0,238.0,Teledyne T640X at 16.67 LPM - Broadband spectroscopy,Miami Fire Station,"1200 NW 20th St, Miami, FL 33142",Florida,Miami-Dade,Miami,"Miami-Fort Lauderdale-West Palm Beach, FL",2024-08-05,pm25
12,86,1016,88101,3,25.794222,-80.215556,NAD83,PM2.5 - Local Conditions,24-HR BLK AVG,PM25 24-hour 2012,2021-05-13,Micrograms/cubic meter (LC),Included,1,100.0,4.6,4.6,0,26.0,238.0,Teledyne T640X at 16.67 LPM - Broadband spectroscopy,Miami Fire Station,"1200 NW 20th St, Miami, FL 33142",Florida,Miami-Dade,Miami,"Miami-Fort Lauderdale-West Palm Beach, FL",2024-08-05,pm25
12,86,1016,88101,3,25.794222,-80.215556,NAD83,PM2.5 - Local Conditions,24-HR BLK AVG,PM25 24-hour 2012,2021-05-14,Micrograms/cubic meter (LC),Included,1,100.0,3.7,3.7,0,21.0,238.0,Teledyne T640X at 16.67 LPM - Broadband spectroscopy,Miami Fire Station,"1200 NW 20th St, Miami, FL 33142",Florida,Miami-Dade,Miami,"Miami-Fort Lauderdale-West Palm Beach, FL",2024-08-05,pm25
12,86,1016,88101,3,25.794222,-80.215556,NAD83,PM2.5 - Local Conditions,24-HR BLK AVG,PM25 24-hour 2012,2021-05-15,Micrograms/cubic meter (LC),Included,1,100.0,2.8,2.8,0,16.0,238.0,Teledyne T640X at 16.67 LPM - Broadband spectroscopy,Miami Fire Station,"1200 NW 20th St, Miami, FL 33142",Florida,Miami-Dade,Miami,"Miami-Fort Lauderdale-West Palm Beach, FL",2024-08-05,pm25
12,86,1016,88101,3,25.794222,-80.215556,NAD83,PM2.5 - Local Conditions,24-HR BLK AVG,PM25 24-hour 2012,2021-05-16,Micrograms/cubic meter (LC),Included,1,100.0,2.4,2.4,0,13.0,238.0,Teledyne T640X at 16.67 LPM - Broadband spectroscopy,Miami Fire Station,"1200 NW 20th St, Miami, FL 33142",Florida,Miami-Dade,Miami,"Miami-Fort Lauderdale-West Palm Beach, FL",2024-08-05,pm25
12,86,1016,88101,3,25.794222,-80.215556,NAD83,PM2.5 - Local Conditions,24-HR BLK AVG,PM25 24-hour 2012,2021-05-17,Micrograms/cubic meter (LC),Included,1,100.0,2.5,2.5,0,14.0,238.0,Teledyne T640X at 16.67 LPM - Broadband spectroscopy,Miami Fire Station,"1200 NW 20th St, Miami, FL 33142",Florida,Miami-Dade,Miami,"Miami-Fort Lauderdale-West Palm Beach, FL",2024-08-05,pm25
12,86,1016,88101,3,25.794222,-80.215556,NAD83,PM2.5 - Local Conditions,24-HR BLK AVG,PM25 24-hour 2012,2021-05-18,Micrograms/cubic meter (LC),Included,1,100.0,2.9,2.9,0,16.0,238.0,Teledyne T640X at 16.67 LPM - Broadband spectroscopy,Miami Fire Station,"1200 NW 20th St, Miami, FL 33142",Florida,Miami-Dade,Miami,"Miami-Fort Lauderdale-West Palm Beach, FL",2024-08-05,pm25
12,86,1016,88101,3,25.794222,-80.215556,NAD83,PM2.5 - Local Conditions,24-HR BLK AVG,PM25 24-hour 2012,2021-05-19,Micrograms/cubic meter (LC),Included,1,100.0,3.6,3.6,0,20.0,238.0,Teledyne T640X at 16.67 LPM - Broadband spectroscopy,Miami Fire Station,"1200 NW 20th St, Miami, FL 33142",Florida,Miami-Dade,Miami,"Miami-Fort Lauderdale-West Palm Beach, FL",2024-08-05,pm25
12,86,1016,88101,3,25.794222,-80.215556,NAD83,PM2.5 - Local Conditions,24-HR BLK AVG,PM25 24-hour 2012,2021-05-20,Micrograms/cubic meter (LC),Included,1,100.0,5.0,5.0,0,28.0,238.0,Teledyne T640X at 16.67 LPM - Broadband spectroscopy,Miami Fire Station,"1200 NW 20th St, Miami, FL 33142",Florida,Miami-Dade,Miami,"Miami-Fort Lauderdale-West Palm Beach, FL",2024-08-05,pm25
12,86,1016,88101,3,25.794222,-80.215556,NAD83,PM2.5 - Local Conditions,24-HR BLK AVG,PM25 24-hour 2012,2021-05-21,Micrograms/cubic meter (LC),Included,1,100.0,4.0,4.0,0,22.0,238.0,Teledyne T640X at 16.67 LPM - Broadband spectroscopy,Miami Fire Station,"1200 NW 20th St, Miami, FL 33142",Florida,Miami-Dade,Miami,"Miami-Fort Lauderdale-West Palm Beach, FL",2024-08-05,pm25
12,86,1016,88101,3,25.794222,-80.215556,NAD83,PM2.5 - Local Conditions,24-HR BLK AVG,PM25 24-hour 2012,2021-05-22,Micrograms/cubic meter (LC),Included,1,100.0,2.7,2.7,0,15.0,238.0,Teledyne T640X at 16.67 LPM - Broadband spectroscopy,Miami Fire Station,"1200 NW 20th St, Miami, FL 33142",Florida,Miami-Dade,Miami,"Miami-Fort Lauderdale-West Palm Beach, FL",2024-08-05,pm25
12,86,1016,88101,3,25.794222,-80.215556,NAD83,PM2.5 - Local Conditions,24-HR BLK AVG,PM25 24-hour 2012,2021-05-23,Micrograms/cubic meter (LC),Included,1,100.0,2.5,2.5,0,14.0,238.0,Teledyne T640X at 16.67 LPM - Broadband spectroscopy,Miami Fire Station,"1200 NW 20th St, Miami, FL 33142",Florida,Miami-Dade,Miami,"Miami-Fort Lauderdale-West Palm Beach, FL",2024-08-05,pm25
12,86,1016,88101,3,25.794222,-80.215556,NAD83,PM2.5 - Local Conditions,24-HR BLK AVG,PM25 24-hour 2012,2021-05-24,Micrograms/cubic meter (LC),Included,1,100.0,3.7,3.7,0,21.0,238.0,Teledyne T640X at 16.67 LPM - Broadband spectroscopy,Miami Fire Station,"1200 NW 20th St, Miami, FL 33142",Florida,Miami-Dade,Miami,"Miami-Fort Lauderdale-West Palm Beach, FL",2024-08-05,pm25
12,86,1016,88101,3,25.794222,-80.215556,NAD83,PM2.5 - Local Conditions,24-HR BLK AVG,PM25 24-hour 2012,2021-05-25,Micrograms/cubic meter (LC),Included,1,100.0,4.4,4.4,0,24.0,238.0,Teledyne T640X at 16.67 LPM - Broadband spectroscopy,Miami Fire Station,"1200 NW 20th St, Miami, FL 33142",Florida,Miami-Dade,Miami,"Miami-Fort Lauderdale-West Palm Beach, FL",2024-08-05,pm25
12,86,1016,88101,3,25.794222,-80.215556,NAD83,PM2.5 - Local Conditions,24-HR BLK AVG,PM25 24-hour 2012,2021-05-26,Micrograms/cubic meter (LC),Included,1,100.0,5.2,5.2,0,29.0,238.0,Teledyne T640X at 16.67 LPM - Broadband spectroscopy,Miami Fire Station,"1200 NW 20th St, Miami, FL 33142",Florida,Miami-Dade,Miami,"Miami-Fort Lauderdale-West Palm Beach, FL",2024-08-05,pm25
12,86,1016,88101,3,25.794222,-80.215556,NAD83,PM2.5 - Local Conditions,24-HR BLK AVG,PM25 24-hour 2012,2021-05-27,Micrograms/cubic meter (LC),Included,1,100.0,5.4,5.4,0,30.0,238.0,Teledyne T640X at 16.67 LPM - Broadband spectroscopy,Miami Fire Station,"1200 NW 20th St, Miami, FL 33142",Florida,Miami-Dade,Miami,"Miami-Fort Lauderdale-West Palm Beach, FL",2024-08-05,pm25
12,86,1016,88101,3,25.794222,-80.215556,NAD83,PM2.5 - Local Conditions,24-HR BLK AVG,PM25 24-hour 2012,2021-05-28,Micrograms/cubic meter (LC),Included,1,100.0,5.3,5.3,0,29.0,238.0,Teledyne T640X at 16.67 LPM - Broadband spectroscopy,Miami Fire Station,"1200 NW 20th St, Miami, FL 33142",Florida,Miami-Dade,Miami,"Miami-Fort Lauderdale-West Palm Beach, FL",2024-08-05,pm25
12,86,1016,88101,3,25.794222,-80.215556,NAD83,PM2.5 - Local Conditions,24-HR BLK AVG,PM25 24-hour 2012,2021-05-29,Micrograms/cubic meter (LC),Included,1,100.0,4.0,4.0,0,22.0,238.0,Teledyne T640X at 16.67 LPM - Broadband spectroscopy,Miami Fire Station,"1200 NW 20th St, Miami, FL 33142",Florida,Miami-Dade,Miami,"Miami-Fort Lauderdale-West Palm Beach, FL",2024-08-05,pm25
12,86,1016,88101,3,25.794222,-80.215556,NAD83,PM2.5 - Local Conditions,24-HR BLK AVG,PM25 24-hour 2012,2021-05-30,Micrograms/cubic meter (LC),Included,1,100.0,3.9,3.9,0,22.0,238.0,Teledyne T640X at 16.67 LPM - Broadband spectroscopy,Miami Fire Station,"1200 NW 20th St, Miami, FL 33142",Florida,Miami-Dade,Miami,"Miami-Fort Lauderdale-West Palm Beach, FL",2024-08-05,pm25
12,86,1016,88101,3,25.794222,-80.215556,NAD83,PM2.5 - Local Conditions,24-HR BLK AVG,PM25 24-hour 2012,2021-05-31,Micrograms/cubic meter (LC),Included,1,100.0,4.7,4.7,0,26.0,238.0,Teledyne T640X at 16.67 LPM - Broadband spectroscopy,Miami Fire Station,"1200 NW 20th St, Miami, FL 33142",Florida,Miami-Dade,Miami,"Miami-Fort Lauderdale-West Palm Beach, FL",2024-08-05,pm25
12,86,1016,88101,3,25.794222,-80.215556,NAD83,PM2.5 - Local Conditions,24-HR BLK AVG,PM25 24-hour 2012,2021-06-01,Micrograms/cubic meter (LC),Included,1,100.0,2.4,2.4,0,13.0,238.0,Teledyne T640X at 16.67 LPM - Broadband spectroscopy,Miami Fire Station,"1200 NW 20th St, Miami, FL 33142",Florida,Miami-Dade,Miami,"Miami-Fort Lauderdale-West Palm Beach, FL",2024-08-05,pm25
12,86,1016,88101,3,25.794222,-80.215556,NAD83,PM2.5 - Local Conditions,24-HR BLK AVG,PM25 24-hour 2012,2021-06-02,Micrograms/cubic meter (LC),Included,1,100.0,2.3,2.3,0,13.0,238.0,Teledyne T640X at 16.67 LPM - Broadband spectroscopy,Miami Fire Station,"1200 NW 20th St, Miami, FL 33142",Florida,Miami-Dade,Miami,"Miami-Fort Lauderdale-West Palm Beach, FL",2024-08-05,pm25
12,86,1016,88101,3,25.794222,-80.215556,NAD83,PM2.5 - Local Conditions,24-HR BLK AVG,PM25 24-hour 2012,2021-06-03,Micrograms/cubic meter (LC),Included,1,100.0,3.3,3.3,0,18.0,238.0,Teledyne T640X at 16.67 LPM - Broadband spectroscopy,Miami Fire Station,"1200 NW 20th St, Miami, FL 33142",Florida,Miami-Dade,Miami,"Miami-Fort Lauderdale-West Palm Beach, FL",2024-08-05,pm25
12,86,1016,88101,3,25.794222,-80.215556,NAD83,PM2.5 - Local Conditions,24-HR BLK AVG,PM25 24-hour 2012,2021-06-04,Micrograms/cubic meter (LC),Included,1,100.0,3.1,3.1,0,17.0,238.0,Teledyne T640X at 16.67 LPM - Broadband spectroscopy,Miami Fire Station,"1200 NW 20th St, Miami, FL 33142",Florida,Miami-Dade,Miami,"Miami-Fort Lauderdale-West Palm Beach, FL",2024-08-05,pm25
12,86,1016,88101,3,25.794222,-80.215556,NAD83,PM2.5 - Local Conditions,24-HR BLK AVG,PM25 24-hour 2012,2021-06-05,Micrograms/cubic meter (LC),Included,1,100.0,3.1,3.1,0,17.0,238.0,Teledyne T640X at 16.67 LPM - Broadband spectroscopy,Miami Fire Station,"1200 NW 20th St, Miami, FL 33142",Florida,Miami-Dade,Miami,"Miami-Fort Lauderdale-West Palm Beach, FL",2024-08-05,pm25
12,86,1016,88101,3,25.794222,-80.215556,NAD83,PM2.5 - Local Conditions,24-HR BLK AVG,PM25 24-hour 2012,2021-06-06,Micrograms/cubic meter (LC),Included,1,100.0,3.6,3.6,0,20.0,238.0,Teledyne T640X at 16.67 LPM - Broadband spectroscopy,Miami Fire Station,"1200 NW 20th St, Miami, FL 33142",Florida,Miami-Dade,Miami,"Miami-Fort Lauderdale-West Palm Beach, FL",2024-08-05,pm25
12,86,1016,88101,3,25.794222,-80.215556,NAD83,PM2.5 - Local Conditions,24-HR BLK AVG,PM25 24-hour 2012,2021-06-07,Micrograms/cubic meter (LC),Included,1,100.0,3.8,3.8,0,21.0,238.0,Teledyne T640X at 16.67 LPM - Broadband spectroscopy,Miami Fire Station,"1200 NW 20th St, Miami, FL 33142",Florida,Miami-Dade,Miami,"Miami-Fort Lauderdale-West Palm Beach, FL",2024-08-05,pm25
12,86,1016,88101,3,25.794222,-80.215556,NAD83,PM2.5 - Local Conditions,24-HR BLK AVG,PM25 24-hour 2012,2021-06-08,Micrograms/cubic meter (LC),Included,1,100.0,3.2,3.2,0,18.0,238.0,Teledyne T640X at 16.67 LPM - Broadband spectroscopy,Miami Fire Station,"1200 NW 20th St, Miami, FL 33142",Florida,Miami-Dade,Miami,"Miami-Fort Lauderdale-West Palm Beach, FL",2024-08-05,pm25
12,86,1016,88101,3,25.794222,-80.215556,NAD83,PM2.5 - Local Conditions,24-HR BLK AVG,PM25 24-hour 2012,2021-06-09,Micrograms/cubic meter (LC),Included,1,100.0,2.8,2.8,0,16.0,238.0,Teledyne T640X at 16.67 LPM - Broadband spectroscopy,Miami Fire Station,"1200 NW 20th St, Miami, FL 33142",Florida,Miami-Dade,Miami,"Miami-Fort Lauderdale-West Palm Beach, FL",2024-08-05,pm25
12,86,1016,88101,3,25.794222,-80.215556,NAD83,PM2.5 - Local Conditions,24-HR BLK AVG,PM25 24-hour 2012,2021-06-10,Micrograms/cubic meter (LC),Included,1,100.0,3.0,3.0,0,17.0,238.0,Teledyne T640X at 16.67 LPM - Broadband spectroscopy,Miami Fire Station,"1200 NW 20th St, Miami, FL 33142",Florida,Miami-Dade,Miami,"Miami-Fort Lauderdale-West Palm Beach, FL",2024-08-05,pm25
12,86,1016,88101,3,25.794222,-80.215556,NAD83,PM2.5 - Local Conditions,24-HR BLK AVG,PM25 24-hour 2012,2021-06-11,Micrograms/cubic meter (LC),Included,1,100.0,2.9,2.9,0,16.0,238.0,Teledyne T640X at 16.67 LPM - Broadband spectroscopy,Miami Fire Station,"1200 NW 20th St, Miami, FL 33142",Florida,Miami-Dade,Miami,"Miami-Fort Lauderdale-West Palm Beach, FL",2024-08-05,pm25
12,86,1016,88101,3,25.794222,-80.215556,NAD83,PM2.5 - Local Conditions,24-HR BLK AVG,PM25 24-hour 2012,2021-06-12,Micrograms/cubic meter (LC),Included,1,100.0,3.4,3.4,0,19.0,238.0,Teledyne T640X at 16.67 LPM - Broadband spectroscopy,Miami Fire Station,"1200 NW 20th St, Miami, FL 33142",Florida,Miami-Dade,Miami,"Miami-Fort Lauderdale-West Palm Beach, FL",2024-08-05,pm25
12,86,1016,88101,3,25.794222,-80.215556,NAD83,PM2.5 - Local Conditions,24-HR BLK AVG,PM25 24-hour 2012,2021-06-13,Micrograms/cubic meter (LC),Included,1,100.0,3.9,3.9,0,22.0,238.0,Teledyne T640X at 16.67 LPM - Broadband spectroscopy,Miami Fire Station,"1200 NW 20th St, Miami, FL 33142",Florida,Miami-Dade,Miami,"Miami-Fort Lauderdale-West Palm Beach, FL",2024-08-05,pm25
12,86,1016,88101,3,25.794222,-80.215556,NAD83,PM2.5 - Local Conditions,24-HR BLK AVG,PM25 24-hour 2012,2021-06-14,Micrograms/cubic meter (LC),Included,1,100.0,5.7,5.7,0,32.0,238.0,Teledyne T640X at 16.67 LPM - Broadband spectroscopy,Miami Fire Station,"1200 NW 20th St, Miami, FL 33142",Florida,Miami-Dade,Miami,"Miami-Fort Lauderdale-West Palm Beach, FL",2024-08-05,pm25
12,86,1016,88101,3,25.794222,-80.215556,NAD83,PM2.5 - Local Conditions,24-HR BLK AVG,PM25 24-hour 2012,2021-06-15,Micrograms/cubic meter (LC),Included,1,100.0,7.2,7.2,0,40.0,238.0,Teledyne T640X at 16.67 LPM - Broadband spectroscopy,Miami Fire Station,"1200 NW 20th St, Miami, FL 33142",Florida,Miami-Dade,Miami,"Miami-Fort Lauderdale-West Palm Beach, FL",2024-08-05,pm25
12,86,1016,88101,3,25.794222,-80.215556,NAD83,PM2.5 - Local Conditions,24-HR BLK AVG,PM25 24-hour 2012,2021-06-16,Micrograms/cubic meter (LC),Included,1,100.0,7.1,7.1,0,39.0,238.0,Teledyne T640X at 16.67 LPM - Broadband spectroscopy,Miami Fire Station,"1200 NW 20th St, Miami, FL 33142",Florida,Miami-Dade,Miami,"Miami-Fort Lauderdale-West Palm Beach, FL",2024-08-05,pm25
12,86,1016,88101,3,25.794222,-80.215556,NAD83,PM2.5 - Local Conditions,24-HR BLK AVG,PM25 24-hour 2012,2021-06-17,Micrograms/cubic meter (LC),Included,1,100.0,5.3,5.3,0,29.0,238.0,Teledyne T640X at 16.67 LPM - Broadband spectroscopy,Miami Fire Station,"1200 NW 20th St, Miami, FL 33142",Florida,Miami-Dade,Miami,"Miami-Fort Lauderdale-West Palm Beach, FL",2024-08-05,pm25
12,86,1016,88101,3,25.794222,-80.215556,NAD83,PM2.5 - Local Conditions,24-HR BLK AVG,PM25 24-hour 2012,2021-06-18,Micrograms/cubic meter (LC),Included,1,100.0,9.4,9.4,0,52.0,238.0,Teledyne T640X at 16.67 LPM - Broadband spectroscopy,Miami Fire Station,"1200 NW 20th St, Miami, FL 33142",Florida,Miami-Dade,Miami,"Miami-Fort Lauderdale-West Palm Beach, FL",2024-08-05,pm25
12,86,1016,88101,3,25.794222,-80.215556,NAD83,PM2.5 - Local Conditions,24-HR BLK AVG,PM25 24-hour 2012,2021-06-19,Micrograms/cubic meter (LC),Included,1,100.0,6.5,6.5,0,36.0,238.0,Teledyne T640X at 16.67 LPM - Broadband spectroscopy,Miami Fire Station,"1200 NW 20th St, Miami, FL 33142",Florida,Miami-Dade,Miami,"Miami-Fort Lauderdale-West Palm Beach, FL",2024-08-05,pm25
12,86,1016,88101,3,25.794222,-80.215556,NAD83,PM2.5 - Local Conditions,24-HR BLK AVG,PM25 24-hour 2012,2021-06-20,Micrograms/cubic meter (LC),Included,1,100.0,4.8,4.8,0,27.0,238.0,Teledyne T640X at 16.67 LPM - Broadband spectroscopy,Miami Fire Station,"1200 NW 20th St, Miami, FL 33142",Florida,Miami-Dade,Miami,"Miami-Fort Lauderdale-West Palm Beach, FL",2024-08-05,pm25
12,86,1016,88101,3,25.794222,-80.215556,NAD83,PM2.5 - Local Conditions,24-HR BLK AVG,PM25 24-hour 2012,2021-06-21,Micrograms/cubic meter (LC),Included,1,100.0,6.3,6.3,0,35.0,238.0,Teledyne T640X at 16.67 LPM - Broadband spectroscopy,Miami Fire Station,"1200 NW 20th St, Miami, FL 33142",Florida,Miami-Dade,Miami,"Miami-Fort Lauderdale-West Palm Beach, FL",2024-08-05,pm25
12,86,1016,88101,3,25.794222,-80.215556,NAD83,PM2.5 - Local Conditions,24-HR BLK AVG,PM25 24-hour 2012,2021-06-22,Micrograms/cubic meter (LC),Included,1,100.0,4.4,4.4,0,24.0,238.0,Teledyne T640X at 16.67 LPM - Broadband spectroscopy,Miami Fire Station,"1200 NW 20th St, Miami, FL 33142",Florida,Miami-Dade,Miami,"Miami-Fort Lauderdale-West Palm Beach, FL",2024-08-05,pm25
12,86,1016,88101,3,25.794222,-80.215556,NAD83,PM2.5 - Local Conditions,24-HR BLK AVG,PM25 24-hour 2012,2021-06-23,Micrograms/cubic meter (LC),Included,1,100.0,3.9,3.9,0,22.0,238.0,Teledyne T640X at 16.67 LPM - Broadband spectroscopy,Miami Fire Station,"1200 NW 20th St, Miami, FL 33142",Florida,Miami-Dade,Miami,"Miami-Fort Lauderdale-West Palm Beach, FL",2024-08-05,pm25
12,86,1016,88101,3,25.794222,-80.215556,NAD83,PM2.5 - Local Conditions,24-HR BLK AVG,PM25 24-hour 2012,2021-06-24,Micrograms/cubic meter (LC),Included,1,100.0,4.1,4.1,0,23.0,238.0,Teledyne T640X at 16.67 LPM - Broadband spectroscopy,Miami Fire Station,"1200 NW 20th St, Miami, FL 33142",Florida,Miami-Dade,Miami,"Miami-Fort Lauderdale-West Palm Beach, FL",2024-08-05,pm25
12,86,1016,88101,3,25.794222,-80.215556,NAD83,PM2.5 - Local Conditions,24-HR BLK AVG,PM25 24-hour 2012,2021-06-25,Micrograms/cubic meter (LC),Included,1,100.0,4.3,4.3,0,24.0,238.0,Teledyne T640X at 16.67 LPM - Broadband spectroscopy,Miami Fire Station,"1200 NW 20th St, Miami, FL 33142",Florida,Miami-Dade,Miami,"Miami-Fort Lauderdale-West Palm Beach, FL",2024-08-05,pm25
12,86,1016,88101,3,25.794222,-80.215556,NAD83,PM2.5 - Local Conditions,24-HR BLK AVG,PM25 24-hour 2012,2021-06-26,Micrograms/cubic meter (LC),Included,1,100.0,3.7,3.7,0,21.0,238.0,Teledyne T640X at 16.67 LPM - Broadband spectroscopy,Miami Fire Station,"1200 NW 20th St, Miami, FL 33142",Florida,Miami-Dade,Miami,"Miami-Fort Lauderdale-West Palm Beach, FL",2024-08-05,pm25
12,86,1016,88101,3,25.794222,-80.215556,NAD83,PM2.5 - Local Conditions,24-HR BLK AVG,PM25 24-hour 2012,2021-06-27,Micrograms/cubic meter (LC),Included,1,100.0,2.9,2.9,0,16.0,238.0,Teledyne T640X at 16.67 LPM - Broadband spectroscopy,Miami Fire Station,"1200 NW 20th St, Miami, FL 33142",Florida,Miami-Dade,Miami,"Miami-Fort Lauderdale-West Palm Beach, FL",2024-08-05,pm25
12,86,1016,88101,3,25.794222,-80.215556,NAD83,PM2.5 - Local Conditions,24-HR BLK AVG,PM25 24-hour 2012,2021-06-28,Micrograms/cubic meter (LC),Included,1,100.0,3.1,3.1,0,17.0,238.0,Teledyne T640X at 16.67 LPM - Broadband spectroscopy,Miami Fire Station,"1200 NW 20th St, Miami, FL 33142",Florida,Miami-Dade,Miami,"Miami-Fort Lauderdale-West Palm Beach, FL",2024-08-05,pm25
12,86,1016,88101,3,25.794222,-80.215556,NAD83,PM2.5 - Local Conditions,24-HR BLK AVG,PM25 24-hour 2012,2021-06-29,Micrograms/cubic meter (LC),Included,1,100.0,3.0,3.0,0,17.0,238.0,Teledyne T640X at 16.67 LPM - Broadband spectroscopy,Miami Fire Station,"1200 NW 20th St, Miami, FL 33142",Florida,Miami-Dade,Miami,"Miami-Fort Lauderdale-West Palm Beach, FL",2024-08-05,pm25
12,86,1016,88101,3,25.794222,-80.215556,NAD83,PM2.5 - Local Conditions,24-HR BLK AVG,PM25 24-hour 2012,2021-06-30,Micrograms/cubic meter (LC),Included,1,100.0,3.1,3.1,0,17.0,238.0,Teledyne T640X at 16.67 LPM - Broadband spectroscopy,Miami Fire Station,"1200 NW 20th St, Miami, FL 33142",Florida,Miami-Dade,Miami,"Miami-Fort Lauderdale-West Palm Beach, FL",2024-08-05,pm25
12,86,1016,88101,3,25.794222,-80.215556,NAD83,PM2.5 - Local Conditions,24-HR BLK AVG,PM25 24-hour 2012,2021-07-01,Micrograms/cubic meter (LC),Included,1,100.0,2.8,2.8,0,16.0,238.0,Teledyne T640X at 16.67 LPM - Broadband spectroscopy,Miami Fire Station,"1200 NW 20th St, Miami, FL 33142",Florida,Miami-Dade,Miami,"Miami-Fort Lauderdale-West Palm Beach, FL",2024-08-05,pm25
12,86,1016,88101,3,25.794222,-80.215556,NAD83,PM2.5 - Local Conditions,24-HR BLK AVG,PM25 24-hour 2012,2021-07-02,Micrograms/cubic meter (LC),Included,1,100.0,3.0,3.0,0,17.0,238.0,Teledyne T640X at 16.67 LPM - Broadband spectroscopy,Miami Fire Station,"1200 NW 20th St, Miami, FL 33142",Florida,Miami-Dade,Miami,"Miami-Fort Lauderdale-West Palm Beach, FL",2024-08-05,pm25
12,86,1016,88101,3,25.794222,-80.215556,NAD83,PM2.5 - Local Conditions,24-HR BLK AVG,PM25 24-hour 2012,2021-07-03,Micrograms/cubic meter (LC),Included,1,100.0,4.1,4.1,0,23.0,238.0,Teledyne T640X at 16.67 LPM - Broadband spectroscopy,Miami Fire Station,"1200 NW 20th St, Miami, FL 33142",Florida,Miami-Dade,Miami,"Miami-Fort Lauderdale-West Palm Beach, FL",2024-08-05,pm25
12,86,1016,88101,3,25.794222,-80.215556,NAD83,PM2.5 - Local Conditions,24-HR BLK AVG,PM25 24-hour 2012,2021-07-04,Micrograms/cubic meter (LC),Included,1,100.0,7.3,7.3,0,41.0,238.0,Teledyne T640X at 16.67 LPM - Broadband spectroscopy,Miami Fire Station,"1200 NW 20th St, Miami, FL 33142",Florida,Miami-Dade,Miami,"Miami-Fort Lauderdale-West Palm Beach, FL",2024-08-05,pm25
12,86,1016,88101,3,25.794222,-80.215556,NAD83,PM2.5 - Local Conditions,24-HR BLK AVG,PM25 24-hour 2012,2021-07-05,Micrograms/cubic meter (LC),Included,1,100.0,3.1,3.1,0,17.0,238.0,Teledyne T640X at 16.67 LPM - Broadband spectroscopy,Miami Fire Station,"1200 NW 20th St, Miami, FL 33142",Florida,Miami-Dade,Miami,"Miami-Fort Lauderdale-West Palm Beach, FL",2024-08-05,pm25
12,86,1016,88101,3,25.794222,-80.215556,NAD83,PM2.5 - Local Conditions,24-HR BLK AVG,PM25 24-hour 2012,2021-07-06,Micrograms/cubic meter (LC),Included,1,100.0,5.5,5.5,0,31.0,238.0,Teledyne T640X at 16.67 LPM - Broadband spectroscopy,Miami Fire Station,"1200 NW 20th St, Miami, FL 33142",Florida,Miami-Dade,Miami,"Miami-Fort Lauderdale-West Palm Beach, FL",2024-08-05,pm25
12,86,1016,88101,3,25.794222,-80.215556,NAD83,PM2.5 - Local Conditions,24-HR BLK AVG,PM25 24-hour 2012,2021-07-07,Micrograms/cubic meter (LC),Included,1,100.0,4.0,4.0,0,22.0,238.0,Teledyne T640X at 16.67 LPM - Broadband spectroscopy,Miami Fire Station,"1200 NW 20th St, Miami, FL 33142",Florida,Miami-Dade,Miami,"Miami-Fort Lauderdale-West Palm Beach, FL",2024-08-05,pm25
12,86,1016,88101,3,25.794222,-80.215556,NAD83,PM2.5 - Local Conditions,24-HR BLK AVG,PM25 24-hour 2012,2021-07-08,Micrograms/cubic meter (LC),Included,1,100.0,4.3,4.3,0,24.0,238.0,Teledyne T640X at 16.67 LPM - Broadband spectroscopy,Miami Fire Station,"1200 NW 20th St, Miami, FL 33142",Florida,Miami-Dade,Miami,"Miami-Fort Lauderdale-West Palm Beach, FL",2024-08-05,pm25
12,86,1016,88101,3,25.794222,-80.215556,NAD83,PM2.5 - Local Conditions,24-HR BLK AVG,PM25 24-hour 2012,2021-07-09,Micrograms/cubic meter (LC),Included,1,100.0,5.3,5.3,0,29.0,238.0,Teledyne T640X at 16.67 LPM - Broadband spectroscopy,Miami Fire Station,"1200 NW 20th St, Miami, FL 33142",Florida,Miami-Dade,Miami,"Miami-Fort Lauderdale-West Palm Beach, FL",2024-08-05,pm25
12,86,1016,88101,3,25.794222,-80.215556,NAD83,PM2.5 - Local Conditions,24-HR BLK AVG,PM25 24-hour 2012,2021-07-10,Micrograms/cubic meter (LC),Included,1,100.0,6.7,6.7,0,37.0,238.0,Teledyne T640X at 16.67 LPM - Broadband spectroscopy,Miami Fire Station,"1200 NW 20th St, Miami, FL 33142",Florida,Miami-Dade,Miami,"Miami-Fort Lauderdale-West Palm Beach, FL",2024-08-05,pm25
12,86,1016,88101,3,25.794222,-80.215556,NAD83,PM2.5 - Local Conditions,24-HR BLK AVG,PM25 24-hour 2012,2021-07-11,Micrograms/cubic meter (LC),Included,1,100.0,4.2,4.2,0,23.0,238.0,Teledyne T640X at 16.67 LPM - Broadband spectroscopy,Miami Fire Station,"1200 NW 20th St, Miami, FL 33142",Florida,Miami-Dade,Miami,"Miami-Fort Lauderdale-West Palm Beach, FL",2024-08-05,pm25
12,86,1016,88101,3,25.794222,-80.215556,NAD83,PM2.5 - Local Conditions,24-HR BLK AVG,PM25 24-hour 2012,2021-07-12,Micrograms/cubic meter (LC),Included,1,100.0,4.1,4.1,0,23.0,238.0,Teledyne T640X at 16.67 LPM - Broadband spectroscopy,Miami Fire Station,"1200 NW 20th St, Miami, FL 33142",Florida,Miami-Dade,Miami,"Miami-Fort Lauderdale-West Palm Beach, FL",2024-08-05,pm25
12,86,1016,88101,3,25.794222,-80.215556,NAD83,PM2.5 - Local Conditions,24-HR BLK AVG,PM25 24-hour 2012,2021-07-13,Micrograms/cubic meter (LC),Included,1,100.0,4.8,4.8,0,27.0,238.0,Teledyne T640X at 16.67 LPM - Broadband spectroscopy,Miami Fire Station,"1200 NW 20th St, Miami, FL 33142",Florida,Miami-Dade,Miami,"Miami-Fort Lauderdale-West Palm Beach, FL",2024-08-05,pm25
12,86,1016,88101,3,25.794222,-80.215556,NAD83,PM2.5 - Local Conditions,24-HR BLK AVG,PM25 24-hour 2012,2021-07-14,Micrograms/cubic meter (LC),Included,1,100.0,4.5,4.5,0,25.0,238.0,Teledyne T640X at 16.67 LPM - Broadband spectroscopy,Miami Fire Station,"1200 NW 20th St, Miami, FL 33142",Florida,Miami-Dade,Miami,"Miami-Fort Lauderdale-West Palm Beach, FL",2024-08-05,pm25
12,86,1016,88101,3,25.794222,-80.215556,NAD83,PM2.5 - Local Conditions,24-HR BLK AVG,PM25 24-hour 2012,2021-07-15,Micrograms/cubic meter (LC),Included,1,100.0,3.8,3.8,0,21.0,238.0,Teledyne T640X at 16.67 LPM - Broadband spectroscopy,Miami Fire Station,"1200 NW 20th St, Miami, FL 33142",Florida,Miami-Dade,Miami,"Miami-Fort Lauderdale-West Palm Beach, FL",2024-08-05,pm25
12,86,1016,88101,3,25.794222,-80.215556,NAD83,PM2.5 - Local Conditions,24-HR BLK AVG,PM25 24-hour 2012,2021-07-16,Micrograms/cubic meter (LC),Included,1,100.0,3.0,3.0,0,17.0,238.0,Teledyne T640X at 16.67 LPM - Broadband spectroscopy,Miami Fire Station,"1200 NW 20th St, Miami, FL 33142",Florida,Miami-Dade,Miami,"Miami-Fort Lauderdale-West Palm Beach, FL",2024-08-05,pm25
12,86,1016,88101,3,25.794222,-80.215556,NAD83,PM2.5 - Local Conditions,24-HR BLK AVG,PM25 24-hour 2012,2021-07-17,Micrograms/cubic meter (LC),Included,1,100.0,3.0,3.0,0,17.0,238.0,Teledyne T640X at 16.67 LPM - Broadband spectroscopy,Miami Fire Station,"1200 NW 20th St, Miami, FL 33142",Florida,Miami-Dade,Miami,"Miami-Fort Lauderdale-West Palm Beach, FL",2024-08-05,pm25
12,86,1016,88101,3,25.794222,-80.215556,NAD83,PM2.5 - Local Conditions,24-HR BLK AVG,PM25 24-hour 2012,2021-07-18,Micrograms/cubic meter (LC),Included,1,100.0,3.0,3.0,0,17.0,238.0,Teledyne T640X at 16.67 LPM - Broadband spectroscopy,Miami Fire Station,"1200 NW 20th St, Miami, FL 33142",Florida,Miami-Dade,Miami,"Miami-Fort Lauderdale-West Palm Beach, FL",2024-08-05,pm25
12,86,1016,88101,3,25.794222,-80.215556,NAD83,PM2.5 - Local Conditions,24-HR BLK AVG,PM25 24-hour 2012,2021-07-19,Micrograms/cubic meter (LC),Included,1,100.0,3.1,3.1,0,17.0,238.0,Teledyne T640X at 16.67 LPM - Broadband spectroscopy,Miami Fire Station,"1200 NW 20th St, Miami, FL 33142",Florida,Miami-Dade,Miami,"Miami-Fort Lauderdale-West Palm Beach, FL",2024-08-05,pm25
12,86,1016,88101,3,25.794222,-80.215556,NAD83,PM2.5 - Local Conditions,24-HR BLK AVG,PM25 24-hour 2012,2021-07-20,Micrograms/cubic meter (LC),Included,1,100.0,4.2,4.2,0,23.0,238.0,Teledyne T640X at 16.67 LPM - Broadband spectroscopy,Miami Fire Station,"1200 NW 20th St, Miami, FL 33142",Florida,Miami-Dade,Miami,"Miami-Fort Lauderdale-West Palm Beach, FL",2024-08-05,pm25
12,86,1016,88101,3,25.794222,-80.215556,NAD83,PM2.5 - Local Conditions,24-HR BLK AVG,PM25 24-hour 2012,2021-07-21,Micrograms/cubic meter (LC),Included,1,100.0,3.9,3.9,0,22.0,238.0,Teledyne T640X at 16.67 LPM - Broadband spectroscopy,Miami Fire Station,"1200 NW 20th St, Miami, FL 33142",Florida,Miami-Dade,Miami,"Miami-Fort Lauderdale-West Palm Beach, FL",2024-08-05,pm25
12,86,1016,88101,3,25.794222,-80.215556,NAD83,PM2.5 - Local Conditions,24-HR BLK AVG,PM25 24-hour 2012,2021-07-22,Micrograms/cubic meter (LC),Included,1,100.0,5.1,5.1,0,28.0,238.0,Teledyne T640X at 16.67 LPM - Broadband spectroscopy,Miami Fire Station,"1200 NW 20th St, Miami, FL 33142",Florida,Miami-Dade,Miami,"Miami-Fort Lauderdale-West Palm Beach, FL",2024-08-05,pm25
12,86,1016,88101,3,25.794222,-80.215556,NAD83,PM2.5 - Local Conditions,24-HR BLK AVG,PM25 24-hour 2012,2021-07-23,Micrograms/cubic meter (LC),Included,1,100.0,8.0,8.0,0,44.0,238.0,Teledyne T640X at 16.67 LPM - Broadband spectroscopy,Miami Fire Station,"1200 NW 20th St, Miami, FL 33142",Florida,Miami-Dade,Miami,"Miami-Fort Lauderdale-West Palm Beach, FL",2024-08-05,pm25
12,86,1016,88101,3,25.794222,-80.215556,NAD83,PM2.5 - Local Conditions,24-HR BLK AVG,PM25 24-hour 2012,2021-07-24,Micrograms/cubic meter (LC),Included,1,100.0,3.6,3.6,0,20.0,238.0,Teledyne T640X at 16.67 LPM - Broadband spectroscopy,Miami Fire Station,"1200 NW 20th St, Miami, FL 33142",Florida,Miami-Dade,Miami,"Miami-Fort Lauderdale-West Palm Beach, FL",2024-08-05,pm25
12,86,1016,88101,3,25.794222,-80.215556,NAD83,PM2.5 - Local Conditions,24-HR BLK AVG,PM25 24-hour 2012,2021-07-25,Micrograms/cubic meter (LC),Included,1,100.0,3.8,3.8,0,21.0,238.0,Teledyne T640X at 16.67 LPM - Broadband spectroscopy,Miami Fire Station,"1200 NW 20th St, Miami, FL 33142",Florida,Miami-Dade,Miami,"Miami-Fort Lauderdale-West Palm Beach, FL",2024-08-05,pm25
12,86,1016,88101,3,25.794222,-80.215556,NAD83,PM2.5 - Local Conditions,24-HR BLK AVG,PM25 24-hour 2012,2021-07-26,Micrograms/cubic meter (LC),Included,1,100.0,3.5,3.5,0,19.0,238.0,Teledyne T640X at 16.67 LPM - Broadband spectroscopy,Miami Fire Station,"1200 NW 20th St, Miami, FL 33142",Florida,Miami-Dade,Miami,"Miami-Fort Lauderdale-West Palm Beach, FL",2024-08-05,pm25
12,86,1016,88101,3,25.794222,-80.215556,NAD83,PM2.5 - Local Conditions,24-HR BLK AVG,PM25 24-hour 2012,2021-07-27,Micrograms/cubic meter (LC),Included,1,100.0,6.2,6.2,0,34.0,238.0,Teledyne T640X at 16.67 LPM - Broadband spectroscopy,Miami Fire Station,"1200 NW 20th St, Miami, FL 33142",Florida,Miami-Dade,Miami,"Miami-Fort Lauderdale-West Palm Beach, FL",2024-08-05,pm25
12,86,1016,88101,3,25.794222,-80.215556,NAD83,PM2.5 - Local Conditions,24-HR BLK AVG,PM25 24-hour 2012,2021-07-28,Micrograms/cubic meter (LC),Included,1,100.0,6.1,6.1,0,34.0,238.0,Teledyne T640X at 16.67 LPM - Broadband spectroscopy,Miami Fire Station,"1200 NW 20th St, Miami, FL 33142",Florida,Miami-Dade,Miami,"Miami-Fort Lauderdale-West Palm Beach, FL",2024-08-05,pm25
12,86,1016,88101,3,25.794222,-80.215556,NAD83,PM2.5 - Local Conditions,24-HR BLK AVG,PM25 24-hour 2012,2021-07-29,Micrograms/cubic meter (LC),Included,1,100.0,5.0,5.0,0,28.0,238.0,Teledyne T640X at 16.67 LPM - Broadband spectroscopy,Miami Fire Station,"1200 NW 20th St, Miami, FL 33142",Florida,Miami-Dade,Miami,"Miami-Fort Lauderdale-West Palm Beach, FL",2024-08-05,pm25
12,86,1016,88101,3,25.794222,-80.215556,NAD83,PM2.5 - Local Conditions,24-HR BLK AVG,PM25 24-hour 2012,2021-07-30,Micrograms/cubic meter (LC),Included,1,100.0,4.0,4.0,0,22.0,238.0,Teledyne T640X at 16.67 LPM - Broadband spectroscopy,Miami Fire Station,"1200 NW 20th St, Miami, FL 33142",Florida,Miami-Dade,Miami,"Miami-Fort Lauderdale-West Palm Beach, FL",2024-08-05,pm25
12,86,1016,88101,3,25.794222,-80.215556,NAD83,PM2.5 - Local Conditions,24-HR BLK AVG,PM25 24-hour 2012,2021-07-31,Micrograms/cubic meter (LC),Included,1,100.0,3.4,3.4,0,19.0,238.0,Teledyne T640X at 16.67 LPM - Broadband spectroscopy,Miami Fire Station,"1200 NW 20th St, Miami, FL 33142",Florida,Miami-Dade,Miami,"Miami-Fort Lauderdale-West Palm Beach, FL",2024-08-05,pm25
12,86,1016,88101,3,25.794222,-80.215556,NAD83,PM2.5 - Local Conditions,24-HR BLK AVG,PM25 24-hour 2012,2021-08-01,Micrograms/cubic meter (LC),Included,1,100.0,3.4,3.4,0,19.0,238.0,Teledyne T640X at 16.67 LPM - Broadband spectroscopy,Miami Fire Station,"1200 NW 20th St, Miami, FL 33142",Florida,Miami-Dade,Miami,"Miami-Fort Lauderdale-West Palm Beach, FL",2024-08-05,pm25
12,86,1016,88101,3,25.794222,-80.215556,NAD83,PM2.5 - Local Conditions,24-HR BLK AVG,PM25 24-hour 2012,2021-08-02,Micrograms/cubic meter (LC),Included,1,100.0,4.0,4.0,0,22.0,238.0,Teledyne T640X at 16.67 LPM - Broadband spectroscopy,Miami Fire Station,"1200 NW 20th St, Miami, FL 33142",Florida,Miami-Dade,Miami,"Miami-Fort Lauderdale-West Palm Beach, FL",2024-08-05,pm25
12,86,1016,88101,3,25.794222,-80.215556,NAD83,PM2.5 - Local Conditions,24-HR BLK AVG,PM25 24-hour 2012,2021-08-03,Micrograms/cubic meter (LC),Included,1,100.0,4.8,4.8,0,27.0,238.0,Teledyne T640X at 16.67 LPM - Broadband spectroscopy,Miami Fire Station,"1200 NW 20th St, Miami, FL 33142",Florida,Miami-Dade,Miami,"Miami-Fort Lauderdale-West Palm Beach, FL",2024-08-05,pm25
12,86,1016,88101,3,25.794222,-80.215556,NAD83,PM2.5 - Local Conditions,24-HR BLK AVG,PM25 24-hour 2012,2021-08-04,Micrograms/cubic meter (LC),Included,1,100.0,4.0,4.0,0,22.0,238.0,Teledyne T640X at 16.67 LPM - Broadband spectroscopy,Miami Fire Station,"1200 NW 20th St, Miami, FL 33142",Florida,Miami-Dade,Miami,"Miami-Fort Lauderdale-West Palm Beach, FL",2024-08-05,pm25
12,86,1016,88101,3,25.794222,-80.215556,NAD83,PM2.5 - Local Conditions,24-HR BLK AVG,PM25 24-hour 2012,2021-08-05,Micrograms/cubic meter (LC),Included,1,100.0,3.0,3.0,0,17.0,238.0,Teledyne T640X at 16.67 LPM - Broadband spectroscopy,Miami Fire Station,"1200 NW 20th St, Miami, FL 33142",Florida,Miami-Dade,Miami,"Miami-Fort Lauderdale-West Palm Beach, FL",2024-08-05,pm25
12,86,1016,88101,3,25.794222,-80.215556,NAD83,PM2.5 - Local Conditions,24-HR BLK AVG,PM25 24-hour 2012,2021-08-06,Micrograms/cubic meter (LC),Included,1,100.0,3.0,3.0,0,17.0,238.0,Teledyne T640X at 16.67 LPM - Broadband spectroscopy,Miami Fire Station,"1200 NW 20th St, Miami, FL 33142",Florida,Miami-Dade,Miami,"Miami-Fort Lauderdale-West Palm Beach, FL",2024-08-05,pm25
12,86,1016,88101,3,25.794222,-80.215556,NAD83,PM2.5 - Local Conditions,24-HR BLK AVG,PM25 24-hour 2012,2021-08-07,Micrograms/cubic meter (LC),Included,1,100.0,3.1,3.1,0,17.0,238.0,Teledyne T640X at 16.67 LPM - Broadband spectroscopy,Miami Fire Station,"1200 NW 20th St, Miami, FL 33142",Florida,Miami-Dade,Miami,"Miami-Fort Lauderdale-West Palm Beach, FL",2024-08-05,pm25
12,86,1016,88101,3,25.794222,-80.215556,NAD83,PM2.5 - Local Conditions,24-HR BLK AVG,PM25 24-hour 2012,2021-08-08,Micrograms/cubic meter (LC),Included,1,100.0,2.6,2.6,0,14.0,238.0,Teledyne T640X at 16.67 LPM - Broadband spectroscopy,Miami Fire Station,"1200 NW 20th St, Miami, FL 33142",Florida,Miami-Dade,Miami,"Miami-Fort Lauderdale-West Palm Beach, FL",2024-08-05,pm25
12,86,1016,88101,3,25.794222,-80.215556,NAD83,PM2.5 - Local Conditions,24-HR BLK AVG,PM25 24-hour 2012,2021-08-09,Micrograms/cubic meter (LC),Included,1,100.0,2.2,2.2,0,12.0,238.0,Teledyne T640X at 16.67 LPM - Broadband spectroscopy,Miami Fire Station,"1200 NW 20th St, Miami, FL 33142",Florida,Miami-Dade,Miami,"Miami-Fort Lauderdale-West Palm Beach, FL",2024-08-05,pm25
12,86,1016,88101,3,25.794222,-80.215556,NAD83,PM2.5 - Local Conditions,24-HR BLK AVG,PM25 24-hour 2012,2021-08-10,Micrograms/cubic meter (LC),Included,1,100.0,2.9,2.9,0,16.0,238.0,Teledyne T640X at 16.67 LPM - Broadband spectroscopy,Miami Fire Station,"1200 NW 20th St, Miami, FL 33142",Florida,Miami-Dade,Miami,"Miami-Fort Lauderdale-West Palm Beach, FL",2024-08-05,pm25
12,86,1016,88101,3,25.794222,-80.215556,NAD83,PM2.5 - Local Conditions,24-HR BLK AVG,PM25 24-hour 2012,2021-08-11,Micrograms/cubic meter (LC),Included,1,100.0,3.1,3.1,0,17.0,238.0,Teledyne T640X at 16.67 LPM - Broadband spectroscopy,Miami Fire Station,"1200 NW 20th St, Miami, FL 33142",Florida,Miami-Dade,Miami,"Miami-Fort Lauderdale-West Palm Beach, FL",2024-08-05,pm25
12,86,1016,88101,3,25.794222,-80.215556,NAD83,PM2.5 - Local Conditions,24-HR BLK AVG,PM25 24-hour 2012,2021-08-12,Micrograms/cubic meter (LC),Included,1,100.0,3.5,3.5,0,19.0,238.0,Teledyne T640X at 16.67 LPM - Broadband spectroscopy,Miami Fire Station,"1200 NW 20th St, Miami, FL 33142",Florida,Miami-Dade,Miami,"Miami-Fort Lauderdale-West Palm Beach, FL",2024-08-05,pm25
12,86,1016,88101,3,25.794222,-80.215556,NAD83,PM2.5 - Local Conditions,24-HR BLK AVG,PM25 24-hour 2012,2021-08-13,Micrograms/cubic meter (LC),Included,1,100.0,3.5,3.5,0,19.0,238.0,Teledyne T640X at 16.67 LPM - Broadband spectroscopy,Miami Fire Station,"1200 NW 20th St, Miami, FL 33142",Florida,Miami-Dade,Miami,"Miami-Fort Lauderdale-West Palm Beach, FL",2024-08-05,pm25
12,86,1016,88101,3,25.794222,-80.215556,NAD83,PM2.5 - Local Conditions,24-HR BLK AVG,PM25 24-hour 2012,2021-08-14,Micrograms/cubic meter (LC),Included,1,100.0,4.1,4.1,0,23.0,238.0,Teledyne T640X at 16.67 LPM - Broadband spectroscopy,Miami Fire Station,"1200 NW 20th St, Miami, FL 33142",Florida,Miami-Dade,Miami,"Miami-Fort Lauderdale-West Palm Beach, FL",2024-08-05,pm25
12,86,1016,88101,3,25.794222,-80.215556,NAD83,PM2.5 - Local Conditions,24-HR BLK AVG,PM25 24-hour 2012,2021-08-15,Micrograms/cubic meter (LC),Included,1,100.0,4.0,4.0,0,22.0,238.0,Teledyne T640X at 16.67 LPM - Broadband spectroscopy,Miami Fire Station,"1200 NW 20th St, Miami, FL 33142",Florida,Miami-Dade,Miami,"Miami-Fort Lauderdale-West Palm Beach, FL",2024-08-05,pm25
12,86,1016,88101,3,25.794222,-80.215556,NAD83,PM2.5 - Local Conditions,24-HR BLK AVG,PM25 24-hour 2012,2021-08-16,Micrograms/cubic meter (LC),Included,1,100.0,3.5,3.5,0,19.0,238.0,Teledyne T640X at 16.67 LPM - Broadband spectroscopy,Miami Fire Station,"1200 NW 20th St, Miami, FL 33142",Florida,Miami-Dade,Miami,"Miami-Fort Lauderdale-West Palm Beach, FL",2024-08-05,pm25
12,86,1016,88101,3,25.794222,-80.215556,NAD83,PM2.5 - Local Conditions,24-HR BLK AVG,PM25 24-hour 2012,2021-08-17,Micrograms/cubic meter (LC),Included,1,100.0,3.7,3.7,0,21.0,238.0,Teledyne T640X at 16.67 LPM - Broadband spectroscopy,Miami Fire Station,"1200 NW 20th St, Miami, FL 33142",Florida,Miami-Dade,Miami,"Miami-Fort Lauderdale-West Palm Beach, FL",2024-08-05,pm25
12,86,1016,88101,3,25.794222,-80.215556,NAD83,PM2.5 - Local Conditions,24-HR BLK AVG,PM25 24-hour 2012,2021-08-18,Micrograms/cubic meter (LC),Included,1,100.0,5.9,5.9,0,33.0,238.0,Teledyne T640X at 16.67 LPM - Broadband spectroscopy,Miami Fire Station,"1200 NW 20th St, Miami, FL 33142",Florida,Miami-Dade,Miami,"Miami-Fort Lauderdale-West Palm Beach, FL",2024-08-05,pm25
12,86,1016,88101,3,25.794222,-80.215556,NAD83,PM2.5 - Local Conditions,24-HR BLK AVG,PM25 24-hour 2012,2021-08-19,Micrograms/cubic meter (LC),Included,1,100.0,4.7,4.7,0,26.0,238.0,Teledyne T640X at 16.67 LPM - Broadband spectroscopy,Miami Fire Station,"1200 NW 20th St, Miami, FL 33142",Florida,Miami-Dade,Miami,"Miami-Fort Lauderdale-West Palm Beach, FL",2024-08-05,pm25
12,86,1016,88101,3,25.794222,-80.215556,NAD83,PM2.5 - Local Conditions,24-HR BLK AVG,PM25 24-hour 2012,2021-08-20,Micrograms/cubic meter (LC),Included,1,100.0,3.9,3.9,0,22.0,238.0,Teledyne T640X at 16.67 LPM - Broadband spectroscopy,Miami Fire Station,"1200 NW 20th St, Miami, FL 33142",Florida,Miami-Dade,Miami,"Miami-Fort Lauderdale-West Palm Beach, FL",2024-08-05,pm25
12,86,1016,88101,3,25.794222,-80.215556,NAD83,PM2.5 - Local Conditions,24-HR BLK AVG,PM25 24-hour 2012,2021-08-21,Micrograms/cubic meter (LC),Included,1,100.0,3.4,3.4,0,19.0,238.0,Teledyne T640X at 16.67 LPM - Broadband spectroscopy,Miami Fire Station,"1200 NW 20th St, Miami, FL 33142",Florida,Miami-Dade,Miami,"Miami-Fort Lauderdale-West Palm Beach, FL",2024-08-05,pm25
12,86,1016,88101,3,25.794222,-80.215556,NAD83,PM2.5 - Local Conditions,24-HR BLK AVG,PM25 24-hour 2012,2021-08-22,Micrograms/cubic meter (LC),Included,1,100.0,8.6,8.6,0,48.0,238.0,Teledyne T640X at 16.67 LPM - Broadband spectroscopy,Miami Fire Station,"1200 NW 20th St, Miami, FL 33142",Florida,Miami-Dade,Miami,"Miami-Fort Lauderdale-West Palm Beach, FL",2024-08-05,pm25
12,86,1016,88101,3,25.794222,-80.215556,NAD83,PM2.5 - Local Conditions,24-HR BLK AVG,PM25 24-hour 2012,2021-08-23,Micrograms/cubic meter (LC),Included,1,100.0,11.2,11.2,0,55.0,238.0,Teledyne T640X at 16.67 LPM - Broadband spectroscopy,Miami Fire Station,"1200 NW 20th St, Miami, FL 33142",Florida,Miami-Dade,Miami,"Miami-Fort Lauderdale-West Palm Beach, FL",2024-08-05,pm25
12,86,1016,88101,3,25.794222,-80.215556,NAD83,PM2.5 - Local Conditions,24-HR BLK AVG,PM25 24-hour 2012,2021-08-24,Micrograms/cubic meter (LC),Included,1,100.0,9.8,9.8,0,52.0,238.0,Teledyne T640X at 16.67 LPM - Broadband spectroscopy,Miami Fire Station,"1200 NW 20th St, Miami, FL 33142",Florida,Miami-Dade,Miami,"Miami-Fort Lauderdale-West Palm Beach, FL",2024-08-05,pm25
12,86,1016,88101,3,25.794222,-80.215556,NAD83,PM2.5 - Local Conditions,24-HR BLK AVG,PM25 24-hour 2012,2021-08-25,Micrograms/cubic meter (LC),Included,1,100.0,7.5,7.5,0,42.0,238.0,Teledyne T640X at 16.67 LPM - Broadband spectroscopy,Miami Fire Station,"1200 NW 20th St, Miami, FL 33142",Florida,Miami-Dade,Miami,"Miami-Fort Lauderdale-West Palm Beach, FL",2024-08-05,pm25
12,86,1016,88101,3,25.794222,-80.215556,NAD83,PM2.5 - Local Conditions,24-HR BLK AVG,PM25 24-hour 2012,2021-08-26,Micrograms/cubic meter (LC),Included,1,100.0,5.4,5.4,0,30.0,238.0,Teledyne T640X at 16.67 LPM - Broadband spectroscopy,Miami Fire Station,"1200 NW 20th St, Miami, FL 33142",Florida,Miami-Dade,Miami,"Miami-Fort Lauderdale-West Palm Beach, FL",2024-08-05,pm25
12,86,1016,88101,3,25.794222,-80.215556,NAD83,PM2.5 - Local Conditions,24-HR BLK AVG,PM25 24-hour 2012,2021-08-27,Micrograms/cubic meter (LC),Included,1,100.0,3.7,3.7,0,21.0,238.0,Teledyne T640X at 16.67 LPM - Broadband spectroscopy,Miami Fire Station,"1200 NW 20th St, Miami, FL 33142",Florida,Miami-Dade,Miami,"Miami-Fort Lauderdale-West Palm Beach, FL",2024-08-05,pm25
12,86,1016,88101,3,25.794222,-80.215556,NAD83,PM2.5 - Local Conditions,24-HR BLK AVG,PM25 24-hour 2012,2021-08-28,Micrograms/cubic meter (LC),Included,1,100.0,4.8,4.8,0,27.0,238.0,Teledyne T640X at 16.67 LPM - Broadband spectroscopy,Miami Fire Station,"1200 NW 20th St, Miami, FL 33142",Florida,Miami-Dade,Miami,"Miami-Fort Lauderdale-West Palm Beach, FL",2024-08-05,pm25
12,86,1016,88101,3,25.794222,-80.215556,NAD83,PM2.5 - Local Conditions,24-HR BLK AVG,PM25 24-hour 2012,2021-08-29,Micrograms/cubic meter (LC),Included,1,100.0,3.9,3.9,0,22.0,238.0,Teledyne T640X at 16.67 LPM - Broadband spectroscopy,Miami Fire Station,"1200 NW 20th St, Miami, FL 33142",Florida,Miami-Dade,Miami,"Miami-Fort Lauderdale-West Palm Beach, FL",2024-08-05,pm25
12,86,1016,88101,3,25.794222,-80.215556,NAD83,PM2.5 - Local Conditions,24-HR BLK AVG,PM25 24-hour 2012,2021-08-30,Micrograms/cubic meter (LC),Included,1,100.0,3.9,3.9,0,22.0,238.0,Teledyne T640X at 16.67 LPM - Broadband spectroscopy,Miami Fire Station,"1200 NW 20th St, Miami, FL 33142",Florida,Miami-Dade,Miami,"Miami-Fort Lauderdale-West Palm Beach, FL",2024-08-05,pm25
12,86,1016,88101,3,25.794222,-80.215556,NAD83,PM2.5 - Local Conditions,24-HR BLK AVG,PM25 24-hour 2012,2021-08-31,Micrograms/cubic meter (LC),Included,1,100.0,4.3,4.3,0,24.0,238.0,Teledyne T640X at 16.67 LPM - Broadband spectroscopy,Miami Fire Station,"1200 NW 20th St, Miami, FL 33142",Florida,Miami-Dade,Miami,"Miami-Fort Lauderdale-West Palm Beach, FL",2024-08-05,pm25
12,86,1016,88101,3,25.794222,-80.215556,NAD83,PM2.5 - Local Conditions,24-HR BLK AVG,PM25 24-hour 2012,2021-09-01,Micrograms/cubic meter (LC),Included,1,100.0,8.9,8.9,0,49.0,238.0,Teledyne T640X at 16.67 LPM - Broadband spectroscopy,Miami Fire Station,"1200 NW 20th St, Miami, FL 33142",Florida,Miami-Dade,Miami,"Miami-Fort Lauderdale-West Palm Beach, FL",2024-08-05,pm25
12,86,1016,88101,3,25.794222,-80.215556,NAD83,PM2.5 - Local Conditions,24-HR BLK AVG,PM25 24-hour 2012,2021-09-02,Micrograms/cubic meter (LC),Included,1,100.0,11.9,11.9,0,56.0,238.0,Teledyne T640X at 16.67 LPM - Broadband spectroscopy,Miami Fire Station,"1200 NW 20th St, Miami, FL 33142",Florida,Miami-Dade,Miami,"Miami-Fort Lauderdale-West Palm Beach, FL",2024-08-05,pm25
12,86,1016,88101,3,25.794222,-80.215556,NAD83,PM2.5 - Local Conditions,24-HR BLK AVG,PM25 24-hour 2012,2021-09-03,Micrograms/cubic meter (LC),Included,1,100.0,12.1,12.1,0,57.0,238.0,Teledyne T640X at 16.67 LPM - Broadband spectroscopy,Miami Fire Station,"1200 NW 20th St, Miami, FL 33142",Florida,Miami-Dade,Miami,"Miami-Fort Lauderdale-West Palm Beach, FL",2024-08-05,pm25
12,86,1016,88101,3,25.794222,-80.215556,NAD83,PM2.5 - Local Conditions,24-HR BLK AVG,PM25 24-hour 2012,2021-09-04,Micrograms/cubic meter (LC),Included,1,100.0,14.5,14.5,0,61.0,238.0,Teledyne T640X at 16.67 LPM - Broadband spectroscopy,Miami Fire Station,"1200 NW 20th St, Miami, FL 33142",Florida,Miami-Dade,Miami,"Miami-Fort Lauderdale-West Palm Beach, FL",2024-08-05,pm25
12,86,1016,88101,3,25.794222,-80.215556,NAD83,PM2.5 - Local Conditions,24-HR BLK AVG,PM25 24-hour 2012,2021-09-05,Micrograms/cubic meter (LC),Included,1,100.0,11.1,11.1,0,55.0,238.0,Teledyne T640X at 16.67 LPM - Broadband spectroscopy,Miami Fire Station,"1200 NW 20th St, Miami, FL 33142",Florida,Miami-Dade,Miami,"Miami-Fort Lauderdale-West Palm Beach, FL",2024-08-05,pm25
12,86,1016,88101,3,25.794222,-80.215556,NAD83,PM2.5 - Local Conditions,24-HR BLK AVG,PM25 24-hour 2012,2021-09-06,Micrograms/cubic meter (LC),Included,1,100.0,15.3,15.3,0,63.0,238.0,Teledyne T640X at 16.67 LPM - Broadband spectroscopy,Miami Fire Station,"1200 NW 20th St, Miami, FL 33142",Florida,Miami-Dade,Miami,"Miami-Fort Lauderdale-West Palm Beach, FL",2024-08-05,pm25
12,86,1016,88101,3,25.794222,-80.215556,NAD83,PM2.5 - Local Conditions,24-HR BLK AVG,PM25 24-hour 2012,2021-09-07,Micrograms/cubic meter (LC),Included,1,100.0,16.2,16.2,0,64.0,238.0,Teledyne T640X at 16.67 LPM - Broadband spectroscopy,Miami Fire Station,"1200 NW 20th St, Miami, FL 33142",Florida,Miami-Dade,Miami,"Miami-Fort Lauderdale-West Palm Beach, FL",2024-08-05,pm25
12,86,1016,88101,3,25.794222,-80.215556,NAD83,PM2.5 - Local Conditions,24-HR BLK AVG,PM25 24-hour 2012,2021-09-08,Micrograms/cubic meter (LC),Included,1,100.0,11.5,11.5,0,55.0,238.0,Teledyne T640X at 16.67 LPM - Broadband spectroscopy,Miami Fire Station,"1200 NW 20th St, Miami, FL 33142",Florida,Miami-Dade,Miami,"Miami-Fort Lauderdale-West Palm Beach, FL",2024-08-05,pm25
12,86,1016,88101,3,25.794222,-80.215556,NAD83,PM2.5 - Local Conditions,24-HR BLK AVG,PM25 24-hour 2012,2021-09-09,Micrograms/cubic meter (LC),Included,1,100.0,15.0,15.0,0,62.0,238.0,Teledyne T640X at 16.67 LPM - Broadband spectroscopy,Miami Fire Station,"1200 NW 20th St, Miami, FL 33142",Florida,Miami-Dade,Miami,"Miami-Fort Lauderdale-West Palm Beach, FL",2024-08-05,pm25
12,86,1016,88101,3,25.794222,-80.215556,NAD83,PM2.5 - Local Conditions,24-HR BLK AVG,PM25 24-hour 2012,2021-09-10,Micrograms/cubic meter (LC),Included,1,100.0,15.9,15.9,0,64.0,238.0,Teledyne T640X at 16.67 LPM - Broadband spectroscopy,Miami Fire Station,"1200 NW 20th St, Miami, FL 33142",Florida,Miami-Dade,Miami,"Miami-Fort Lauderdale-West Palm Beach, FL",2024-08-05,pm25
12,86,1016,88101,3,25.794222,-80.215556,NAD83,PM2.5 - Local Conditions,24-HR BLK AVG,PM25 24-hour 2012,2021-09-11,Micrograms/cubic meter (LC),Included,1,100.0,14.7,14.7,0,61.0,238.0,Teledyne T640X at 16.67 LPM - Broadband spectroscopy,Miami Fire Station,"1200 NW 20th St, Miami, FL 33142",Florida,Miami-Dade,Miami,"Miami-Fort Lauderdale-West Palm Beach, FL",2024-08-05,pm25
12,86,1016,88101,3,25.794222,-80.215556,NAD83,PM2.5 - Local Conditions,24-HR BLK AVG,PM25 24-hour 2012,2021-09-12,Micrograms/cubic meter (LC),Included,1,100.0,10.0,10.0,0,53.0,238.0,Teledyne T640X at 16.67 LPM - Broadband spectroscopy,Miami Fire Station,"1200 NW 20th St, Miami, FL 33142",Florida,Miami-Dade,Miami,"Miami-Fort Lauderdale-West Palm Beach, FL",2024-08-05,pm25
12,86,1016,88101,3,25.794222,-80.215556,NAD83,PM2.5 - Local Conditions,24-HR BLK AVG,PM25 24-hour 2012,2021-09-13,Micrograms/cubic meter (LC),Included,1,100.0,6.4,6.4,0,36.0,238.0,Teledyne T640X at 16.67 LPM - Broadband spectroscopy,Miami Fire Station,"1200 NW 20th St, Miami, FL 33142",Florida,Miami-Dade,Miami,"Miami-Fort Lauderdale-West Palm Beach, FL",2024-08-05,pm25
12,86,1016,88101,3,25.794222,-80.215556,NAD83,PM2.5 - Local Conditions,24-HR BLK AVG,PM25 24-hour 2012,2021-09-14,Micrograms/cubic meter (LC),Included,1,100.0,4.5,4.5,0,25.0,238.0,Teledyne T640X at 16.67 LPM - Broadband spectroscopy,Miami Fire Station,"1200 NW 20th St, Miami, FL 33142",Florida,Miami-Dade,Miami,"Miami-Fort Lauderdale-West Palm Beach, FL",2024-08-05,pm25
12,86,1016,88101,3,25.794222,-80.215556,NAD83,PM2.5 - Local Conditions,24-HR BLK AVG,PM25 24-hour 2012,2021-09-15,Micrograms/cubic meter (LC),Included,1,100.0,4.8,4.8,0,27.0,238.0,Teledyne T640X at 16.67 LPM - Broadband spectroscopy,Miami Fire Station,"1200 NW 20th St, Miami, FL 33142",Florida,Miami-Dade,Miami,"Miami-Fort Lauderdale-West Palm Beach, FL",2024-08-05,pm25
12,86,1016,88101,3,25.794222,-80.215556,NAD83,PM2.5 - Local Conditions,24-HR BLK AVG,PM25 24-hour 2012,2021-09-16,Micrograms/cubic meter (LC),Included,1,100.0,5.4,5.4,0,30.0,238.0,Teledyne T640X at 16.67 LPM - Broadband spectroscopy,Miami Fire Station,"1200 NW 20th St, Miami, FL 33142",Florida,Miami-Dade,Miami,"Miami-Fort Lauderdale-West Palm Beach, FL",2024-08-05,pm25
12,86,1016,88101,3,25.794222,-80.215556,NAD83,PM2.5 - Local Conditions,24-HR BLK AVG,PM25 24-hour 2012,2021-09-17,Micrograms/cubic meter (LC),Included,1,100.0,5.5,5.5,0,31.0,238.0,Teledyne T640X at 16.67 LPM - Broadband spectroscopy,Miami Fire Station,"1200 NW 20th St, Miami, FL 33142",Florida,Miami-Dade,Miami,"Miami-Fort Lauderdale-West Palm Beach, FL",2024-08-05,pm25
12,86,1016,88101,3,25.794222,-80.215556,NAD83,PM2.5 - Local Conditions,24-HR BLK AVG,PM25 24-hour 2012,2021-09-18,Micrograms/cubic meter (LC),Included,1,100.0,6.4,6.4,0,36.0,238.0,Teledyne T640X at 16.67 LPM - Broadband spectroscopy,Miami Fire Station,"1200 NW 20th St, Miami, FL 33142",Florida,Miami-Dade,Miami,"Miami-Fort Lauderdale-West Palm Beach, FL",2024-08-05,pm25
12,86,1016,88101,3,25.794222,-80.215556,NAD83,PM2.5 - Local Conditions,24-HR BLK AVG,PM25 24-hour 2012,2021-09-19,Micrograms/cubic meter (LC),Included,1,100.0,5.0,5.0,0,28.0,238.0,Teledyne T640X at 16.67 LPM - Broadband spectroscopy,Miami Fire Station,"1200 NW 20th St, Miami, FL 33142",Florida,Miami-Dade,Miami,"Miami-Fort Lauderdale-West Palm Beach, FL",2024-08-05,pm25
12,86,1016,88101,3,25.794222,-80.215556,NAD83,PM2.5 - Local Conditions,24-HR BLK AVG,PM25 24-hour 2012,2021-09-20,Micrograms/cubic meter (LC),Included,1,100.0,5.8,5.8,0,32.0,238.0,Teledyne T640X at 16.67 LPM - Broadband spectroscopy,Miami Fire Station,"1200 NW 20th St, Miami, FL 33142",Florida,Miami-Dade,Miami,"Miami-Fort Lauderdale-West Palm Beach, FL",2024-08-05,pm25
12,86,1016,88101,3,25.794222,-80.215556,NAD83,PM2.5 - Local Conditions,24-HR BLK AVG,PM25 24-hour 2012,2021-09-21,Micrograms/cubic meter (LC),Included,1,100.0,5.5,5.5,0,31.0,238.0,Teledyne T640X at 16.67 LPM - Broadband spectroscopy,Miami Fire Station,"1200 NW 20th St, Miami, FL 33142",Florida,Miami-Dade,Miami,"Miami-Fort Lauderdale-West Palm Beach, FL",2024-08-05,pm25
12,86,1016,88101,3,25.794222,-80.215556,NAD83,PM2.5 - Local Conditions,24-HR BLK AVG,PM25 24-hour 2012,2021-09-22,Micrograms/cubic meter (LC),Included,1,100.0,5.2,5.2,0,29.0,238.0,Teledyne T640X at 16.67 LPM - Broadband spectroscopy,Miami Fire Station,"1200 NW 20th St, Miami, FL 33142",Florida,Miami-Dade,Miami,"Miami-Fort Lauderdale-West Palm Beach, FL",2024-08-05,pm25
12,86,1016,88101,3,25.794222,-80.215556,NAD83,PM2.5 - Local Conditions,24-HR BLK AVG,PM25 24-hour 2012,2021-09-23,Micrograms/cubic meter (LC),Included,1,100.0,5.9,5.9,0,33.0,238.0,Teledyne T640X at 16.67 LPM - Broadband spectroscopy,Miami Fire Station,"1200 NW 20th St, Miami, FL 33142",Florida,Miami-Dade,Miami,"Miami-Fort Lauderdale-West Palm Beach, FL",2024-08-05,pm25
12,86,1016,88101,3,25.794222,-80.215556,NAD83,PM2.5 - Local Conditions,24-HR BLK AVG,PM25 24-hour 2012,2021-09-24,Micrograms/cubic meter (LC),Included,1,100.0,5.6,5.6,0,31.0,238.0,Teledyne T640X at 16.67 LPM - Broadband spectroscopy,Miami Fire Station,"1200 NW 20th St, Miami, FL 33142",Florida,Miami-Dade,Miami,"Miami-Fort Lauderdale-West Palm Beach, FL",2024-08-05,pm25
12,86,1016,88101,3,25.794222,-80.215556,NAD83,PM2.5 - Local Conditions,24-HR BLK AVG,PM25 24-hour 2012,2021-09-25,Micrograms/cubic meter (LC),Included,1,100.0,5.6,5.6,0,31.0,238.0,Teledyne T640X at 16.67 LPM - Broadband spectroscopy,Miami Fire Station,"1200 NW 20th St, Miami, FL 33142",Florida,Miami-Dade,Miami,"Miami-Fort Lauderdale-West Palm Beach, FL",2024-08-05,pm25
12,86,1016,88101,3,25.794222,-80.215556,NAD83,PM2.5 - Local Conditions,24-HR BLK AVG,PM25 24-hour 2012,2021-09-26,Micrograms/cubic meter (LC),Included,1,100.0,6.2,6.2,0,34.0,238.0,Teledyne T640X at 16.67 LPM - Broadband spectroscopy,Miami Fire Station,"1200 NW 20th St, Miami, FL 33142",Florida,Miami-Dade,Miami,"Miami-Fort Lauderdale-West Palm Beach, FL",2024-08-05,pm25
12,86,1016,88101,3,25.794222,-80.215556,NAD83,PM2.5 - Local Conditions,24-HR BLK AVG,PM25 24-hour 2012,2021-09-27,Micrograms/cubic meter (LC),Included,1,100.0,6.3,6.3,0,35.0,238.0,Teledyne T640X at 16.67 LPM - Broadband spectroscopy,Miami Fire Station,"1200 NW 20th St, Miami, FL 33142",Florida,Miami-Dade,Miami,"Miami-Fort Lauderdale-West Palm Beach, FL",2024-08-05,pm25
12,86,1016,88101,3,25.794222,-80.215556,NAD83,PM2.5 - Local Conditions,24-HR BLK AVG,PM25 24-hour 2012,2021-09-28,Micrograms/cubic meter (LC),Included,1,100.0,6.2,6.2,0,34.0,238.0,Teledyne T640X at 16.67 LPM - Broadband spectroscopy,Miami Fire Station,"1200 NW 20th St, Miami, FL 33142",Florida,Miami-Dade,Miami,"Miami-Fort Lauderdale-West Palm Beach, FL",2024-08-05,pm25
12,86,1016,88101,3,25.794222,-80.215556,NAD83,PM2.5 - Local Conditions,24-HR BLK AVG,PM25 24-hour 2012,2021-09-29,Micrograms/cubic meter (LC),Included,1,100.0,6.1,6.1,0,34.0,238.0,Teledyne T640X at 16.67 LPM - Broadband spectroscopy,Miami Fire Station,"1200 NW 20th St, Miami, FL 33142",Florida,Miami-Dade,Miami,"Miami-Fort Lauderdale-West Palm Beach, FL",2024-08-05,pm25
12,86,1016,88101,3,25.794222,-80.215556,NAD83,PM2.5 - Local Conditions,24-HR BLK AVG,PM25 24-hour 2012,2021-09-30,Micrograms/cubic meter (LC),Included,1,100.0,5.7,5.7,0,32.0,238.0,Teledyne T640X at 16.67 LPM - Broadband spectroscopy,Miami Fire Station,"1200 NW 20th St, Miami, FL 33142",Florida,Miami-Dade,Miami,"Miami-Fort Lauderdale-West Palm Beach, FL",2024-08-05,pm25
12,86,1016,88101,3,25.794222,-80.215556,NAD83,PM2.5 - Local Conditions,24-HR BLK AVG,PM25 24-hour 2012,2021-10-01,Micrograms/cubic meter (LC),Included,1,100.0,5.9,5.9,0,33.0,238.0,Teledyne T640X at 16.67 LPM - Broadband spectroscopy,Miami Fire Station,"1200 NW 20th St, Miami, FL 33142",Florida,Miami-Dade,Miami,"Miami-Fort Lauderdale-West Palm Beach, FL",2024-08-05,pm25
12,86,1016,88101,3,25.794222,-80.215556,NAD83,PM2.5 - Local Conditions,24-HR BLK AVG,PM25 24-hour 2012,2021-10-02,Micrograms/cubic meter (LC),Included,1,100.0,6.6,6.6,0,37.0,238.0,Teledyne T640X at 16.67 LPM - Broadband spectroscopy,Miami Fire Station,"1200 NW 20th St, Miami, FL 33142",Florida,Miami-Dade,Miami,"Miami-Fort Lauderdale-West Palm Beach, FL",2024-08-05,pm25
12,86,1016,88101,3,25.794222,-80.215556,NAD83,PM2.5 - Local Conditions,24-HR BLK AVG,PM25 24-hour 2012,2021-10-03,Micrograms/cubic meter (LC),Included,1,100.0,5.0,5.0,0,28.0,238.0,Teledyne T640X at 16.67 LPM - Broadband spectroscopy,Miami Fire Station,"1200 NW 20th St, Miami, FL 33142",Florida,Miami-Dade,Miami,"Miami-Fort Lauderdale-West Palm Beach, FL",2024-08-05,pm25
12,86,1016,88101,3,25.794222,-80.215556,NAD83,PM2.5 - Local Conditions,24-HR BLK AVG,PM25 24-hour 2012,2021-10-04,Micrograms/cubic meter (LC),Included,1,100.0,5.9,5.9,0,33.0,238.0,Teledyne T640X at 16.67 LPM - Broadband spectroscopy,Miami Fire Station,"1200 NW 20th St, Miami, FL 33142",Florida,Miami-Dade,Miami,"Miami-Fort Lauderdale-West Palm Beach, FL",2024-08-05,pm25
12,86,1016,88101,3,25.794222,-80.215556,NAD83,PM2.5 - Local Conditions,24-HR BLK AVG,PM25 24-hour 2012,2021-10-05,Micrograms/cubic meter (LC),Included,1,100.0,6.1,6.1,0,34.0,238.0,Teledyne T640X at 16.67 LPM - Broadband spectroscopy,Miami Fire Station,"1200 NW 20th St, Miami, FL 33142",Florida,Miami-Dade,Miami,"Miami-Fort Lauderdale-West Palm Beach, FL",2024-08-05,pm25
12,86,1016,88101,3,25.794222,-80.215556,NAD83,PM2.5 - Local Conditions,24-HR BLK AVG,PM25 24-hour 2012,2021-10-06,Micrograms/cubic meter (LC),Included,1,100.0,9.8,9.8,0,52.0,238.0,Teledyne T640X at 16.67 LPM - Broadband spectroscopy,Miami Fire Station,"1200 NW 20th St, Miami, FL 33142",Florida,Miami-Dade,Miami,"Miami-Fort Lauderdale-West Palm Beach, FL",2024-08-05,pm25
12,86,1016,88101,3,25.794222,-80.215556,NAD83,PM2.5 - Local Conditions,24-HR BLK AVG,PM25 24-hour 2012,2021-10-07,Micrograms/cubic meter (LC),Included,1,100.0,19.7,19.7,0,71.0,238.0,Teledyne T640X at 16.67 LPM - Broadband spectroscopy,Miami Fire Station,"1200 NW 20th St, Miami, FL 33142",Florida,Miami-Dade,Miami,"Miami-Fort Lauderdale-West Palm Beach, FL",2024-08-05,pm25
12,86,1016,88101,3,25.794222,-80.215556,NAD83,PM2.5 - Local Conditions,24-HR BLK AVG,PM25 24-hour 2012,2021-10-08,Micrograms/cubic meter (LC),Included,1,100.0,14.6,14.6,0,61.0,238.0,Teledyne T640X at 16.67 LPM - Broadband spectroscopy,Miami Fire Station,"1200 NW 20th St, Miami, FL 33142",Florida,Miami-Dade,Miami,"Miami-Fort Lauderdale-West Palm Beach, FL",2024-08-05,pm25
12,86,1016,88101,3,25.794222,-80.215556,NAD83,PM2.5 - Local Conditions,24-HR BLK AVG,PM25 24-hour 2012,2021-10-09,Micrograms/cubic meter (LC),Included,1,100.0,12.0,12.0,0,56.0,238.0,Teledyne T640X at 16.67 LPM - Broadband spectroscopy,Miami Fire Station,"1200 NW 20th St, Miami, FL 33142",Florida,Miami-Dade,Miami,"Miami-Fort Lauderdale-West Palm Beach, FL",2024-08-05,pm25
12,86,1016,88101,3,25.794222,-80.215556,NAD83,PM2.5 - Local Conditions,24-HR BLK AVG,PM25 24-hour 2012,2021-10-10,Micrograms/cubic meter (LC),Included,1,100.0,6.7,6.7,0,37.0,238.0,Teledyne T640X at 16.67 LPM - Broadband spectroscopy,Miami Fire Station,"1200 NW 20th St, Miami, FL 33142",Florida,Miami-Dade,Miami,"Miami-Fort Lauderdale-West Palm Beach, FL",2024-08-05,pm25
12,86,1016,88101,3,25.794222,-80.215556,NAD83,PM2.5 - Local Conditions,24-HR BLK AVG,PM25 24-hour 2012,2021-10-11,Micrograms/cubic meter (LC),Included,1,100.0,6.4,6.4,0,36.0,238.0,Teledyne T640X at 16.67 LPM - Broadband spectroscopy,Miami Fire Station,"1200 NW 20th St, Miami, FL 33142",Florida,Miami-Dade,Miami,"Miami-Fort Lauderdale-West Palm Beach, FL",2024-08-05,pm25
12,86,1016,88101,3,25.794222,-80.215556,NAD83,PM2.5 - Local Conditions,24-HR BLK AVG,PM25 24-hour 2012,2021-10-12,Micrograms/cubic meter (LC),Included,1,100.0,4.4,4.4,0,24.0,238.0,Teledyne T640X at 16.67 LPM - Broadband spectroscopy,Miami Fire Station,"1200 NW 20th St, Miami, FL 33142",Florida,Miami-Dade,Miami,"Miami-Fort Lauderdale-West Palm Beach, FL",2024-08-05,pm25
12,86,1016,88101,3,25.794222,-80.215556,NAD83,PM2.5 - Local Conditions,24-HR BLK AVG,PM25 24-hour 2012,2021-10-13,Micrograms/cubic meter (LC),Included,1,100.0,7.0,7.0,0,39.0,238.0,Teledyne T640X at 16.67 LPM - Broadband spectroscopy,Miami Fire Station,"1200 NW 20th St, Miami, FL 33142",Florida,Miami-Dade,Miami,"Miami-Fort Lauderdale-West Palm Beach, FL",2024-08-05,pm25
12,86,1016,88101,3,25.794222,-80.215556,NAD83,PM2.5 - Local Conditions,24-HR BLK AVG,PM25 24-hour 2012,2021-10-14,Micrograms/cubic meter (LC),Included,1,100.0,6.3,6.3,0,35.0,238.0,Teledyne T640X at 16.67 LPM - Broadband spectroscopy,Miami Fire Station,"1200 NW 20th St, Miami, FL 33142",Florida,Miami-Dade,Miami,"Miami-Fort Lauderdale-West Palm Beach, FL",2024-08-05,pm25
12,86,1016,88101,3,25.794222,-80.215556,NAD83,PM2.5 - Local Conditions,24-HR BLK AVG,PM25 24-hour 2012,2021-10-15,Micrograms/cubic meter (LC),Included,1,100.0,5.4,5.4,0,30.0,238.0,Teledyne T640X at 16.67 LPM - Broadband spectroscopy,Miami Fire Station,"1200 NW 20th St, Miami, FL 33142",Florida,Miami-Dade,Miami,"Miami-Fort Lauderdale-West Palm Beach, FL",2024-08-05,pm25
12,86,1016,88101,3,25.794222,-80.215556,NAD83,PM2.5 - Local Conditions,24-HR BLK AVG,PM25 24-hour 2012,2021-10-16,Micrograms/cubic meter (LC),Included,1,100.0,6.9,6.9,0,38.0,238.0,Teledyne T640X at 16.67 LPM - Broadband spectroscopy,Miami Fire Station,"1200 NW 20th St, Miami, FL 33142",Florida,Miami-Dade,Miami,"Miami-Fort Lauderdale-West Palm Beach, FL",2024-08-05,pm25
12,86,1016,88101,3,25.794222,-80.215556,NAD83,PM2.5 - Local Conditions,24-HR BLK AVG,PM25 24-hour 2012,2021-10-17,Micrograms/cubic meter (LC),Included,1,100.0,8.7,8.7,0,48.0,238.0,Teledyne T640X at 16.67 LPM - Broadband spectroscopy,Miami Fire Station,"1200 NW 20th St, Miami, FL 33142",Florida,Miami-Dade,Miami,"Miami-Fort Lauderdale-West Palm Beach, FL",2024-08-05,pm25
12,86,1016,88101,3,25.794222,-80.215556,NAD83,PM2.5 - Local Conditions,24-HR BLK AVG,PM25 24-hour 2012,2021-10-18,Micrograms/cubic meter (LC),Included,1,100.0,7.3,7.3,0,41.0,238.0,Teledyne T640X at 16.67 LPM - Broadband spectroscopy,Miami Fire Station,"1200 NW 20th St, Miami, FL 33142",Florida,Miami-Dade,Miami,"Miami-Fort Lauderdale-West Palm Beach, FL",2024-08-05,pm25
12,86,1016,88101,3,25.794222,-80.215556,NAD83,PM2.5 - Local Conditions,24-HR BLK AVG,PM25 24-hour 2012,2021-10-19,Micrograms/cubic meter (LC),Included,1,100.0,6.6,6.6,0,37.0,238.0,Teledyne T640X at 16.67 LPM - Broadband spectroscopy,Miami Fire Station,"1200 NW 20th St, Miami, FL 33142",Florida,Miami-Dade,Miami,"Miami-Fort Lauderdale-West Palm Beach, FL",2024-08-05,pm25
12,86,1016,88101,3,25.794222,-80.215556,NAD83,PM2.5 - Local Conditions,24-HR BLK AVG,PM25 24-hour 2012,2021-10-20,Micrograms/cubic meter (LC),Included,1,100.0,6.9,6.9,0,38.0,238.0,Teledyne T640X at 16.67 LPM - Broadband spectroscopy,Miami Fire Station,"1200 NW 20th St, Miami, FL 33142",Florida,Miami-Dade,Miami,"Miami-Fort Lauderdale-West Palm Beach, FL",2024-08-05,pm25
12,86,1016,88101,3,25.794222,-80.215556,NAD83,PM2.5 - Local Conditions,24-HR BLK AVG,PM25 24-hour 2012,2021-10-21,Micrograms/cubic meter (LC),Included,1,100.0,7.3,7.3,0,41.0,238.0,Teledyne T640X at 16.67 LPM - Broadband spectroscopy,Miami Fire Station,"1200 NW 20th St, Miami, FL 33142",Florida,Miami-Dade,Miami,"Miami-Fort Lauderdale-West Palm Beach, FL",2024-08-05,pm25
12,86,1016,88101,3,25.794222,-80.215556,NAD83,PM2.5 - Local Conditions,24-HR BLK AVG,PM25 24-hour 2012,2021-10-22,Micrograms/cubic meter (LC),Included,1,100.0,6.8,6.8,0,38.0,238.0,Teledyne T640X at 16.67 LPM - Broadband spectroscopy,Miami Fire Station,"1200 NW 20th St, Miami, FL 33142",Florida,Miami-Dade,Miami,"Miami-Fort Lauderdale-West Palm Beach, FL",2024-08-05,pm25
12,86,1016,88101,3,25.794222,-80.215556,NAD83,PM2.5 - Local Conditions,24-HR BLK AVG,PM25 24-hour 2012,2021-10-23,Micrograms/cubic meter (LC),Included,1,100.0,5.6,5.6,0,31.0,238.0,Teledyne T640X at 16.67 LPM - Broadband spectroscopy,Miami Fire Station,"1200 NW 20th St, Miami, FL 33142",Florida,Miami-Dade,Miami,"Miami-Fort Lauderdale-West Palm Beach, FL",2024-08-05,pm25
12,86,1016,88101,3,25.794222,-80.215556,NAD83,PM2.5 - Local Conditions,24-HR BLK AVG,PM25 24-hour 2012,2021-10-24,Micrograms/cubic meter (LC),Included,1,100.0,4.0,4.0,0,22.0,238.0,Teledyne T640X at 16.67 LPM - Broadband spectroscopy,Miami Fire Station,"1200 NW 20th St, Miami, FL 33142",Florida,Miami-Dade,Miami,"Miami-Fort Lauderdale-West Palm Beach, FL",2024-08-05,pm25
12,86,1016,88101,3,25.794222,-80.215556,NAD83,PM2.5 - Local Conditions,24-HR BLK AVG,PM25 24-hour 2012,2021-10-25,Micrograms/cubic meter (LC),Included,1,100.0,10.5,10.5,0,54.0,238.0,Teledyne T640X at 16.67 LPM - Broadband spectroscopy,Miami Fire Station,"1200 NW 20th St, Miami, FL 33142",Florida,Miami-Dade,Miami,"Miami-Fort Lauderdale-West Palm Beach, FL",2024-08-05,pm25
12,86,1016,88101,3,25.794222,-80.215556,NAD83,PM2.5 - Local Conditions,24-HR BLK AVG,PM25 24-hour 2012,2021-10-26,Micrograms/cubic meter (LC),Included,1,100.0,5.7,5.7,0,32.0,238.0,Teledyne T640X at 16.67 LPM - Broadband spectroscopy,Miami Fire Station,"1200 NW 20th St, Miami, FL 33142",Florida,Miami-Dade,Miami,"Miami-Fort Lauderdale-West Palm Beach, FL",2024-08-05,pm25
12,86,1016,88101,3,25.794222,-80.215556,NAD83,PM2.5 - Local Conditions,24-HR BLK AVG,PM25 24-hour 2012,2021-10-27,Micrograms/cubic meter (LC),Included,1,100.0,5.8,5.8,0,32.0,238.0,Teledyne T640X at 16.67 LPM - Broadband spectroscopy,Miami Fire Station,"1200 NW 20th St, Miami, FL 33142",Florida,Miami-Dade,Miami,"Miami-Fort Lauderdale-West Palm Beach, FL",2024-08-05,pm25
12,86,1016,88101,3,25.794222,-80.215556,NAD83,PM2.5 - Local Conditions,24-HR BLK AVG,PM25 24-hour 2012,2021-10-28,Micrograms/cubic meter (LC),Included,1,100.0,8.0,8.0,0,44.0,238.0,Teledyne T640X at 16.67 LPM - Broadband spectroscopy,Miami Fire Station,"1200 NW 20th St, Miami, FL 33142",Florida,Miami-Dade,Miami,"Miami-Fort Lauderdale-West Palm Beach, FL",2024-08-05,pm25
12,86,1016,88101,3,25.794222,-80.215556,NAD83,PM2.5 - Local Conditions,24-HR BLK AVG,PM25 24-hour 2012,2021-10-29,Micrograms/cubic meter (LC),Included,1,100.0,8.0,8.0,0,44.0,238.0,Teledyne T640X at 16.67 LPM - Broadband spectroscopy,Miami Fire Station,"1200 NW 20th St, Miami, FL 33142",Florida,Miami-Dade,Miami,"Miami-Fort Lauderdale-West Palm Beach, FL",2024-08-05,pm25
12,86,1016,88101,3,25.794222,-80.215556,NAD83,PM2.5 - Local Conditions,24-HR BLK AVG,PM25 24-hour 2012,2021-10-30,Micrograms/cubic meter (LC),Included,1,100.0,7.1,7.1,0,39.0,238.0,Teledyne T640X at 16.67 LPM - Broadband spectroscopy,Miami Fire Station,"1200 NW 20th St, Miami, FL 33142",Florida,Miami-Dade,Miami,"Miami-Fort Lauderdale-West Palm Beach, FL",2024-08-05,pm25
12,86,1016,88101,3,25.794222,-80.215556,NAD83,PM2.5 - Local Conditions,24-HR BLK AVG,PM25 24-hour 2012,2021-10-31,Micrograms/cubic meter (LC),Included,1,100.0,5.2,5.2,0,29.0,238.0,Teledyne T640X at 16.67 LPM - Broadband spectroscopy,Miami Fire Station,"1200 NW 20th St, Miami, FL 33142",Florida,Miami-Dade,Miami,"Miami-Fort Lauderdale-West Palm Beach, FL",2024-08-05,pm25
12,86,1016,88101,3,25.794222,-80.215556,NAD83,PM2.5 - Local Conditions,24-HR BLK AVG,PM25 24-hour 2012,2021-11-01,Micrograms/cubic meter (LC),Included,1,100.0,7.5,7.5,0,42.0,238.0,Teledyne T640X at 16.67 LPM - Broadband spectroscopy,Miami Fire Station,"1200 NW 20th St, Miami, FL 33142",Florida,Miami-Dade,Miami,"Miami-Fort Lauderdale-West Palm Beach, FL",2024-08-05,pm25
12,86,1016,88101,3,25.794222,-80.215556,NAD83,PM2.5 - Local Conditions,24-HR BLK AVG,PM25 24-hour 2012,2021-11-02,Micrograms/cubic meter (LC),Included,1,100.0,9.0,9.0,0,50.0,238.0,Teledyne T640X at 16.67 LPM - Broadband spectroscopy,Miami Fire Station,"1200 NW 20th St, Miami, FL 33142",Florida,Miami-Dade,Miami,"Miami-Fort Lauderdale-West Palm Beach, FL",2024-08-05,pm25
12,86,1016,88101,3,25.794222,-80.215556,NAD83,PM2.5 - Local Conditions,24-HR BLK AVG,PM25 24-hour 2012,2021-11-03,Micrograms/cubic meter (LC),Included,1,100.0,3.8,3.8,0,21.0,238.0,Teledyne T640X at 16.67 LPM - Broadband spectroscopy,Miami Fire Station,"1200 NW 20th St, Miami, FL 33142",Florida,Miami-Dade,Miami,"Miami-Fort Lauderdale-West Palm Beach, FL",2024-08-05,pm25
12,86,1016,88101,3,25.794222,-80.215556,NAD83,PM2.5 - Local Conditions,24-HR BLK AVG,PM25 24-hour 2012,2021-11-04,Micrograms/cubic meter (LC),Included,1,100.0,3.8,3.8,0,21.0,238.0,Teledyne T640X at 16.67 LPM - Broadband spectroscopy,Miami Fire Station,"1200 NW 20th St, Miami, FL 33142",Florida,Miami-Dade,Miami,"Miami-Fort Lauderdale-West Palm Beach, FL",2024-08-05,pm25
12,86,1016,88101,3,25.794222,-80.215556,NAD83,PM2.5 - Local Conditions,24-HR BLK AVG,PM25 24-hour 2012,2021-11-05,Micrograms/cubic meter (LC),Included,1,100.0,5.0,5.0,0,28.0,238.0,Teledyne T640X at 16.67 LPM - Broadband spectroscopy,Miami Fire Station,"1200 NW 20th St, Miami, FL 33142",Florida,Miami-Dade,Miami,"Miami-Fort Lauderdale-West Palm Beach, FL",2024-08-05,pm25
12,86,1016,88101,3,25.794222,-80.215556,NAD83,PM2.5 - Local Conditions,24-HR BLK AVG,PM25 24-hour 2012,2021-11-06,Micrograms/cubic meter (LC),Included,1,100.0,3.6,3.6,0,20.0,238.0,Teledyne T640X at 16.67 LPM - Broadband spectroscopy,Miami Fire Station,"1200 NW 20th St, Miami, FL 33142",Florida,Miami-Dade,Miami,"Miami-Fort Lauderdale-West Palm Beach, FL",2024-08-05,pm25
12,86,1016,88101,3,25.794222,-80.215556,NAD83,PM2.5 - Local Conditions,24-HR BLK AVG,PM25 24-hour 2012,2021-11-07,Micrograms/cubic meter (LC),Included,1,100.0,3.5,3.5,0,19.0,238.0,Teledyne T640X at 16.67 LPM - Broadband spectroscopy,Miami Fire Station,"1200 NW 20th St, Miami, FL 33142",Florida,Miami-Dade,Miami,"Miami-Fort Lauderdale-West Palm Beach, FL",2024-08-05,pm25
12,86,1016,88101,3,25.794222,-80.215556,NAD83,PM2.5 - Local Conditions,24-HR BLK AVG,PM25 24-hour 2012,2021-11-08,Micrograms/cubic meter (LC),Included,1,100.0,6.3,6.3,0,35.0,238.0,Teledyne T640X at 16.67 LPM - Broadband spectroscopy,Miami Fire Station,"1200 NW 20th St, Miami, FL 33142",Florida,Miami-Dade,Miami,"Miami-Fort Lauderdale-West Palm Beach, FL",2024-08-05,pm25
12,86,1016,88101,3,25.794222,-80.215556,NAD83,PM2.5 - Local Conditions,24-HR BLK AVG,PM25 24-hour 2012,2021-11-09,Micrograms/cubic meter (LC),Included,1,100.0,8.3,8.3,0,46.0,238.0,Teledyne T640X at 16.67 LPM - Broadband spectroscopy,Miami Fire Station,"1200 NW 20th St, Miami, FL 33142",Florida,Miami-Dade,Miami,"Miami-Fort Lauderdale-West Palm Beach, FL",2024-08-05,pm25
12,86,1016,88101,3,25.794222,-80.215556,NAD83,PM2.5 - Local Conditions,24-HR BLK AVG,PM25 24-hour 2012,2021-11-10,Micrograms/cubic meter (LC),Included,1,100.0,7.1,7.1,0,39.0,238.0,Teledyne T640X at 16.67 LPM - Broadband spectroscopy,Miami Fire Station,"1200 NW 20th St, Miami, FL 33142",Florida,Miami-Dade,Miami,"Miami-Fort Lauderdale-West Palm Beach, FL",2024-08-05,pm25
12,86,1016,88101,3,25.794222,-80.215556,NAD83,PM2.5 - Local Conditions,24-HR BLK AVG,PM25 24-hour 2012,2021-11-11,Micrograms/cubic meter (LC),Included,1,100.0,6.1,6.1,0,34.0,238.0,Teledyne T640X at 16.67 LPM - Broadband spectroscopy,Miami Fire Station,"1200 NW 20th St, Miami, FL 33142",Florida,Miami-Dade,Miami,"Miami-Fort Lauderdale-West Palm Beach, FL",2024-08-05,pm25
12,86,1016,88101,3,25.794222,-80.215556,NAD83,PM2.5 - Local Conditions,24-HR BLK AVG,PM25 24-hour 2012,2021-11-12,Micrograms/cubic meter (LC),Included,1,100.0,5.6,5.6,0,31.0,238.0,Teledyne T640X at 16.67 LPM - Broadband spectroscopy,Miami Fire Station,"1200 NW 20th St, Miami, FL 33142",Florida,Miami-Dade,Miami,"Miami-Fort Lauderdale-West Palm Beach, FL",2024-08-05,pm25
12,86,1016,88101,3,25.794222,-80.215556,NAD83,PM2.5 - Local Conditions,24-HR BLK AVG,PM25 24-hour 2012,2021-11-13,Micrograms/cubic meter (LC),Included,1,100.0,7.6,7.6,0,42.0,238.0,Teledyne T640X at 16.67 LPM - Broadband spectroscopy,Miami Fire Station,"1200 NW 20th St, Miami, FL 33142",Florida,Miami-Dade,Miami,"Miami-Fort Lauderdale-West Palm Beach, FL",2024-08-05,pm25
12,86,1016,88101,3,25.794222,-80.215556,NAD83,PM2.5 - Local Conditions,24-HR BLK AVG,PM25 24-hour 2012,2021-11-14,Micrograms/cubic meter (LC),Included,1,100.0,5.9,5.9,0,33.0,238.0,Teledyne T640X at 16.67 LPM - Broadband spectroscopy,Miami Fire Station,"1200 NW 20th St, Miami, FL 33142",Florida,Miami-Dade,Miami,"Miami-Fort Lauderdale-West Palm Beach, FL",2024-08-05,pm25
12,86,1016,88101,3,25.794222,-80.215556,NAD83,PM2.5 - Local Conditions,24-HR BLK AVG,PM25 24-hour 2012,2021-11-15,Micrograms/cubic meter (LC),Included,1,100.0,7.4,7.4,0,41.0,238.0,Teledyne T640X at 16.67 LPM - Broadband spectroscopy,Miami Fire Station,"1200 NW 20th St, Miami, FL 33142",Florida,Miami-Dade,Miami,"Miami-Fort Lauderdale-West Palm Beach, FL",2024-08-05,pm25
12,86,1016,88101,3,25.794222,-80.215556,NAD83,PM2.5 - Local Conditions,24-HR BLK AVG,PM25 24-hour 2012,2021-11-16,Micrograms/cubic meter (LC),Included,1,100.0,6.3,6.3,0,35.0,238.0,Teledyne T640X at 16.67 LPM - Broadband spectroscopy,Miami Fire Station,"1200 NW 20th St, Miami, FL 33142",Florida,Miami-Dade,Miami,"Miami-Fort Lauderdale-West Palm Beach, FL",2024-08-05,pm25
12,86,1016,88101,3,25.794222,-80.215556,NAD83,PM2.5 - Local Conditions,24-HR BLK AVG,PM25 24-hour 2012,2021-11-17,Micrograms/cubic meter (LC),Included,1,100.0,6.5,6.5,0,36.0,238.0,Teledyne T640X at 16.67 LPM - Broadband spectroscopy,Miami Fire Station,"1200 NW 20th St, Miami, FL 33142",Florida,Miami-Dade,Miami,"Miami-Fort Lauderdale-West Palm Beach, FL",2024-08-05,pm25
12,86,1016,88101,3,25.794222,-80.215556,NAD83,PM2.5 - Local Conditions,24-HR BLK AVG,PM25 24-hour 2012,2021-11-18,Micrograms/cubic meter (LC),Included,1,100.0,8.3,8.3,0,46.0,238.0,Teledyne T640X at 16.67 LPM - Broadband spectroscopy,Miami Fire Station,"1200 NW 20th St, Miami, FL 33142",Florida,Miami-Dade,Miami,"Miami-Fort Lauderdale-West Palm Beach, FL",2024-08-05,pm25
12,86,1016,88101,3,25.794222,-80.215556,NAD83,PM2.5 - Local Conditions,24-HR BLK AVG,PM25 24-hour 2012,2021-11-19,Micrograms/cubic meter (LC),Included,1,100.0,5.2,5.2,0,29.0,238.0,Teledyne T640X at 16.67 LPM - Broadband spectroscopy,Miami Fire Station,"1200 NW 20th St, Miami, FL 33142",Florida,Miami-Dade,Miami,"Miami-Fort Lauderdale-West Palm Beach, FL",2024-08-05,pm25
12,86,1016,88101,3,25.794222,-80.215556,NAD83,PM2.5 - Local Conditions,24-HR BLK AVG,PM25 24-hour 2012,2021-11-20,Micrograms/cubic meter (LC),Included,1,100.0,6.2,6.2,0,34.0,238.0,Teledyne T640X at 16.67 LPM - Broadband spectroscopy,Miami Fire Station,"1200 NW 20th St, Miami, FL 33142",Florida,Miami-Dade,Miami,"Miami-Fort Lauderdale-West Palm Beach, FL",2024-08-05,pm25
12,86,1016,88101,3,25.794222,-80.215556,NAD83,PM2.5 - Local Conditions,24-HR BLK AVG,PM25 24-hour 2012,2021-11-21,Micrograms/cubic meter (LC),Included,1,100.0,5.5,5.5,0,31.0,238.0,Teledyne T640X at 16.67 LPM - Broadband spectroscopy,Miami Fire Station,"1200 NW 20th St, Miami, FL 33142",Florida,Miami-Dade,Miami,"Miami-Fort Lauderdale-West Palm Beach, FL",2024-08-05,pm25
12,86,1016,88101,3,25.794222,-80.215556,NAD83,PM2.5 - Local Conditions,24-HR BLK AVG,PM25 24-hour 2012,2021-11-22,Micrograms/cubic meter (LC),Included,1,100.0,5.8,5.8,0,32.0,238.0,Teledyne T640X at 16.67 LPM - Broadband spectroscopy,Miami Fire Station,"1200 NW 20th St, Miami, FL 33142",Florida,Miami-Dade,Miami,"Miami-Fort Lauderdale-West Palm Beach, FL",2024-08-05,pm25
12,86,1016,88101,3,25.794222,-80.215556,NAD83,PM2.5 - Local Conditions,24-HR BLK AVG,PM25 24-hour 2012,2021-11-23,Micrograms/cubic meter (LC),Included,1,100.0,7.1,7.1,0,39.0,238.0,Teledyne T640X at 16.67 LPM - Broadband spectroscopy,Miami Fire Station,"1200 NW 20th St, Miami, FL 33142",Florida,Miami-Dade,Miami,"Miami-Fort Lauderdale-West Palm Beach, FL",2024-08-05,pm25
12,86,1016,88101,3,25.794222,-80.215556,NAD83,PM2.5 - Local Conditions,24-HR BLK AVG,PM25 24-hour 2012,2021-11-24,Micrograms/cubic meter (LC),Included,1,100.0,6.7,6.7,0,37.0,238.0,Teledyne T640X at 16.67 LPM - Broadband spectroscopy,Miami Fire Station,"1200 NW 20th St, Miami, FL 33142",Florida,Miami-Dade,Miami,"Miami-Fort Lauderdale-West Palm Beach, FL",2024-08-05,pm25
12,86,1016,88101,3,25.794222,-80.215556,NAD83,PM2.5 - Local Conditions,24-HR BLK AVG,PM25 24-hour 2012,2021-11-25,Micrograms/cubic meter (LC),Included,1,100.0,6.0,6.0,0,33.0,238.0,Teledyne T640X at 16.67 LPM - Broadband spectroscopy,Miami Fire Station,"1200 NW 20th St, Miami, FL 33142",Florida,Miami-Dade,Miami,"Miami-Fort Lauderdale-West Palm Beach, FL",2024-08-05,pm25
12,86,1016,88101,3,25.794222,-80.215556,NAD83,PM2.5 - Local Conditions,24-HR BLK AVG,PM25 24-hour 2012,2021-11-26,Micrograms/cubic meter (LC),Included,1,100.0,6.3,6.3,0,35.0,238.0,Teledyne T640X at 16.67 LPM - Broadband spectroscopy,Miami Fire Station,"1200 NW 20th St, Miami, FL 33142",Florida,Miami-Dade,Miami,"Miami-Fort Lauderdale-West Palm Beach, FL",2024-08-05,pm25
12,86,1016,88101,3,25.794222,-80.215556,NAD83,PM2.5 - Local Conditions,24-HR BLK AVG,PM25 24-hour 2012,2021-11-27,Micrograms/cubic meter (LC),Included,1,100.0,7.1,7.1,0,39.0,238.0,Teledyne T640X at 16.67 LPM - Broadband spectroscopy,Miami Fire Station,"1200 NW 20th St, Miami, FL 33142",Florida,Miami-Dade,Miami,"Miami-Fort Lauderdale-West Palm Beach, FL",2024-08-05,pm25
12,86,1016,88101,3,25.794222,-80.215556,NAD83,PM2.5 - Local Conditions,24-HR BLK AVG,PM25 24-hour 2012,2021-11-28,Micrograms/cubic meter (LC),Included,1,100.0,8.2,8.2,0,46.0,238.0,Teledyne T640X at 16.67 LPM - Broadband spectroscopy,Miami Fire Station,"1200 NW 20th St, Miami, FL 33142",Florida,Miami-Dade,Miami,"Miami-Fort Lauderdale-West Palm Beach, FL",2024-08-05,pm25
12,86,1016,88101,3,25.794222,-80.215556,NAD83,PM2.5 - Local Conditions,24-HR BLK AVG,PM25 24-hour 2012,2021-11-29,Micrograms/cubic meter (LC),Included,1,100.0,9.6,9.6,0,52.0,238.0,Teledyne T640X at 16.67 LPM - Broadband spectroscopy,Miami Fire Station,"1200 NW 20th St, Miami, FL 33142",Florida,Miami-Dade,Miami,"Miami-Fort Lauderdale-West Palm Beach, FL",2024-08-05,pm25
12,86,1016,88101,3,25.794222,-80.215556,NAD83,PM2.5 - Local Conditions,24-HR BLK AVG,PM25 24-hour 2012,2021-11-30,Micrograms/cubic meter (LC),Included,1,100.0,6.6,6.6,0,37.0,238.0,Teledyne T640X at 16.67 LPM - Broadband spectroscopy,Miami Fire Station,"1200 NW 20th St, Miami, FL 33142",Florida,Miami-Dade,Miami,"Miami-Fort Lauderdale-West Palm Beach, FL",2024-08-05,pm25
12,86,1016,88101,3,25.794222,-80.215556,NAD83,PM2.5 - Local Conditions,24-HR BLK AVG,PM25 24-hour 2012,2021-12-01,Micrograms/cubic meter (LC),Included,1,100.0,5.9,5.9,0,33.0,238.0,Teledyne T640X at 16.67 LPM - Broadband spectroscopy,Miami Fire Station,"1200 NW 20th St, Miami, FL 33142",Florida,Miami-Dade,Miami,"Miami-Fort Lauderdale-West Palm Beach, FL",2024-08-05,pm25
12,86,1016,88101,3,25.794222,-80.215556,NAD83,PM2.5 - Local Conditions,24-HR BLK AVG,PM25 24-hour 2012,2021-12-02,Micrograms/cubic meter (LC),Included,1,100.0,9.7,9.7,0,52.0,238.0,Teledyne T640X at 16.67 LPM - Broadband spectroscopy,Miami Fire Station,"1200 NW 20th St, Miami, FL 33142",Florida,Miami-Dade,Miami,"Miami-Fort Lauderdale-West Palm Beach, FL",2024-08-05,pm25
12,86,1016,88101,3,25.794222,-80.215556,NAD83,PM2.5 - Local Conditions,24-HR BLK AVG,PM25 24-hour 2012,2021-12-03,Micrograms/cubic meter (LC),Included,1,100.0,8.1,8.1,0,45.0,238.0,Teledyne T640X at 16.67 LPM - Broadband spectroscopy,Miami Fire Station,"1200 NW 20th St, Miami, FL 33142",Florida,Miami-Dade,Miami,"Miami-Fort Lauderdale-West Palm Beach, FL",2024-08-05,pm25
12,86,1016,88101,3,25.794222,-80.215556,NAD83,PM2.5 - Local Conditions,24-HR BLK AVG,PM25 24-hour 2012,2021-12-04,Micrograms/cubic meter (LC),Included,1,100.0,9.5,9.5,0,52.0,238.0,Teledyne T640X at 16.67 LPM - Broadband spectroscopy,Miami Fire Station,"1200 NW 20th St, Miami, FL 33142",Florida,Miami-Dade,Miami,"Miami-Fort Lauderdale-West Palm Beach, FL",2024-08-05,pm25
12,86,1016,88101,3,25.794222,-80.215556,NAD83,PM2.5 - Local Conditions,24-HR BLK AVG,PM25 24-hour 2012,2021-12-05,Micrograms/cubic meter (LC),Included,1,100.0,6.6,6.6,0,37.0,238.0,Teledyne T640X at 16.67 LPM - Broadband spectroscopy,Miami Fire Station,"1200 NW 20th St, Miami, FL 33142",Florida,Miami-Dade,Miami,"Miami-Fort Lauderdale-West Palm Beach, FL",2024-08-05,pm25
12,86,1016,88101,3,25.794222,-80.215556,NAD83,PM2.5 - Local Conditions,24-HR BLK AVG,PM25 24-hour 2012,2021-12-06,Micrograms/cubic meter (LC),Included,1,100.0,5.8,5.8,0,32.0,238.0,Teledyne T640X at 16.67 LPM - Broadband spectroscopy,Miami Fire Station,"1200 NW 20th St, Miami, FL 33142",Florida,Miami-Dade,Miami,"Miami-Fort Lauderdale-West Palm Beach, FL",2024-08-05,pm25
12,86,1016,88101,3,25.794222,-80.215556,NAD83,PM2.5 - Local Conditions,24-HR BLK AVG,PM25 24-hour 2012,2021-12-07,Micrograms/cubic meter (LC),Included,1,100.0,7.9,7.9,0,44.0,238.0,Teledyne T640X at 16.67 LPM - Broadband spectroscopy,Miami Fire Station,"1200 NW 20th St, Miami, FL 33142",Florida,Miami-Dade,Miami,"Miami-Fort Lauderdale-West Palm Beach, FL",2024-08-05,pm25
12,86,1016,88101,3,25.794222,-80.215556,NAD83,PM2.5 - Local Conditions,24-HR BLK AVG,PM25 24-hour 2012,2021-12-08,Micrograms/cubic meter (LC),Included,1,100.0,8.4,8.4,0,47.0,238.0,Teledyne T640X at 16.67 LPM - Broadband spectroscopy,Miami Fire Station,"1200 NW 20th St, Miami, FL 33142",Florida,Miami-Dade,Miami,"Miami-Fort Lauderdale-West Palm Beach, FL",2024-08-05,pm25
12,86,1016,88101,3,25.794222,-80.215556,NAD83,PM2.5 - Local Conditions,24-HR BLK AVG,PM25 24-hour 2012,2021-12-09,Micrograms/cubic meter (LC),Included,1,100.0,6.7,6.7,0,37.0,238.0,Teledyne T640X at 16.67 LPM - Broadband spectroscopy,Miami Fire Station,"1200 NW 20th St, Miami, FL 33142",Florida,Miami-Dade,Miami,"Miami-Fort Lauderdale-West Palm Beach, FL",2024-08-05,pm25
12,86,1016,88101,3,25.794222,-80.215556,NAD83,PM2.5 - Local Conditions,24-HR BLK AVG,PM25 24-hour 2012,2021-12-10,Micrograms/cubic meter (LC),Included,1,100.0,7.7,7.7,0,43.0,238.0,Teledyne T640X at 16.67 LPM - Broadband spectroscopy,Miami Fire Station,"1200 NW 20th St, Miami, FL 33142",Florida,Miami-Dade,Miami,"Miami-Fort Lauderdale-West Palm Beach, FL",2024-08-05,pm25
12,86,1016,88101,3,25.794222,-80.215556,NAD83,PM2.5 - Local Conditions,24-HR BLK AVG,PM25 24-hour 2012,2021-12-11,Micrograms/cubic meter (LC),Included,1,100.0,5.9,5.9,0,33.0,238.0,Teledyne T640X at 16.67 LPM - Broadband spectroscopy,Miami Fire Station,"1200 NW 20th St, Miami, FL 33142",Florida,Miami-Dade,Miami,"Miami-Fort Lauderdale-West Palm Beach, FL",2024-08-05,pm25
12,86,1016,88101,3,25.794222,-80.215556,NAD83,PM2.5 - Local Conditions,24-HR BLK AVG,PM25 24-hour 2012,2021-12-12,Micrograms/cubic meter (LC),Included,1,100.0,5.8,5.8,0,32.0,238.0,Teledyne T640X at 16.67 LPM - Broadband spectroscopy,Miami Fire Station,"1200 NW 20th St, Miami, FL 33142",Florida,Miami-Dade,Miami,"Miami-Fort Lauderdale-West Palm Beach, FL",2024-08-05,pm25
12,86,1016,88101,3,25.794222,-80.215556,NAD83,PM2.5 - Local Conditions,24-HR BLK AVG,PM25 24-hour 2012,2021-12-13,Micrograms/cubic meter (LC),Included,1,100.0,7.5,7.5,0,42.0,238.0,Teledyne T640X at 16.67 LPM - Broadband spectroscopy,Miami Fire Station,"1200 NW 20th St, Miami, FL 33142",Florida,Miami-Dade,Miami,"Miami-Fort Lauderdale-West Palm Beach, FL",2024-08-05,pm25
12,86,1016,88101,3,25.794222,-80.215556,NAD83,PM2.5 - Local Conditions,24-HR BLK AVG,PM25 24-hour 2012,2021-12-14,Micrograms/cubic meter (LC),Included,1,100.0,7.6,7.6,0,42.0,238.0,Teledyne T640X at 16.67 LPM - Broadband spectroscopy,Miami Fire Station,"1200 NW 20th St, Miami, FL 33142",Florida,Miami-Dade,Miami,"Miami-Fort Lauderdale-West Palm Beach, FL",2024-08-05,pm25
12,86,1016,88101,3,25.794222,-80.215556,NAD83,PM2.5 - Local Conditions,24-HR BLK AVG,PM25 24-hour 2012,2021-12-15,Micrograms/cubic meter (LC),Included,1,100.0,7.0,7.0,0,39.0,238.0,Teledyne T640X at 16.67 LPM - Broadband spectroscopy,Miami Fire Station,"1200 NW 20th St, Miami, FL 33142",Florida,Miami-Dade,Miami,"Miami-Fort Lauderdale-West Palm Beach, FL",2024-08-05,pm25
12,86,1016,88101,3,25.794222,-80.215556,NAD83,PM2.5 - Local Conditions,24-HR BLK AVG,PM25 24-hour 2012,2021-12-16,Micrograms/cubic meter (LC),Included,1,100.0,7.8,7.8,0,43.0,238.0,Teledyne T640X at 16.67 LPM - Broadband spectroscopy,Miami Fire Station,"1200 NW 20th St, Miami, FL 33142",Florida,Miami-Dade,Miami,"Miami-Fort Lauderdale-West Palm Beach, FL",2024-08-05,pm25
12,86,1016,88101,3,25.794222,-80.215556,NAD83,PM2.5 - Local Conditions,24-HR BLK AVG,PM25 24-hour 2012,2021-12-17,Micrograms/cubic meter (LC),Included,1,100.0,6.6,6.6,0,37.0,238.0,Teledyne T640X at 16.67 LPM - Broadband spectroscopy,Miami Fire Station,"1200 NW 20th St, Miami, FL 33142",Florida,Miami-Dade,Miami,"Miami-Fort Lauderdale-West Palm Beach, FL",2024-08-05,pm25
12,86,1016,88101,3,25.794222,-80.215556,NAD83,PM2.5 - Local Conditions,24-HR BLK AVG,PM25 24-hour 2012,2021-12-18,Micrograms/cubic meter (LC),Included,1,100.0,8.8,8.8,0,49.0,238.0,Teledyne T640X at 16.67 LPM - Broadband spectroscopy,Miami Fire Station,"1200 NW 20th St, Miami, FL 33142",Florida,Miami-Dade,Miami,"Miami-Fort Lauderdale-West Palm Beach, FL",2024-08-05,pm25
12,86,1016,88101,3,25.794222,-80.215556,NAD83,PM2.5 - Local Conditions,24-HR BLK AVG,PM25 24-hour 2012,2021-12-19,Micrograms/cubic meter (LC),Included,1,100.0,8.2,8.2,0,46.0,238.0,Teledyne T640X at 16.67 LPM - Broadband spectroscopy,Miami Fire Station,"1200 NW 20th St, Miami, FL 33142",Florida,Miami-Dade,Miami,"Miami-Fort Lauderdale-West Palm Beach, FL",2024-08-05,pm25
12,86,1016,88101,3,25.794222,-80.215556,NAD83,PM2.5 - Local Conditions,24-HR BLK AVG,PM25 24-hour 2012,2021-12-20,Micrograms/cubic meter (LC),Included,1,100.0,8.1,8.1,0,45.0,238.0,Teledyne T640X at 16.67 LPM - Broadband spectroscopy,Miami Fire Station,"1200 NW 20th St, Miami, FL 33142",Florida,Miami-Dade,Miami,"Miami-Fort Lauderdale-West Palm Beach, FL",2024-08-05,pm25
12,86,1016,88101,3,25.794222,-80.215556,NAD83,PM2.5 - Local Conditions,24-HR BLK AVG,PM25 24-hour 2012,2021-12-21,Micrograms/cubic meter (LC),Included,1,100.0,6.8,6.8,0,38.0,238.0,Teledyne T640X at 16.67 LPM - Broadband spectroscopy,Miami Fire Station,"1200 NW 20th St, Miami, FL 33142",Florida,Miami-Dade,Miami,"Miami-Fort Lauderdale-West Palm Beach, FL",2024-08-05,pm25
12,86,1016,88101,3,25.794222,-80.215556,NAD83,PM2.5 - Local Conditions,24-HR BLK AVG,PM25 24-hour 2012,2021-12-22,Micrograms/cubic meter (LC),Included,1,100.0,5.5,5.5,0,31.0,238.0,Teledyne T640X at 16.67 LPM - Broadband spectroscopy,Miami Fire Station,"1200 NW 20th St, Miami, FL 33142",Florida,Miami-Dade,Miami,"Miami-Fort Lauderdale-West Palm Beach, FL",2024-08-05,pm25
12,86,1016,88101,3,25.794222,-80.215556,NAD83,PM2.5 - Local Conditions,24-HR BLK AVG,PM25 24-hour 2012,2021-12-23,Micrograms/cubic meter (LC),Included,1,100.0,7.4,7.4,0,41.0,238.0,Teledyne T640X at 16.67 LPM - Broadband spectroscopy,Miami Fire Station,"1200 NW 20th St, Miami, FL 33142",Florida,Miami-Dade,Miami,"Miami-Fort Lauderdale-West Palm Beach, FL",2024-08-05,pm25
12,86,1016,88101,3,25.794222,-80.215556,NAD83,PM2.5 - Local Conditions,24-HR BLK AVG,PM25 24-hour 2012,2021-12-24,Micrograms/cubic meter (LC),Included,1,100.0,11.6,11.6,0,56.0,238.0,Teledyne T640X at 16.67 LPM - Broadband spectroscopy,Miami Fire Station,"1200 NW 20th St, Miami, FL 33142",Florida,Miami-Dade,Miami,"Miami-Fort Lauderdale-West Palm Beach, FL",2024-08-05,pm25
12,86,1016,88101,3,25.794222,-80.215556,NAD83,PM2.5 - Local Conditions,24-HR BLK AVG,PM25 24-hour 2012,2021-12-25,Micrograms/cubic meter (LC),Included,1,100.0,32.2,32.2,0,94.0,238.0,Teledyne T640X at 16.67 LPM - Broadband spectroscopy,Miami Fire Station,"1200 NW 20th St, Miami, FL 33142",Florida,Miami-Dade,Miami,"Miami-Fort Lauderdale-West Palm Beach, FL",2024-08-05,pm25
12,86,1016,88101,3,25.794222,-80.215556,NAD83,PM2.5 - Local Conditions,24-HR BLK AVG,PM25 24-hour 2012,2021-12-26,Micrograms/cubic meter (LC),Included,1,100.0,10.5,10.5,0,54.0,238.0,Teledyne T640X at 16.67 LPM - Broadband spectroscopy,Miami Fire Station,"1200 NW 20th St, Miami, FL 33142",Florida,Miami-Dade,Miami,"Miami-Fort Lauderdale-West Palm Beach, FL",2024-08-05,pm25
12,86,1016,88101,3,25.794222,-80.215556,NAD83,PM2.5 - Local Conditions,24-HR BLK AVG,PM25 24-hour 2012,2021-12-27,Micrograms/cubic meter (LC),Included,1,100.0,8.8,8.8,0,49.0,238.0,Teledyne T640X at 16.67 LPM - Broadband spectroscopy,Miami Fire Station,"1200 NW 20th St, Miami, FL 33142",Florida,Miami-Dade,Miami,"Miami-Fort Lauderdale-West Palm Beach, FL",2024-08-05,pm25
12,86,1016,88101,3,25.794222,-80.215556,NAD83,PM2.5 - Local Conditions,24-HR BLK AVG,PM25 24-hour 2012,2021-12-28,Micrograms/cubic meter (LC),Included,1,100.0,6.7,6.7,0,37.0,238.0,Teledyne T640X at 16.67 LPM - Broadband spectroscopy,Miami Fire Station,"1200 NW 20th St, Miami, FL 33142",Florida,Miami-Dade,Miami,"Miami-Fort Lauderdale-West Palm Beach, FL",2024-08-05,pm25
12,86,1016,88101,3,25.794222,-80.215556,NAD83,PM2.5 - Local Conditions,24-HR BLK AVG,PM25 24-hour 2012,2021-12-29,Micrograms/cubic meter (LC),Included,1,100.0,5.2,5.2,0,29.0,238.0,Teledyne T640X at 16.67 LPM - Broadband spectroscopy,Miami Fire Station,"1200 NW 20th St, Miami, FL 33142",Florida,Miami-Dade,Miami,"Miami-Fort Lauderdale-West Palm Beach, FL",2024-08-05,pm25
12,86,1016,88101,3,25.794222,-80.215556,NAD83,PM2.5 - Local Conditions,24-HR BLK AVG,PM25 24-hour 2012,2021-12-30,Micrograms/cubic meter (LC),Included,1,100.0,4.9,4.9,0,27.0,238.0,Teledyne T640X at 16.67 LPM - Broadband spectroscopy,Miami Fire Station,"1200 NW 20th St, Miami, FL 33142",Florida,Miami-Dade,Miami,"Miami-Fort Lauderdale-West Palm Beach, FL",2024-08-05,pm25
12,86,1016,88101,3,25.794222,-80.215556,NAD83,PM2.5 - Local Conditions,24-HR BLK AVG,PM25 24-hour 2012,2021-12-31,Micrograms/cubic meter (LC),Included,1,100.0,6.5,6.5,0,36.0,238.0,Teledyne T640X at 16.67 LPM - Broadband spectroscopy,Miami Fire Station,"1200 NW 20th St, Miami, FL 33142",Florida,Miami-Dade,Miami,"Miami-Fort Lauderdale-West Palm Beach, FL",2024-08-05,pm25
12,86,1016,88101,23,25.794222,-80.215556,NAD83,PM2.5 - Local Conditions,24-HR BLK AVG,PM25 24-hour 2012,2021-01-01,Micrograms/cubic meter (LC),,1,100.0,4.4,4.4,0,24.0,738.0,Teledyne T640X at 16.67 LPM (Corrected) - Broadband spectroscopy,Miami Fire Station,"1200 NW 20th St, Miami, FL 33142",Florida,Miami-Dade,Miami,"Miami-Fort Lauderdale-West Palm Beach, FL",2024-08-05,pm25
12,86,1016,88101,23,25.794222,-80.215556,NAD83,PM2.5 - Local Conditions,24-HR BLK AVG,PM25 24-hour 2012,2021-01-02,Micrograms/cubic meter (LC),,1,100.0,4.2,4.2,0,23.0,738.0,Teledyne T640X at 16.67 LPM (Corrected) - Broadband spectroscopy,Miami Fire Station,"1200 NW 20th St, Miami, FL 33142",Florida,Miami-Dade,Miami,"Miami-Fort Lauderdale-West Palm Beach, FL",2024-08-05,pm25
12,86,1016,88101,23,25.794222,-80.215556,NAD83,PM2.5 - Local Conditions,24-HR BLK AVG,PM25 24-hour 2012,2021-01-03,Micrograms/cubic meter (LC),,1,100.0,3.9,3.9,0,22.0,738.0,Teledyne T640X at 16.67 LPM (Corrected) - Broadband spectroscopy,Miami Fire Station,"1200 NW 20th St, Miami, FL 33142",Florida,Miami-Dade,Miami,"Miami-Fort Lauderdale-West Palm Beach, FL",2024-08-05,pm25
12,86,1016,88101,23,25.794222,-80.215556,NAD83,PM2.5 - Local Conditions,24-HR BLK AVG,PM25 24-hour 2012,2021-01-04,Micrograms/cubic meter (LC),,1,100.0,6.5,6.5,0,36.0,738.0,Teledyne T640X at 16.67 LPM (Corrected) - Broadband spectroscopy,Miami Fire Station,"1200 NW 20th St, Miami, FL 33142",Florida,Miami-Dade,Miami,"Miami-Fort Lauderdale-West Palm Beach, FL",2024-08-05,pm25
12,86,1016,88101,23,25.794222,-80.215556,NAD83,PM2.5 - Local Conditions,24-HR BLK AVG,PM25 24-hour 2012,2021-01-05,Micrograms/cubic meter (LC),,1,100.0,5.0,5.0,0,28.0,738.0,Teledyne T640X at 16.67 LPM (Corrected) - Broadband spectroscopy,Miami Fire Station,"1200 NW 20th St, Miami, FL 33142",Florida,Miami-Dade,Miami,"Miami-Fort Lauderdale-West Palm Beach, FL",2024-08-05,pm25
12,86,1016,88101,23,25.794222,-80.215556,NAD83,PM2.5 - Local Conditions,24-HR BLK AVG,PM25 24-hour 2012,2021-01-06,Micrograms/cubic meter (LC),,1,100.0,5.2,5.2,0,29.0,738.0,Teledyne T640X at 16.67 LPM (Corrected) - Broadband spectroscopy,Miami Fire Station,"1200 NW 20th St, Miami, FL 33142",Florida,Miami-Dade,Miami,"Miami-Fort Lauderdale-West Palm Beach, FL",2024-08-05,pm25
12,86,1016,88101,23,25.794222,-80.215556,NAD83,PM2.5 - Local Conditions,24-HR BLK AVG,PM25 24-hour 2012,2021-01-07,Micrograms/cubic meter (LC),,1,100.0,4.7,4.7,0,26.0,738.0,Teledyne T640X at 16.67 LPM (Corrected) - Broadband spectroscopy,Miami Fire Station,"1200 NW 20th St, Miami, FL 33142",Florida,Miami-Dade,Miami,"Miami-Fort Lauderdale-West Palm Beach, FL",2024-08-05,pm25
12,86,1016,88101,23,25.794222,-80.215556,NAD83,PM2.5 - Local Conditions,24-HR BLK AVG,PM25 24-hour 2012,2021-01-08,Micrograms/cubic meter (LC),,1,100.0,4.0,4.0,0,22.0,738.0,Teledyne T640X at 16.67 LPM (Corrected) - Broadband spectroscopy,Miami Fire Station,"1200 NW 20th St, Miami, FL 33142",Florida,Miami-Dade,Miami,"Miami-Fort Lauderdale-West Palm Beach, FL",2024-08-05,pm25
12,86,1016,88101,23,25.794222,-80.215556,NAD83,PM2.5 - Local Conditions,24-HR BLK AVG,PM25 24-hour 2012,2021-01-09,Micrograms/cubic meter (LC),,1,100.0,4.3,4.3,0,24.0,738.0,Teledyne T640X at 16.67 LPM (Corrected) - Broadband spectroscopy,Miami Fire Station,"1200 NW 20th St, Miami, FL 33142",Florida,Miami-Dade,Miami,"Miami-Fort Lauderdale-West Palm Beach, FL",2024-08-05,pm25
12,86,1016,88101,23,25.794222,-80.215556,NAD83,PM2.5 - Local Conditions,24-HR BLK AVG,PM25 24-hour 2012,2021-01-10,Micrograms/cubic meter (LC),,1,100.0,5.0,5.0,0,28.0,738.0,Teledyne T640X at 16.67 LPM (Corrected) - Broadband spectroscopy,Miami Fire Station,"1200 NW 20th St, Miami, FL 33142",Florida,Miami-Dade,Miami,"Miami-Fort Lauderdale-West Palm Beach, FL",2024-08-05,pm25
12,86,1016,88101,23,25.794222,-80.215556,NAD83,PM2.5 - Local Conditions,24-HR BLK AVG,PM25 24-hour 2012,2021-01-11,Micrograms/cubic meter (LC),,1,100.0,3.5,3.5,0,19.0,738.0,Teledyne T640X at 16.67 LPM (Corrected) - Broadband spectroscopy,Miami Fire Station,"1200 NW 20th St, Miami, FL 33142",Florida,Miami-Dade,Miami,"Miami-Fort Lauderdale-West Palm Beach, FL",2024-08-05,pm25
12,86,1016,88101,23,25.794222,-80.215556,NAD83,PM2.5 - Local Conditions,24-HR BLK AVG,PM25 24-hour 2012,2021-01-12,Micrograms/cubic meter (LC),,1,100.0,5.8,5.8,0,32.0,738.0,Teledyne T640X at 16.67 LPM (Corrected) - Broadband spectroscopy,Miami Fire Station,"1200 NW 20th St, Miami, FL 33142",Florida,Miami-Dade,Miami,"Miami-Fort Lauderdale-West Palm Beach, FL",2024-08-05,pm25
12,86,1016,88101,23,25.794222,-80.215556,NAD83,PM2.5 - Local Conditions,24-HR BLK AVG,PM25 24-hour 2012,2021-01-13,Micrograms/cubic meter (LC),,1,100.0,9.3,9.3,0,51.0,738.0,Teledyne T640X at 16.67 LPM (Corrected) - Broadband spectroscopy,Miami Fire Station,"1200 NW 20th St, Miami, FL 33142",Florida,Miami-Dade,Miami,"Miami-Fort Lauderdale-West Palm Beach, FL",2024-08-05,pm25
12,86,1016,88101,23,25.794222,-80.215556,NAD83,PM2.5 - Local Conditions,24-HR BLK AVG,PM25 24-hour 2012,2021-01-14,Micrograms/cubic meter (LC),,1,100.0,8.3,8.3,0,46.0,738.0,Teledyne T640X at 16.67 LPM (Corrected) - Broadband spectroscopy,Miami Fire Station,"1200 NW 20th St, Miami, FL 33142",Florida,Miami-Dade,Miami,"Miami-Fort Lauderdale-West Palm Beach, FL",2024-08-05,pm25
12,86,1016,88101,23,25.794222,-80.215556,NAD83,PM2.5 - Local Conditions,24-HR BLK AVG,PM25 24-hour 2012,2021-01-15,Micrograms/cubic meter (LC),,1,100.0,7.9,7.9,0,44.0,738.0,Teledyne T640X at 16.67 LPM (Corrected) - Broadband spectroscopy,Miami Fire Station,"1200 NW 20th St, Miami, FL 33142",Florida,Miami-Dade,Miami,"Miami-Fort Lauderdale-West Palm Beach, FL",2024-08-05,pm25
12,86,1016,88101,23,25.794222,-80.215556,NAD83,PM2.5 - Local Conditions,24-HR BLK AVG,PM25 24-hour 2012,2021-01-16,Micrograms/cubic meter (LC),,1,100.0,3.7,3.7,0,21.0,738.0,Teledyne T640X at 16.67 LPM (Corrected) - Broadband spectroscopy,Miami Fire Station,"1200 NW 20th St, Miami, FL 33142",Florida,Miami-Dade,Miami,"Miami-Fort Lauderdale-West Palm Beach, FL",2024-08-05,pm25
12,86,1016,88101,23,25.794222,-80.215556,NAD83,PM2.5 - Local Conditions,24-HR BLK AVG,PM25 24-hour 2012,2021-01-17,Micrograms/cubic meter (LC),,1,100.0,3.1,3.1,0,17.0,738.0,Teledyne T640X at 16.67 LPM (Corrected) - Broadband spectroscopy,Miami Fire Station,"1200 NW 20th St, Miami, FL 33142",Florida,Miami-Dade,Miami,"Miami-Fort Lauderdale-West Palm Beach, FL",2024-08-05,pm25
12,86,1016,88101,23,25.794222,-80.215556,NAD83,PM2.5 - Local Conditions,24-HR BLK AVG,PM25 24-hour 2012,2021-01-18,Micrograms/cubic meter (LC),,1,100.0,4.5,4.5,0,25.0,738.0,Teledyne T640X at 16.67 LPM (Corrected) - Broadband spectroscopy,Miami Fire Station,"1200 NW 20th St, Miami, FL 33142",Florida,Miami-Dade,Miami,"Miami-Fort Lauderdale-West Palm Beach, FL",2024-08-05,pm25
12,86,1016,88101,23,25.794222,-80.215556,NAD83,PM2.5 - Local Conditions,24-HR BLK AVG,PM25 24-hour 2012,2021-01-19,Micrograms/cubic meter (LC),,1,100.0,4.0,4.0,0,22.0,738.0,Teledyne T640X at 16.67 LPM (Corrected) - Broadband spectroscopy,Miami Fire Station,"1200 NW 20th St, Miami, FL 33142",Florida,Miami-Dade,Miami,"Miami-Fort Lauderdale-West Palm Beach, FL",2024-08-05,pm25
12,86,1016,88101,23,25.794222,-80.215556,NAD83,PM2.5 - Local Conditions,24-HR BLK AVG,PM25 24-hour 2012,2021-01-20,Micrograms/cubic meter (LC),,1,100.0,3.0,3.0,0,17.0,738.0,Teledyne T640X at 16.67 LPM (Corrected) - Broadband spectroscopy,Miami Fire Station,"1200 NW 20th St, Miami, FL 33142",Florida,Miami-Dade,Miami,"Miami-Fort Lauderdale-West Palm Beach, FL",2024-08-05,pm25
12,86,1016,88101,23,25.794222,-80.215556,NAD83,PM2.5 - Local Conditions,24-HR BLK AVG,PM25 24-hour 2012,2021-01-21,Micrograms/cubic meter (LC),,1,100.0,4.1,4.1,0,23.0,738.0,Teledyne T640X at 16.67 LPM (Corrected) - Broadband spectroscopy,Miami Fire Station,"1200 NW 20th St, Miami, FL 33142",Florida,Miami-Dade,Miami,"Miami-Fort Lauderdale-West Palm Beach, FL",2024-08-05,pm25
12,86,1016,88101,23,25.794222,-80.215556,NAD83,PM2.5 - Local Conditions,24-HR BLK AVG,PM25 24-hour 2012,2021-01-22,Micrograms/cubic meter (LC),,1,100.0,5.0,5.0,0,28.0,738.0,Teledyne T640X at 16.67 LPM (Corrected) - Broadband spectroscopy,Miami Fire Station,"1200 NW 20th St, Miami, FL 33142",Florida,Miami-Dade,Miami,"Miami-Fort Lauderdale-West Palm Beach, FL",2024-08-05,pm25
12,86,1016,88101,23,25.794222,-80.215556,NAD83,PM2.5 - Local Conditions,24-HR BLK AVG,PM25 24-hour 2012,2021-01-23,Micrograms/cubic meter (LC),,1,100.0,5.1,5.1,0,28.0,738.0,Teledyne T640X at 16.67 LPM (Corrected) - Broadband spectroscopy,Miami Fire Station,"1200 NW 20th St, Miami, FL 33142",Florida,Miami-Dade,Miami,"Miami-Fort Lauderdale-West Palm Beach, FL",2024-08-05,pm25
12,86,1016,88101,23,25.794222,-80.215556,NAD83,PM2.5 - Local Conditions,24-HR BLK AVG,PM25 24-hour 2012,2021-01-24,Micrograms/cubic meter (LC),,1,100.0,4.3,4.3,0,24.0,738.0,Teledyne T640X at 16.67 LPM (Corrected) - Broadband spectroscopy,Miami Fire Station,"1200 NW 20th St, Miami, FL 33142",Florida,Miami-Dade,Miami,"Miami-Fort Lauderdale-West Palm Beach, FL",2024-08-05,pm25
12,86,1016,88101,23,25.794222,-80.215556,NAD83,PM2.5 - Local Conditions,24-HR BLK AVG,PM25 24-hour 2012,2021-01-25,Micrograms/cubic meter (LC),,1,100.0,2.9,2.9,0,16.0,738.0,Teledyne T640X at 16.67 LPM (Corrected) - Broadband spectroscopy,Miami Fire Station,"1200 NW 20th St, Miami, FL 33142",Florida,Miami-Dade,Miami,"Miami-Fort Lauderdale-West Palm Beach, FL",2024-08-05,pm25
12,86,1016,88101,23,25.794222,-80.215556,NAD83,PM2.5 - Local Conditions,24-HR BLK AVG,PM25 24-hour 2012,2021-01-26,Micrograms/cubic meter (LC),,1,100.0,2.4,2.4,0,13.0,738.0,Teledyne T640X at 16.67 LPM (Corrected) - Broadband spectroscopy,Miami Fire Station,"1200 NW 20th St, Miami, FL 33142",Florida,Miami-Dade,Miami,"Miami-Fort Lauderdale-West Palm Beach, FL",2024-08-05,pm25
12,86,1016,88101,23,25.794222,-80.215556,NAD83,PM2.5 - Local Conditions,24-HR BLK AVG,PM25 24-hour 2012,2021-01-27,Micrograms/cubic meter (LC),,1,100.0,4.7,4.7,0,26.0,738.0,Teledyne T640X at 16.67 LPM (Corrected) - Broadband spectroscopy,Miami Fire Station,"1200 NW 20th St, Miami, FL 33142",Florida,Miami-Dade,Miami,"Miami-Fort Lauderdale-West Palm Beach, FL",2024-08-05,pm25
12,86,1016,88101,23,25.794222,-80.215556,NAD83,PM2.5 - Local Conditions,24-HR BLK AVG,PM25 24-hour 2012,2021-01-28,Micrograms/cubic meter (LC),,1,100.0,5.4,5.4,0,30.0,738.0,Teledyne T640X at 16.67 LPM (Corrected) - Broadband spectroscopy,Miami Fire Station,"1200 NW 20th St, Miami, FL 33142",Florida,Miami-Dade,Miami,"Miami-Fort Lauderdale-West Palm Beach, FL",2024-08-05,pm25
12,86,1016,88101,23,25.794222,-80.215556,NAD83,PM2.5 - Local Conditions,24-HR BLK AVG,PM25 24-hour 2012,2021-01-29,Micrograms/cubic meter (LC),,1,100.0,3.6,3.6,0,20.0,738.0,Teledyne T640X at 16.67 LPM (Corrected) - Broadband spectroscopy,Miami Fire Station,"1200 NW 20th St, Miami, FL 33142",Florida,Miami-Dade,Miami,"Miami-Fort Lauderdale-West Palm Beach, FL",2024-08-05,pm25
12,86,1016,88101,23,25.794222,-80.215556,NAD83,PM2.5 - Local Conditions,24-HR BLK AVG,PM25 24-hour 2012,2021-01-30,Micrograms/cubic meter (LC),,1,100.0,3.3,3.3,0,18.0,738.0,Teledyne T640X at 16.67 LPM (Corrected) - Broadband spectroscopy,Miami Fire Station,"1200 NW 20th St, Miami, FL 33142",Florida,Miami-Dade,Miami,"Miami-Fort Lauderdale-West Palm Beach, FL",2024-08-05,pm25
12,86,1016,88101,23,25.794222,-80.215556,NAD83,PM2.5 - Local Conditions,24-HR BLK AVG,PM25 24-hour 2012,2021-01-31,Micrograms/cubic meter (LC),,1,100.0,2.7,2.7,0,15.0,738.0,Teledyne T640X at 16.67 LPM (Corrected) - Broadband spectroscopy,Miami Fire Station,"1200 NW 20th St, Miami, FL 33142",Florida,Miami-Dade,Miami,"Miami-Fort Lauderdale-West Palm Beach, FL",2024-08-05,pm25
12,86,1016,88101,23,25.794222,-80.215556,NAD83,PM2.5 - Local Conditions,24-HR BLK AVG,PM25 24-hour 2012,2021-02-01,Micrograms/cubic meter (LC),,1,100.0,4.5,4.5,0,25.0,738.0,Teledyne T640X at 16.67 LPM (Corrected) - Broadband spectroscopy,Miami Fire Station,"1200 NW 20th St, Miami, FL 33142",Florida,Miami-Dade,Miami,"Miami-Fort Lauderdale-West Palm Beach, FL",2024-08-05,pm25
12,86,1016,88101,23,25.794222,-80.215556,NAD83,PM2.5 - Local Conditions,24-HR BLK AVG,PM25 24-hour 2012,2021-02-02,Micrograms/cubic meter (LC),,1,100.0,3.9,3.9,0,22.0,738.0,Teledyne T640X at 16.67 LPM (Corrected) - Broadband spectroscopy,Miami Fire Station,"1200 NW 20th St, Miami, FL 33142",Florida,Miami-Dade,Miami,"Miami-Fort Lauderdale-West Palm Beach, FL",2024-08-05,pm25
12,86,1016,88101,23,25.794222,-80.215556,NAD83,PM2.5 - Local Conditions,24-HR BLK AVG,PM25 24-hour 2012,2021-02-03,Micrograms/cubic meter (LC),,1,100.0,3.9,3.9,0,22.0,738.0,Teledyne T640X at 16.67 LPM (Corrected) - Broadband spectroscopy,Miami Fire Station,"1200 NW 20th St, Miami, FL 33142",Florida,Miami-Dade,Miami,"Miami-Fort Lauderdale-West Palm Beach, FL",2024-08-05,pm25
12,86,1016,88101,23,25.794222,-80.215556,NAD83,PM2.5 - Local Conditions,24-HR BLK AVG,PM25 24-hour 2012,2021-02-04,Micrograms/cubic meter (LC),,1,100.0,5.8,5.8,0,32.0,738.0,Teledyne T640X at 16.67 LPM (Corrected) - Broadband spectroscopy,Miami Fire Station,"1200 NW 20th St, Miami, FL 33142",Florida,Miami-Dade,Miami,"Miami-Fort Lauderdale-West Palm Beach, FL",2024-08-05,pm25
12,86,1016,88101,23,25.794222,-80.215556,NAD83,PM2.5 - Local Conditions,24-HR BLK AVG,PM25 24-hour 2012,2021-02-05,Micrograms/cubic meter (LC),,1,100.0,3.1,3.1,0,17.0,738.0,Teledyne T640X at 16.67 LPM (Corrected) - Broadband spectroscopy,Miami Fire Station,"1200 NW 20th St, Miami, FL 33142",Florida,Miami-Dade,Miami,"Miami-Fort Lauderdale-West Palm Beach, FL",2024-08-05,pm25
12,86,1016,88101,23,25.794222,-80.215556,NAD83,PM2.5 - Local Conditions,24-HR BLK AVG,PM25 24-hour 2012,2021-02-06,Micrograms/cubic meter (LC),,1,100.0,4.1,4.1,0,23.0,738.0,Teledyne T640X at 16.67 LPM (Corrected) - Broadband spectroscopy,Miami Fire Station,"1200 NW 20th St, Miami, FL 33142",Florida,Miami-Dade,Miami,"Miami-Fort Lauderdale-West Palm Beach, FL",2024-08-05,pm25
12,86,1016,88101,23,25.794222,-80.215556,NAD83,PM2.5 - Local Conditions,24-HR BLK AVG,PM25 24-hour 2012,2021-02-07,Micrograms/cubic meter (LC),,1,100.0,6.0,6.0,0,33.0,738.0,Teledyne T640X at 16.67 LPM (Corrected) - Broadband spectroscopy,Miami Fire Station,"1200 NW 20th St, Miami, FL 33142",Florida,Miami-Dade,Miami,"Miami-Fort Lauderdale-West Palm Beach, FL",2024-08-05,pm25
12,86,1016,88101,23,25.794222,-80.215556,NAD83,PM2.5 - Local Conditions,24-HR BLK AVG,PM25 24-hour 2012,2021-02-08,Micrograms/cubic meter (LC),,1,100.0,5.6,5.6,0,31.0,738.0,Teledyne T640X at 16.67 LPM (Corrected) - Broadband spectroscopy,Miami Fire Station,"1200 NW 20th St, Miami, FL 33142",Florida,Miami-Dade,Miami,"Miami-Fort Lauderdale-West Palm Beach, FL",2024-08-05,pm25
12,86,1016,88101,23,25.794222,-80.215556,NAD83,PM2.5 - Local Conditions,24-HR BLK AVG,PM25 24-hour 2012,2021-02-09,Micrograms/cubic meter (LC),,1,100.0,3.7,3.7,0,21.0,738.0,Teledyne T640X at 16.67 LPM (Corrected) - Broadband spectroscopy,Miami Fire Station,"1200 NW 20th St, Miami, FL 33142",Florida,Miami-Dade,Miami,"Miami-Fort Lauderdale-West Palm Beach, FL",2024-08-05,pm25
12,86,1016,88101,23,25.794222,-80.215556,NAD83,PM2.5 - Local Conditions,24-HR BLK AVG,PM25 24-hour 2012,2021-02-10,Micrograms/cubic meter (LC),,1,100.0,3.2,3.2,0,18.0,738.0,Teledyne T640X at 16.67 LPM (Corrected) - Broadband spectroscopy,Miami Fire Station,"1200 NW 20th St, Miami, FL 33142",Florida,Miami-Dade,Miami,"Miami-Fort Lauderdale-West Palm Beach, FL",2024-08-05,pm25
12,86,1016,88101,23,25.794222,-80.215556,NAD83,PM2.5 - Local Conditions,24-HR BLK AVG,PM25 24-hour 2012,2021-02-11,Micrograms/cubic meter (LC),,1,100.0,2.7,2.7,0,15.0,738.0,Teledyne T640X at 16.67 LPM (Corrected) - Broadband spectroscopy,Miami Fire Station,"1200 NW 20th St, Miami, FL 33142",Florida,Miami-Dade,Miami,"Miami-Fort Lauderdale-West Palm Beach, FL",2024-08-05,pm25
12,86,1016,88101,23,25.794222,-80.215556,NAD83,PM2.5 - Local Conditions,24-HR BLK AVG,PM25 24-hour 2012,2021-02-12,Micrograms/cubic meter (LC),,1,100.0,3.5,3.5,0,19.0,738.0,Teledyne T640X at 16.67 LPM (Corrected) - Broadband spectroscopy,Miami Fire Station,"1200 NW 20th St, Miami, FL 33142",Florida,Miami-Dade,Miami,"Miami-Fort Lauderdale-West Palm Beach, FL",2024-08-05,pm25
12,86,1016,88101,23,25.794222,-80.215556,NAD83,PM2.5 - Local Conditions,24-HR BLK AVG,PM25 24-hour 2012,2021-02-13,Micrograms/cubic meter (LC),,1,100.0,3.7,3.7,0,21.0,738.0,Teledyne T640X at 16.67 LPM (Corrected) - Broadband spectroscopy,Miami Fire Station,"1200 NW 20th St, Miami, FL 33142",Florida,Miami-Dade,Miami,"Miami-Fort Lauderdale-West Palm Beach, FL",2024-08-05,pm25
12,86,1016,88101,23,25.794222,-80.215556,NAD83,PM2.5 - Local Conditions,24-HR BLK AVG,PM25 24-hour 2012,2021-02-14,Micrograms/cubic meter (LC),,1,100.0,4.3,4.3,0,24.0,738.0,Teledyne T640X at 16.67 LPM (Corrected) - Broadband spectroscopy,Miami Fire Station,"1200 NW 20th St, Miami, FL 33142",Florida,Miami-Dade,Miami,"Miami-Fort Lauderdale-West Palm Beach, FL",2024-08-05,pm25
12,86,1016,88101,23,25.794222,-80.215556,NAD83,PM2.5 - Local Conditions,24-HR BLK AVG,PM25 24-hour 2012,2021-02-15,Micrograms/cubic meter (LC),,1,100.0,5.2,5.2,0,29.0,738.0,Teledyne T640X at 16.67 LPM (Corrected) - Broadband spectroscopy,Miami Fire Station,"1200 NW 20th St, Miami, FL 33142",Florida,Miami-Dade,Miami,"Miami-Fort Lauderdale-West Palm Beach, FL",2024-08-05,pm25
12,86,1016,88101,23,25.794222,-80.215556,NAD83,PM2.5 - Local Conditions,24-HR BLK AVG,PM25 24-hour 2012,2021-02-16,Micrograms/cubic meter (LC),,1,100.0,4.7,4.7,0,26.0,738.0,Teledyne T640X at 16.67 LPM (Corrected) - Broadband spectroscopy,Miami Fire Station,"1200 NW 20th St, Miami, FL 33142",Florida,Miami-Dade,Miami,"Miami-Fort Lauderdale-West Palm Beach, FL",2024-08-05,pm25
12,86,1016,88101,23,25.794222,-80.215556,NAD83,PM2.5 - Local Conditions,24-HR BLK AVG,PM25 24-hour 2012,2021-02-17,Micrograms/cubic meter (LC),,1,100.0,4.6,4.6,0,26.0,738.0,Teledyne T640X at 16.67 LPM (Corrected) - Broadband spectroscopy,Miami Fire Station,"1200 NW 20th St, Miami, FL 33142",Florida,Miami-Dade,Miami,"Miami-Fort Lauderdale-West Palm Beach, FL",2024-08-05,pm25
12,86,1016,88101,23,25.794222,-80.215556,NAD83,PM2.5 - Local Conditions,24-HR BLK AVG,PM25 24-hour 2012,2021-02-18,Micrograms/cubic meter (LC),,1,100.0,4.3,4.3,0,24.0,738.0,Teledyne T640X at 16.67 LPM (Corrected) - Broadband spectroscopy,Miami Fire Station,"1200 NW 20th St, Miami, FL 33142",Florida,Miami-Dade,Miami,"Miami-Fort Lauderdale-West Palm Beach, FL",2024-08-05,pm25
12,86,1016,88101,23,25.794222,-80.215556,NAD83,PM2.5 - Local Conditions,24-HR BLK AVG,PM25 24-hour 2012,2021-02-19,Micrograms/cubic meter (LC),,1,100.0,5.0,5.0,0,28.0,738.0,Teledyne T640X at 16.67 LPM (Corrected) - Broadband spectroscopy,Miami Fire Station,"1200 NW 20th St, Miami, FL 33142",Florida,Miami-Dade,Miami,"Miami-Fort Lauderdale-West Palm Beach, FL",2024-08-05,pm25
12,86,1016,88101,23,25.794222,-80.215556,NAD83,PM2.5 - Local Conditions,24-HR BLK AVG,PM25 24-hour 2012,2021-02-20,Micrograms/cubic meter (LC),,1,100.0,3.6,3.6,0,20.0,738.0,Teledyne T640X at 16.67 LPM (Corrected) - Broadband spectroscopy,Miami Fire Station,"1200 NW 20th St, Miami, FL 33142",Florida,Miami-Dade,Miami,"Miami-Fort Lauderdale-West Palm Beach, FL",2024-08-05,pm25
12,86,1016,88101,23,25.794222,-80.215556,NAD83,PM2.5 - Local Conditions,24-HR BLK AVG,PM25 24-hour 2012,2021-02-21,Micrograms/cubic meter (LC),,1,100.0,3.5,3.5,0,19.0,738.0,Teledyne T640X at 16.67 LPM (Corrected) - Broadband spectroscopy,Miami Fire Station,"1200 NW 20th St, Miami, FL 33142",Florida,Miami-Dade,Miami,"Miami-Fort Lauderdale-West Palm Beach, FL",2024-08-05,pm25
12,86,1016,88101,23,25.794222,-80.215556,NAD83,PM2.5 - Local Conditions,24-HR BLK AVG,PM25 24-hour 2012,2021-02-22,Micrograms/cubic meter (LC),,1,100.0,3.4,3.4,0,19.0,738.0,Teledyne T640X at 16.67 LPM (Corrected) - Broadband spectroscopy,Miami Fire Station,"1200 NW 20th St, Miami, FL 33142",Florida,Miami-Dade,Miami,"Miami-Fort Lauderdale-West Palm Beach, FL",2024-08-05,pm25
12,86,1016,88101,23,25.794222,-80.215556,NAD83,PM2.5 - Local Conditions,24-HR BLK AVG,PM25 24-hour 2012,2021-02-23,Micrograms/cubic meter (LC),,1,100.0,4.3,4.3,0,24.0,738.0,Teledyne T640X at 16.67 LPM (Corrected) - Broadband spectroscopy,Miami Fire Station,"1200 NW 20th St, Miami, FL 33142",Florida,Miami-Dade,Miami,"Miami-Fort Lauderdale-West Palm Beach, FL",2024-08-05,pm25
12,86,1016,88101,23,25.794222,-80.215556,NAD83,PM2.5 - Local Conditions,24-HR BLK AVG,PM25 24-hour 2012,2021-02-24,Micrograms/cubic meter (LC),,1,100.0,3.6,3.6,0,20.0,738.0,Teledyne T640X at 16.67 LPM (Corrected) - Broadband spectroscopy,Miami Fire Station,"1200 NW 20th St, Miami, FL 33142",Florida,Miami-Dade,Miami,"Miami-Fort Lauderdale-West Palm Beach, FL",2024-08-05,pm25
12,86,1016,88101,23,25.794222,-80.215556,NAD83,PM2.5 - Local Conditions,24-HR BLK AVG,PM25 24-hour 2012,2021-02-25,Micrograms/cubic meter (LC),,1,100.0,5.0,5.0,0,28.0,738.0,Teledyne T640X at 16.67 LPM (Corrected) - Broadband spectroscopy,Miami Fire Station,"1200 NW 20th St, Miami, FL 33142",Florida,Miami-Dade,Miami,"Miami-Fort Lauderdale-West Palm Beach, FL",2024-08-05,pm25
12,86,1016,88101,23,25.794222,-80.215556,NAD83,PM2.5 - Local Conditions,24-HR BLK AVG,PM25 24-hour 2012,2021-02-26,Micrograms/cubic meter (LC),,1,100.0,3.2,3.2,0,18.0,738.0,Teledyne T640X at 16.67 LPM (Corrected) - Broadband spectroscopy,Miami Fire Station,"1200 NW 20th St, Miami, FL 33142",Florida,Miami-Dade,Miami,"Miami-Fort Lauderdale-West Palm Beach, FL",2024-08-05,pm25
12,86,1016,88101,23,25.794222,-80.215556,NAD83,PM2.5 - Local Conditions,24-HR BLK AVG,PM25 24-hour 2012,2021-02-27,Micrograms/cubic meter (LC),,1,100.0,3.1,3.1,0,17.0,738.0,Teledyne T640X at 16.67 LPM (Corrected) - Broadband spectroscopy,Miami Fire Station,"1200 NW 20th St, Miami, FL 33142",Florida,Miami-Dade,Miami,"Miami-Fort Lauderdale-West Palm Beach, FL",2024-08-05,pm25
12,86,1016,88101,23,25.794222,-80.215556,NAD83,PM2.5 - Local Conditions,24-HR BLK AVG,PM25 24-hour 2012,2021-02-28,Micrograms/cubic meter (LC),,1,100.0,3.5,3.5,0,19.0,738.0,Teledyne T640X at 16.67 LPM (Corrected) - Broadband spectroscopy,Miami Fire Station,"1200 NW 20th St, Miami, FL 33142",Florida,Miami-Dade,Miami,"Miami-Fort Lauderdale-West Palm Beach, FL",2024-08-05,pm25
12,86,1016,88101,23,25.794222,-80.215556,NAD83,PM2.5 - Local Conditions,24-HR BLK AVG,PM25 24-hour 2012,2021-03-01,Micrograms/cubic meter (LC),,1,100.0,3.9,3.9,0,22.0,738.0,Teledyne T640X at 16.67 LPM (Corrected) - Broadband spectroscopy,Miami Fire Station,"1200 NW 20th St, Miami, FL 33142",Florida,Miami-Dade,Miami,"Miami-Fort Lauderdale-West Palm Beach, FL",2024-08-05,pm25
12,86,1016,88101,23,25.794222,-80.215556,NAD83,PM2.5 - Local Conditions,24-HR BLK AVG,PM25 24-hour 2012,2021-03-02,Micrograms/cubic meter (LC),,1,100.0,3.8,3.8,0,21.0,738.0,Teledyne T640X at 16.67 LPM (Corrected) - Broadband spectroscopy,Miami Fire Station,"1200 NW 20th St, Miami, FL 33142",Florida,Miami-Dade,Miami,"Miami-Fort Lauderdale-West Palm Beach, FL",2024-08-05,pm25
12,86,1016,88101,23,25.794222,-80.215556,NAD83,PM2.5 - Local Conditions,24-HR BLK AVG,PM25 24-hour 2012,2021-03-03,Micrograms/cubic meter (LC),,1,100.0,4.1,4.1,0,23.0,738.0,Teledyne T640X at 16.67 LPM (Corrected) - Broadband spectroscopy,Miami Fire Station,"1200 NW 20th St, Miami, FL 33142",Florida,Miami-Dade,Miami,"Miami-Fort Lauderdale-West Palm Beach, FL",2024-08-05,pm25
12,86,1016,88101,23,25.794222,-80.215556,NAD83,PM2.5 - Local Conditions,24-HR BLK AVG,PM25 24-hour 2012,2021-03-04,Micrograms/cubic meter (LC),,1,100.0,6.7,6.7,0,37.0,738.0,Teledyne T640X at 16.67 LPM (Corrected) - Broadband spectroscopy,Miami Fire Station,"1200 NW 20th St, Miami, FL 33142",Florida,Miami-Dade,Miami,"Miami-Fort Lauderdale-West Palm Beach, FL",2024-08-05,pm25
12,86,1016,88101,23,25.794222,-80.215556,NAD83,PM2.5 - Local Conditions,24-HR BLK AVG,PM25 24-hour 2012,2021-03-05,Micrograms/cubic meter (LC),,1,100.0,4.1,4.1,0,23.0,738.0,Teledyne T640X at 16.67 LPM (Corrected) - Broadband spectroscopy,Miami Fire Station,"1200 NW 20th St, Miami, FL 33142",Florida,Miami-Dade,Miami,"Miami-Fort Lauderdale-West Palm Beach, FL",2024-08-05,pm25
12,86,1016,88101,23,25.794222,-80.215556,NAD83,PM2.5 - Local Conditions,24-HR BLK AVG,PM25 24-hour 2012,2021-03-06,Micrograms/cubic meter (LC),,1,100.0,2.9,2.9,0,16.0,738.0,Teledyne T640X at 16.67 LPM (Corrected) - Broadband spectroscopy,Miami Fire Station,"1200 NW 20th St, Miami, FL 33142",Florida,Miami-Dade,Miami,"Miami-Fort Lauderdale-West Palm Beach, FL",2024-08-05,pm25
12,86,1016,88101,23,25.794222,-80.215556,NAD83,PM2.5 - Local Conditions,24-HR BLK AVG,PM25 24-hour 2012,2021-03-07,Micrograms/cubic meter (LC),,1,100.0,3.7,3.7,0,21.0,738.0,Teledyne T640X at 16.67 LPM (Corrected) - Broadband spectroscopy,Miami Fire Station,"1200 NW 20th St, Miami, FL 33142",Florida,Miami-Dade,Miami,"Miami-Fort Lauderdale-West Palm Beach, FL",2024-08-05,pm25
12,86,1016,88101,23,25.794222,-80.215556,NAD83,PM2.5 - Local Conditions,24-HR BLK AVG,PM25 24-hour 2012,2021-03-08,Micrograms/cubic meter (LC),,1,100.0,3.8,3.8,0,21.0,738.0,Teledyne T640X at 16.67 LPM (Corrected) - Broadband spectroscopy,Miami Fire Station,"1200 NW 20th St, Miami, FL 33142",Florida,Miami-Dade,Miami,"Miami-Fort Lauderdale-West Palm Beach, FL",2024-08-05,pm25
12,86,1016,88101,23,25.794222,-80.215556,NAD83,PM2.5 - Local Conditions,24-HR BLK AVG,PM25 24-hour 2012,2021-03-09,Micrograms/cubic meter (LC),,1,100.0,2.9,2.9,0,16.0,738.0,Teledyne T640X at 16.67 LPM (Corrected) - Broadband spectroscopy,Miami Fire Station,"1200 NW 20th St, Miami, FL 33142",Florida,Miami-Dade,Miami,"Miami-Fort Lauderdale-West Palm Beach, FL",2024-08-05,pm25
12,86,1016,88101,23,25.794222,-80.215556,NAD83,PM2.5 - Local Conditions,24-HR BLK AVG,PM25 24-hour 2012,2021-03-10,Micrograms/cubic meter (LC),,1,100.0,3.4,3.4,0,19.0,738.0,Teledyne T640X at 16.67 LPM (Corrected) - Broadband spectroscopy,Miami Fire Station,"1200 NW 20th St, Miami, FL 33142",Florida,Miami-Dade,Miami,"Miami-Fort Lauderdale-West Palm Beach, FL",2024-08-05,pm25
12,86,1016,88101,23,25.794222,-80.215556,NAD83,PM2.5 - Local Conditions,24-HR BLK AVG,PM25 24-hour 2012,2021-03-11,Micrograms/cubic meter (LC),,1,100.0,3.2,3.2,0,18.0,738.0,Teledyne T640X at 16.67 LPM (Corrected) - Broadband spectroscopy,Miami Fire Station,"1200 NW 20th St, Miami, FL 33142",Florida,Miami-Dade,Miami,"Miami-Fort Lauderdale-West Palm Beach, FL",2024-08-05,pm25
12,86,1016,88101,23,25.794222,-80.215556,NAD83,PM2.5 - Local Conditions,24-HR BLK AVG,PM25 24-hour 2012,2021-03-12,Micrograms/cubic meter (LC),,1,100.0,3.2,3.2,0,18.0,738.0,Teledyne T640X at 16.67 LPM (Corrected) - Broadband spectroscopy,Miami Fire Station,"1200 NW 20th St, Miami, FL 33142",Florida,Miami-Dade,Miami,"Miami-Fort Lauderdale-West Palm Beach, FL",2024-08-05,pm25
12,86,1016,88101,23,25.794222,-80.215556,NAD83,PM2.5 - Local Conditions,24-HR BLK AVG,PM25 24-hour 2012,2021-03-13,Micrograms/cubic meter (LC),,1,100.0,3.2,3.2,0,18.0,738.0,Teledyne T640X at 16.67 LPM (Corrected) - Broadband spectroscopy,Miami Fire Station,"1200 NW 20th St, Miami, FL 33142",Florida,Miami-Dade,Miami,"Miami-Fort Lauderdale-West Palm Beach, FL",2024-08-05,pm25
12,86,1016,88101,23,25.794222,-80.215556,NAD83,PM2.5 - Local Conditions,24-HR BLK AVG,PM25 24-hour 2012,2021-03-14,Micrograms/cubic meter (LC),,1,100.0,3.4,3.4,0,19.0,738.0,Teledyne T640X at 16.67 LPM (Corrected) - Broadband spectroscopy,Miami Fire Station,"1200 NW 20th St, Miami, FL 33142",Florida,Miami-Dade,Miami,"Miami-Fort Lauderdale-West Palm Beach, FL",2024-08-05,pm25
12,86,1016,88101,23,25.794222,-80.215556,NAD83,PM2.5 - Local Conditions,24-HR BLK AVG,PM25 24-hour 2012,2021-03-15,Micrograms/cubic meter (LC),,1,100.0,4.2,4.2,0,23.0,738.0,Teledyne T640X at 16.67 LPM (Corrected) - Broadband spectroscopy,Miami Fire Station,"1200 NW 20th St, Miami, FL 33142",Florida,Miami-Dade,Miami,"Miami-Fort Lauderdale-West Palm Beach, FL",2024-08-05,pm25
12,86,1016,88101,23,25.794222,-80.215556,NAD83,PM2.5 - Local Conditions,24-HR BLK AVG,PM25 24-hour 2012,2021-03-16,Micrograms/cubic meter (LC),,1,100.0,3.3,3.3,0,18.0,738.0,Teledyne T640X at 16.67 LPM (Corrected) - Broadband spectroscopy,Miami Fire Station,"1200 NW 20th St, Miami, FL 33142",Florida,Miami-Dade,Miami,"Miami-Fort Lauderdale-West Palm Beach, FL",2024-08-05,pm25
12,86,1016,88101,23,25.794222,-80.215556,NAD83,PM2.5 - Local Conditions,24-HR BLK AVG,PM25 24-hour 2012,2021-03-17,Micrograms/cubic meter (LC),,1,100.0,3.7,3.7,0,21.0,738.0,Teledyne T640X at 16.67 LPM (Corrected) - Broadband spectroscopy,Miami Fire Station,"1200 NW 20th St, Miami, FL 33142",Florida,Miami-Dade,Miami,"Miami-Fort Lauderdale-West Palm Beach, FL",2024-08-05,pm25
12,86,1016,88101,23,25.794222,-80.215556,NAD83,PM2.5 - Local Conditions,24-HR BLK AVG,PM25 24-hour 2012,2021-03-18,Micrograms/cubic meter (LC),,1,100.0,5.4,5.4,0,30.0,738.0,Teledyne T640X at 16.67 LPM (Corrected) - Broadband spectroscopy,Miami Fire Station,"1200 NW 20th St, Miami, FL 33142",Florida,Miami-Dade,Miami,"Miami-Fort Lauderdale-West Palm Beach, FL",2024-08-05,pm25
12,86,1016,88101,23,25.794222,-80.215556,NAD83,PM2.5 - Local Conditions,24-HR BLK AVG,PM25 24-hour 2012,2021-03-19,Micrograms/cubic meter (LC),,1,100.0,5.3,5.3,0,29.0,738.0,Teledyne T640X at 16.67 LPM (Corrected) - Broadband spectroscopy,Miami Fire Station,"1200 NW 20th St, Miami, FL 33142",Florida,Miami-Dade,Miami,"Miami-Fort Lauderdale-West Palm Beach, FL",2024-08-05,pm25
12,86,1016,88101,23,25.794222,-80.215556,NAD83,PM2.5 - Local Conditions,24-HR BLK AVG,PM25 24-hour 2012,2021-03-20,Micrograms/cubic meter (LC),,1,100.0,4.3,4.3,0,24.0,738.0,Teledyne T640X at 16.67 LPM (Corrected) - Broadband spectroscopy,Miami Fire Station,"1200 NW 20th St, Miami, FL 33142",Florida,Miami-Dade,Miami,"Miami-Fort Lauderdale-West Palm Beach, FL",2024-08-05,pm25
12,86,1016,88101,23,25.794222,-80.215556,NAD83,PM2.5 - Local Conditions,24-HR BLK AVG,PM25 24-hour 2012,2021-03-21,Micrograms/cubic meter (LC),,1,100.0,2.9,2.9,0,16.0,738.0,Teledyne T640X at 16.67 LPM (Corrected) - Broadband spectroscopy,Miami Fire Station,"1200 NW 20th St, Miami, FL 33142",Florida,Miami-Dade,Miami,"Miami-Fort Lauderdale-West Palm Beach, FL",2024-08-05,pm25
12,86,1016,88101,23,25.794222,-80.215556,NAD83,PM2.5 - Local Conditions,24-HR BLK AVG,PM25 24-hour 2012,2021-03-22,Micrograms/cubic meter (LC),,1,100.0,2.5,2.5,0,14.0,738.0,Teledyne T640X at 16.67 LPM (Corrected) - Broadband spectroscopy,Miami Fire Station,"1200 NW 20th St, Miami, FL 33142",Florida,Miami-Dade,Miami,"Miami-Fort Lauderdale-West Palm Beach, FL",2024-08-05,pm25
12,86,1016,88101,23,25.794222,-80.215556,NAD83,PM2.5 - Local Conditions,24-HR BLK AVG,PM25 24-hour 2012,2021-03-23,Micrograms/cubic meter (LC),,1,100.0,3.3,3.3,0,18.0,738.0,Teledyne T640X at 16.67 LPM (Corrected) - Broadband spectroscopy,Miami Fire Station,"1200 NW 20th St, Miami, FL 33142",Florida,Miami-Dade,Miami,"Miami-Fort Lauderdale-West Palm Beach, FL",2024-08-05,pm25
12,86,1016,88101,23,25.794222,-80.215556,NAD83,PM2.5 - Local Conditions,24-HR BLK AVG,PM25 24-hour 2012,2021-03-24,Micrograms/cubic meter (LC),,1,100.0,5.7,5.7,0,32.0,738.0,Teledyne T640X at 16.67 LPM (Corrected) - Broadband spectroscopy,Miami Fire Station,"1200 NW 20th St, Miami, FL 33142",Florida,Miami-Dade,Miami,"Miami-Fort Lauderdale-West Palm Beach, FL",2024-08-05,pm25
12,86,1016,88101,23,25.794222,-80.215556,NAD83,PM2.5 - Local Conditions,24-HR BLK AVG,PM25 24-hour 2012,2021-03-25,Micrograms/cubic meter (LC),,1,100.0,3.8,3.8,0,21.0,738.0,Teledyne T640X at 16.67 LPM (Corrected) - Broadband spectroscopy,Miami Fire Station,"1200 NW 20th St, Miami, FL 33142",Florida,Miami-Dade,Miami,"Miami-Fort Lauderdale-West Palm Beach, FL",2024-08-05,pm25
12,86,1016,88101,23,25.794222,-80.215556,NAD83,PM2.5 - Local Conditions,24-HR BLK AVG,PM25 24-hour 2012,2021-03-26,Micrograms/cubic meter (LC),,1,100.0,3.1,3.1,0,17.0,738.0,Teledyne T640X at 16.67 LPM (Corrected) - Broadband spectroscopy,Miami Fire Station,"1200 NW 20th St, Miami, FL 33142",Florida,Miami-Dade,Miami,"Miami-Fort Lauderdale-West Palm Beach, FL",2024-08-05,pm25
12,86,1016,88101,23,25.794222,-80.215556,NAD83,PM2.5 - Local Conditions,24-HR BLK AVG,PM25 24-hour 2012,2021-03-27,Micrograms/cubic meter (LC),,1,100.0,3.5,3.5,0,19.0,738.0,Teledyne T640X at 16.67 LPM (Corrected) - Broadband spectroscopy,Miami Fire Station,"1200 NW 20th St, Miami, FL 33142",Florida,Miami-Dade,Miami,"Miami-Fort Lauderdale-West Palm Beach, FL",2024-08-05,pm25
12,86,1016,88101,23,25.794222,-80.215556,NAD83,PM2.5 - Local Conditions,24-HR BLK AVG,PM25 24-hour 2012,2021-03-28,Micrograms/cubic meter (LC),,1,100.0,3.2,3.2,0,18.0,738.0,Teledyne T640X at 16.67 LPM (Corrected) - Broadband spectroscopy,Miami Fire Station,"1200 NW 20th St, Miami, FL 33142",Florida,Miami-Dade,Miami,"Miami-Fort Lauderdale-West Palm Beach, FL",2024-08-05,pm25
12,86,1016,88101,23,25.794222,-80.215556,NAD83,PM2.5 - Local Conditions,24-HR BLK AVG,PM25 24-hour 2012,2021-03-29,Micrograms/cubic meter (LC),,1,100.0,3.6,3.6,0,20.0,738.0,Teledyne T640X at 16.67 LPM (Corrected) - Broadband spectroscopy,Miami Fire Station,"1200 NW 20th St, Miami, FL 33142",Florida,Miami-Dade,Miami,"Miami-Fort Lauderdale-West Palm Beach, FL",2024-08-05,pm25
12,86,1016,88101,23,25.794222,-80.215556,NAD83,PM2.5 - Local Conditions,24-HR BLK AVG,PM25 24-hour 2012,2021-03-30,Micrograms/cubic meter (LC),,1,100.0,4.9,4.9,0,27.0,738.0,Teledyne T640X at 16.67 LPM (Corrected) - Broadband spectroscopy,Miami Fire Station,"1200 NW 20th St, Miami, FL 33142",Florida,Miami-Dade,Miami,"Miami-Fort Lauderdale-West Palm Beach, FL",2024-08-05,pm25
12,86,1016,88101,23,25.794222,-80.215556,NAD83,PM2.5 - Local Conditions,24-HR BLK AVG,PM25 24-hour 2012,2021-03-31,Micrograms/cubic meter (LC),,1,100.0,4.2,4.2,0,23.0,738.0,Teledyne T640X at 16.67 LPM (Corrected) - Broadband spectroscopy,Miami Fire Station,"1200 NW 20th St, Miami, FL 33142",Florida,Miami-Dade,Miami,"Miami-Fort Lauderdale-West Palm Beach, FL",2024-08-05,pm25
12,86,1016,88101,23,25.794222,-80.215556,NAD83,PM2.5 - Local Conditions,24-HR BLK AVG,PM25 24-hour 2012,2021-04-01,Micrograms/cubic meter (LC),,1,100.0,3.7,3.7,0,21.0,738.0,Teledyne T640X at 16.67 LPM (Corrected) - Broadband spectroscopy,Miami Fire Station,"1200 NW 20th St, Miami, FL 33142",Florida,Miami-Dade,Miami,"Miami-Fort Lauderdale-West Palm Beach, FL",2024-08-05,pm25
12,86,1016,88101,23,25.794222,-80.215556,NAD83,PM2.5 - Local Conditions,24-HR BLK AVG,PM25 24-hour 2012,2021-04-02,Micrograms/cubic meter (LC),,1,100.0,3.9,3.9,0,22.0,738.0,Teledyne T640X at 16.67 LPM (Corrected) - Broadband spectroscopy,Miami Fire Station,"1200 NW 20th St, Miami, FL 33142",Florida,Miami-Dade,Miami,"Miami-Fort Lauderdale-West Palm Beach, FL",2024-08-05,pm25
12,86,1016,88101,23,25.794222,-80.215556,NAD83,PM2.5 - Local Conditions,24-HR BLK AVG,PM25 24-hour 2012,2021-04-03,Micrograms/cubic meter (LC),,1,100.0,2.8,2.8,0,16.0,738.0,Teledyne T640X at 16.67 LPM (Corrected) - Broadband spectroscopy,Miami Fire Station,"1200 NW 20th St, Miami, FL 33142",Florida,Miami-Dade,Miami,"Miami-Fort Lauderdale-West Palm Beach, FL",2024-08-05,pm25
12,86,1016,88101,23,25.794222,-80.215556,NAD83,PM2.5 - Local Conditions,24-HR BLK AVG,PM25 24-hour 2012,2021-04-04,Micrograms/cubic meter (LC),,1,100.0,2.8,2.8,0,16.0,738.0,Teledyne T640X at 16.67 LPM (Corrected) - Broadband spectroscopy,Miami Fire Station,"1200 NW 20th St, Miami, FL 33142",Florida,Miami-Dade,Miami,"Miami-Fort Lauderdale-West Palm Beach, FL",2024-08-05,pm25
12,86,1016,88101,23,25.794222,-80.215556,NAD83,PM2.5 - Local Conditions,24-HR BLK AVG,PM25 24-hour 2012,2021-04-05,Micrograms/cubic meter (LC),,1,100.0,3.4,3.4,0,19.0,738.0,Teledyne T640X at 16.67 LPM (Corrected) - Broadband spectroscopy,Miami Fire Station,"1200 NW 20th St, Miami, FL 33142",Florida,Miami-Dade,Miami,"Miami-Fort Lauderdale-West Palm Beach, FL",2024-08-05,pm25
12,86,1016,88101,23,25.794222,-80.215556,NAD83,PM2.5 - Local Conditions,24-HR BLK AVG,PM25 24-hour 2012,2021-04-06,Micrograms/cubic meter (LC),,1,100.0,3.6,3.6,0,20.0,738.0,Teledyne T640X at 16.67 LPM (Corrected) - Broadband spectroscopy,Miami Fire Station,"1200 NW 20th St, Miami, FL 33142",Florida,Miami-Dade,Miami,"Miami-Fort Lauderdale-West Palm Beach, FL",2024-08-05,pm25
12,86,1016,88101,23,25.794222,-80.215556,NAD83,PM2.5 - Local Conditions,24-HR BLK AVG,PM25 24-hour 2012,2021-04-07,Micrograms/cubic meter (LC),,1,100.0,3.3,3.3,0,18.0,738.0,Teledyne T640X at 16.67 LPM (Corrected) - Broadband spectroscopy,Miami Fire Station,"1200 NW 20th St, Miami, FL 33142",Florida,Miami-Dade,Miami,"Miami-Fort Lauderdale-West Palm Beach, FL",2024-08-05,pm25
12,86,1016,88101,23,25.794222,-80.215556,NAD83,PM2.5 - Local Conditions,24-HR BLK AVG,PM25 24-hour 2012,2021-04-08,Micrograms/cubic meter (LC),,1,100.0,3.7,3.7,0,21.0,738.0,Teledyne T640X at 16.67 LPM (Corrected) - Broadband spectroscopy,Miami Fire Station,"1200 NW 20th St, Miami, FL 33142",Florida,Miami-Dade,Miami,"Miami-Fort Lauderdale-West Palm Beach, FL",2024-08-05,pm25
12,86,1016,88101,23,25.794222,-80.215556,NAD83,PM2.5 - Local Conditions,24-HR BLK AVG,PM25 24-hour 2012,2021-04-09,Micrograms/cubic meter (LC),,1,100.0,3.2,3.2,0,18.0,738.0,Teledyne T640X at 16.67 LPM (Corrected) - Broadband spectroscopy,Miami Fire Station,"1200 NW 20th St, Miami, FL 33142",Florida,Miami-Dade,Miami,"Miami-Fort Lauderdale-West Palm Beach, FL",2024-08-05,pm25
12,86,1016,88101,23,25.794222,-80.215556,NAD83,PM2.5 - Local Conditions,24-HR BLK AVG,PM25 24-hour 2012,2021-04-10,Micrograms/cubic meter (LC),,1,100.0,3.6,3.6,0,20.0,738.0,Teledyne T640X at 16.67 LPM (Corrected) - Broadband spectroscopy,Miami Fire Station,"1200 NW 20th St, Miami, FL 33142",Florida,Miami-Dade,Miami,"Miami-Fort Lauderdale-West Palm Beach, FL",2024-08-05,pm25
12,86,1016,88101,23,25.794222,-80.215556,NAD83,PM2.5 - Local Conditions,24-HR BLK AVG,PM25 24-hour 2012,2021-04-11,Micrograms/cubic meter (LC),,1,100.0,4.9,4.9,0,27.0,738.0,Teledyne T640X at 16.67 LPM (Corrected) - Broadband spectroscopy,Miami Fire Station,"1200 NW 20th St, Miami, FL 33142",Florida,Miami-Dade,Miami,"Miami-Fort Lauderdale-West Palm Beach, FL",2024-08-05,pm25
12,86,1016,88101,23,25.794222,-80.215556,NAD83,PM2.5 - Local Conditions,24-HR BLK AVG,PM25 24-hour 2012,2021-04-12,Micrograms/cubic meter (LC),,1,100.0,3.6,3.6,0,20.0,738.0,Teledyne T640X at 16.67 LPM (Corrected) - Broadband spectroscopy,Miami Fire Station,"1200 NW 20th St, Miami, FL 33142",Florida,Miami-Dade,Miami,"Miami-Fort Lauderdale-West Palm Beach, FL",2024-08-05,pm25
12,86,1016,88101,23,25.794222,-80.215556,NAD83,PM2.5 - Local Conditions,24-HR BLK AVG,PM25 24-hour 2012,2021-04-13,Micrograms/cubic meter (LC),,1,100.0,6.0,6.0,0,33.0,738.0,Teledyne T640X at 16.67 LPM (Corrected) - Broadband spectroscopy,Miami Fire Station,"1200 NW 20th St, Miami, FL 33142",Florida,Miami-Dade,Miami,"Miami-Fort Lauderdale-West Palm Beach, FL",2024-08-05,pm25
12,86,1016,88101,23,25.794222,-80.215556,NAD83,PM2.5 - Local Conditions,24-HR BLK AVG,PM25 24-hour 2012,2021-04-14,Micrograms/cubic meter (LC),,1,100.0,3.8,3.8,0,21.0,738.0,Teledyne T640X at 16.67 LPM (Corrected) - Broadband spectroscopy,Miami Fire Station,"1200 NW 20th St, Miami, FL 33142",Florida,Miami-Dade,Miami,"Miami-Fort Lauderdale-West Palm Beach, FL",2024-08-05,pm25
12,86,1016,88101,23,25.794222,-80.215556,NAD83,PM2.5 - Local Conditions,24-HR BLK AVG,PM25 24-hour 2012,2021-04-15,Micrograms/cubic meter (LC),,1,100.0,3.3,3.3,0,18.0,738.0,Teledyne T640X at 16.67 LPM (Corrected) - Broadband spectroscopy,Miami Fire Station,"1200 NW 20th St, Miami, FL 33142",Florida,Miami-Dade,Miami,"Miami-Fort Lauderdale-West Palm Beach, FL",2024-08-05,pm25
12,86,1016,88101,23,25.794222,-80.215556,NAD83,PM2.5 - Local Conditions,24-HR BLK AVG,PM25 24-hour 2012,2021-04-16,Micrograms/cubic meter (LC),,1,100.0,5.8,5.8,0,32.0,738.0,Teledyne T640X at 16.67 LPM (Corrected) - Broadband spectroscopy,Miami Fire Station,"1200 NW 20th St, Miami, FL 33142",Florida,Miami-Dade,Miami,"Miami-Fort Lauderdale-West Palm Beach, FL",2024-08-05,pm25
12,86,1016,88101,23,25.794222,-80.215556,NAD83,PM2.5 - Local Conditions,24-HR BLK AVG,PM25 24-hour 2012,2021-04-17,Micrograms/cubic meter (LC),,1,100.0,7.0,7.0,0,39.0,738.0,Teledyne T640X at 16.67 LPM (Corrected) - Broadband spectroscopy,Miami Fire Station,"1200 NW 20th St, Miami, FL 33142",Florida,Miami-Dade,Miami,"Miami-Fort Lauderdale-West Palm Beach, FL",2024-08-05,pm25
12,86,1016,88101,23,25.794222,-80.215556,NAD83,PM2.5 - Local Conditions,24-HR BLK AVG,PM25 24-hour 2012,2021-04-18,Micrograms/cubic meter (LC),,1,100.0,7.3,7.3,0,41.0,738.0,Teledyne T640X at 16.67 LPM (Corrected) - Broadband spectroscopy,Miami Fire Station,"1200 NW 20th St, Miami, FL 33142",Florida,Miami-Dade,Miami,"Miami-Fort Lauderdale-West Palm Beach, FL",2024-08-05,pm25
12,86,1016,88101,23,25.794222,-80.215556,NAD83,PM2.5 - Local Conditions,24-HR BLK AVG,PM25 24-hour 2012,2021-04-19,Micrograms/cubic meter (LC),,1,100.0,9.5,9.5,0,52.0,738.0,Teledyne T640X at 16.67 LPM (Corrected) - Broadband spectroscopy,Miami Fire Station,"1200 NW 20th St, Miami, FL 33142",Florida,Miami-Dade,Miami,"Miami-Fort Lauderdale-West Palm Beach, FL",2024-08-05,pm25
12,86,1016,88101,23,25.794222,-80.215556,NAD83,PM2.5 - Local Conditions,24-HR BLK AVG,PM25 24-hour 2012,2021-04-20,Micrograms/cubic meter (LC),,1,100.0,7.6,7.6,0,42.0,738.0,Teledyne T640X at 16.67 LPM (Corrected) - Broadband spectroscopy,Miami Fire Station,"1200 NW 20th St, Miami, FL 33142",Florida,Miami-Dade,Miami,"Miami-Fort Lauderdale-West Palm Beach, FL",2024-08-05,pm25
12,86,1016,88101,23,25.794222,-80.215556,NAD83,PM2.5 - Local Conditions,24-HR BLK AVG,PM25 24-hour 2012,2021-04-21,Micrograms/cubic meter (LC),,1,100.0,7.9,7.9,0,44.0,738.0,Teledyne T640X at 16.67 LPM (Corrected) - Broadband spectroscopy,Miami Fire Station,"1200 NW 20th St, Miami, FL 33142",Florida,Miami-Dade,Miami,"Miami-Fort Lauderdale-West Palm Beach, FL",2024-08-05,pm25
12,86,1016,88101,23,25.794222,-80.215556,NAD83,PM2.5 - Local Conditions,24-HR BLK AVG,PM25 24-hour 2012,2021-04-22,Micrograms/cubic meter (LC),,1,100.0,7.2,7.2,0,40.0,738.0,Teledyne T640X at 16.67 LPM (Corrected) - Broadband spectroscopy,Miami Fire Station,"1200 NW 20th St, Miami, FL 33142",Florida,Miami-Dade,Miami,"Miami-Fort Lauderdale-West Palm Beach, FL",2024-08-05,pm25
12,86,1016,88101,23,25.794222,-80.215556,NAD83,PM2.5 - Local Conditions,24-HR BLK AVG,PM25 24-hour 2012,2021-04-23,Micrograms/cubic meter (LC),,1,100.0,6.6,6.6,0,37.0,738.0,Teledyne T640X at 16.67 LPM (Corrected) - Broadband spectroscopy,Miami Fire Station,"1200 NW 20th St, Miami, FL 33142",Florida,Miami-Dade,Miami,"Miami-Fort Lauderdale-West Palm Beach, FL",2024-08-05,pm25
12,86,1016,88101,23,25.794222,-80.215556,NAD83,PM2.5 - Local Conditions,24-HR BLK AVG,PM25 24-hour 2012,2021-04-24,Micrograms/cubic meter (LC),,1,100.0,5.4,5.4,0,30.0,738.0,Teledyne T640X at 16.67 LPM (Corrected) - Broadband spectroscopy,Miami Fire Station,"1200 NW 20th St, Miami, FL 33142",Florida,Miami-Dade,Miami,"Miami-Fort Lauderdale-West Palm Beach, FL",2024-08-05,pm25
12,86,1016,88101,23,25.794222,-80.215556,NAD83,PM2.5 - Local Conditions,24-HR BLK AVG,PM25 24-hour 2012,2021-04-25,Micrograms/cubic meter (LC),,1,100.0,5.8,5.8,0,32.0,738.0,Teledyne T640X at 16.67 LPM (Corrected) - Broadband spectroscopy,Miami Fire Station,"1200 NW 20th St, Miami, FL 33142",Florida,Miami-Dade,Miami,"Miami-Fort Lauderdale-West Palm Beach, FL",2024-08-05,pm25
12,86,1016,88101,23,25.794222,-80.215556,NAD83,PM2.5 - Local Conditions,24-HR BLK AVG,PM25 24-hour 2012,2021-04-26,Micrograms/cubic meter (LC),,1,100.0,5.3,5.3,0,29.0,738.0,Teledyne T640X at 16.67 LPM (Corrected) - Broadband spectroscopy,Miami Fire Station,"1200 NW 20th St, Miami, FL 33142",Florida,Miami-Dade,Miami,"Miami-Fort Lauderdale-West Palm Beach, FL",2024-08-05,pm25
12,86,1016,88101,23,25.794222,-80.215556,NAD83,PM2.5 - Local Conditions,24-HR BLK AVG,PM25 24-hour 2012,2021-04-27,Micrograms/cubic meter (LC),,1,100.0,3.0,3.0,0,17.0,738.0,Teledyne T640X at 16.67 LPM (Corrected) - Broadband spectroscopy,Miami Fire Station,"1200 NW 20th St, Miami, FL 33142",Florida,Miami-Dade,Miami,"Miami-Fort Lauderdale-West Palm Beach, FL",2024-08-05,pm25
12,86,1016,88101,23,25.794222,-80.215556,NAD83,PM2.5 - Local Conditions,24-HR BLK AVG,PM25 24-hour 2012,2021-04-28,Micrograms/cubic meter (LC),,1,100.0,3.3,3.3,0,18.0,738.0,Teledyne T640X at 16.67 LPM (Corrected) - Broadband spectroscopy,Miami Fire Station,"1200 NW 20th St, Miami, FL 33142",Florida,Miami-Dade,Miami,"Miami-Fort Lauderdale-West Palm Beach, FL",2024-08-05,pm25
12,86,1016,88101,23,25.794222,-80.215556,NAD83,PM2.5 - Local Conditions,24-HR BLK AVG,PM25 24-hour 2012,2021-04-29,Micrograms/cubic meter (LC),,1,100.0,3.0,3.0,0,17.0,738.0,Teledyne T640X at 16.67 LPM (Corrected) - Broadband spectroscopy,Miami Fire Station,"1200 NW 20th St, Miami, FL 33142",Florida,Miami-Dade,Miami,"Miami-Fort Lauderdale-West Palm Beach, FL",2024-08-05,pm25
12,86,1016,88101,23,25.794222,-80.215556,NAD83,PM2.5 - Local Conditions,24-HR BLK AVG,PM25 24-hour 2012,2021-04-30,Micrograms/cubic meter (LC),,1,100.0,2.9,2.9,0,16.0,738.0,Teledyne T640X at 16.67 LPM (Corrected) - Broadband spectroscopy,Miami Fire Station,"1200 NW 20th St, Miami, FL 33142",Florida,Miami-Dade,Miami,"Miami-Fort Lauderdale-West Palm Beach, FL",2024-08-05,pm25
12,86,1016,88101,23,25.794222,-80.215556,NAD83,PM2.5 - Local Conditions,24-HR BLK AVG,PM25 24-hour 2012,2021-05-01,Micrograms/cubic meter (LC),,1,100.0,4.4,4.4,0,24.0,738.0,Teledyne T640X at 16.67 LPM (Corrected) - Broadband spectroscopy,Miami Fire Station,"1200 NW 20th St, Miami, FL 33142",Florida,Miami-Dade,Miami,"Miami-Fort Lauderdale-West Palm Beach, FL",2024-08-05,pm25
12,86,1016,88101,23,25.794222,-80.215556,NAD83,PM2.5 - Local Conditions,24-HR BLK AVG,PM25 24-hour 2012,2021-05-02,Micrograms/cubic meter (LC),,1,100.0,3.4,3.4,0,19.0,738.0,Teledyne T640X at 16.67 LPM (Corrected) - Broadband spectroscopy,Miami Fire Station,"1200 NW 20th St, Miami, FL 33142",Florida,Miami-Dade,Miami,"Miami-Fort Lauderdale-West Palm Beach, FL",2024-08-05,pm25
12,86,1016,88101,23,25.794222,-80.215556,NAD83,PM2.5 - Local Conditions,24-HR BLK AVG,PM25 24-hour 2012,2021-05-03,Micrograms/cubic meter (LC),,1,100.0,3.3,3.3,0,18.0,738.0,Teledyne T640X at 16.67 LPM (Corrected) - Broadband spectroscopy,Miami Fire Station,"1200 NW 20th St, Miami, FL 33142",Florida,Miami-Dade,Miami,"Miami-Fort Lauderdale-West Palm Beach, FL",2024-08-05,pm25
12,86,1016,88101,23,25.794222,-80.215556,NAD83,PM2.5 - Local Conditions,24-HR BLK AVG,PM25 24-hour 2012,2021-05-04,Micrograms/cubic meter (LC),,1,100.0,3.0,3.0,0,17.0,738.0,Teledyne T640X at 16.67 LPM (Corrected) - Broadband spectroscopy,Miami Fire Station,"1200 NW 20th St, Miami, FL 33142",Florida,Miami-Dade,Miami,"Miami-Fort Lauderdale-West Palm Beach, FL",2024-08-05,pm25
12,86,1016,88101,23,25.794222,-80.215556,NAD83,PM2.5 - Local Conditions,24-HR BLK AVG,PM25 24-hour 2012,2021-05-05,Micrograms/cubic meter (LC),,1,100.0,3.1,3.1,0,17.0,738.0,Teledyne T640X at 16.67 LPM (Corrected) - Broadband spectroscopy,Miami Fire Station,"1200 NW 20th St, Miami, FL 33142",Florida,Miami-Dade,Miami,"Miami-Fort Lauderdale-West Palm Beach, FL",2024-08-05,pm25
12,86,1016,88101,23,25.794222,-80.215556,NAD83,PM2.5 - Local Conditions,24-HR BLK AVG,PM25 24-hour 2012,2021-05-06,Micrograms/cubic meter (LC),,1,100.0,3.3,3.3,0,18.0,738.0,Teledyne T640X at 16.67 LPM (Corrected) - Broadband spectroscopy,Miami Fire Station,"1200 NW 20th St, Miami, FL 33142",Florida,Miami-Dade,Miami,"Miami-Fort Lauderdale-West Palm Beach, FL",2024-08-05,pm25
12,86,1016,88101,23,25.794222,-80.215556,NAD83,PM2.5 - Local Conditions,24-HR BLK AVG,PM25 24-hour 2012,2021-05-07,Micrograms/cubic meter (LC),,1,100.0,4.7,4.7,0,26.0,738.0,Teledyne T640X at 16.67 LPM (Corrected) - Broadband spectroscopy,Miami Fire Station,"1200 NW 20th St, Miami, FL 33142",Florida,Miami-Dade,Miami,"Miami-Fort Lauderdale-West Palm Beach, FL",2024-08-05,pm25
12,86,1016,88101,23,25.794222,-80.215556,NAD83,PM2.5 - Local Conditions,24-HR BLK AVG,PM25 24-hour 2012,2021-05-08,Micrograms/cubic meter (LC),,1,100.0,3.8,3.8,0,21.0,738.0,Teledyne T640X at 16.67 LPM (Corrected) - Broadband spectroscopy,Miami Fire Station,"1200 NW 20th St, Miami, FL 33142",Florida,Miami-Dade,Miami,"Miami-Fort Lauderdale-West Palm Beach, FL",2024-08-05,pm25
12,86,1016,88101,23,25.794222,-80.215556,NAD83,PM2.5 - Local Conditions,24-HR BLK AVG,PM25 24-hour 2012,2021-05-09,Micrograms/cubic meter (LC),,1,100.0,2.8,2.8,0,16.0,738.0,Teledyne T640X at 16.67 LPM (Corrected) - Broadband spectroscopy,Miami Fire Station,"1200 NW 20th St, Miami, FL 33142",Florida,Miami-Dade,Miami,"Miami-Fort Lauderdale-West Palm Beach, FL",2024-08-05,pm25
12,86,1016,88101,23,25.794222,-80.215556,NAD83,PM2.5 - Local Conditions,24-HR BLK AVG,PM25 24-hour 2012,2021-05-10,Micrograms/cubic meter (LC),,1,100.0,2.6,2.6,0,14.0,738.0,Teledyne T640X at 16.67 LPM (Corrected) - Broadband spectroscopy,Miami Fire Station,"1200 NW 20th St, Miami, FL 33142",Florida,Miami-Dade,Miami,"Miami-Fort Lauderdale-West Palm Beach, FL",2024-08-05,pm25
12,86,1016,88101,23,25.794222,-80.215556,NAD83,PM2.5 - Local Conditions,24-HR BLK AVG,PM25 24-hour 2012,2021-05-11,Micrograms/cubic meter (LC),,1,100.0,3.1,3.1,0,17.0,738.0,Teledyne T640X at 16.67 LPM (Corrected) - Broadband spectroscopy,Miami Fire Station,"1200 NW 20th St, Miami, FL 33142",Florida,Miami-Dade,Miami,"Miami-Fort Lauderdale-West Palm Beach, FL",2024-08-05,pm25
12,86,1016,88101,23,25.794222,-80.215556,NAD83,PM2.5 - Local Conditions,24-HR BLK AVG,PM25 24-hour 2012,2021-05-12,Micrograms/cubic meter (LC),,1,100.0,2.8,2.8,0,16.0,738.0,Teledyne T640X at 16.67 LPM (Corrected) - Broadband spectroscopy,Miami Fire Station,"1200 NW 20th St, Miami, FL 33142",Florida,Miami-Dade,Miami,"Miami-Fort Lauderdale-West Palm Beach, FL",2024-08-05,pm25
12,86,1016,88101,23,25.794222,-80.215556,NAD83,PM2.5 - Local Conditions,24-HR BLK AVG,PM25 24-hour 2012,2021-05-13,Micrograms/cubic meter (LC),,1,100.0,3.8,3.8,0,21.0,738.0,Teledyne T640X at 16.67 LPM (Corrected) - Broadband spectroscopy,Miami Fire Station,"1200 NW 20th St, Miami, FL 33142",Florida,Miami-Dade,Miami,"Miami-Fort Lauderdale-West Palm Beach, FL",2024-08-05,pm25
12,86,1016,88101,23,25.794222,-80.215556,NAD83,PM2.5 - Local Conditions,24-HR BLK AVG,PM25 24-hour 2012,2021-05-14,Micrograms/cubic meter (LC),,1,100.0,3.0,3.0,0,17.0,738.0,Teledyne T640X at 16.67 LPM (Corrected) - Broadband spectroscopy,Miami Fire Station,"1200 NW 20th St, Miami, FL 33142",Florida,Miami-Dade,Miami,"Miami-Fort Lauderdale-West Palm Beach, FL",2024-08-05,pm25
12,86,1016,88101,23,25.794222,-80.215556,NAD83,PM2.5 - Local Conditions,24-HR BLK AVG,PM25 24-hour 2012,2021-05-15,Micrograms/cubic meter (LC),,1,100.0,2.3,2.3,0,13.0,738.0,Teledyne T640X at 16.67 LPM (Corrected) - Broadband spectroscopy,Miami Fire Station,"1200 NW 20th St, Miami, FL 33142",Florida,Miami-Dade,Miami,"Miami-Fort Lauderdale-West Palm Beach, FL",2024-08-05,pm25
12,86,1016,88101,23,25.794222,-80.215556,NAD83,PM2.5 - Local Conditions,24-HR BLK AVG,PM25 24-hour 2012,2021-05-16,Micrograms/cubic meter (LC),,1,100.0,2.0,2.0,0,11.0,738.0,Teledyne T640X at 16.67 LPM (Corrected) - Broadband spectroscopy,Miami Fire Station,"1200 NW 20th St, Miami, FL 33142",Florida,Miami-Dade,Miami,"Miami-Fort Lauderdale-West Palm Beach, FL",2024-08-05,pm25
12,86,1016,88101,23,25.794222,-80.215556,NAD83,PM2.5 - Local Conditions,24-HR BLK AVG,PM25 24-hour 2012,2021-05-17,Micrograms/cubic meter (LC),,1,100.0,2.0,2.0,0,11.0,738.0,Teledyne T640X at 16.67 LPM (Corrected) - Broadband spectroscopy,Miami Fire Station,"1200 NW 20th St, Miami, FL 33142",Florida,Miami-Dade,Miami,"Miami-Fort Lauderdale-West Palm Beach, FL",2024-08-05,pm25
12,86,1016,88101,23,25.794222,-80.215556,NAD83,PM2.5 - Local Conditions,24-HR BLK AVG,PM25 24-hour 2012,2021-05-18,Micrograms/cubic meter (LC),,1,100.0,2.4,2.4,0,13.0,738.0,Teledyne T640X at 16.67 LPM (Corrected) - Broadband spectroscopy,Miami Fire Station,"1200 NW 20th St, Miami, FL 33142",Florida,Miami-Dade,Miami,"Miami-Fort Lauderdale-West Palm Beach, FL",2024-08-05,pm25
12,86,1016,88101,23,25.794222,-80.215556,NAD83,PM2.5 - Local Conditions,24-HR BLK AVG,PM25 24-hour 2012,2021-05-19,Micrograms/cubic meter (LC),,1,100.0,3.0,3.0,0,17.0,738.0,Teledyne T640X at 16.67 LPM (Corrected) - Broadband spectroscopy,Miami Fire Station,"1200 NW 20th St, Miami, FL 33142",Florida,Miami-Dade,Miami,"Miami-Fort Lauderdale-West Palm Beach, FL",2024-08-05,pm25
12,86,1016,88101,23,25.794222,-80.215556,NAD83,PM2.5 - Local Conditions,24-HR BLK AVG,PM25 24-hour 2012,2021-05-20,Micrograms/cubic meter (LC),,1,100.0,4.2,4.2,0,23.0,738.0,Teledyne T640X at 16.67 LPM (Corrected) - Broadband spectroscopy,Miami Fire Station,"1200 NW 20th St, Miami, FL 33142",Florida,Miami-Dade,Miami,"Miami-Fort Lauderdale-West Palm Beach, FL",2024-08-05,pm25
12,86,1016,88101,23,25.794222,-80.215556,NAD83,PM2.5 - Local Conditions,24-HR BLK AVG,PM25 24-hour 2012,2021-05-21,Micrograms/cubic meter (LC),,1,100.0,3.2,3.2,0,18.0,738.0,Teledyne T640X at 16.67 LPM (Corrected) - Broadband spectroscopy,Miami Fire Station,"1200 NW 20th St, Miami, FL 33142",Florida,Miami-Dade,Miami,"Miami-Fort Lauderdale-West Palm Beach, FL",2024-08-05,pm25
12,86,1016,88101,23,25.794222,-80.215556,NAD83,PM2.5 - Local Conditions,24-HR BLK AVG,PM25 24-hour 2012,2021-05-22,Micrograms/cubic meter (LC),,1,100.0,2.2,2.2,0,12.0,738.0,Teledyne T640X at 16.67 LPM (Corrected) - Broadband spectroscopy,Miami Fire Station,"1200 NW 20th St, Miami, FL 33142",Florida,Miami-Dade,Miami,"Miami-Fort Lauderdale-West Palm Beach, FL",2024-08-05,pm25
12,86,1016,88101,23,25.794222,-80.215556,NAD83,PM2.5 - Local Conditions,24-HR BLK AVG,PM25 24-hour 2012,2021-05-23,Micrograms/cubic meter (LC),,1,100.0,2.0,2.0,0,11.0,738.0,Teledyne T640X at 16.67 LPM (Corrected) - Broadband spectroscopy,Miami Fire Station,"1200 NW 20th St, Miami, FL 33142",Florida,Miami-Dade,Miami,"Miami-Fort Lauderdale-West Palm Beach, FL",2024-08-05,pm25
12,86,1016,88101,23,25.794222,-80.215556,NAD83,PM2.5 - Local Conditions,24-HR BLK AVG,PM25 24-hour 2012,2021-05-24,Micrograms/cubic meter (LC),,1,100.0,3.0,3.0,0,17.0,738.0,Teledyne T640X at 16.67 LPM (Corrected) - Broadband spectroscopy,Miami Fire Station,"1200 NW 20th St, Miami, FL 33142",Florida,Miami-Dade,Miami,"Miami-Fort Lauderdale-West Palm Beach, FL",2024-08-05,pm25
12,86,1016,88101,23,25.794222,-80.215556,NAD83,PM2.5 - Local Conditions,24-HR BLK AVG,PM25 24-hour 2012,2021-05-25,Micrograms/cubic meter (LC),,1,100.0,3.6,3.6,0,20.0,738.0,Teledyne T640X at 16.67 LPM (Corrected) - Broadband spectroscopy,Miami Fire Station,"1200 NW 20th St, Miami, FL 33142",Florida,Miami-Dade,Miami,"Miami-Fort Lauderdale-West Palm Beach, FL",2024-08-05,pm25
12,86,1016,88101,23,25.794222,-80.215556,NAD83,PM2.5 - Local Conditions,24-HR BLK AVG,PM25 24-hour 2012,2021-05-26,Micrograms/cubic meter (LC),,1,100.0,4.3,4.3,0,24.0,738.0,Teledyne T640X at 16.67 LPM (Corrected) - Broadband spectroscopy,Miami Fire Station,"1200 NW 20th St, Miami, FL 33142",Florida,Miami-Dade,Miami,"Miami-Fort Lauderdale-West Palm Beach, FL",2024-08-05,pm25
12,86,1016,88101,23,25.794222,-80.215556,NAD83,PM2.5 - Local Conditions,24-HR BLK AVG,PM25 24-hour 2012,2021-05-27,Micrograms/cubic meter (LC),,1,100.0,4.5,4.5,0,25.0,738.0,Teledyne T640X at 16.67 LPM (Corrected) - Broadband spectroscopy,Miami Fire Station,"1200 NW 20th St, Miami, FL 33142",Florida,Miami-Dade,Miami,"Miami-Fort Lauderdale-West Palm Beach, FL",2024-08-05,pm25
12,86,1016,88101,23,25.794222,-80.215556,NAD83,PM2.5 - Local Conditions,24-HR BLK AVG,PM25 24-hour 2012,2021-05-28,Micrograms/cubic meter (LC),,1,100.0,4.4,4.4,0,24.0,738.0,Teledyne T640X at 16.67 LPM (Corrected) - Broadband spectroscopy,Miami Fire Station,"1200 NW 20th St, Miami, FL 33142",Florida,Miami-Dade,Miami,"Miami-Fort Lauderdale-West Palm Beach, FL",2024-08-05,pm25
12,86,1016,88101,23,25.794222,-80.215556,NAD83,PM2.5 - Local Conditions,24-HR BLK AVG,PM25 24-hour 2012,2021-05-29,Micrograms/cubic meter (LC),,1,100.0,3.3,3.3,0,18.0,738.0,Teledyne T640X at 16.67 LPM (Corrected) - Broadband spectroscopy,Miami Fire Station,"1200 NW 20th St, Miami, FL 33142",Florida,Miami-Dade,Miami,"Miami-Fort Lauderdale-West Palm Beach, FL",2024-08-05,pm25
12,86,1016,88101,23,25.794222,-80.215556,NAD83,PM2.5 - Local Conditions,24-HR BLK AVG,PM25 24-hour 2012,2021-05-30,Micrograms/cubic meter (LC),,1,100.0,3.1,3.1,0,17.0,738.0,Teledyne T640X at 16.67 LPM (Corrected) - Broadband spectroscopy,Miami Fire Station,"1200 NW 20th St, Miami, FL 33142",Florida,Miami-Dade,Miami,"Miami-Fort Lauderdale-West Palm Beach, FL",2024-08-05,pm25
12,86,1016,88101,23,25.794222,-80.215556,NAD83,PM2.5 - Local Conditions,24-HR BLK AVG,PM25 24-hour 2012,2021-05-31,Micrograms/cubic meter (LC),,1,100.0,4.1,4.1,0,23.0,738.0,Teledyne T640X at 16.67 LPM (Corrected) - Broadband spectroscopy,Miami Fire Station,"1200 NW 20th St, Miami, FL 33142",Florida,Miami-Dade,Miami,"Miami-Fort Lauderdale-West Palm Beach, FL",2024-08-05,pm25
12,86,1016,88101,23,25.794222,-80.215556,NAD83,PM2.5 - Local Conditions,24-HR BLK AVG,PM25 24-hour 2012,2021-06-01,Micrograms/cubic meter (LC),,1,100.0,1.9,1.9,0,11.0,738.0,Teledyne T640X at 16.67 LPM (Corrected) - Broadband spectroscopy,Miami Fire Station,"1200 NW 20th St, Miami, FL 33142",Florida,Miami-Dade,Miami,"Miami-Fort Lauderdale-West Palm Beach, FL",2024-08-05,pm25
12,86,1016,88101,23,25.794222,-80.215556,NAD83,PM2.5 - Local Conditions,24-HR BLK AVG,PM25 24-hour 2012,2021-06-02,Micrograms/cubic meter (LC),,1,100.0,1.9,1.9,0,11.0,738.0,Teledyne T640X at 16.67 LPM (Corrected) - Broadband spectroscopy,Miami Fire Station,"1200 NW 20th St, Miami, FL 33142",Florida,Miami-Dade,Miami,"Miami-Fort Lauderdale-West Palm Beach, FL",2024-08-05,pm25
12,86,1016,88101,23,25.794222,-80.215556,NAD83,PM2.5 - Local Conditions,24-HR BLK AVG,PM25 24-hour 2012,2021-06-03,Micrograms/cubic meter (LC),,1,100.0,2.7,2.7,0,15.0,738.0,Teledyne T640X at 16.67 LPM (Corrected) - Broadband spectroscopy,Miami Fire Station,"1200 NW 20th St, Miami, FL 33142",Florida,Miami-Dade,Miami,"Miami-Fort Lauderdale-West Palm Beach, FL",2024-08-05,pm25
12,86,1016,88101,23,25.794222,-80.215556,NAD83,PM2.5 - Local Conditions,24-HR BLK AVG,PM25 24-hour 2012,2021-06-04,Micrograms/cubic meter (LC),,1,100.0,2.5,2.5,0,14.0,738.0,Teledyne T640X at 16.67 LPM (Corrected) - Broadband spectroscopy,Miami Fire Station,"1200 NW 20th St, Miami, FL 33142",Florida,Miami-Dade,Miami,"Miami-Fort Lauderdale-West Palm Beach, FL",2024-08-05,pm25
12,86,1016,88101,23,25.794222,-80.215556,NAD83,PM2.5 - Local Conditions,24-HR BLK AVG,PM25 24-hour 2012,2021-06-05,Micrograms/cubic meter (LC),,1,100.0,2.5,2.5,0,14.0,738.0,Teledyne T640X at 16.67 LPM (Corrected) - Broadband spectroscopy,Miami Fire Station,"1200 NW 20th St, Miami, FL 33142",Florida,Miami-Dade,Miami,"Miami-Fort Lauderdale-West Palm Beach, FL",2024-08-05,pm25
12,86,1016,88101,23,25.794222,-80.215556,NAD83,PM2.5 - Local Conditions,24-HR BLK AVG,PM25 24-hour 2012,2021-06-06,Micrograms/cubic meter (LC),,1,100.0,2.9,2.9,0,16.0,738.0,Teledyne T640X at 16.67 LPM (Corrected) - Broadband spectroscopy,Miami Fire Station,"1200 NW 20th St, Miami, FL 33142",Florida,Miami-Dade,Miami,"Miami-Fort Lauderdale-West Palm Beach, FL",2024-08-05,pm25
12,86,1016,88101,23,25.794222,-80.215556,NAD83,PM2.5 - Local Conditions,24-HR BLK AVG,PM25 24-hour 2012,2021-06-07,Micrograms/cubic meter (LC),,1,100.0,3.1,3.1,0,17.0,738.0,Teledyne T640X at 16.67 LPM (Corrected) - Broadband spectroscopy,Miami Fire Station,"1200 NW 20th St, Miami, FL 33142",Florida,Miami-Dade,Miami,"Miami-Fort Lauderdale-West Palm Beach, FL",2024-08-05,pm25
12,86,1016,88101,23,25.794222,-80.215556,NAD83,PM2.5 - Local Conditions,24-HR BLK AVG,PM25 24-hour 2012,2021-06-08,Micrograms/cubic meter (LC),,1,100.0,2.6,2.6,0,14.0,738.0,Teledyne T640X at 16.67 LPM (Corrected) - Broadband spectroscopy,Miami Fire Station,"1200 NW 20th St, Miami, FL 33142",Florida,Miami-Dade,Miami,"Miami-Fort Lauderdale-West Palm Beach, FL",2024-08-05,pm25
12,86,1016,88101,23,25.794222,-80.215556,NAD83,PM2.5 - Local Conditions,24-HR BLK AVG,PM25 24-hour 2012,2021-06-09,Micrograms/cubic meter (LC),,1,100.0,2.2,2.2,0,12.0,738.0,Teledyne T640X at 16.67 LPM (Corrected) - Broadband spectroscopy,Miami Fire Station,"1200 NW 20th St, Miami, FL 33142",Florida,Miami-Dade,Miami,"Miami-Fort Lauderdale-West Palm Beach, FL",2024-08-05,pm25
12,86,1016,88101,23,25.794222,-80.215556,NAD83,PM2.5 - Local Conditions,24-HR BLK AVG,PM25 24-hour 2012,2021-06-10,Micrograms/cubic meter (LC),,1,100.0,2.4,2.4,0,13.0,738.0,Teledyne T640X at 16.67 LPM (Corrected) - Broadband spectroscopy,Miami Fire Station,"1200 NW 20th St, Miami, FL 33142",Florida,Miami-Dade,Miami,"Miami-Fort Lauderdale-West Palm Beach, FL",2024-08-05,pm25
12,86,1016,88101,23,25.794222,-80.215556,NAD83,PM2.5 - Local Conditions,24-HR BLK AVG,PM25 24-hour 2012,2021-06-11,Micrograms/cubic meter (LC),,1,100.0,2.3,2.3,0,13.0,738.0,Teledyne T640X at 16.67 LPM (Corrected) - Broadband spectroscopy,Miami Fire Station,"1200 NW 20th St, Miami, FL 33142",Florida,Miami-Dade,Miami,"Miami-Fort Lauderdale-West Palm Beach, FL",2024-08-05,pm25
12,86,1016,88101,23,25.794222,-80.215556,NAD83,PM2.5 - Local Conditions,24-HR BLK AVG,PM25 24-hour 2012,2021-06-12,Micrograms/cubic meter (LC),,1,100.0,2.7,2.7,0,15.0,738.0,Teledyne T640X at 16.67 LPM (Corrected) - Broadband spectroscopy,Miami Fire Station,"1200 NW 20th St, Miami, FL 33142",Florida,Miami-Dade,Miami,"Miami-Fort Lauderdale-West Palm Beach, FL",2024-08-05,pm25
12,86,1016,88101,23,25.794222,-80.215556,NAD83,PM2.5 - Local Conditions,24-HR BLK AVG,PM25 24-hour 2012,2021-06-13,Micrograms/cubic meter (LC),,1,100.0,3.2,3.2,0,18.0,738.0,Teledyne T640X at 16.67 LPM (Corrected) - Broadband spectroscopy,Miami Fire Station,"1200 NW 20th St, Miami, FL 33142",Florida,Miami-Dade,Miami,"Miami-Fort Lauderdale-West Palm Beach, FL",2024-08-05,pm25
12,86,1016,88101,23,25.794222,-80.215556,NAD83,PM2.5 - Local Conditions,24-HR BLK AVG,PM25 24-hour 2012,2021-06-14,Micrograms/cubic meter (LC),,1,100.0,4.8,4.8,0,27.0,738.0,Teledyne T640X at 16.67 LPM (Corrected) - Broadband spectroscopy,Miami Fire Station,"1200 NW 20th St, Miami, FL 33142",Florida,Miami-Dade,Miami,"Miami-Fort Lauderdale-West Palm Beach, FL",2024-08-05,pm25
12,86,1016,88101,23,25.794222,-80.215556,NAD83,PM2.5 - Local Conditions,24-HR BLK AVG,PM25 24-hour 2012,2021-06-15,Micrograms/cubic meter (LC),,1,100.0,6.3,6.3,0,35.0,738.0,Teledyne T640X at 16.67 LPM (Corrected) - Broadband spectroscopy,Miami Fire Station,"1200 NW 20th St, Miami, FL 33142",Florida,Miami-Dade,Miami,"Miami-Fort Lauderdale-West Palm Beach, FL",2024-08-05,pm25
12,86,1016,88101,23,25.794222,-80.215556,NAD83,PM2.5 - Local Conditions,24-HR BLK AVG,PM25 24-hour 2012,2021-06-16,Micrograms/cubic meter (LC),,1,100.0,6.2,6.2,0,34.0,738.0,Teledyne T640X at 16.67 LPM (Corrected) - Broadband spectroscopy,Miami Fire Station,"1200 NW 20th St, Miami, FL 33142",Florida,Miami-Dade,Miami,"Miami-Fort Lauderdale-West Palm Beach, FL",2024-08-05,pm25
12,86,1016,88101,23,25.794222,-80.215556,NAD83,PM2.5 - Local Conditions,24-HR BLK AVG,PM25 24-hour 2012,2021-06-17,Micrograms/cubic meter (LC),,1,100.0,4.5,4.5,0,25.0,738.0,Teledyne T640X at 16.67 LPM (Corrected) - Broadband spectroscopy,Miami Fire Station,"1200 NW 20th St, Miami, FL 33142",Florida,Miami-Dade,Miami,"Miami-Fort Lauderdale-West Palm Beach, FL",2024-08-05,pm25
12,86,1016,88101,23,25.794222,-80.215556,NAD83,PM2.5 - Local Conditions,24-HR BLK AVG,PM25 24-hour 2012,2021-06-18,Micrograms/cubic meter (LC),,1,100.0,8.5,8.5,0,47.0,738.0,Teledyne T640X at 16.67 LPM (Corrected) - Broadband spectroscopy,Miami Fire Station,"1200 NW 20th St, Miami, FL 33142",Florida,Miami-Dade,Miami,"Miami-Fort Lauderdale-West Palm Beach, FL",2024-08-05,pm25
12,86,1016,88101,23,25.794222,-80.215556,NAD83,PM2.5 - Local Conditions,24-HR BLK AVG,PM25 24-hour 2012,2021-06-19,Micrograms/cubic meter (LC),,1,100.0,5.6,5.6,0,31.0,738.0,Teledyne T640X at 16.67 LPM (Corrected) - Broadband spectroscopy,Miami Fire Station,"1200 NW 20th St, Miami, FL 33142",Florida,Miami-Dade,Miami,"Miami-Fort Lauderdale-West Palm Beach, FL",2024-08-05,pm25
12,86,1016,88101,23,25.794222,-80.215556,NAD83,PM2.5 - Local Conditions,24-HR BLK AVG,PM25 24-hour 2012,2021-06-20,Micrograms/cubic meter (LC),,1,100.0,4.0,4.0,0,22.0,738.0,Teledyne T640X at 16.67 LPM (Corrected) - Broadband spectroscopy,Miami Fire Station,"1200 NW 20th St, Miami, FL 33142",Florida,Miami-Dade,Miami,"Miami-Fort Lauderdale-West Palm Beach, FL",2024-08-05,pm25
12,86,1016,88101,23,25.794222,-80.215556,NAD83,PM2.5 - Local Conditions,24-HR BLK AVG,PM25 24-hour 2012,2021-06-21,Micrograms/cubic meter (LC),,1,100.0,5.4,5.4,0,30.0,738.0,Teledyne T640X at 16.67 LPM (Corrected) - Broadband spectroscopy,Miami Fire Station,"1200 NW 20th St, Miami, FL 33142",Florida,Miami-Dade,Miami,"Miami-Fort Lauderdale-West Palm Beach, FL",2024-08-05,pm25
12,86,1016,88101,23,25.794222,-80.215556,NAD83,PM2.5 - Local Conditions,24-HR BLK AVG,PM25 24-hour 2012,2021-06-22,Micrograms/cubic meter (LC),,1,100.0,3.6,3.6,0,20.0,738.0,Teledyne T640X at 16.67 LPM (Corrected) - Broadband spectroscopy,Miami Fire Station,"1200 NW 20th St, Miami, FL 33142",Florida,Miami-Dade,Miami,"Miami-Fort Lauderdale-West Palm Beach, FL",2024-08-05,pm25
12,86,1016,88101,23,25.794222,-80.215556,NAD83,PM2.5 - Local Conditions,24-HR BLK AVG,PM25 24-hour 2012,2021-06-23,Micrograms/cubic meter (LC),,1,100.0,3.2,3.2,0,18.0,738.0,Teledyne T640X at 16.67 LPM (Corrected) - Broadband spectroscopy,Miami Fire Station,"1200 NW 20th St, Miami, FL 33142",Florida,Miami-Dade,Miami,"Miami-Fort Lauderdale-West Palm Beach, FL",2024-08-05,pm25
12,86,1016,88101,23,25.794222,-80.215556,NAD83,PM2.5 - Local Conditions,24-HR BLK AVG,PM25 24-hour 2012,2021-06-24,Micrograms/cubic meter (LC),,1,100.0,3.3,3.3,0,18.0,738.0,Teledyne T640X at 16.67 LPM (Corrected) - Broadband spectroscopy,Miami Fire Station,"1200 NW 20th St, Miami, FL 33142",Florida,Miami-Dade,Miami,"Miami-Fort Lauderdale-West Palm Beach, FL",2024-08-05,pm25
12,86,1016,88101,23,25.794222,-80.215556,NAD83,PM2.5 - Local Conditions,24-HR BLK AVG,PM25 24-hour 2012,2021-06-25,Micrograms/cubic meter (LC),,1,100.0,3.5,3.5,0,19.0,738.0,Teledyne T640X at 16.67 LPM (Corrected) - Broadband spectroscopy,Miami Fire Station,"1200 NW 20th St, Miami, FL 33142",Florida,Miami-Dade,Miami,"Miami-Fort Lauderdale-West Palm Beach, FL",2024-08-05,pm25
12,86,1016,88101,23,25.794222,-80.215556,NAD83,PM2.5 - Local Conditions,24-HR BLK AVG,PM25 24-hour 2012,2021-06-26,Micrograms/cubic meter (LC),,1,100.0,3.0,3.0,0,17.0,738.0,Teledyne T640X at 16.67 LPM (Corrected) - Broadband spectroscopy,Miami Fire Station,"1200 NW 20th St, Miami, FL 33142",Florida,Miami-Dade,Miami,"Miami-Fort Lauderdale-West Palm Beach, FL",2024-08-05,pm25
12,86,1016,88101,23,25.794222,-80.215556,NAD83,PM2.5 - Local Conditions,24-HR BLK AVG,PM25 24-hour 2012,2021-06-27,Micrograms/cubic meter (LC),,1,100.0,2.3,2.3,0,13.0,738.0,Teledyne T640X at 16.67 LPM (Corrected) - Broadband spectroscopy,Miami Fire Station,"1200 NW 20th St, Miami, FL 33142",Florida,Miami-Dade,Miami,"Miami-Fort Lauderdale-West Palm Beach, FL",2024-08-05,pm25
12,86,1016,88101,23,25.794222,-80.215556,NAD83,PM2.5 - Local Conditions,24-HR BLK AVG,PM25 24-hour 2012,2021-06-28,Micrograms/cubic meter (LC),,1,100.0,2.5,2.5,0,14.0,738.0,Teledyne T640X at 16.67 LPM (Corrected) - Broadband spectroscopy,Miami Fire Station,"1200 NW 20th St, Miami, FL 33142",Florida,Miami-Dade,Miami,"Miami-Fort Lauderdale-West Palm Beach, FL",2024-08-05,pm25
12,86,1016,88101,23,25.794222,-80.215556,NAD83,PM2.5 - Local Conditions,24-HR BLK AVG,PM25 24-hour 2012,2021-06-29,Micrograms/cubic meter (LC),,1,100.0,2.4,2.4,0,13.0,738.0,Teledyne T640X at 16.67 LPM (Corrected) - Broadband spectroscopy,Miami Fire Station,"1200 NW 20th St, Miami, FL 33142",Florida,Miami-Dade,Miami,"Miami-Fort Lauderdale-West Palm Beach, FL",2024-08-05,pm25
12,86,1016,88101,23,25.794222,-80.215556,NAD83,PM2.5 - Local Conditions,24-HR BLK AVG,PM25 24-hour 2012,2021-06-30,Micrograms/cubic meter (LC),,1,100.0,2.5,2.5,0,14.0,738.0,Teledyne T640X at 16.67 LPM (Corrected) - Broadband spectroscopy,Miami Fire Station,"1200 NW 20th St, Miami, FL 33142",Florida,Miami-Dade,Miami,"Miami-Fort Lauderdale-West Palm Beach, FL",2024-08-05,pm25
12,86,1016,88101,23,25.794222,-80.215556,NAD83,PM2.5 - Local Conditions,24-HR BLK AVG,PM25 24-hour 2012,2021-07-01,Micrograms/cubic meter (LC),,1,100.0,2.3,2.3,0,13.0,738.0,Teledyne T640X at 16.67 LPM (Corrected) - Broadband spectroscopy,Miami Fire Station,"1200 NW 20th St, Miami, FL 33142",Florida,Miami-Dade,Miami,"Miami-Fort Lauderdale-West Palm Beach, FL",2024-08-05,pm25
12,86,1016,88101,23,25.794222,-80.215556,NAD83,PM2.5 - Local Conditions,24-HR BLK AVG,PM25 24-hour 2012,2021-07-02,Micrograms/cubic meter (LC),,1,100.0,2.4,2.4,0,13.0,738.0,Teledyne T640X at 16.67 LPM (Corrected) - Broadband spectroscopy,Miami Fire Station,"1200 NW 20th St, Miami, FL 33142",Florida,Miami-Dade,Miami,"Miami-Fort Lauderdale-West Palm Beach, FL",2024-08-05,pm25
12,86,1016,88101,23,25.794222,-80.215556,NAD83,PM2.5 - Local Conditions,24-HR BLK AVG,PM25 24-hour 2012,2021-07-03,Micrograms/cubic meter (LC),,1,100.0,3.4,3.4,0,19.0,738.0,Teledyne T640X at 16.67 LPM (Corrected) - Broadband spectroscopy,Miami Fire Station,"1200 NW 20th St, Miami, FL 33142",Florida,Miami-Dade,Miami,"Miami-Fort Lauderdale-West Palm Beach, FL",2024-08-05,pm25
12,86,1016,88101,23,25.794222,-80.215556,NAD83,PM2.5 - Local Conditions,24-HR BLK AVG,PM25 24-hour 2012,2021-07-04,Micrograms/cubic meter (LC),,1,100.0,6.4,6.4,0,36.0,738.0,Teledyne T640X at 16.67 LPM (Corrected) - Broadband spectroscopy,Miami Fire Station,"1200 NW 20th St, Miami, FL 33142",Florida,Miami-Dade,Miami,"Miami-Fort Lauderdale-West Palm Beach, FL",2024-08-05,pm25
12,86,1016,88101,23,25.794222,-80.215556,NAD83,PM2.5 - Local Conditions,24-HR BLK AVG,PM25 24-hour 2012,2021-07-05,Micrograms/cubic meter (LC),,1,100.0,2.5,2.5,0,14.0,738.0,Teledyne T640X at 16.67 LPM (Corrected) - Broadband spectroscopy,Miami Fire Station,"1200 NW 20th St, Miami, FL 33142",Florida,Miami-Dade,Miami,"Miami-Fort Lauderdale-West Palm Beach, FL",2024-08-05,pm25
12,86,1016,88101,23,25.794222,-80.215556,NAD83,PM2.5 - Local Conditions,24-HR BLK AVG,PM25 24-hour 2012,2021-07-06,Micrograms/cubic meter (LC),,1,100.0,4.7,4.7,0,26.0,738.0,Teledyne T640X at 16.67 LPM (Corrected) - Broadband spectroscopy,Miami Fire Station,"1200 NW 20th St, Miami, FL 33142",Florida,Miami-Dade,Miami,"Miami-Fort Lauderdale-West Palm Beach, FL",2024-08-05,pm25
12,86,1016,88101,23,25.794222,-80.215556,NAD83,PM2.5 - Local Conditions,24-HR BLK AVG,PM25 24-hour 2012,2021-07-07,Micrograms/cubic meter (LC),,1,100.0,3.2,3.2,0,18.0,738.0,Teledyne T640X at 16.67 LPM (Corrected) - Broadband spectroscopy,Miami Fire Station,"1200 NW 20th St, Miami, FL 33142",Florida,Miami-Dade,Miami,"Miami-Fort Lauderdale-West Palm Beach, FL",2024-08-05,pm25
12,86,1016,88101,23,25.794222,-80.215556,NAD83,PM2.5 - Local Conditions,24-HR BLK AVG,PM25 24-hour 2012,2021-07-08,Micrograms/cubic meter (LC),,1,100.0,3.5,3.5,0,19.0,738.0,Teledyne T640X at 16.67 LPM (Corrected) - Broadband spectroscopy,Miami Fire Station,"1200 NW 20th St, Miami, FL 33142",Florida,Miami-Dade,Miami,"Miami-Fort Lauderdale-West Palm Beach, FL",2024-08-05,pm25
12,86,1016,88101,23,25.794222,-80.215556,NAD83,PM2.5 - Local Conditions,24-HR BLK AVG,PM25 24-hour 2012,2021-07-09,Micrograms/cubic meter (LC),,1,100.0,4.4,4.4,0,24.0,738.0,Teledyne T640X at 16.67 LPM (Corrected) - Broadband spectroscopy,Miami Fire Station,"1200 NW 20th St, Miami, FL 33142",Florida,Miami-Dade,Miami,"Miami-Fort Lauderdale-West Palm Beach, FL",2024-08-05,pm25
12,86,1016,88101,23,25.794222,-80.215556,NAD83,PM2.5 - Local Conditions,24-HR BLK AVG,PM25 24-hour 2012,2021-07-10,Micrograms/cubic meter (LC),,1,100.0,5.8,5.8,0,32.0,738.0,Teledyne T640X at 16.67 LPM (Corrected) - Broadband spectroscopy,Miami Fire Station,"1200 NW 20th St, Miami, FL 33142",Florida,Miami-Dade,Miami,"Miami-Fort Lauderdale-West Palm Beach, FL",2024-08-05,pm25
12,86,1016,88101,23,25.794222,-80.215556,NAD83,PM2.5 - Local Conditions,24-HR BLK AVG,PM25 24-hour 2012,2021-07-11,Micrograms/cubic meter (LC),,1,100.0,3.5,3.5,0,19.0,738.0,Teledyne T640X at 16.67 LPM (Corrected) - Broadband spectroscopy,Miami Fire Station,"1200 NW 20th St, Miami, FL 33142",Florida,Miami-Dade,Miami,"Miami-Fort Lauderdale-West Palm Beach, FL",2024-08-05,pm25
12,86,1016,88101,23,25.794222,-80.215556,NAD83,PM2.5 - Local Conditions,24-HR BLK AVG,PM25 24-hour 2012,2021-07-12,Micrograms/cubic meter (LC),,1,100.0,3.4,3.4,0,19.0,738.0,Teledyne T640X at 16.67 LPM (Corrected) - Broadband spectroscopy,Miami Fire Station,"1200 NW 20th St, Miami, FL 33142",Florida,Miami-Dade,Miami,"Miami-Fort Lauderdale-West Palm Beach, FL",2024-08-05,pm25
12,86,1016,88101,23,25.794222,-80.215556,NAD83,PM2.5 - Local Conditions,24-HR BLK AVG,PM25 24-hour 2012,2021-07-13,Micrograms/cubic meter (LC),,1,100.0,4.0,4.0,0,22.0,738.0,Teledyne T640X at 16.67 LPM (Corrected) - Broadband spectroscopy,Miami Fire Station,"1200 NW 20th St, Miami, FL 33142",Florida,Miami-Dade,Miami,"Miami-Fort Lauderdale-West Palm Beach, FL",2024-08-05,pm25
12,86,1016,88101,23,25.794222,-80.215556,NAD83,PM2.5 - Local Conditions,24-HR BLK AVG,PM25 24-hour 2012,2021-07-14,Micrograms/cubic meter (LC),,1,100.0,3.7,3.7,0,21.0,738.0,Teledyne T640X at 16.67 LPM (Corrected) - Broadband spectroscopy,Miami Fire Station,"1200 NW 20th St, Miami, FL 33142",Florida,Miami-Dade,Miami,"Miami-Fort Lauderdale-West Palm Beach, FL",2024-08-05,pm25
12,86,1016,88101,23,25.794222,-80.215556,NAD83,PM2.5 - Local Conditions,24-HR BLK AVG,PM25 24-hour 2012,2021-07-15,Micrograms/cubic meter (LC),,1,100.0,3.1,3.1,0,17.0,738.0,Teledyne T640X at 16.67 LPM (Corrected) - Broadband spectroscopy,Miami Fire Station,"1200 NW 20th St, Miami, FL 33142",Florida,Miami-Dade,Miami,"Miami-Fort Lauderdale-West Palm Beach, FL",2024-08-05,pm25
12,86,1016,88101,23,25.794222,-80.215556,NAD83,PM2.5 - Local Conditions,24-HR BLK AVG,PM25 24-hour 2012,2021-07-16,Micrograms/cubic meter (LC),,1,100.0,2.5,2.5,0,14.0,738.0,Teledyne T640X at 16.67 LPM (Corrected) - Broadband spectroscopy,Miami Fire Station,"1200 NW 20th St, Miami, FL 33142",Florida,Miami-Dade,Miami,"Miami-Fort Lauderdale-West Palm Beach, FL",2024-08-05,pm25
12,86,1016,88101,23,25.794222,-80.215556,NAD83,PM2.5 - Local Conditions,24-HR BLK AVG,PM25 24-hour 2012,2021-07-17,Micrograms/cubic meter (LC),,1,100.0,2.4,2.4,0,13.0,738.0,Teledyne T640X at 16.67 LPM (Corrected) - Broadband spectroscopy,Miami Fire Station,"1200 NW 20th St, Miami, FL 33142",Florida,Miami-Dade,Miami,"Miami-Fort Lauderdale-West Palm Beach, FL",2024-08-05,pm25
12,86,1016,88101,23,25.794222,-80.215556,NAD83,PM2.5 - Local Conditions,24-HR BLK AVG,PM25 24-hour 2012,2021-07-18,Micrograms/cubic meter (LC),,1,100.0,2.4,2.4,0,13.0,738.0,Teledyne T640X at 16.67 LPM (Corrected) - Broadband spectroscopy,Miami Fire Station,"1200 NW 20th St, Miami, FL 33142",Florida,Miami-Dade,Miami,"Miami-Fort Lauderdale-West Palm Beach, FL",2024-08-05,pm25
12,86,1016,88101,23,25.794222,-80.215556,NAD83,PM2.5 - Local Conditions,24-HR BLK AVG,PM25 24-hour 2012,2021-07-19,Micrograms/cubic meter (LC),,1,100.0,2.5,2.5,0,14.0,738.0,Teledyne T640X at 16.67 LPM (Corrected) - Broadband spectroscopy,Miami Fire Station,"1200 NW 20th St, Miami, FL 33142",Florida,Miami-Dade,Miami,"Miami-Fort Lauderdale-West Palm Beach, FL",2024-08-05,pm25
12,86,1016,88101,23,25.794222,-80.215556,NAD83,PM2.5 - Local Conditions,24-HR BLK AVG,PM25 24-hour 2012,2021-07-20,Micrograms/cubic meter (LC),,1,100.0,3.4,3.4,0,19.0,738.0,Teledyne T640X at 16.67 LPM (Corrected) - Broadband spectroscopy,Miami Fire Station,"1200 NW 20th St, Miami, FL 33142",Florida,Miami-Dade,Miami,"Miami-Fort Lauderdale-West Palm Beach, FL",2024-08-05,pm25
12,86,1016,88101,23,25.794222,-80.215556,NAD83,PM2.5 - Local Conditions,24-HR BLK AVG,PM25 24-hour 2012,2021-07-21,Micrograms/cubic meter (LC),,1,100.0,3.2,3.2,0,18.0,738.0,Teledyne T640X at 16.67 LPM (Corrected) - Broadband spectroscopy,Miami Fire Station,"1200 NW 20th St, Miami, FL 33142",Florida,Miami-Dade,Miami,"Miami-Fort Lauderdale-West Palm Beach, FL",2024-08-05,pm25
12,86,1016,88101,23,25.794222,-80.215556,NAD83,PM2.5 - Local Conditions,24-HR BLK AVG,PM25 24-hour 2012,2021-07-22,Micrograms/cubic meter (LC),,1,100.0,4.3,4.3,0,24.0,738.0,Teledyne T640X at 16.67 LPM (Corrected) - Broadband spectroscopy,Miami Fire Station,"1200 NW 20th St, Miami, FL 33142",Florida,Miami-Dade,Miami,"Miami-Fort Lauderdale-West Palm Beach, FL",2024-08-05,pm25
12,86,1016,88101,23,25.794222,-80.215556,NAD83,PM2.5 - Local Conditions,24-HR BLK AVG,PM25 24-hour 2012,2021-07-23,Micrograms/cubic meter (LC),,1,100.0,7.2,7.2,0,40.0,738.0,Teledyne T640X at 16.67 LPM (Corrected) - Broadband spectroscopy,Miami Fire Station,"1200 NW 20th St, Miami, FL 33142",Florida,Miami-Dade,Miami,"Miami-Fort Lauderdale-West Palm Beach, FL",2024-08-05,pm25
12,86,1016,88101,23,25.794222,-80.215556,NAD83,PM2.5 - Local Conditions,24-HR BLK AVG,PM25 24-hour 2012,2021-07-24,Micrograms/cubic meter (LC),,1,100.0,2.9,2.9,0,16.0,738.0,Teledyne T640X at 16.67 LPM (Corrected) - Broadband spectroscopy,Miami Fire Station,"1200 NW 20th St, Miami, FL 33142",Florida,Miami-Dade,Miami,"Miami-Fort Lauderdale-West Palm Beach, FL",2024-08-05,pm25
12,86,1016,88101,23,25.794222,-80.215556,NAD83,PM2.5 - Local Conditions,24-HR BLK AVG,PM25 24-hour 2012,2021-07-25,Micrograms/cubic meter (LC),,1,100.0,3.1,3.1,0,17.0,738.0,Teledyne T640X at 16.67 LPM (Corrected) - Broadband spectroscopy,Miami Fire Station,"1200 NW 20th St, Miami, FL 33142",Florida,Miami-Dade,Miami,"Miami-Fort Lauderdale-West Palm Beach, FL",2024-08-05,pm25
12,86,1016,88101,23,25.794222,-80.215556,NAD83,PM2.5 - Local Conditions,24-HR BLK AVG,PM25 24-hour 2012,2021-07-26,Micrograms/cubic meter (LC),,1,100.0,2.8,2.8,0,16.0,738.0,Teledyne T640X at 16.67 LPM (Corrected) - Broadband spectroscopy,Miami Fire Station,"1200 NW 20th St, Miami, FL 33142",Florida,Miami-Dade,Miami,"Miami-Fort Lauderdale-West Palm Beach, FL",2024-08-05,pm25
12,86,1016,88101,23,25.794222,-80.215556,NAD83,PM2.5 - Local Conditions,24-HR BLK AVG,PM25 24-hour 2012,2021-07-27,Micrograms/cubic meter (LC),,1,100.0,5.3,5.3,0,29.0,738.0,Teledyne T640X at 16.67 LPM (Corrected) - Broadband spectroscopy,Miami Fire Station,"1200 NW 20th St, Miami, FL 33142",Florida,Miami-Dade,Miami,"Miami-Fort Lauderdale-West Palm Beach, FL",2024-08-05,pm25
12,86,1016,88101,23,25.794222,-80.215556,NAD83,PM2.5 - Local Conditions,24-HR BLK AVG,PM25 24-hour 2012,2021-07-28,Micrograms/cubic meter (LC),,1,100.0,5.2,5.2,0,29.0,738.0,Teledyne T640X at 16.67 LPM (Corrected) - Broadband spectroscopy,Miami Fire Station,"1200 NW 20th St, Miami, FL 33142",Florida,Miami-Dade,Miami,"Miami-Fort Lauderdale-West Palm Beach, FL",2024-08-05,pm25
12,86,1016,88101,23,25.794222,-80.215556,NAD83,PM2.5 - Local Conditions,24-HR BLK AVG,PM25 24-hour 2012,2021-07-29,Micrograms/cubic meter (LC),,1,100.0,4.2,4.2,0,23.0,738.0,Teledyne T640X at 16.67 LPM (Corrected) - Broadband spectroscopy,Miami Fire Station,"1200 NW 20th St, Miami, FL 33142",Florida,Miami-Dade,Miami,"Miami-Fort Lauderdale-West Palm Beach, FL",2024-08-05,pm25
12,86,1016,88101,23,25.794222,-80.215556,NAD83,PM2.5 - Local Conditions,24-HR BLK AVG,PM25 24-hour 2012,2021-07-30,Micrograms/cubic meter (LC),,1,100.0,3.3,3.3,0,18.0,738.0,Teledyne T640X at 16.67 LPM (Corrected) - Broadband spectroscopy,Miami Fire Station,"1200 NW 20th St, Miami, FL 33142",Florida,Miami-Dade,Miami,"Miami-Fort Lauderdale-West Palm Beach, FL",2024-08-05,pm25
12,86,1016,88101,23,25.794222,-80.215556,NAD83,PM2.5 - Local Conditions,24-HR BLK AVG,PM25 24-hour 2012,2021-07-31,Micrograms/cubic meter (LC),,1,100.0,2.7,2.7,0,15.0,738.0,Teledyne T640X at 16.67 LPM (Corrected) - Broadband spectroscopy,Miami Fire Station,"1200 NW 20th St, Miami, FL 33142",Florida,Miami-Dade,Miami,"Miami-Fort Lauderdale-West Palm Beach, FL",2024-08-05,pm25
12,86,1016,88101,23,25.794222,-80.215556,NAD83,PM2.5 - Local Conditions,24-HR BLK AVG,PM25 24-hour 2012,2021-08-01,Micrograms/cubic meter (LC),,1,100.0,2.8,2.8,0,16.0,738.0,Teledyne T640X at 16.67 LPM (Corrected) - Broadband spectroscopy,Miami Fire Station,"1200 NW 20th St, Miami, FL 33142",Florida,Miami-Dade,Miami,"Miami-Fort Lauderdale-West Palm Beach, FL",2024-08-05,pm25
12,86,1016,88101,23,25.794222,-80.215556,NAD83,PM2.5 - Local Conditions,24-HR BLK AVG,PM25 24-hour 2012,2021-08-02,Micrograms/cubic meter (LC),,1,100.0,3.3,3.3,0,18.0,738.0,Teledyne T640X at 16.67 LPM (Corrected) - Broadband spectroscopy,Miami Fire Station,"1200 NW 20th St, Miami, FL 33142",Florida,Miami-Dade,Miami,"Miami-Fort Lauderdale-West Palm Beach, FL",2024-08-05,pm25
12,86,1016,88101,23,25.794222,-80.215556,NAD83,PM2.5 - Local Conditions,24-HR BLK AVG,PM25 24-hour 2012,2021-08-03,Micrograms/cubic meter (LC),,1,100.0,4.0,4.0,0,22.0,738.0,Teledyne T640X at 16.67 LPM (Corrected) - Broadband spectroscopy,Miami Fire Station,"1200 NW 20th St, Miami, FL 33142",Florida,Miami-Dade,Miami,"Miami-Fort Lauderdale-West Palm Beach, FL",2024-08-05,pm25
12,86,1016,88101,23,25.794222,-80.215556,NAD83,PM2.5 - Local Conditions,24-HR BLK AVG,PM25 24-hour 2012,2021-08-04,Micrograms/cubic meter (LC),,1,100.0,3.3,3.3,0,18.0,738.0,Teledyne T640X at 16.67 LPM (Corrected) - Broadband spectroscopy,Miami Fire Station,"1200 NW 20th St, Miami, FL 33142",Florida,Miami-Dade,Miami,"Miami-Fort Lauderdale-West Palm Beach, FL",2024-08-05,pm25
12,86,1016,88101,23,25.794222,-80.215556,NAD83,PM2.5 - Local Conditions,24-HR BLK AVG,PM25 24-hour 2012,2021-08-05,Micrograms/cubic meter (LC),,1,100.0,2.4,2.4,0,13.0,738.0,Teledyne T640X at 16.67 LPM (Corrected) - Broadband spectroscopy,Miami Fire Station,"1200 NW 20th St, Miami, FL 33142",Florida,Miami-Dade,Miami,"Miami-Fort Lauderdale-West Palm Beach, FL",2024-08-05,pm25
12,86,1016,88101,23,25.794222,-80.215556,NAD83,PM2.5 - Local Conditions,24-HR BLK AVG,PM25 24-hour 2012,2021-08-06,Micrograms/cubic meter (LC),,1,100.0,2.5,2.5,0,14.0,738.0,Teledyne T640X at 16.67 LPM (Corrected) - Broadband spectroscopy,Miami Fire Station,"1200 NW 20th St, Miami, FL 33142",Florida,Miami-Dade,Miami,"Miami-Fort Lauderdale-West Palm Beach, FL",2024-08-05,pm25
12,86,1016,88101,23,25.794222,-80.215556,NAD83,PM2.5 - Local Conditions,24-HR BLK AVG,PM25 24-hour 2012,2021-08-07,Micrograms/cubic meter (LC),,1,100.0,2.6,2.6,0,14.0,738.0,Teledyne T640X at 16.67 LPM (Corrected) - Broadband spectroscopy,Miami Fire Station,"1200 NW 20th St, Miami, FL 33142",Florida,Miami-Dade,Miami,"Miami-Fort Lauderdale-West Palm Beach, FL",2024-08-05,pm25
12,86,1016,88101,23,25.794222,-80.215556,NAD83,PM2.5 - Local Conditions,24-HR BLK AVG,PM25 24-hour 2012,2021-08-08,Micrograms/cubic meter (LC),,1,100.0,2.1,2.1,0,12.0,738.0,Teledyne T640X at 16.67 LPM (Corrected) - Broadband spectroscopy,Miami Fire Station,"1200 NW 20th St, Miami, FL 33142",Florida,Miami-Dade,Miami,"Miami-Fort Lauderdale-West Palm Beach, FL",2024-08-05,pm25
12,86,1016,88101,23,25.794222,-80.215556,NAD83,PM2.5 - Local Conditions,24-HR BLK AVG,PM25 24-hour 2012,2021-08-09,Micrograms/cubic meter (LC),,1,100.0,1.8,1.8,0,10.0,738.0,Teledyne T640X at 16.67 LPM (Corrected) - Broadband spectroscopy,Miami Fire Station,"1200 NW 20th St, Miami, FL 33142",Florida,Miami-Dade,Miami,"Miami-Fort Lauderdale-West Palm Beach, FL",2024-08-05,pm25
12,86,1016,88101,23,25.794222,-80.215556,NAD83,PM2.5 - Local Conditions,24-HR BLK AVG,PM25 24-hour 2012,2021-08-10,Micrograms/cubic meter (LC),,1,100.0,2.3,2.3,0,13.0,738.0,Teledyne T640X at 16.67 LPM (Corrected) - Broadband spectroscopy,Miami Fire Station,"1200 NW 20th St, Miami, FL 33142",Florida,Miami-Dade,Miami,"Miami-Fort Lauderdale-West Palm Beach, FL",2024-08-05,pm25
12,86,1016,88101,23,25.794222,-80.215556,NAD83,PM2.5 - Local Conditions,24-HR BLK AVG,PM25 24-hour 2012,2021-08-11,Micrograms/cubic meter (LC),,1,100.0,2.5,2.5,0,14.0,738.0,Teledyne T640X at 16.67 LPM (Corrected) - Broadband spectroscopy,Miami Fire Station,"1200 NW 20th St, Miami, FL 33142",Florida,Miami-Dade,Miami,"Miami-Fort Lauderdale-West Palm Beach, FL",2024-08-05,pm25
12,86,1016,88101,23,25.794222,-80.215556,NAD83,PM2.5 - Local Conditions,24-HR BLK AVG,PM25 24-hour 2012,2021-08-12,Micrograms/cubic meter (LC),,1,100.0,2.8,2.8,0,16.0,738.0,Teledyne T640X at 16.67 LPM (Corrected) - Broadband spectroscopy,Miami Fire Station,"1200 NW 20th St, Miami, FL 33142",Florida,Miami-Dade,Miami,"Miami-Fort Lauderdale-West Palm Beach, FL",2024-08-05,pm25
12,86,1016,88101,23,25.794222,-80.215556,NAD83,PM2.5 - Local Conditions,24-HR BLK AVG,PM25 24-hour 2012,2021-08-13,Micrograms/cubic meter (LC),,1,100.0,2.9,2.9,0,16.0,738.0,Teledyne T640X at 16.67 LPM (Corrected) - Broadband spectroscopy,Miami Fire Station,"1200 NW 20th St, Miami, FL 33142",Florida,Miami-Dade,Miami,"Miami-Fort Lauderdale-West Palm Beach, FL",2024-08-05,pm25
12,86,1016,88101,23,25.794222,-80.215556,NAD83,PM2.5 - Local Conditions,24-HR BLK AVG,PM25 24-hour 2012,2021-08-14,Micrograms/cubic meter (LC),,1,100.0,3.4,3.4,0,19.0,738.0,Teledyne T640X at 16.67 LPM (Corrected) - Broadband spectroscopy,Miami Fire Station,"1200 NW 20th St, Miami, FL 33142",Florida,Miami-Dade,Miami,"Miami-Fort Lauderdale-West Palm Beach, FL",2024-08-05,pm25
12,86,1016,88101,23,25.794222,-80.215556,NAD83,PM2.5 - Local Conditions,24-HR BLK AVG,PM25 24-hour 2012,2021-08-15,Micrograms/cubic meter (LC),,1,100.0,3.2,3.2,0,18.0,738.0,Teledyne T640X at 16.67 LPM (Corrected) - Broadband spectroscopy,Miami Fire Station,"1200 NW 20th St, Miami, FL 33142",Florida,Miami-Dade,Miami,"Miami-Fort Lauderdale-West Palm Beach, FL",2024-08-05,pm25
12,86,1016,88101,23,25.794222,-80.215556,NAD83,PM2.5 - Local Conditions,24-HR BLK AVG,PM25 24-hour 2012,2021-08-16,Micrograms/cubic meter (LC),,1,100.0,2.8,2.8,0,16.0,738.0,Teledyne T640X at 16.67 LPM (Corrected) - Broadband spectroscopy,Miami Fire Station,"1200 NW 20th St, Miami, FL 33142",Florida,Miami-Dade,Miami,"Miami-Fort Lauderdale-West Palm Beach, FL",2024-08-05,pm25
12,86,1016,88101,23,25.794222,-80.215556,NAD83,PM2.5 - Local Conditions,24-HR BLK AVG,PM25 24-hour 2012,2021-08-17,Micrograms/cubic meter (LC),,1,100.0,3.0,3.0,0,17.0,738.0,Teledyne T640X at 16.67 LPM (Corrected) - Broadband spectroscopy,Miami Fire Station,"1200 NW 20th St, Miami, FL 33142",Florida,Miami-Dade,Miami,"Miami-Fort Lauderdale-West Palm Beach, FL",2024-08-05,pm25
12,86,1016,88101,23,25.794222,-80.215556,NAD83,PM2.5 - Local Conditions,24-HR BLK AVG,PM25 24-hour 2012,2021-08-18,Micrograms/cubic meter (LC),,1,100.0,5.0,5.0,0,28.0,738.0,Teledyne T640X at 16.67 LPM (Corrected) - Broadband spectroscopy,Miami Fire Station,"1200 NW 20th St, Miami, FL 33142",Florida,Miami-Dade,Miami,"Miami-Fort Lauderdale-West Palm Beach, FL",2024-08-05,pm25
12,86,1016,88101,23,25.794222,-80.215556,NAD83,PM2.5 - Local Conditions,24-HR BLK AVG,PM25 24-hour 2012,2021-08-19,Micrograms/cubic meter (LC),,1,100.0,3.9,3.9,0,22.0,738.0,Teledyne T640X at 16.67 LPM (Corrected) - Broadband spectroscopy,Miami Fire Station,"1200 NW 20th St, Miami, FL 33142",Florida,Miami-Dade,Miami,"Miami-Fort Lauderdale-West Palm Beach, FL",2024-08-05,pm25
12,86,1016,88101,23,25.794222,-80.215556,NAD83,PM2.5 - Local Conditions,24-HR BLK AVG,PM25 24-hour 2012,2021-08-20,Micrograms/cubic meter (LC),,1,100.0,3.1,3.1,0,17.0,738.0,Teledyne T640X at 16.67 LPM (Corrected) - Broadband spectroscopy,Miami Fire Station,"1200 NW 20th St, Miami, FL 33142",Florida,Miami-Dade,Miami,"Miami-Fort Lauderdale-West Palm Beach, FL",2024-08-05,pm25
12,86,1016,88101,23,25.794222,-80.215556,NAD83,PM2.5 - Local Conditions,24-HR BLK AVG,PM25 24-hour 2012,2021-08-21,Micrograms/cubic meter (LC),,1,100.0,2.8,2.8,0,16.0,738.0,Teledyne T640X at 16.67 LPM (Corrected) - Broadband spectroscopy,Miami Fire Station,"1200 NW 20th St, Miami, FL 33142",Florida,Miami-Dade,Miami,"Miami-Fort Lauderdale-West Palm Beach, FL",2024-08-05,pm25
12,86,1016,88101,23,25.794222,-80.215556,NAD83,PM2.5 - Local Conditions,24-HR BLK AVG,PM25 24-hour 2012,2021-08-22,Micrograms/cubic meter (LC),,1,100.0,7.7,7.7,0,43.0,738.0,Teledyne T640X at 16.67 LPM (Corrected) - Broadband spectroscopy,Miami Fire Station,"1200 NW 20th St, Miami, FL 33142",Florida,Miami-Dade,Miami,"Miami-Fort Lauderdale-West Palm Beach, FL",2024-08-05,pm25
12,86,1016,88101,23,25.794222,-80.215556,NAD83,PM2.5 - Local Conditions,24-HR BLK AVG,PM25 24-hour 2012,2021-08-23,Micrograms/cubic meter (LC),,1,100.0,10.3,10.3,0,53.0,738.0,Teledyne T640X at 16.67 LPM (Corrected) - Broadband spectroscopy,Miami Fire Station,"1200 NW 20th St, Miami, FL 33142",Florida,Miami-Dade,Miami,"Miami-Fort Lauderdale-West Palm Beach, FL",2024-08-05,pm25
12,86,1016,88101,23,25.794222,-80.215556,NAD83,PM2.5 - Local Conditions,24-HR BLK AVG,PM25 24-hour 2012,2021-08-24,Micrograms/cubic meter (LC),,1,100.0,8.9,8.9,0,49.0,738.0,Teledyne T640X at 16.67 LPM (Corrected) - Broadband spectroscopy,Miami Fire Station,"1200 NW 20th St, Miami, FL 33142",Florida,Miami-Dade,Miami,"Miami-Fort Lauderdale-West Palm Beach, FL",2024-08-05,pm25
12,86,1016,88101,23,25.794222,-80.215556,NAD83,PM2.5 - Local Conditions,24-HR BLK AVG,PM25 24-hour 2012,2021-08-25,Micrograms/cubic meter (LC),,1,100.0,6.6,6.6,0,37.0,738.0,Teledyne T640X at 16.67 LPM (Corrected) - Broadband spectroscopy,Miami Fire Station,"1200 NW 20th St, Miami, FL 33142",Florida,Miami-Dade,Miami,"Miami-Fort Lauderdale-West Palm Beach, FL",2024-08-05,pm25
12,86,1016,88101,23,25.794222,-80.215556,NAD83,PM2.5 - Local Conditions,24-HR BLK AVG,PM25 24-hour 2012,2021-08-26,Micrograms/cubic meter (LC),,1,100.0,4.5,4.5,0,25.0,738.0,Teledyne T640X at 16.67 LPM (Corrected) - Broadband spectroscopy,Miami Fire Station,"1200 NW 20th St, Miami, FL 33142",Florida,Miami-Dade,Miami,"Miami-Fort Lauderdale-West Palm Beach, FL",2024-08-05,pm25
12,86,1016,88101,23,25.794222,-80.215556,NAD83,PM2.5 - Local Conditions,24-HR BLK AVG,PM25 24-hour 2012,2021-08-27,Micrograms/cubic meter (LC),,1,100.0,3.0,3.0,0,17.0,738.0,Teledyne T640X at 16.67 LPM (Corrected) - Broadband spectroscopy,Miami Fire Station,"1200 NW 20th St, Miami, FL 33142",Florida,Miami-Dade,Miami,"Miami-Fort Lauderdale-West Palm Beach, FL",2024-08-05,pm25
12,86,1016,88101,23,25.794222,-80.215556,NAD83,PM2.5 - Local Conditions,24-HR BLK AVG,PM25 24-hour 2012,2021-08-28,Micrograms/cubic meter (LC),,1,100.0,4.0,4.0,0,22.0,738.0,Teledyne T640X at 16.67 LPM (Corrected) - Broadband spectroscopy,Miami Fire Station,"1200 NW 20th St, Miami, FL 33142",Florida,Miami-Dade,Miami,"Miami-Fort Lauderdale-West Palm Beach, FL",2024-08-05,pm25
12,86,1016,88101,23,25.794222,-80.215556,NAD83,PM2.5 - Local Conditions,24-HR BLK AVG,PM25 24-hour 2012,2021-08-29,Micrograms/cubic meter (LC),,1,100.0,3.1,3.1,0,17.0,738.0,Teledyne T640X at 16.67 LPM (Corrected) - Broadband spectroscopy,Miami Fire Station,"1200 NW 20th St, Miami, FL 33142",Florida,Miami-Dade,Miami,"Miami-Fort Lauderdale-West Palm Beach, FL",2024-08-05,pm25
12,86,1016,88101,23,25.794222,-80.215556,NAD83,PM2.5 - Local Conditions,24-HR BLK AVG,PM25 24-hour 2012,2021-08-30,Micrograms/cubic meter (LC),,1,100.0,3.1,3.1,0,17.0,738.0,Teledyne T640X at 16.67 LPM (Corrected) - Broadband spectroscopy,Miami Fire Station,"1200 NW 20th St, Miami, FL 33142",Florida,Miami-Dade,Miami,"Miami-Fort Lauderdale-West Palm Beach, FL",2024-08-05,pm25
12,86,1016,88101,23,25.794222,-80.215556,NAD83,PM2.5 - Local Conditions,24-HR BLK AVG,PM25 24-hour 2012,2021-08-31,Micrograms/cubic meter (LC),,1,100.0,3.5,3.5,0,19.0,738.0,Teledyne T640X at 16.67 LPM (Corrected) - Broadband spectroscopy,Miami Fire Station,"1200 NW 20th St, Miami, FL 33142",Florida,Miami-Dade,Miami,"Miami-Fort Lauderdale-West Palm Beach, FL",2024-08-05,pm25
12,86,1016,88101,23,25.794222,-80.215556,NAD83,PM2.5 - Local Conditions,24-HR BLK AVG,PM25 24-hour 2012,2021-09-01,Micrograms/cubic meter (LC),,1,100.0,8.0,8.0,0,44.0,738.0,Teledyne T640X at 16.67 LPM (Corrected) - Broadband spectroscopy,Miami Fire Station,"1200 NW 20th St, Miami, FL 33142",Florida,Miami-Dade,Miami,"Miami-Fort Lauderdale-West Palm Beach, FL",2024-08-05,pm25
12,86,1016,88101,23,25.794222,-80.215556,NAD83,PM2.5 - Local Conditions,24-HR BLK AVG,PM25 24-hour 2012,2021-09-02,Micrograms/cubic meter (LC),,1,100.0,11.0,11.0,0,55.0,738.0,Teledyne T640X at 16.67 LPM (Corrected) - Broadband spectroscopy,Miami Fire Station,"1200 NW 20th St, Miami, FL 33142",Florida,Miami-Dade,Miami,"Miami-Fort Lauderdale-West Palm Beach, FL",2024-08-05,pm25
12,86,1016,88101,23,25.794222,-80.215556,NAD83,PM2.5 - Local Conditions,24-HR BLK AVG,PM25 24-hour 2012,2021-09-03,Micrograms/cubic meter (LC),,1,100.0,11.2,11.2,0,55.0,738.0,Teledyne T640X at 16.67 LPM (Corrected) - Broadband spectroscopy,Miami Fire Station,"1200 NW 20th St, Miami, FL 33142",Florida,Miami-Dade,Miami,"Miami-Fort Lauderdale-West Palm Beach, FL",2024-08-05,pm25
12,86,1016,88101,23,25.794222,-80.215556,NAD83,PM2.5 - Local Conditions,24-HR BLK AVG,PM25 24-hour 2012,2021-09-04,Micrograms/cubic meter (LC),,1,100.0,13.6,13.6,0,59.0,738.0,Teledyne T640X at 16.67 LPM (Corrected) - Broadband spectroscopy,Miami Fire Station,"1200 NW 20th St, Miami, FL 33142",Florida,Miami-Dade,Miami,"Miami-Fort Lauderdale-West Palm Beach, FL",2024-08-05,pm25
12,86,1016,88101,23,25.794222,-80.215556,NAD83,PM2.5 - Local Conditions,24-HR BLK AVG,PM25 24-hour 2012,2021-09-05,Micrograms/cubic meter (LC),,1,100.0,10.2,10.2,0,53.0,738.0,Teledyne T640X at 16.67 LPM (Corrected) - Broadband spectroscopy,Miami Fire Station,"1200 NW 20th St, Miami, FL 33142",Florida,Miami-Dade,Miami,"Miami-Fort Lauderdale-West Palm Beach, FL",2024-08-05,pm25
12,86,1016,88101,23,25.794222,-80.215556,NAD83,PM2.5 - Local Conditions,24-HR BLK AVG,PM25 24-hour 2012,2021-09-06,Micrograms/cubic meter (LC),,1,100.0,14.4,14.4,0,61.0,738.0,Teledyne T640X at 16.67 LPM (Corrected) - Broadband spectroscopy,Miami Fire Station,"1200 NW 20th St, Miami, FL 33142",Florida,Miami-Dade,Miami,"Miami-Fort Lauderdale-West Palm Beach, FL",2024-08-05,pm25
12,86,1016,88101,23,25.794222,-80.215556,NAD83,PM2.5 - Local Conditions,24-HR BLK AVG,PM25 24-hour 2012,2021-09-07,Micrograms/cubic meter (LC),,1,100.0,15.3,15.3,0,63.0,738.0,Teledyne T640X at 16.67 LPM (Corrected) - Broadband spectroscopy,Miami Fire Station,"1200 NW 20th St, Miami, FL 33142",Florida,Miami-Dade,Miami,"Miami-Fort Lauderdale-West Palm Beach, FL",2024-08-05,pm25
12,86,1016,88101,23,25.794222,-80.215556,NAD83,PM2.5 - Local Conditions,24-HR BLK AVG,PM25 24-hour 2012,2021-09-08,Micrograms/cubic meter (LC),,1,100.0,10.6,10.6,0,54.0,738.0,Teledyne T640X at 16.67 LPM (Corrected) - Broadband spectroscopy,Miami Fire Station,"1200 NW 20th St, Miami, FL 33142",Florida,Miami-Dade,Miami,"Miami-Fort Lauderdale-West Palm Beach, FL",2024-08-05,pm25
12,86,1016,88101,23,25.794222,-80.215556,NAD83,PM2.5 - Local Conditions,24-HR BLK AVG,PM25 24-hour 2012,2021-09-09,Micrograms/cubic meter (LC),,1,100.0,14.1,14.1,0,60.0,738.0,Teledyne T640X at 16.67 LPM (Corrected) - Broadband spectroscopy,Miami Fire Station,"1200 NW 20th St, Miami, FL 33142",Florida,Miami-Dade,Miami,"Miami-Fort Lauderdale-West Palm Beach, FL",2024-08-05,pm25
12,86,1016,88101,23,25.794222,-80.215556,NAD83,PM2.5 - Local Conditions,24-HR BLK AVG,PM25 24-hour 2012,2021-09-10,Micrograms/cubic meter (LC),,1,100.0,15.0,15.0,0,62.0,738.0,Teledyne T640X at 16.67 LPM (Corrected) - Broadband spectroscopy,Miami Fire Station,"1200 NW 20th St, Miami, FL 33142",Florida,Miami-Dade,Miami,"Miami-Fort Lauderdale-West Palm Beach, FL",2024-08-05,pm25
12,86,1016,88101,23,25.794222,-80.215556,NAD83,PM2.5 - Local Conditions,24-HR BLK AVG,PM25 24-hour 2012,2021-09-11,Micrograms/cubic meter (LC),,1,100.0,13.8,13.8,0,60.0,738.0,Teledyne T640X at 16.67 LPM (Corrected) - Broadband spectroscopy,Miami Fire Station,"1200 NW 20th St, Miami, FL 33142",Florida,Miami-Dade,Miami,"Miami-Fort Lauderdale-West Palm Beach, FL",2024-08-05,pm25
12,86,1016,88101,23,25.794222,-80.215556,NAD83,PM2.5 - Local Conditions,24-HR BLK AVG,PM25 24-hour 2012,2021-09-12,Micrograms/cubic meter (LC),,1,100.0,9.1,9.1,0,51.0,738.0,Teledyne T640X at 16.67 LPM (Corrected) - Broadband spectroscopy,Miami Fire Station,"1200 NW 20th St, Miami, FL 33142",Florida,Miami-Dade,Miami,"Miami-Fort Lauderdale-West Palm Beach, FL",2024-08-05,pm25
12,86,1016,88101,23,25.794222,-80.215556,NAD83,PM2.5 - Local Conditions,24-HR BLK AVG,PM25 24-hour 2012,2021-09-13,Micrograms/cubic meter (LC),,1,100.0,5.5,5.5,0,31.0,738.0,Teledyne T640X at 16.67 LPM (Corrected) - Broadband spectroscopy,Miami Fire Station,"1200 NW 20th St, Miami, FL 33142",Florida,Miami-Dade,Miami,"Miami-Fort Lauderdale-West Palm Beach, FL",2024-08-05,pm25
12,86,1016,88101,23,25.794222,-80.215556,NAD83,PM2.5 - Local Conditions,24-HR BLK AVG,PM25 24-hour 2012,2021-09-14,Micrograms/cubic meter (LC),,1,100.0,3.7,3.7,0,21.0,738.0,Teledyne T640X at 16.67 LPM (Corrected) - Broadband spectroscopy,Miami Fire Station,"1200 NW 20th St, Miami, FL 33142",Florida,Miami-Dade,Miami,"Miami-Fort Lauderdale-West Palm Beach, FL",2024-08-05,pm25
12,86,1016,88101,23,25.794222,-80.215556,NAD83,PM2.5 - Local Conditions,24-HR BLK AVG,PM25 24-hour 2012,2021-09-15,Micrograms/cubic meter (LC),,1,100.0,4.0,4.0,0,22.0,738.0,Teledyne T640X at 16.67 LPM (Corrected) - Broadband spectroscopy,Miami Fire Station,"1200 NW 20th St, Miami, FL 33142",Florida,Miami-Dade,Miami,"Miami-Fort Lauderdale-West Palm Beach, FL",2024-08-05,pm25
12,86,1016,88101,23,25.794222,-80.215556,NAD83,PM2.5 - Local Conditions,24-HR BLK AVG,PM25 24-hour 2012,2021-09-16,Micrograms/cubic meter (LC),,1,100.0,4.5,4.5,0,25.0,738.0,Teledyne T640X at 16.67 LPM (Corrected) - Broadband spectroscopy,Miami Fire Station,"1200 NW 20th St, Miami, FL 33142",Florida,Miami-Dade,Miami,"Miami-Fort Lauderdale-West Palm Beach, FL",2024-08-05,pm25
12,86,1016,88101,23,25.794222,-80.215556,NAD83,PM2.5 - Local Conditions,24-HR BLK AVG,PM25 24-hour 2012,2021-09-17,Micrograms/cubic meter (LC),,1,100.0,4.6,4.6,0,26.0,738.0,Teledyne T640X at 16.67 LPM (Corrected) - Broadband spectroscopy,Miami Fire Station,"1200 NW 20th St, Miami, FL 33142",Florida,Miami-Dade,Miami,"Miami-Fort Lauderdale-West Palm Beach, FL",2024-08-05,pm25
12,86,1016,88101,23,25.794222,-80.215556,NAD83,PM2.5 - Local Conditions,24-HR BLK AVG,PM25 24-hour 2012,2021-09-18,Micrograms/cubic meter (LC),,1,100.0,5.5,5.5,0,31.0,738.0,Teledyne T640X at 16.67 LPM (Corrected) - Broadband spectroscopy,Miami Fire Station,"1200 NW 20th St, Miami, FL 33142",Florida,Miami-Dade,Miami,"Miami-Fort Lauderdale-West Palm Beach, FL",2024-08-05,pm25
12,86,1016,88101,23,25.794222,-80.215556,NAD83,PM2.5 - Local Conditions,24-HR BLK AVG,PM25 24-hour 2012,2021-09-19,Micrograms/cubic meter (LC),,1,100.0,4.1,4.1,0,23.0,738.0,Teledyne T640X at 16.67 LPM (Corrected) - Broadband spectroscopy,Miami Fire Station,"1200 NW 20th St, Miami, FL 33142",Florida,Miami-Dade,Miami,"Miami-Fort Lauderdale-West Palm Beach, FL",2024-08-05,pm25
12,86,1016,88101,23,25.794222,-80.215556,NAD83,PM2.5 - Local Conditions,24-HR BLK AVG,PM25 24-hour 2012,2021-09-20,Micrograms/cubic meter (LC),,1,100.0,5.0,5.0,0,28.0,738.0,Teledyne T640X at 16.67 LPM (Corrected) - Broadband spectroscopy,Miami Fire Station,"1200 NW 20th St, Miami, FL 33142",Florida,Miami-Dade,Miami,"Miami-Fort Lauderdale-West Palm Beach, FL",2024-08-05,pm25
12,86,1016,88101,23,25.794222,-80.215556,NAD83,PM2.5 - Local Conditions,24-HR BLK AVG,PM25 24-hour 2012,2021-09-21,Micrograms/cubic meter (LC),,1,100.0,4.6,4.6,0,26.0,738.0,Teledyne T640X at 16.67 LPM (Corrected) - Broadband spectroscopy,Miami Fire Station,"1200 NW 20th St, Miami, FL 33142",Florida,Miami-Dade,Miami,"Miami-Fort Lauderdale-West Palm Beach, FL",2024-08-05,pm25
12,86,1016,88101,23,25.794222,-80.215556,NAD83,PM2.5 - Local Conditions,24-HR BLK AVG,PM25 24-hour 2012,2021-09-22,Micrograms/cubic meter (LC),,1,100.0,4.3,4.3,0,24.0,738.0,Teledyne T640X at 16.67 LPM (Corrected) - Broadband spectroscopy,Miami Fire Station,"1200 NW 20th St, Miami, FL 33142",Florida,Miami-Dade,Miami,"Miami-Fort Lauderdale-West Palm Beach, FL",2024-08-05,pm25
12,86,1016,88101,23,25.794222,-80.215556,NAD83,PM2.5 - Local Conditions,24-HR BLK AVG,PM25 24-hour 2012,2021-09-23,Micrograms/cubic meter (LC),,1,100.0,5.0,5.0,0,28.0,738.0,Teledyne T640X at 16.67 LPM (Corrected) - Broadband spectroscopy,Miami Fire Station,"1200 NW 20th St, Miami, FL 33142",Florida,Miami-Dade,Miami,"Miami-Fort Lauderdale-West Palm Beach, FL",2024-08-05,pm25
12,86,1016,88101,23,25.794222,-80.215556,NAD83,PM2.5 - Local Conditions,24-HR BLK AVG,PM25 24-hour 2012,2021-09-24,Micrograms/cubic meter (LC),,1,100.0,4.7,4.7,0,26.0,738.0,Teledyne T640X at 16.67 LPM (Corrected) - Broadband spectroscopy,Miami Fire Station,"1200 NW 20th St, Miami, FL 33142",Florida,Miami-Dade,Miami,"Miami-Fort Lauderdale-West Palm Beach, FL",2024-08-05,pm25
12,86,1016,88101,23,25.794222,-80.215556,NAD83,PM2.5 - Local Conditions,24-HR BLK AVG,PM25 24-hour 2012,2021-09-25,Micrograms/cubic meter (LC),,1,100.0,4.7,4.7,0,26.0,738.0,Teledyne T640X at 16.67 LPM (Corrected) - Broadband spectroscopy,Miami Fire Station,"1200 NW 20th St, Miami, FL 33142",Florida,Miami-Dade,Miami,"Miami-Fort Lauderdale-West Palm Beach, FL",2024-08-05,pm25
12,86,1016,88101,23,25.794222,-80.215556,NAD83,PM2.5 - Local Conditions,24-HR BLK AVG,PM25 24-hour 2012,2021-09-26,Micrograms/cubic meter (LC),,1,100.0,5.3,5.3,0,29.0,738.0,Teledyne T640X at 16.67 LPM (Corrected) - Broadband spectroscopy,Miami Fire Station,"1200 NW 20th St, Miami, FL 33142",Florida,Miami-Dade,Miami,"Miami-Fort Lauderdale-West Palm Beach, FL",2024-08-05,pm25
12,86,1016,88101,23,25.794222,-80.215556,NAD83,PM2.5 - Local Conditions,24-HR BLK AVG,PM25 24-hour 2012,2021-09-27,Micrograms/cubic meter (LC),,1,100.0,5.4,5.4,0,30.0,738.0,Teledyne T640X at 16.67 LPM (Corrected) - Broadband spectroscopy,Miami Fire Station,"1200 NW 20th St, Miami, FL 33142",Florida,Miami-Dade,Miami,"Miami-Fort Lauderdale-West Palm Beach, FL",2024-08-05,pm25
12,86,1016,88101,23,25.794222,-80.215556,NAD83,PM2.5 - Local Conditions,24-HR BLK AVG,PM25 24-hour 2012,2021-09-28,Micrograms/cubic meter (LC),,1,100.0,5.3,5.3,0,29.0,738.0,Teledyne T640X at 16.67 LPM (Corrected) - Broadband spectroscopy,Miami Fire Station,"1200 NW 20th St, Miami, FL 33142",Florida,Miami-Dade,Miami,"Miami-Fort Lauderdale-West Palm Beach, FL",2024-08-05,pm25
12,86,1016,88101,23,25.794222,-80.215556,NAD83,PM2.5 - Local Conditions,24-HR BLK AVG,PM25 24-hour 2012,2021-09-29,Micrograms/cubic meter (LC),,1,100.0,5.2,5.2,0,29.0,738.0,Teledyne T640X at 16.67 LPM (Corrected) - Broadband spectroscopy,Miami Fire Station,"1200 NW 20th St, Miami, FL 33142",Florida,Miami-Dade,Miami,"Miami-Fort Lauderdale-West Palm Beach, FL",2024-08-05,pm25
12,86,1016,88101,23,25.794222,-80.215556,NAD83,PM2.5 - Local Conditions,24-HR BLK AVG,PM25 24-hour 2012,2021-09-30,Micrograms/cubic meter (LC),,1,100.0,4.8,4.8,0,27.0,738.0,Teledyne T640X at 16.67 LPM (Corrected) - Broadband spectroscopy,Miami Fire Station,"1200 NW 20th St, Miami, FL 33142",Florida,Miami-Dade,Miami,"Miami-Fort Lauderdale-West Palm Beach, FL",2024-08-05,pm25
12,86,1016,88101,23,25.794222,-80.215556,NAD83,PM2.5 - Local Conditions,24-HR BLK AVG,PM25 24-hour 2012,2021-10-01,Micrograms/cubic meter (LC),,1,100.0,5.0,5.0,0,28.0,738.0,Teledyne T640X at 16.67 LPM (Corrected) - Broadband spectroscopy,Miami Fire Station,"1200 NW 20th St, Miami, FL 33142",Florida,Miami-Dade,Miami,"Miami-Fort Lauderdale-West Palm Beach, FL",2024-08-05,pm25
12,86,1016,88101,23,25.794222,-80.215556,NAD83,PM2.5 - Local Conditions,24-HR BLK AVG,PM25 24-hour 2012,2021-10-02,Micrograms/cubic meter (LC),,1,100.0,5.7,5.7,0,32.0,738.0,Teledyne T640X at 16.67 LPM (Corrected) - Broadband spectroscopy,Miami Fire Station,"1200 NW 20th St, Miami, FL 33142",Florida,Miami-Dade,Miami,"Miami-Fort Lauderdale-West Palm Beach, FL",2024-08-05,pm25
12,86,1016,88101,23,25.794222,-80.215556,NAD83,PM2.5 - Local Conditions,24-HR BLK AVG,PM25 24-hour 2012,2021-10-03,Micrograms/cubic meter (LC),,1,100.0,4.1,4.1,0,23.0,738.0,Teledyne T640X at 16.67 LPM (Corrected) - Broadband spectroscopy,Miami Fire Station,"1200 NW 20th St, Miami, FL 33142",Florida,Miami-Dade,Miami,"Miami-Fort Lauderdale-West Palm Beach, FL",2024-08-05,pm25
12,86,1016,88101,23,25.794222,-80.215556,NAD83,PM2.5 - Local Conditions,24-HR BLK AVG,PM25 24-hour 2012,2021-10-04,Micrograms/cubic meter (LC),,1,100.0,5.0,5.0,0,28.0,738.0,Teledyne T640X at 16.67 LPM (Corrected) - Broadband spectroscopy,Miami Fire Station,"1200 NW 20th St, Miami, FL 33142",Florida,Miami-Dade,Miami,"Miami-Fort Lauderdale-West Palm Beach, FL",2024-08-05,pm25
12,86,1016,88101,23,25.794222,-80.215556,NAD83,PM2.5 - Local Conditions,24-HR BLK AVG,PM25 24-hour 2012,2021-10-05,Micrograms/cubic meter (LC),,1,100.0,5.2,5.2,0,29.0,738.0,Teledyne T640X at 16.67 LPM (Corrected) - Broadband spectroscopy,Miami Fire Station,"1200 NW 20th St, Miami, FL 33142",Florida,Miami-Dade,Miami,"Miami-Fort Lauderdale-West Palm Beach, FL",2024-08-05,pm25
12,86,1016,88101,23,25.794222,-80.215556,NAD83,PM2.5 - Local Conditions,24-HR BLK AVG,PM25 24-hour 2012,2021-10-06,Micrograms/cubic meter (LC),,1,100.0,8.9,8.9,0,49.0,738.0,Teledyne T640X at 16.67 LPM (Corrected) - Broadband spectroscopy,Miami Fire Station,"1200 NW 20th St, Miami, FL 33142",Florida,Miami-Dade,Miami,"Miami-Fort Lauderdale-West Palm Beach, FL",2024-08-05,pm25
12,86,1016,88101,23,25.794222,-80.215556,NAD83,PM2.5 - Local Conditions,24-HR BLK AVG,PM25 24-hour 2012,2021-10-07,Micrograms/cubic meter (LC),,1,100.0,18.8,18.8,0,69.0,738.0,Teledyne T640X at 16.67 LPM (Corrected) - Broadband spectroscopy,Miami Fire Station,"1200 NW 20th St, Miami, FL 33142",Florida,Miami-Dade,Miami,"Miami-Fort Lauderdale-West Palm Beach, FL",2024-08-05,pm25
12,86,1016,88101,23,25.794222,-80.215556,NAD83,PM2.5 - Local Conditions,24-HR BLK AVG,PM25 24-hour 2012,2021-10-08,Micrograms/cubic meter (LC),,1,100.0,13.7,13.7,0,60.0,738.0,Teledyne T640X at 16.67 LPM (Corrected) - Broadband spectroscopy,Miami Fire Station,"1200 NW 20th St, Miami, FL 33142",Florida,Miami-Dade,Miami,"Miami-Fort Lauderdale-West Palm Beach, FL",2024-08-05,pm25
12,86,1016,88101,23,25.794222,-80.215556,NAD83,PM2.5 - Local Conditions,24-HR BLK AVG,PM25 24-hour 2012,2021-10-09,Micrograms/cubic meter (LC),,1,100.0,11.1,11.1,0,55.0,738.0,Teledyne T640X at 16.67 LPM (Corrected) - Broadband spectroscopy,Miami Fire Station,"1200 NW 20th St, Miami, FL 33142",Florida,Miami-Dade,Miami,"Miami-Fort Lauderdale-West Palm Beach, FL",2024-08-05,pm25
12,86,1016,88101,23,25.794222,-80.215556,NAD83,PM2.5 - Local Conditions,24-HR BLK AVG,PM25 24-hour 2012,2021-10-10,Micrograms/cubic meter (LC),,1,100.0,5.8,5.8,0,32.0,738.0,Teledyne T640X at 16.67 LPM (Corrected) - Broadband spectroscopy,Miami Fire Station,"1200 NW 20th St, Miami, FL 33142",Florida,Miami-Dade,Miami,"Miami-Fort Lauderdale-West Palm Beach, FL",2024-08-05,pm25
12,86,1016,88101,23,25.794222,-80.215556,NAD83,PM2.5 - Local Conditions,24-HR BLK AVG,PM25 24-hour 2012,2021-10-11,Micrograms/cubic meter (LC),,1,100.0,5.5,5.5,0,31.0,738.0,Teledyne T640X at 16.67 LPM (Corrected) - Broadband spectroscopy,Miami Fire Station,"1200 NW 20th St, Miami, FL 33142",Florida,Miami-Dade,Miami,"Miami-Fort Lauderdale-West Palm Beach, FL",2024-08-05,pm25
12,86,1016,88101,23,25.794222,-80.215556,NAD83,PM2.5 - Local Conditions,24-HR BLK AVG,PM25 24-hour 2012,2021-10-12,Micrograms/cubic meter (LC),,1,100.0,3.6,3.6,0,20.0,738.0,Teledyne T640X at 16.67 LPM (Corrected) - Broadband spectroscopy,Miami Fire Station,"1200 NW 20th St, Miami, FL 33142",Florida,Miami-Dade,Miami,"Miami-Fort Lauderdale-West Palm Beach, FL",2024-08-05,pm25
12,86,1016,88101,23,25.794222,-80.215556,NAD83,PM2.5 - Local Conditions,24-HR BLK AVG,PM25 24-hour 2012,2021-10-13,Micrograms/cubic meter (LC),,1,100.0,6.2,6.2,0,34.0,738.0,Teledyne T640X at 16.67 LPM (Corrected) - Broadband spectroscopy,Miami Fire Station,"1200 NW 20th St, Miami, FL 33142",Florida,Miami-Dade,Miami,"Miami-Fort Lauderdale-West Palm Beach, FL",2024-08-05,pm25
12,86,1016,88101,23,25.794222,-80.215556,NAD83,PM2.5 - Local Conditions,24-HR BLK AVG,PM25 24-hour 2012,2021-10-14,Micrograms/cubic meter (LC),,1,100.0,5.4,5.4,0,30.0,738.0,Teledyne T640X at 16.67 LPM (Corrected) - Broadband spectroscopy,Miami Fire Station,"1200 NW 20th St, Miami, FL 33142",Florida,Miami-Dade,Miami,"Miami-Fort Lauderdale-West Palm Beach, FL",2024-08-05,pm25
12,86,1016,88101,23,25.794222,-80.215556,NAD83,PM2.5 - Local Conditions,24-HR BLK AVG,PM25 24-hour 2012,2021-10-15,Micrograms/cubic meter (LC),,1,100.0,4.5,4.5,0,25.0,738.0,Teledyne T640X at 16.67 LPM (Corrected) - Broadband spectroscopy,Miami Fire Station,"1200 NW 20th St, Miami, FL 33142",Florida,Miami-Dade,Miami,"Miami-Fort Lauderdale-West Palm Beach, FL",2024-08-05,pm25
12,86,1016,88101,23,25.794222,-80.215556,NAD83,PM2.5 - Local Conditions,24-HR BLK AVG,PM25 24-hour 2012,2021-10-16,Micrograms/cubic meter (LC),,1,100.0,6.0,6.0,0,33.0,738.0,Teledyne T640X at 16.67 LPM (Corrected) - Broadband spectroscopy,Miami Fire Station,"1200 NW 20th St, Miami, FL 33142",Florida,Miami-Dade,Miami,"Miami-Fort Lauderdale-West Palm Beach, FL",2024-08-05,pm25
12,86,1016,88101,23,25.794222,-80.215556,NAD83,PM2.5 - Local Conditions,24-HR BLK AVG,PM25 24-hour 2012,2021-10-17,Micrograms/cubic meter (LC),,1,100.0,7.8,7.8,0,43.0,738.0,Teledyne T640X at 16.67 LPM (Corrected) - Broadband spectroscopy,Miami Fire Station,"1200 NW 20th St, Miami, FL 33142",Florida,Miami-Dade,Miami,"Miami-Fort Lauderdale-West Palm Beach, FL",2024-08-05,pm25
12,86,1016,88101,23,25.794222,-80.215556,NAD83,PM2.5 - Local Conditions,24-HR BLK AVG,PM25 24-hour 2012,2021-10-18,Micrograms/cubic meter (LC),,1,100.0,6.4,6.4,0,36.0,738.0,Teledyne T640X at 16.67 LPM (Corrected) - Broadband spectroscopy,Miami Fire Station,"1200 NW 20th St, Miami, FL 33142",Florida,Miami-Dade,Miami,"Miami-Fort Lauderdale-West Palm Beach, FL",2024-08-05,pm25
12,86,1016,88101,23,25.794222,-80.215556,NAD83,PM2.5 - Local Conditions,24-HR BLK AVG,PM25 24-hour 2012,2021-10-19,Micrograms/cubic meter (LC),,1,100.0,5.6,5.6,0,31.0,738.0,Teledyne T640X at 16.67 LPM (Corrected) - Broadband spectroscopy,Miami Fire Station,"1200 NW 20th St, Miami, FL 33142",Florida,Miami-Dade,Miami,"Miami-Fort Lauderdale-West Palm Beach, FL",2024-08-05,pm25
12,86,1016,88101,23,25.794222,-80.215556,NAD83,PM2.5 - Local Conditions,24-HR BLK AVG,PM25 24-hour 2012,2021-10-20,Micrograms/cubic meter (LC),,1,100.0,6.0,6.0,0,33.0,738.0,Teledyne T640X at 16.67 LPM (Corrected) - Broadband spectroscopy,Miami Fire Station,"1200 NW 20th St, Miami, FL 33142",Florida,Miami-Dade,Miami,"Miami-Fort Lauderdale-West Palm Beach, FL",2024-08-05,pm25
12,86,1016,88101,23,25.794222,-80.215556,NAD83,PM2.5 - Local Conditions,24-HR BLK AVG,PM25 24-hour 2012,2021-10-21,Micrograms/cubic meter (LC),,1,100.0,6.4,6.4,0,36.0,738.0,Teledyne T640X at 16.67 LPM (Corrected) - Broadband spectroscopy,Miami Fire Station,"1200 NW 20th St, Miami, FL 33142",Florida,Miami-Dade,Miami,"Miami-Fort Lauderdale-West Palm Beach, FL",2024-08-05,pm25
12,86,1016,88101,23,25.794222,-80.215556,NAD83,PM2.5 - Local Conditions,24-HR BLK AVG,PM25 24-hour 2012,2021-10-22,Micrograms/cubic meter (LC),,1,100.0,5.9,5.9,0,33.0,738.0,Teledyne T640X at 16.67 LPM (Corrected) - Broadband spectroscopy,Miami Fire Station,"1200 NW 20th St, Miami, FL 33142",Florida,Miami-Dade,Miami,"Miami-Fort Lauderdale-West Palm Beach, FL",2024-08-05,pm25
12,86,1016,88101,23,25.794222,-80.215556,NAD83,PM2.5 - Local Conditions,24-HR BLK AVG,PM25 24-hour 2012,2021-10-23,Micrograms/cubic meter (LC),,1,100.0,4.7,4.7,0,26.0,738.0,Teledyne T640X at 16.67 LPM (Corrected) - Broadband spectroscopy,Miami Fire Station,"1200 NW 20th St, Miami, FL 33142",Florida,Miami-Dade,Miami,"Miami-Fort Lauderdale-West Palm Beach, FL",2024-08-05,pm25
12,86,1016,88101,23,25.794222,-80.215556,NAD83,PM2.5 - Local Conditions,24-HR BLK AVG,PM25 24-hour 2012,2021-10-24,Micrograms/cubic meter (LC),,1,100.0,3.2,3.2,0,18.0,738.0,Teledyne T640X at 16.67 LPM (Corrected) - Broadband spectroscopy,Miami Fire Station,"1200 NW 20th St, Miami, FL 33142",Florida,Miami-Dade,Miami,"Miami-Fort Lauderdale-West Palm Beach, FL",2024-08-05,pm25
12,86,1016,88101,23,25.794222,-80.215556,NAD83,PM2.5 - Local Conditions,24-HR BLK AVG,PM25 24-hour 2012,2021-10-25,Micrograms/cubic meter (LC),,1,100.0,9.6,9.6,0,52.0,738.0,Teledyne T640X at 16.67 LPM (Corrected) - Broadband spectroscopy,Miami Fire Station,"1200 NW 20th St, Miami, FL 33142",Florida,Miami-Dade,Miami,"Miami-Fort Lauderdale-West Palm Beach, FL",2024-08-05,pm25
12,86,1016,88101,23,25.794222,-80.215556,NAD83,PM2.5 - Local Conditions,24-HR BLK AVG,PM25 24-hour 2012,2021-10-26,Micrograms/cubic meter (LC),,1,100.0,4.9,4.9,0,27.0,738.0,Teledyne T640X at 16.67 LPM (Corrected) - Broadband spectroscopy,Miami Fire Station,"1200 NW 20th St, Miami, FL 33142",Florida,Miami-Dade,Miami,"Miami-Fort Lauderdale-West Palm Beach, FL",2024-08-05,pm25
12,86,1016,88101,23,25.794222,-80.215556,NAD83,PM2.5 - Local Conditions,24-HR BLK AVG,PM25 24-hour 2012,2021-10-27,Micrograms/cubic meter (LC),,1,100.0,4.9,4.9,0,27.0,738.0,Teledyne T640X at 16.67 LPM (Corrected) - Broadband spectroscopy,Miami Fire Station,"1200 NW 20th St, Miami, FL 33142",Florida,Miami-Dade,Miami,"Miami-Fort Lauderdale-West Palm Beach, FL",2024-08-05,pm25
12,86,1016,88101,23,25.794222,-80.215556,NAD83,PM2.5 - Local Conditions,24-HR BLK AVG,PM25 24-hour 2012,2021-10-28,Micrograms/cubic meter (LC),,1,100.0,7.1,7.1,0,39.0,738.0,Teledyne T640X at 16.67 LPM (Corrected) - Broadband spectroscopy,Miami Fire Station,"1200 NW 20th St, Miami, FL 33142",Florida,Miami-Dade,Miami,"Miami-Fort Lauderdale-West Palm Beach, FL",2024-08-05,pm25
12,86,1016,88101,23,25.794222,-80.215556,NAD83,PM2.5 - Local Conditions,24-HR BLK AVG,PM25 24-hour 2012,2021-10-29,Micrograms/cubic meter (LC),,1,100.0,7.1,7.1,0,39.0,738.0,Teledyne T640X at 16.67 LPM (Corrected) - Broadband spectroscopy,Miami Fire Station,"1200 NW 20th St, Miami, FL 33142",Florida,Miami-Dade,Miami,"Miami-Fort Lauderdale-West Palm Beach, FL",2024-08-05,pm25
12,86,1016,88101,23,25.794222,-80.215556,NAD83,PM2.5 - Local Conditions,24-HR BLK AVG,PM25 24-hour 2012,2021-10-30,Micrograms/cubic meter (LC),,1,100.0,6.2,6.2,0,34.0,738.0,Teledyne T640X at 16.67 LPM (Corrected) - Broadband spectroscopy,Miami Fire Station,"1200 NW 20th St, Miami, FL 33142",Florida,Miami-Dade,Miami,"Miami-Fort Lauderdale-West Palm Beach, FL",2024-08-05,pm25
12,86,1016,88101,23,25.794222,-80.215556,NAD83,PM2.5 - Local Conditions,24-HR BLK AVG,PM25 24-hour 2012,2021-10-31,Micrograms/cubic meter (LC),,1,100.0,4.2,4.2,0,23.0,738.0,Teledyne T640X at 16.67 LPM (Corrected) - Broadband spectroscopy,Miami Fire Station,"1200 NW 20th St, Miami, FL 33142",Florida,Miami-Dade,Miami,"Miami-Fort Lauderdale-West Palm Beach, FL",2024-08-05,pm25
12,86,1016,88101,23,25.794222,-80.215556,NAD83,PM2.5 - Local Conditions,24-HR BLK AVG,PM25 24-hour 2012,2021-11-01,Micrograms/cubic meter (LC),,1,100.0,6.5,6.5,0,36.0,738.0,Teledyne T640X at 16.67 LPM (Corrected) - Broadband spectroscopy,Miami Fire Station,"1200 NW 20th St, Miami, FL 33142",Florida,Miami-Dade,Miami,"Miami-Fort Lauderdale-West Palm Beach, FL",2024-08-05,pm25
12,86,1016,88101,23,25.794222,-80.215556,NAD83,PM2.5 - Local Conditions,24-HR BLK AVG,PM25 24-hour 2012,2021-11-02,Micrograms/cubic meter (LC),,1,100.0,8.2,8.2,0,46.0,738.0,Teledyne T640X at 16.67 LPM (Corrected) - Broadband spectroscopy,Miami Fire Station,"1200 NW 20th St, Miami, FL 33142",Florida,Miami-Dade,Miami,"Miami-Fort Lauderdale-West Palm Beach, FL",2024-08-05,pm25
12,86,1016,88101,23,25.794222,-80.215556,NAD83,PM2.5 - Local Conditions,24-HR BLK AVG,PM25 24-hour 2012,2021-11-03,Micrograms/cubic meter (LC),,1,100.0,3.1,3.1,0,17.0,738.0,Teledyne T640X at 16.67 LPM (Corrected) - Broadband spectroscopy,Miami Fire Station,"1200 NW 20th St, Miami, FL 33142",Florida,Miami-Dade,Miami,"Miami-Fort Lauderdale-West Palm Beach, FL",2024-08-05,pm25
12,86,1016,88101,23,25.794222,-80.215556,NAD83,PM2.5 - Local Conditions,24-HR BLK AVG,PM25 24-hour 2012,2021-11-04,Micrograms/cubic meter (LC),,1,100.0,3.1,3.1,0,17.0,738.0,Teledyne T640X at 16.67 LPM (Corrected) - Broadband spectroscopy,Miami Fire Station,"1200 NW 20th St, Miami, FL 33142",Florida,Miami-Dade,Miami,"Miami-Fort Lauderdale-West Palm Beach, FL",2024-08-05,pm25
12,86,1016,88101,23,25.794222,-80.215556,NAD83,PM2.5 - Local Conditions,24-HR BLK AVG,PM25 24-hour 2012,2021-11-05,Micrograms/cubic meter (LC),,1,100.0,4.2,4.2,0,23.0,738.0,Teledyne T640X at 16.67 LPM (Corrected) - Broadband spectroscopy,Miami Fire Station,"1200 NW 20th St, Miami, FL 33142",Florida,Miami-Dade,Miami,"Miami-Fort Lauderdale-West Palm Beach, FL",2024-08-05,pm25
12,86,1016,88101,23,25.794222,-80.215556,NAD83,PM2.5 - Local Conditions,24-HR BLK AVG,PM25 24-hour 2012,2021-11-06,Micrograms/cubic meter (LC),,1,100.0,2.9,2.9,0,16.0,738.0,Teledyne T640X at 16.67 LPM (Corrected) - Broadband spectroscopy,Miami Fire Station,"1200 NW 20th St, Miami, FL 33142",Florida,Miami-Dade,Miami,"Miami-Fort Lauderdale-West Palm Beach, FL",2024-08-05,pm25
12,86,1016,88101,23,25.794222,-80.215556,NAD83,PM2.5 - Local Conditions,24-HR BLK AVG,PM25 24-hour 2012,2021-11-07,Micrograms/cubic meter (LC),,1,100.0,2.9,2.9,0,16.0,738.0,Teledyne T640X at 16.67 LPM (Corrected) - Broadband spectroscopy,Miami Fire Station,"1200 NW 20th St, Miami, FL 33142",Florida,Miami-Dade,Miami,"Miami-Fort Lauderdale-West Palm Beach, FL",2024-08-05,pm25
12,86,1016,88101,23,25.794222,-80.215556,NAD83,PM2.5 - Local Conditions,24-HR BLK AVG,PM25 24-hour 2012,2021-11-08,Micrograms/cubic meter (LC),,1,100.0,5.3,5.3,0,29.0,738.0,Teledyne T640X at 16.67 LPM (Corrected) - Broadband spectroscopy,Miami Fire Station,"1200 NW 20th St, Miami, FL 33142",Florida,Miami-Dade,Miami,"Miami-Fort Lauderdale-West Palm Beach, FL",2024-08-05,pm25
12,86,1016,88101,23,25.794222,-80.215556,NAD83,PM2.5 - Local Conditions,24-HR BLK AVG,PM25 24-hour 2012,2021-11-09,Micrograms/cubic meter (LC),,1,100.0,7.2,7.2,0,40.0,738.0,Teledyne T640X at 16.67 LPM (Corrected) - Broadband spectroscopy,Miami Fire Station,"1200 NW 20th St, Miami, FL 33142",Florida,Miami-Dade,Miami,"Miami-Fort Lauderdale-West Palm Beach, FL",2024-08-05,pm25
12,86,1016,88101,23,25.794222,-80.215556,NAD83,PM2.5 - Local Conditions,24-HR BLK AVG,PM25 24-hour 2012,2021-11-10,Micrograms/cubic meter (LC),,1,100.0,6.0,6.0,0,33.0,738.0,Teledyne T640X at 16.67 LPM (Corrected) - Broadband spectroscopy,Miami Fire Station,"1200 NW 20th St, Miami, FL 33142",Florida,Miami-Dade,Miami,"Miami-Fort Lauderdale-West Palm Beach, FL",2024-08-05,pm25
12,86,1016,88101,23,25.794222,-80.215556,NAD83,PM2.5 - Local Conditions,24-HR BLK AVG,PM25 24-hour 2012,2021-11-11,Micrograms/cubic meter (LC),,1,100.0,5.2,5.2,0,29.0,738.0,Teledyne T640X at 16.67 LPM (Corrected) - Broadband spectroscopy,Miami Fire Station,"1200 NW 20th St, Miami, FL 33142",Florida,Miami-Dade,Miami,"Miami-Fort Lauderdale-West Palm Beach, FL",2024-08-05,pm25
12,86,1016,88101,23,25.794222,-80.215556,NAD83,PM2.5 - Local Conditions,24-HR BLK AVG,PM25 24-hour 2012,2021-11-12,Micrograms/cubic meter (LC),,1,100.0,4.8,4.8,0,27.0,738.0,Teledyne T640X at 16.67 LPM (Corrected) - Broadband spectroscopy,Miami Fire Station,"1200 NW 20th St, Miami, FL 33142",Florida,Miami-Dade,Miami,"Miami-Fort Lauderdale-West Palm Beach, FL",2024-08-05,pm25
12,86,1016,88101,23,25.794222,-80.215556,NAD83,PM2.5 - Local Conditions,24-HR BLK AVG,PM25 24-hour 2012,2021-11-13,Micrograms/cubic meter (LC),,1,100.0,6.8,6.8,0,38.0,738.0,Teledyne T640X at 16.67 LPM (Corrected) - Broadband spectroscopy,Miami Fire Station,"1200 NW 20th St, Miami, FL 33142",Florida,Miami-Dade,Miami,"Miami-Fort Lauderdale-West Palm Beach, FL",2024-08-05,pm25
12,86,1016,88101,23,25.794222,-80.215556,NAD83,PM2.5 - Local Conditions,24-HR BLK AVG,PM25 24-hour 2012,2021-11-14,Micrograms/cubic meter (LC),,1,100.0,4.9,4.9,0,27.0,738.0,Teledyne T640X at 16.67 LPM (Corrected) - Broadband spectroscopy,Miami Fire Station,"1200 NW 20th St, Miami, FL 33142",Florida,Miami-Dade,Miami,"Miami-Fort Lauderdale-West Palm Beach, FL",2024-08-05,pm25
12,86,1016,88101,23,25.794222,-80.215556,NAD83,PM2.5 - Local Conditions,24-HR BLK AVG,PM25 24-hour 2012,2021-11-15,Micrograms/cubic meter (LC),,1,100.0,6.3,6.3,0,35.0,738.0,Teledyne T640X at 16.67 LPM (Corrected) - Broadband spectroscopy,Miami Fire Station,"1200 NW 20th St, Miami, FL 33142",Florida,Miami-Dade,Miami,"Miami-Fort Lauderdale-West Palm Beach, FL",2024-08-05,pm25
12,86,1016,88101,23,25.794222,-80.215556,NAD83,PM2.5 - Local Conditions,24-HR BLK AVG,PM25 24-hour 2012,2021-11-16,Micrograms/cubic meter (LC),,1,100.0,5.3,5.3,0,29.0,738.0,Teledyne T640X at 16.67 LPM (Corrected) - Broadband spectroscopy,Miami Fire Station,"1200 NW 20th St, Miami, FL 33142",Florida,Miami-Dade,Miami,"Miami-Fort Lauderdale-West Palm Beach, FL",2024-08-05,pm25
12,86,1016,88101,23,25.794222,-80.215556,NAD83,PM2.5 - Local Conditions,24-HR BLK AVG,PM25 24-hour 2012,2021-11-17,Micrograms/cubic meter (LC),,1,100.0,5.6,5.6,0,31.0,738.0,Teledyne T640X at 16.67 LPM (Corrected) - Broadband spectroscopy,Miami Fire Station,"1200 NW 20th St, Miami, FL 33142",Florida,Miami-Dade,Miami,"Miami-Fort Lauderdale-West Palm Beach, FL",2024-08-05,pm25
12,86,1016,88101,23,25.794222,-80.215556,NAD83,PM2.5 - Local Conditions,24-HR BLK AVG,PM25 24-hour 2012,2021-11-18,Micrograms/cubic meter (LC),,1,100.0,7.4,7.4,0,41.0,738.0,Teledyne T640X at 16.67 LPM (Corrected) - Broadband spectroscopy,Miami Fire Station,"1200 NW 20th St, Miami, FL 33142",Florida,Miami-Dade,Miami,"Miami-Fort Lauderdale-West Palm Beach, FL",2024-08-05,pm25
12,86,1016,88101,23,25.794222,-80.215556,NAD83,PM2.5 - Local Conditions,24-HR BLK AVG,PM25 24-hour 2012,2021-11-19,Micrograms/cubic meter (LC),,1,100.0,4.3,4.3,0,24.0,738.0,Teledyne T640X at 16.67 LPM (Corrected) - Broadband spectroscopy,Miami Fire Station,"1200 NW 20th St, Miami, FL 33142",Florida,Miami-Dade,Miami,"Miami-Fort Lauderdale-West Palm Beach, FL",2024-08-05,pm25
12,86,1016,88101,23,25.794222,-80.215556,NAD83,PM2.5 - Local Conditions,24-HR BLK AVG,PM25 24-hour 2012,2021-11-20,Micrograms/cubic meter (LC),,1,100.0,5.3,5.3,0,29.0,738.0,Teledyne T640X at 16.67 LPM (Corrected) - Broadband spectroscopy,Miami Fire Station,"1200 NW 20th St, Miami, FL 33142",Florida,Miami-Dade,Miami,"Miami-Fort Lauderdale-West Palm Beach, FL",2024-08-05,pm25
12,86,1016,88101,23,25.794222,-80.215556,NAD83,PM2.5 - Local Conditions,24-HR BLK AVG,PM25 24-hour 2012,2021-11-21,Micrograms/cubic meter (LC),,1,100.0,4.6,4.6,0,26.0,738.0,Teledyne T640X at 16.67 LPM (Corrected) - Broadband spectroscopy,Miami Fire Station,"1200 NW 20th St, Miami, FL 33142",Florida,Miami-Dade,Miami,"Miami-Fort Lauderdale-West Palm Beach, FL",2024-08-05,pm25
12,86,1016,88101,23,25.794222,-80.215556,NAD83,PM2.5 - Local Conditions,24-HR BLK AVG,PM25 24-hour 2012,2021-11-22,Micrograms/cubic meter (LC),,1,100.0,4.9,4.9,0,27.0,738.0,Teledyne T640X at 16.67 LPM (Corrected) - Broadband spectroscopy,Miami Fire Station,"1200 NW 20th St, Miami, FL 33142",Florida,Miami-Dade,Miami,"Miami-Fort Lauderdale-West Palm Beach, FL",2024-08-05,pm25
12,86,1016,88101,23,25.794222,-80.215556,NAD83,PM2.5 - Local Conditions,24-HR BLK AVG,PM25 24-hour 2012,2021-11-23,Micrograms/cubic meter (LC),,1,100.0,5.9,5.9,0,33.0,738.0,Teledyne T640X at 16.67 LPM (Corrected) - Broadband spectroscopy,Miami Fire Station,"1200 NW 20th St, Miami, FL 33142",Florida,Miami-Dade,Miami,"Miami-Fort Lauderdale-West Palm Beach, FL",2024-08-05,pm25
12,86,1016,88101,23,25.794222,-80.215556,NAD83,PM2.5 - Local Conditions,24-HR BLK AVG,PM25 24-hour 2012,2021-11-24,Micrograms/cubic meter (LC),,1,100.0,5.7,5.7,0,32.0,738.0,Teledyne T640X at 16.67 LPM (Corrected) - Broadband spectroscopy,Miami Fire Station,"1200 NW 20th St, Miami, FL 33142",Florida,Miami-Dade,Miami,"Miami-Fort Lauderdale-West Palm Beach, FL",2024-08-05,pm25
12,86,1016,88101,23,25.794222,-80.215556,NAD83,PM2.5 - Local Conditions,24-HR BLK AVG,PM25 24-hour 2012,2021-11-25,Micrograms/cubic meter (LC),,1,100.0,4.9,4.9,0,27.0,738.0,Teledyne T640X at 16.67 LPM (Corrected) - Broadband spectroscopy,Miami Fire Station,"1200 NW 20th St, Miami, FL 33142",Florida,Miami-Dade,Miami,"Miami-Fort Lauderdale-West Palm Beach, FL",2024-08-05,pm25
12,86,1016,88101,23,25.794222,-80.215556,NAD83,PM2.5 - Local Conditions,24-HR BLK AVG,PM25 24-hour 2012,2021-11-26,Micrograms/cubic meter (LC),,1,100.0,5.1,5.1,0,28.0,738.0,Teledyne T640X at 16.67 LPM (Corrected) - Broadband spectroscopy,Miami Fire Station,"1200 NW 20th St, Miami, FL 33142",Florida,Miami-Dade,Miami,"Miami-Fort Lauderdale-West Palm Beach, FL",2024-08-05,pm25
12,86,1016,88101,23,25.794222,-80.215556,NAD83,PM2.5 - Local Conditions,24-HR BLK AVG,PM25 24-hour 2012,2021-11-27,Micrograms/cubic meter (LC),,1,100.0,5.9,5.9,0,33.0,738.0,Teledyne T640X at 16.67 LPM (Corrected) - Broadband spectroscopy,Miami Fire Station,"1200 NW 20th St, Miami, FL 33142",Florida,Miami-Dade,Miami,"Miami-Fort Lauderdale-West Palm Beach, FL",2024-08-05,pm25
12,86,1016,88101,23,25.794222,-80.215556,NAD83,PM2.5 - Local Conditions,24-HR BLK AVG,PM25 24-hour 2012,2021-11-28,Micrograms/cubic meter (LC),,1,100.0,6.8,6.8,0,38.0,738.0,Teledyne T640X at 16.67 LPM (Corrected) - Broadband spectroscopy,Miami Fire Station,"1200 NW 20th St, Miami, FL 33142",Florida,Miami-Dade,Miami,"Miami-Fort Lauderdale-West Palm Beach, FL",2024-08-05,pm25
12,86,1016,88101,23,25.794222,-80.215556,NAD83,PM2.5 - Local Conditions,24-HR BLK AVG,PM25 24-hour 2012,2021-11-29,Micrograms/cubic meter (LC),,1,100.0,8.3,8.3,0,46.0,738.0,Teledyne T640X at 16.67 LPM (Corrected) - Broadband spectroscopy,Miami Fire Station,"1200 NW 20th St, Miami, FL 33142",Florida,Miami-Dade,Miami,"Miami-Fort Lauderdale-West Palm Beach, FL",2024-08-05,pm25
12,86,1016,88101,23,25.794222,-80.215556,NAD83,PM2.5 - Local Conditions,24-HR BLK AVG,PM25 24-hour 2012,2021-11-30,Micrograms/cubic meter (LC),,1,100.0,5.4,5.4,0,30.0,738.0,Teledyne T640X at 16.67 LPM (Corrected) - Broadband spectroscopy,Miami Fire Station,"1200 NW 20th St, Miami, FL 33142",Florida,Miami-Dade,Miami,"Miami-Fort Lauderdale-West Palm Beach, FL",2024-08-05,pm25
12,86,1016,88101,23,25.794222,-80.215556,NAD83,PM2.5 - Local Conditions,24-HR BLK AVG,PM25 24-hour 2012,2021-12-01,Micrograms/cubic meter (LC),,1,100.0,4.8,4.8,0,27.0,738.0,Teledyne T640X at 16.67 LPM (Corrected) - Broadband spectroscopy,Miami Fire Station,"1200 NW 20th St, Miami, FL 33142",Florida,Miami-Dade,Miami,"Miami-Fort Lauderdale-West Palm Beach, FL",2024-08-05,pm25
12,86,1016,88101,23,25.794222,-80.215556,NAD83,PM2.5 - Local Conditions,24-HR BLK AVG,PM25 24-hour 2012,2021-12-02,Micrograms/cubic meter (LC),,1,100.0,8.4,8.4,0,47.0,738.0,Teledyne T640X at 16.67 LPM (Corrected) - Broadband spectroscopy,Miami Fire Station,"1200 NW 20th St, Miami, FL 33142",Florida,Miami-Dade,Miami,"Miami-Fort Lauderdale-West Palm Beach, FL",2024-08-05,pm25
12,86,1016,88101,23,25.794222,-80.215556,NAD83,PM2.5 - Local Conditions,24-HR BLK AVG,PM25 24-hour 2012,2021-12-03,Micrograms/cubic meter (LC),,1,100.0,6.7,6.7,0,37.0,738.0,Teledyne T640X at 16.67 LPM (Corrected) - Broadband spectroscopy,Miami Fire Station,"1200 NW 20th St, Miami, FL 33142",Florida,Miami-Dade,Miami,"Miami-Fort Lauderdale-West Palm Beach, FL",2024-08-05,pm25
12,86,1016,88101,23,25.794222,-80.215556,NAD83,PM2.5 - Local Conditions,24-HR BLK AVG,PM25 24-hour 2012,2021-12-04,Micrograms/cubic meter (LC),,1,100.0,8.0,8.0,0,44.0,738.0,Teledyne T640X at 16.67 LPM (Corrected) - Broadband spectroscopy,Miami Fire Station,"1200 NW 20th St, Miami, FL 33142",Florida,Miami-Dade,Miami,"Miami-Fort Lauderdale-West Palm Beach, FL",2024-08-05,pm25
12,86,1016,88101,23,25.794222,-80.215556,NAD83,PM2.5 - Local Conditions,24-HR BLK AVG,PM25 24-hour 2012,2021-12-05,Micrograms/cubic meter (LC),,1,100.0,5.5,5.5,0,31.0,738.0,Teledyne T640X at 16.67 LPM (Corrected) - Broadband spectroscopy,Miami Fire Station,"1200 NW 20th St, Miami, FL 33142",Florida,Miami-Dade,Miami,"Miami-Fort Lauderdale-West Palm Beach, FL",2024-08-05,pm25
12,86,1016,88101,23,25.794222,-80.215556,NAD83,PM2.5 - Local Conditions,24-HR BLK AVG,PM25 24-hour 2012,2021-12-06,Micrograms/cubic meter (LC),,1,100.0,5.0,5.0,0,28.0,738.0,Teledyne T640X at 16.67 LPM (Corrected) - Broadband spectroscopy,Miami Fire Station,"1200 NW 20th St, Miami, FL 33142",Florida,Miami-Dade,Miami,"Miami-Fort Lauderdale-West Palm Beach, FL",2024-08-05,pm25
12,86,1016,88101,23,25.794222,-80.215556,NAD83,PM2.5 - Local Conditions,24-HR BLK AVG,PM25 24-hour 2012,2021-12-07,Micrograms/cubic meter (LC),,1,100.0,6.8,6.8,0,38.0,738.0,Teledyne T640X at 16.67 LPM (Corrected) - Broadband spectroscopy,Miami Fire Station,"1200 NW 20th St, Miami, FL 33142",Florida,Miami-Dade,Miami,"Miami-Fort Lauderdale-West Palm Beach, FL",2024-08-05,pm25
12,86,1016,88101,23,25.794222,-80.215556,NAD83,PM2.5 - Local Conditions,24-HR BLK AVG,PM25 24-hour 2012,2021-12-08,Micrograms/cubic meter (LC),,1,100.0,7.2,7.2,0,40.0,738.0,Teledyne T640X at 16.67 LPM (Corrected) - Broadband spectroscopy,Miami Fire Station,"1200 NW 20th St, Miami, FL 33142",Florida,Miami-Dade,Miami,"Miami-Fort Lauderdale-West Palm Beach, FL",2024-08-05,pm25
12,86,1016,88101,23,25.794222,-80.215556,NAD83,PM2.5 - Local Conditions,24-HR BLK AVG,PM25 24-hour 2012,2021-12-09,Micrograms/cubic meter (LC),,1,100.0,5.7,5.7,0,32.0,738.0,Teledyne T640X at 16.67 LPM (Corrected) - Broadband spectroscopy,Miami Fire Station,"1200 NW 20th St, Miami, FL 33142",Florida,Miami-Dade,Miami,"Miami-Fort Lauderdale-West Palm Beach, FL",2024-08-05,pm25
12,86,1016,88101,23,25.794222,-80.215556,NAD83,PM2.5 - Local Conditions,24-HR BLK AVG,PM25 24-hour 2012,2021-12-10,Micrograms/cubic meter (LC),,1,100.0,6.7,6.7,0,37.0,738.0,Teledyne T640X at 16.67 LPM (Corrected) - Broadband spectroscopy,Miami Fire Station,"1200 NW 20th St, Miami, FL 33142",Florida,Miami-Dade,Miami,"Miami-Fort Lauderdale-West Palm Beach, FL",2024-08-05,pm25
12,86,1016,88101,23,25.794222,-80.215556,NAD83,PM2.5 - Local Conditions,24-HR BLK AVG,PM25 24-hour 2012,2021-12-11,Micrograms/cubic meter (LC),,1,100.0,4.9,4.9,0,27.0,738.0,Teledyne T640X at 16.67 LPM (Corrected) - Broadband spectroscopy,Miami Fire Station,"1200 NW 20th St, Miami, FL 33142",Florida,Miami-Dade,Miami,"Miami-Fort Lauderdale-West Palm Beach, FL",2024-08-05,pm25
12,86,1016,88101,23,25.794222,-80.215556,NAD83,PM2.5 - Local Conditions,24-HR BLK AVG,PM25 24-hour 2012,2021-12-12,Micrograms/cubic meter (LC),,1,100.0,4.9,4.9,0,27.0,738.0,Teledyne T640X at 16.67 LPM (Corrected) - Broadband spectroscopy,Miami Fire Station,"1200 NW 20th St, Miami, FL 33142",Florida,Miami-Dade,Miami,"Miami-Fort Lauderdale-West Palm Beach, FL",2024-08-05,pm25
12,86,1016,88101,23,25.794222,-80.215556,NAD83,PM2.5 - Local Conditions,24-HR BLK AVG,PM25 24-hour 2012,2021-12-13,Micrograms/cubic meter (LC),,1,100.0,6.4,6.4,0,36.0,738.0,Teledyne T640X at 16.67 LPM (Corrected) - Broadband spectroscopy,Miami Fire Station,"1200 NW 20th St, Miami, FL 33142",Florida,Miami-Dade,Miami,"Miami-Fort Lauderdale-West Palm Beach, FL",2024-08-05,pm25
12,86,1016,88101,23,25.794222,-80.215556,NAD83,PM2.5 - Local Conditions,24-HR BLK AVG,PM25 24-hour 2012,2021-12-14,Micrograms/cubic meter (LC),,1,100.0,6.6,6.6,0,37.0,738.0,Teledyne T640X at 16.67 LPM (Corrected) - Broadband spectroscopy,Miami Fire Station,"1200 NW 20th St, Miami, FL 33142",Florida,Miami-Dade,Miami,"Miami-Fort Lauderdale-West Palm Beach, FL",2024-08-05,pm25
12,86,1016,88101,23,25.794222,-80.215556,NAD83,PM2.5 - Local Conditions,24-HR BLK AVG,PM25 24-hour 2012,2021-12-15,Micrograms/cubic meter (LC),,1,100.0,6.1,6.1,0,34.0,738.0,Teledyne T640X at 16.67 LPM (Corrected) - Broadband spectroscopy,Miami Fire Station,"1200 NW 20th St, Miami, FL 33142",Florida,Miami-Dade,Miami,"Miami-Fort Lauderdale-West Palm Beach, FL",2024-08-05,pm25
12,86,1016,88101,23,25.794222,-80.215556,NAD83,PM2.5 - Local Conditions,24-HR BLK AVG,PM25 24-hour 2012,2021-12-16,Micrograms/cubic meter (LC),,1,100.0,6.9,6.9,0,38.0,738.0,Teledyne T640X at 16.67 LPM (Corrected) - Broadband spectroscopy,Miami Fire Station,"1200 NW 20th St, Miami, FL 33142",Florida,Miami-Dade,Miami,"Miami-Fort Lauderdale-West Palm Beach, FL",2024-08-05,pm25
12,86,1016,88101,23,25.794222,-80.215556,NAD83,PM2.5 - Local Conditions,24-HR BLK AVG,PM25 24-hour 2012,2021-12-17,Micrograms/cubic meter (LC),,1,100.0,5.6,5.6,0,31.0,738.0,Teledyne T640X at 16.67 LPM (Corrected) - Broadband spectroscopy,Miami Fire Station,"1200 NW 20th St, Miami, FL 33142",Florida,Miami-Dade,Miami,"Miami-Fort Lauderdale-West Palm Beach, FL",2024-08-05,pm25
12,86,1016,88101,23,25.794222,-80.215556,NAD83,PM2.5 - Local Conditions,24-HR BLK AVG,PM25 24-hour 2012,2021-12-18,Micrograms/cubic meter (LC),,1,100.0,7.9,7.9,0,44.0,738.0,Teledyne T640X at 16.67 LPM (Corrected) - Broadband spectroscopy,Miami Fire Station,"1200 NW 20th St, Miami, FL 33142",Florida,Miami-Dade,Miami,"Miami-Fort Lauderdale-West Palm Beach, FL",2024-08-05,pm25
12,86,1016,88101,23,25.794222,-80.215556,NAD83,PM2.5 - Local Conditions,24-HR BLK AVG,PM25 24-hour 2012,2021-12-19,Micrograms/cubic meter (LC),,1,100.0,7.3,7.3,0,41.0,738.0,Teledyne T640X at 16.67 LPM (Corrected) - Broadband spectroscopy,Miami Fire Station,"1200 NW 20th St, Miami, FL 33142",Florida,Miami-Dade,Miami,"Miami-Fort Lauderdale-West Palm Beach, FL",2024-08-05,pm25
12,86,1016,88101,23,25.794222,-80.215556,NAD83,PM2.5 - Local Conditions,24-HR BLK AVG,PM25 24-hour 2012,2021-12-20,Micrograms/cubic meter (LC),,1,100.0,7.2,7.2,0,40.0,738.0,Teledyne T640X at 16.67 LPM (Corrected) - Broadband spectroscopy,Miami Fire Station,"1200 NW 20th St, Miami, FL 33142",Florida,Miami-Dade,Miami,"Miami-Fort Lauderdale-West Palm Beach, FL",2024-08-05,pm25
12,86,1016,88101,23,25.794222,-80.215556,NAD83,PM2.5 - Local Conditions,24-HR BLK AVG,PM25 24-hour 2012,2021-12-21,Micrograms/cubic meter (LC),,1,100.0,5.9,5.9,0,33.0,738.0,Teledyne T640X at 16.67 LPM (Corrected) - Broadband spectroscopy,Miami Fire Station,"1200 NW 20th St, Miami, FL 33142",Florida,Miami-Dade,Miami,"Miami-Fort Lauderdale-West Palm Beach, FL",2024-08-05,pm25
12,86,1016,88101,23,25.794222,-80.215556,NAD83,PM2.5 - Local Conditions,24-HR BLK AVG,PM25 24-hour 2012,2021-12-22,Micrograms/cubic meter (LC),,1,100.0,4.6,4.6,0,26.0,738.0,Teledyne T640X at 16.67 LPM (Corrected) - Broadband spectroscopy,Miami Fire Station,"1200 NW 20th St, Miami, FL 33142",Florida,Miami-Dade,Miami,"Miami-Fort Lauderdale-West Palm Beach, FL",2024-08-05,pm25
12,86,1016,88101,23,25.794222,-80.215556,NAD83,PM2.5 - Local Conditions,24-HR BLK AVG,PM25 24-hour 2012,2021-12-23,Micrograms/cubic meter (LC),,1,100.0,6.1,6.1,0,34.0,738.0,Teledyne T640X at 16.67 LPM (Corrected) - Broadband spectroscopy,Miami Fire Station,"1200 NW 20th St, Miami, FL 33142",Florida,Miami-Dade,Miami,"Miami-Fort Lauderdale-West Palm Beach, FL",2024-08-05,pm25
12,86,1016,88101,23,25.794222,-80.215556,NAD83,PM2.5 - Local Conditions,24-HR BLK AVG,PM25 24-hour 2012,2021-12-24,Micrograms/cubic meter (LC),,1,100.0,10.3,10.3,0,53.0,738.0,Teledyne T640X at 16.67 LPM (Corrected) - Broadband spectroscopy,Miami Fire Station,"1200 NW 20th St, Miami, FL 33142",Florida,Miami-Dade,Miami,"Miami-Fort Lauderdale-West Palm Beach, FL",2024-08-05,pm25
12,86,1016,88101,23,25.794222,-80.215556,NAD83,PM2.5 - Local Conditions,24-HR BLK AVG,PM25 24-hour 2012,2021-12-25,Micrograms/cubic meter (LC),,1,100.0,30.8,30.8,0,91.0,738.0,Teledyne T640X at 16.67 LPM (Corrected) - Broadband spectroscopy,Miami Fire Station,"1200 NW 20th St, Miami, FL 33142",Florida,Miami-Dade,Miami,"Miami-Fort Lauderdale-West Palm Beach, FL",2024-08-05,pm25
12,86,1016,88101,23,25.794222,-80.215556,NAD83,PM2.5 - Local Conditions,24-HR BLK AVG,PM25 24-hour 2012,2021-12-26,Micrograms/cubic meter (LC),,1,100.0,9.1,9.1,0,51.0,738.0,Teledyne T640X at 16.67 LPM (Corrected) - Broadband spectroscopy,Miami Fire Station,"1200 NW 20th St, Miami, FL 33142",Florida,Miami-Dade,Miami,"Miami-Fort Lauderdale-West Palm Beach, FL",2024-08-05,pm25
12,86,1016,88101,23,25.794222,-80.215556,NAD83,PM2.5 - Local Conditions,24-HR BLK AVG,PM25 24-hour 2012,2021-12-27,Micrograms/cubic meter (LC),,1,100.0,7.6,7.6,0,42.0,738.0,Teledyne T640X at 16.67 LPM (Corrected) - Broadband spectroscopy,Miami Fire Station,"1200 NW 20th St, Miami, FL 33142",Florida,Miami-Dade,Miami,"Miami-Fort Lauderdale-West Palm Beach, FL",2024-08-05,pm25
12,86,1016,88101,23,25.794222,-80.215556,NAD83,PM2.5 - Local Conditions,24-HR BLK AVG,PM25 24-hour 2012,2021-12-28,Micrograms/cubic meter (LC),,1,100.0,5.6,5.6,0,31.0,738.0,Teledyne T640X at 16.67 LPM (Corrected) - Broadband spectroscopy,Miami Fire Station,"1200 NW 20th St, Miami, FL 33142",Florida,Miami-Dade,Miami,"Miami-Fort Lauderdale-West Palm Beach, FL",2024-08-05,pm25
12,86,1016,88101,23,25.794222,-80.215556,NAD83,PM2.5 - Local Conditions,24-HR BLK AVG,PM25 24-hour 2012,2021-12-29,Micrograms/cubic meter (LC),,1,100.0,4.3,4.3,0,24.0,738.0,Teledyne T640X at 16.67 LPM (Corrected) - Broadband spectroscopy,Miami Fire Station,"1200 NW 20th St, Miami, FL 33142",Florida,Miami-Dade,Miami,"Miami-Fort Lauderdale-West Palm Beach, FL",2024-08-05,pm25
12,86,1016,88101,23,25.794222,-80.215556,NAD83,PM2.5 - Local Conditions,24-HR BLK AVG,PM25 24-hour 2012,2021-12-30,Micrograms/cubic meter (LC),,1,100.0,4.0,4.0,0,22.0,738.0,Teledyne T640X at 16.67 LPM (Corrected) - Broadband spectroscopy,Miami Fire Station,"1200 NW 20th St, Miami, FL 33142",Florida,Miami-Dade,Miami,"Miami-Fort Lauderdale-West Palm Beach, FL",2024-08-05,pm25
12,86,1016,88101,23,25.794222,-80.215556,NAD83,PM2.5 - Local Conditions,24-HR BLK AVG,PM25 24-hour 2012,2021-12-31,Micrograms/cubic meter (LC),,1,100.0,5.4,5.4,0,30.0,738.0,Teledyne T640X at 16.67 LPM (Corrected) - Broadband spectroscopy,Miami Fire Station,"1200 NW 20th St, Miami, FL 33142",Florida,Miami-Dade,Miami,"Miami-Fort Lauderdale-West Palm Beach, FL",2024-08-05,pm25
12,86,1016,88101,2,25.794222,-80.215556,NAD83,PM2.5 - Local Conditions,24 HOUR,PM25 24-hour 2012,2022-01-17,Micrograms/cubic meter (LC),,1,100.0,6.2,6.2,0,34.0,145.0,R & P Model 2025 PM-2.5 Sequential Air Sampler w/VSCC - Gravimetric,Miami Fire Station,"1200 NW 20th St, Miami, FL 33142",Florida,Miami-Dade,Miami,"Miami-Fort Lauderdale-West Palm Beach, FL",2024-08-05,pm25
12,86,1016,88101,2,25.794222,-80.215556,NAD83,PM2.5 - Local Conditions,24 HOUR,PM25 24-hour 2012,2022-01-29,Micrograms/cubic meter (LC),,1,100.0,6.6,6.6,0,37.0,145.0,R & P Model 2025 PM-2.5 Sequential Air Sampler w/VSCC - Gravimetric,Miami Fire Station,"1200 NW 20th St, Miami, FL 33142",Florida,Miami-Dade,Miami,"Miami-Fort Lauderdale-West Palm Beach, FL",2024-08-05,pm25
12,86,1016,88101,2,25.794222,-80.215556,NAD83,PM2.5 - Local Conditions,24 HOUR,PM25 24-hour 2012,2022-02-10,Micrograms/cubic meter (LC),,1,100.0,6.8,6.8,0,38.0,145.0,R & P Model 2025 PM-2.5 Sequential Air Sampler w/VSCC - Gravimetric,Miami Fire Station,"1200 NW 20th St, Miami, FL 33142",Florida,Miami-Dade,Miami,"Miami-Fort Lauderdale-West Palm Beach, FL",2024-08-05,pm25
12,86,1016,88101,2,25.794222,-80.215556,NAD83,PM2.5 - Local Conditions,24 HOUR,PM25 24-hour 2012,2022-02-22,Micrograms/cubic meter (LC),,1,100.0,7.8,7.8,0,43.0,145.0,R & P Model 2025 PM-2.5 Sequential Air Sampler w/VSCC - Gravimetric,Miami Fire Station,"1200 NW 20th St, Miami, FL 33142",Florida,Miami-Dade,Miami,"Miami-Fort Lauderdale-West Palm Beach, FL",2024-08-05,pm25
12,86,1016,88101,2,25.794222,-80.215556,NAD83,PM2.5 - Local Conditions,24 HOUR,PM25 24-hour 2012,2022-03-06,Micrograms/cubic meter (LC),,1,100.0,9.1,9.1,0,51.0,145.0,R & P Model 2025 PM-2.5 Sequential Air Sampler w/VSCC - Gravimetric,Miami Fire Station,"1200 NW 20th St, Miami, FL 33142",Florida,Miami-Dade,Miami,"Miami-Fort Lauderdale-West Palm Beach, FL",2024-08-05,pm25
12,86,1016,88101,2,25.794222,-80.215556,NAD83,PM2.5 - Local Conditions,24 HOUR,PM25 24-hour 2012,2022-03-18,Micrograms/cubic meter (LC),,1,100.0,9.2,9.2,0,51.0,145.0,R & P Model 2025 PM-2.5 Sequential Air Sampler w/VSCC - Gravimetric,Miami Fire Station,"1200 NW 20th St, Miami, FL 33142",Florida,Miami-Dade,Miami,"Miami-Fort Lauderdale-West Palm Beach, FL",2024-08-05,pm25
12,86,1016,88101,2,25.794222,-80.215556,NAD83,PM2.5 - Local Conditions,24 HOUR,PM25 24-hour 2012,2022-03-30,Micrograms/cubic meter (LC),,1,100.0,11.0,11.0,0,55.0,145.0,R & P Model 2025 PM-2.5 Sequential Air Sampler w/VSCC - Gravimetric,Miami Fire Station,"1200 NW 20th St, Miami, FL 33142",Florida,Miami-Dade,Miami,"Miami-Fort Lauderdale-West Palm Beach, FL",2024-08-05,pm25
12,86,1016,88101,2,25.794222,-80.215556,NAD83,PM2.5 - Local Conditions,24 HOUR,PM25 24-hour 2012,2022-04-18,Micrograms/cubic meter (LC),,1,100.0,4.9,4.9,0,27.0,145.0,R & P Model 2025 PM-2.5 Sequential Air Sampler w/VSCC - Gravimetric,Miami Fire Station,"1200 NW 20th St, Miami, FL 33142",Florida,Miami-Dade,Miami,"Miami-Fort Lauderdale-West Palm Beach, FL",2024-08-05,pm25
12,86,1016,88101,2,25.794222,-80.215556,NAD83,PM2.5 - Local Conditions,24 HOUR,PM25 24-hour 2012,2022-04-23,Micrograms/cubic meter (LC),,1,100.0,7.0,7.0,0,39.0,145.0,R & P Model 2025 PM-2.5 Sequential Air Sampler w/VSCC - Gravimetric,Miami Fire Station,"1200 NW 20th St, Miami, FL 33142",Florida,Miami-Dade,Miami,"Miami-Fort Lauderdale-West Palm Beach, FL",2024-08-05,pm25
12,86,1016,88101,2,25.794222,-80.215556,NAD83,PM2.5 - Local Conditions,24 HOUR,PM25 24-hour 2012,2022-05-05,Micrograms/cubic meter (LC),,1,100.0,9.5,9.5,0,52.0,145.0,R & P Model 2025 PM-2.5 Sequential Air Sampler w/VSCC - Gravimetric,Miami Fire Station,"1200 NW 20th St, Miami, FL 33142",Florida,Miami-Dade,Miami,"Miami-Fort Lauderdale-West Palm Beach, FL",2024-08-05,pm25
12,86,1016,88101,2,25.794222,-80.215556,NAD83,PM2.5 - Local Conditions,24 HOUR,PM25 24-hour 2012,2022-05-17,Micrograms/cubic meter (LC),,1,100.0,6.3,6.3,0,35.0,145.0,R & P Model 2025 PM-2.5 Sequential Air Sampler w/VSCC - Gravimetric,Miami Fire Station,"1200 NW 20th St, Miami, FL 33142",Florida,Miami-Dade,Miami,"Miami-Fort Lauderdale-West Palm Beach, FL",2024-08-05,pm25
12,86,1016,88101,2,25.794222,-80.215556,NAD83,PM2.5 - Local Conditions,24 HOUR,PM25 24-hour 2012,2022-05-29,Micrograms/cubic meter (LC),,1,100.0,7.4,7.4,0,41.0,145.0,R & P Model 2025 PM-2.5 Sequential Air Sampler w/VSCC - Gravimetric,Miami Fire Station,"1200 NW 20th St, Miami, FL 33142",Florida,Miami-Dade,Miami,"Miami-Fort Lauderdale-West Palm Beach, FL",2024-08-05,pm25
12,86,1016,88101,2,25.794222,-80.215556,NAD83,PM2.5 - Local Conditions,24 HOUR,PM25 24-hour 2012,2022-06-10,Micrograms/cubic meter (LC),,1,100.0,7.6,7.6,0,42.0,145.0,R & P Model 2025 PM-2.5 Sequential Air Sampler w/VSCC - Gravimetric,Miami Fire Station,"1200 NW 20th St, Miami, FL 33142",Florida,Miami-Dade,Miami,"Miami-Fort Lauderdale-West Palm Beach, FL",2024-08-05,pm25
12,86,1016,88101,2,25.794222,-80.215556,NAD83,PM2.5 - Local Conditions,24 HOUR,PM25 24-hour 2012,2022-06-22,Micrograms/cubic meter (LC),,1,100.0,5.7,5.7,0,32.0,145.0,R & P Model 2025 PM-2.5 Sequential Air Sampler w/VSCC - Gravimetric,Miami Fire Station,"1200 NW 20th St, Miami, FL 33142",Florida,Miami-Dade,Miami,"Miami-Fort Lauderdale-West Palm Beach, FL",2024-08-05,pm25
12,86,1016,88101,2,25.794222,-80.215556,NAD83,PM2.5 - Local Conditions,24 HOUR,PM25 24-hour 2012,2022-07-04,Micrograms/cubic meter (LC),,1,100.0,7.6,7.6,0,42.0,145.0,R & P Model 2025 PM-2.5 Sequential Air Sampler w/VSCC - Gravimetric,Miami Fire Station,"1200 NW 20th St, Miami, FL 33142",Florida,Miami-Dade,Miami,"Miami-Fort Lauderdale-West Palm Beach, FL",2024-08-05,pm25
12,86,1016,88101,2,25.794222,-80.215556,NAD83,PM2.5 - Local Conditions,24 HOUR,PM25 24-hour 2012,2022-07-16,Micrograms/cubic meter (LC),,1,100.0,5.7,5.7,0,32.0,145.0,R & P Model 2025 PM-2.5 Sequential Air Sampler w/VSCC - Gravimetric,Miami Fire Station,"1200 NW 20th St, Miami, FL 33142",Florida,Miami-Dade,Miami,"Miami-Fort Lauderdale-West Palm Beach, FL",2024-08-05,pm25
12,86,1016,88101,2,25.794222,-80.215556,NAD83,PM2.5 - Local Conditions,24 HOUR,PM25 24-hour 2012,2022-07-28,Micrograms/cubic meter (LC),,1,100.0,13.7,13.7,0,60.0,145.0,R & P Model 2025 PM-2.5 Sequential Air Sampler w/VSCC - Gravimetric,Miami Fire Station,"1200 NW 20th St, Miami, FL 33142",Florida,Miami-Dade,Miami,"Miami-Fort Lauderdale-West Palm Beach, FL",2024-08-05,pm25
12,86,1016,88101,2,25.794222,-80.215556,NAD83,PM2.5 - Local Conditions,24 HOUR,PM25 24-hour 2012,2022-08-09,Micrograms/cubic meter (LC),,1,100.0,24.8,24.8,0,80.0,145.0,R & P Model 2025 PM-2.5 Sequential Air Sampler w/VSCC - Gravimetric,Miami Fire Station,"1200 NW 20th St, Miami, FL 33142",Florida,Miami-Dade,Miami,"Miami-Fort Lauderdale-West Palm Beach, FL",2024-08-05,pm25
12,86,1016,88101,2,25.794222,-80.215556,NAD83,PM2.5 - Local Conditions,24 HOUR,PM25 24-hour 2012,2022-09-02,Micrograms/cubic meter (LC),,1,100.0,7.8,7.8,0,43.0,145.0,R & P Model 2025 PM-2.5 Sequential Air Sampler w/VSCC - Gravimetric,Miami Fire Station,"1200 NW 20th St, Miami, FL 33142",Florida,Miami-Dade,Miami,"Miami-Fort Lauderdale-West Palm Beach, FL",2024-08-05,pm25
12,86,1016,88101,2,25.794222,-80.215556,NAD83,PM2.5 - Local Conditions,24 HOUR,PM25 24-hour 2012,2022-09-14,Micrograms/cubic meter (LC),,1,100.0,7.6,7.6,0,42.0,145.0,R & P Model 2025 PM-2.5 Sequential Air Sampler w/VSCC - Gravimetric,Miami Fire Station,"1200 NW 20th St, Miami, FL 33142",Florida,Miami-Dade,Miami,"Miami-Fort Lauderdale-West Palm Beach, FL",2024-08-05,pm25
12,86,1016,88101,2,25.794222,-80.215556,NAD83,PM2.5 - Local Conditions,24 HOUR,PM25 24-hour 2012,2022-09-27,Micrograms/cubic meter (LC),,1,100.0,4.7,4.7,0,26.0,145.0,R & P Model 2025 PM-2.5 Sequential Air Sampler w/VSCC - Gravimetric,Miami Fire Station,"1200 NW 20th St, Miami, FL 33142",Florida,Miami-Dade,Miami,"Miami-Fort Lauderdale-West Palm Beach, FL",2024-08-05,pm25
12,86,1016,88101,2,25.794222,-80.215556,NAD83,PM2.5 - Local Conditions,24 HOUR,PM25 24-hour 2012,2022-10-08,Micrograms/cubic meter (LC),,1,100.0,5.0,5.0,0,28.0,145.0,R & P Model 2025 PM-2.5 Sequential Air Sampler w/VSCC - Gravimetric,Miami Fire Station,"1200 NW 20th St, Miami, FL 33142",Florida,Miami-Dade,Miami,"Miami-Fort Lauderdale-West Palm Beach, FL",2024-08-05,pm25
12,86,1016,88101,2,25.794222,-80.215556,NAD83,PM2.5 - Local Conditions,24 HOUR,PM25 24-hour 2012,2022-10-20,Micrograms/cubic meter (LC),,1,100.0,5.5,5.5,0,31.0,145.0,R & P Model 2025 PM-2.5 Sequential Air Sampler w/VSCC - Gravimetric,Miami Fire Station,"1200 NW 20th St, Miami, FL 33142",Florida,Miami-Dade,Miami,"Miami-Fort Lauderdale-West Palm Beach, FL",2024-08-05,pm25
12,86,1016,88101,2,25.794222,-80.215556,NAD83,PM2.5 - Local Conditions,24 HOUR,PM25 24-hour 2012,2022-11-01,Micrograms/cubic meter (LC),,1,100.0,5.2,5.2,0,29.0,145.0,R & P Model 2025 PM-2.5 Sequential Air Sampler w/VSCC - Gravimetric,Miami Fire Station,"1200 NW 20th St, Miami, FL 33142",Florida,Miami-Dade,Miami,"Miami-Fort Lauderdale-West Palm Beach, FL",2024-08-05,pm25
12,86,1016,88101,2,25.794222,-80.215556,NAD83,PM2.5 - Local Conditions,24 HOUR,PM25 24-hour 2012,2022-11-13,Micrograms/cubic meter (LC),,1,100.0,5.1,5.1,0,28.0,145.0,R & P Model 2025 PM-2.5 Sequential Air Sampler w/VSCC - Gravimetric,Miami Fire Station,"1200 NW 20th St, Miami, FL 33142",Florida,Miami-Dade,Miami,"Miami-Fort Lauderdale-West Palm Beach, FL",2024-08-05,pm25
12,86,1016,88101,2,25.794222,-80.215556,NAD83,PM2.5 - Local Conditions,24 HOUR,PM25 24-hour 2012,2022-11-25,Micrograms/cubic meter (LC),,1,100.0,5.9,5.9,0,33.0,145.0,R & P Model 2025 PM-2.5 Sequential Air Sampler w/VSCC - Gravimetric,Miami Fire Station,"1200 NW 20th St, Miami, FL 33142",Florida,Miami-Dade,Miami,"Miami-Fort Lauderdale-West Palm Beach, FL",2024-08-05,pm25
12,86,1016,88101,2,25.794222,-80.215556,NAD83,PM2.5 - Local Conditions,24 HOUR,PM25 24-hour 2012,2022-12-07,Micrograms/cubic meter (LC),,1,100.0,6.2,6.2,0,34.0,145.0,R & P Model 2025 PM-2.5 Sequential Air Sampler w/VSCC - Gravimetric,Miami Fire Station,"1200 NW 20th St, Miami, FL 33142",Florida,Miami-Dade,Miami,"Miami-Fort Lauderdale-West Palm Beach, FL",2024-08-05,pm25
12,86,1016,88101,2,25.794222,-80.215556,NAD83,PM2.5 - Local Conditions,24 HOUR,PM25 24-hour 2012,2022-12-19,Micrograms/cubic meter (LC),,1,100.0,6.0,6.0,0,33.0,145.0,R & P Model 2025 PM-2.5 Sequential Air Sampler w/VSCC - Gravimetric,Miami Fire Station,"1200 NW 20th St, Miami, FL 33142",Florida,Miami-Dade,Miami,"Miami-Fort Lauderdale-West Palm Beach, FL",2024-08-05,pm25
12,86,1016,88101,2,25.794222,-80.215556,NAD83,PM2.5 - Local Conditions,24 HOUR,PM25 24-hour 2012,2022-12-31,Micrograms/cubic meter (LC),,1,100.0,6.9,6.9,0,38.0,145.0,R & P Model 2025 PM-2.5 Sequential Air Sampler w/VSCC - Gravimetric,Miami Fire Station,"1200 NW 20th St, Miami, FL 33142",Florida,Miami-Dade,Miami,"Miami-Fort Lauderdale-West Palm Beach, FL",2024-08-05,pm25
12,86,1016,88101,3,25.794222,-80.215556,NAD83,PM2.5 - Local Conditions,24-HR BLK AVG,PM25 24-hour 2012,2022-01-01,Micrograms/cubic meter (LC),Included,1,100.0,6.2,6.2,0,34.0,238.0,Teledyne T640X at 16.67 LPM - Broadband spectroscopy,Miami Fire Station,"1200 NW 20th St, Miami, FL 33142",Florida,Miami-Dade,Miami,"Miami-Fort Lauderdale-West Palm Beach, FL",2024-08-05,pm25
12,86,1016,88101,3,25.794222,-80.215556,NAD83,PM2.5 - Local Conditions,24-HR BLK AVG,PM25 24-hour 2012,2022-01-02,Micrograms/cubic meter (LC),Included,1,100.0,6.5,6.5,0,36.0,238.0,Teledyne T640X at 16.67 LPM - Broadband spectroscopy,Miami Fire Station,"1200 NW 20th St, Miami, FL 33142",Florida,Miami-Dade,Miami,"Miami-Fort Lauderdale-West Palm Beach, FL",2024-08-05,pm25
12,86,1016,88101,3,25.794222,-80.215556,NAD83,PM2.5 - Local Conditions,24-HR BLK AVG,PM25 24-hour 2012,2022-01-03,Micrograms/cubic meter (LC),Included,1,100.0,7.7,7.7,0,43.0,238.0,Teledyne T640X at 16.67 LPM - Broadband spectroscopy,Miami Fire Station,"1200 NW 20th St, Miami, FL 33142",Florida,Miami-Dade,Miami,"Miami-Fort Lauderdale-West Palm Beach, FL",2024-08-05,pm25
12,86,1016,88101,3,25.794222,-80.215556,NAD83,PM2.5 - Local Conditions,24-HR BLK AVG,PM25 24-hour 2012,2022-01-04,Micrograms/cubic meter (LC),Included,1,100.0,5.9,5.9,0,33.0,238.0,Teledyne T640X at 16.67 LPM - Broadband spectroscopy,Miami Fire Station,"1200 NW 20th St, Miami, FL 33142",Florida,Miami-Dade,Miami,"Miami-Fort Lauderdale-West Palm Beach, FL",2024-08-05,pm25
12,86,1016,88101,3,25.794222,-80.215556,NAD83,PM2.5 - Local Conditions,24-HR BLK AVG,PM25 24-hour 2012,2022-01-05,Micrograms/cubic meter (LC),Included,1,100.0,6.4,6.4,0,36.0,238.0,Teledyne T640X at 16.67 LPM - Broadband spectroscopy,Miami Fire Station,"1200 NW 20th St, Miami, FL 33142",Florida,Miami-Dade,Miami,"Miami-Fort Lauderdale-West Palm Beach, FL",2024-08-05,pm25
12,86,1016,88101,3,25.794222,-80.215556,NAD83,PM2.5 - Local Conditions,24-HR BLK AVG,PM25 24-hour 2012,2022-01-06,Micrograms/cubic meter (LC),Included,1,100.0,8.6,8.6,0,48.0,238.0,Teledyne T640X at 16.67 LPM - Broadband spectroscopy,Miami Fire Station,"1200 NW 20th St, Miami, FL 33142",Florida,Miami-Dade,Miami,"Miami-Fort Lauderdale-West Palm Beach, FL",2024-08-05,pm25
12,86,1016,88101,3,25.794222,-80.215556,NAD83,PM2.5 - Local Conditions,24-HR BLK AVG,PM25 24-hour 2012,2022-01-07,Micrograms/cubic meter (LC),Included,1,100.0,9.6,9.6,0,52.0,238.0,Teledyne T640X at 16.67 LPM - Broadband spectroscopy,Miami Fire Station,"1200 NW 20th St, Miami, FL 33142",Florida,Miami-Dade,Miami,"Miami-Fort Lauderdale-West Palm Beach, FL",2024-08-05,pm25
12,86,1016,88101,3,25.794222,-80.215556,NAD83,PM2.5 - Local Conditions,24-HR BLK AVG,PM25 24-hour 2012,2022-01-08,Micrograms/cubic meter (LC),Included,1,100.0,8.3,8.3,0,46.0,238.0,Teledyne T640X at 16.67 LPM - Broadband spectroscopy,Miami Fire Station,"1200 NW 20th St, Miami, FL 33142",Florida,Miami-Dade,Miami,"Miami-Fort Lauderdale-West Palm Beach, FL",2024-08-05,pm25
12,86,1016,88101,3,25.794222,-80.215556,NAD83,PM2.5 - Local Conditions,24-HR BLK AVG,PM25 24-hour 2012,2022-01-09,Micrograms/cubic meter (LC),Included,1,100.0,9.0,9.0,0,50.0,238.0,Teledyne T640X at 16.67 LPM - Broadband spectroscopy,Miami Fire Station,"1200 NW 20th St, Miami, FL 33142",Florida,Miami-Dade,Miami,"Miami-Fort Lauderdale-West Palm Beach, FL",2024-08-05,pm25
12,86,1016,88101,3,25.794222,-80.215556,NAD83,PM2.5 - Local Conditions,24-HR BLK AVG,PM25 24-hour 2012,2022-01-10,Micrograms/cubic meter (LC),Included,1,100.0,6.7,6.7,0,37.0,238.0,Teledyne T640X at 16.67 LPM - Broadband spectroscopy,Miami Fire Station,"1200 NW 20th St, Miami, FL 33142",Florida,Miami-Dade,Miami,"Miami-Fort Lauderdale-West Palm Beach, FL",2024-08-05,pm25
12,86,1016,88101,3,25.794222,-80.215556,NAD83,PM2.5 - Local Conditions,24-HR BLK AVG,PM25 24-hour 2012,2022-01-11,Micrograms/cubic meter (LC),Included,1,100.0,7.6,7.6,0,42.0,238.0,Teledyne T640X at 16.67 LPM - Broadband spectroscopy,Miami Fire Station,"1200 NW 20th St, Miami, FL 33142",Florida,Miami-Dade,Miami,"Miami-Fort Lauderdale-West Palm Beach, FL",2024-08-05,pm25
12,86,1016,88101,3,25.794222,-80.215556,NAD83,PM2.5 - Local Conditions,24-HR BLK AVG,PM25 24-hour 2012,2022-01-12,Micrograms/cubic meter (LC),Included,1,100.0,7.2,7.2,0,40.0,238.0,Teledyne T640X at 16.67 LPM - Broadband spectroscopy,Miami Fire Station,"1200 NW 20th St, Miami, FL 33142",Florida,Miami-Dade,Miami,"Miami-Fort Lauderdale-West Palm Beach, FL",2024-08-05,pm25
12,86,1016,88101,3,25.794222,-80.215556,NAD83,PM2.5 - Local Conditions,24-HR BLK AVG,PM25 24-hour 2012,2022-01-13,Micrograms/cubic meter (LC),Included,1,100.0,6.4,6.4,0,36.0,238.0,Teledyne T640X at 16.67 LPM - Broadband spectroscopy,Miami Fire Station,"1200 NW 20th St, Miami, FL 33142",Florida,Miami-Dade,Miami,"Miami-Fort Lauderdale-West Palm Beach, FL",2024-08-05,pm25
12,86,1016,88101,3,25.794222,-80.215556,NAD83,PM2.5 - Local Conditions,24-HR BLK AVG,PM25 24-hour 2012,2022-01-14,Micrograms/cubic meter (LC),Included,1,100.0,8.9,8.9,0,49.0,238.0,Teledyne T640X at 16.67 LPM - Broadband spectroscopy,Miami Fire Station,"1200 NW 20th St, Miami, FL 33142",Florida,Miami-Dade,Miami,"Miami-Fort Lauderdale-West Palm Beach, FL",2024-08-05,pm25
12,86,1016,88101,3,25.794222,-80.215556,NAD83,PM2.5 - Local Conditions,24-HR BLK AVG,PM25 24-hour 2012,2022-01-15,Micrograms/cubic meter (LC),Included,1,100.0,10.8,10.8,0,54.0,238.0,Teledyne T640X at 16.67 LPM - Broadband spectroscopy,Miami Fire Station,"1200 NW 20th St, Miami, FL 33142",Florida,Miami-Dade,Miami,"Miami-Fort Lauderdale-West Palm Beach, FL",2024-08-05,pm25
12,86,1016,88101,3,25.794222,-80.215556,NAD83,PM2.5 - Local Conditions,24-HR BLK AVG,PM25 24-hour 2012,2022-01-16,Micrograms/cubic meter (LC),Included,1,100.0,8.1,8.1,0,45.0,238.0,Teledyne T640X at 16.67 LPM - Broadband spectroscopy,Miami Fire Station,"1200 NW 20th St, Miami, FL 33142",Florida,Miami-Dade,Miami,"Miami-Fort Lauderdale-West Palm Beach, FL",2024-08-05,pm25
12,86,1016,88101,3,25.794222,-80.215556,NAD83,PM2.5 - Local Conditions,24-HR BLK AVG,PM25 24-hour 2012,2022-01-17,Micrograms/cubic meter (LC),Included,1,100.0,7.5,7.5,0,42.0,238.0,Teledyne T640X at 16.67 LPM - Broadband spectroscopy,Miami Fire Station,"1200 NW 20th St, Miami, FL 33142",Florida,Miami-Dade,Miami,"Miami-Fort Lauderdale-West Palm Beach, FL",2024-08-05,pm25
12,86,1016,88101,3,25.794222,-80.215556,NAD83,PM2.5 - Local Conditions,24-HR BLK AVG,PM25 24-hour 2012,2022-01-18,Micrograms/cubic meter (LC),Included,1,100.0,6.6,6.6,0,37.0,238.0,Teledyne T640X at 16.67 LPM - Broadband spectroscopy,Miami Fire Station,"1200 NW 20th St, Miami, FL 33142",Florida,Miami-Dade,Miami,"Miami-Fort Lauderdale-West Palm Beach, FL",2024-08-05,pm25
12,86,1016,88101,3,25.794222,-80.215556,NAD83,PM2.5 - Local Conditions,24-HR BLK AVG,PM25 24-hour 2012,2022-01-19,Micrograms/cubic meter (LC),Included,1,100.0,6.6,6.6,0,37.0,238.0,Teledyne T640X at 16.67 LPM - Broadband spectroscopy,Miami Fire Station,"1200 NW 20th St, Miami, FL 33142",Florida,Miami-Dade,Miami,"Miami-Fort Lauderdale-West Palm Beach, FL",2024-08-05,pm25
12,86,1016,88101,3,25.794222,-80.215556,NAD83,PM2.5 - Local Conditions,24-HR BLK AVG,PM25 24-hour 2012,2022-01-20,Micrograms/cubic meter (LC),Included,1,100.0,6.2,6.2,0,34.0,238.0,Teledyne T640X at 16.67 LPM - Broadband spectroscopy,Miami Fire Station,"1200 NW 20th St, Miami, FL 33142",Florida,Miami-Dade,Miami,"Miami-Fort Lauderdale-West Palm Beach, FL",2024-08-05,pm25
12,86,1016,88101,3,25.794222,-80.215556,NAD83,PM2.5 - Local Conditions,24-HR BLK AVG,PM25 24-hour 2012,2022-01-21,Micrograms/cubic meter (LC),Included,1,100.0,4.8,4.8,0,27.0,238.0,Teledyne T640X at 16.67 LPM - Broadband spectroscopy,Miami Fire Station,"1200 NW 20th St, Miami, FL 33142",Florida,Miami-Dade,Miami,"Miami-Fort Lauderdale-West Palm Beach, FL",2024-08-05,pm25
12,86,1016,88101,3,25.794222,-80.215556,NAD83,PM2.5 - Local Conditions,24-HR BLK AVG,PM25 24-hour 2012,2022-01-22,Micrograms/cubic meter (LC),Included,1,100.0,9.6,9.6,0,52.0,238.0,Teledyne T640X at 16.67 LPM - Broadband spectroscopy,Miami Fire Station,"1200 NW 20th St, Miami, FL 33142",Florida,Miami-Dade,Miami,"Miami-Fort Lauderdale-West Palm Beach, FL",2024-08-05,pm25
12,86,1016,88101,3,25.794222,-80.215556,NAD83,PM2.5 - Local Conditions,24-HR BLK AVG,PM25 24-hour 2012,2022-01-23,Micrograms/cubic meter (LC),Included,1,100.0,6.8,6.8,0,38.0,238.0,Teledyne T640X at 16.67 LPM - Broadband spectroscopy,Miami Fire Station,"1200 NW 20th St, Miami, FL 33142",Florida,Miami-Dade,Miami,"Miami-Fort Lauderdale-West Palm Beach, FL",2024-08-05,pm25
12,86,1016,88101,3,25.794222,-80.215556,NAD83,PM2.5 - Local Conditions,24-HR BLK AVG,PM25 24-hour 2012,2022-01-24,Micrograms/cubic meter (LC),Included,1,100.0,16.5,16.5,0,65.0,238.0,Teledyne T640X at 16.67 LPM - Broadband spectroscopy,Miami Fire Station,"1200 NW 20th St, Miami, FL 33142",Florida,Miami-Dade,Miami,"Miami-Fort Lauderdale-West Palm Beach, FL",2024-08-05,pm25
12,86,1016,88101,3,25.794222,-80.215556,NAD83,PM2.5 - Local Conditions,24-HR BLK AVG,PM25 24-hour 2012,2022-01-25,Micrograms/cubic meter (LC),Included,1,100.0,13.2,13.2,0,59.0,238.0,Teledyne T640X at 16.67 LPM - Broadband spectroscopy,Miami Fire Station,"1200 NW 20th St, Miami, FL 33142",Florida,Miami-Dade,Miami,"Miami-Fort Lauderdale-West Palm Beach, FL",2024-08-05,pm25
12,86,1016,88101,3,25.794222,-80.215556,NAD83,PM2.5 - Local Conditions,24-HR BLK AVG,PM25 24-hour 2012,2022-01-26,Micrograms/cubic meter (LC),Included,1,100.0,7.2,7.2,0,40.0,238.0,Teledyne T640X at 16.67 LPM - Broadband spectroscopy,Miami Fire Station,"1200 NW 20th St, Miami, FL 33142",Florida,Miami-Dade,Miami,"Miami-Fort Lauderdale-West Palm Beach, FL",2024-08-05,pm25
12,86,1016,88101,3,25.794222,-80.215556,NAD83,PM2.5 - Local Conditions,24-HR BLK AVG,PM25 24-hour 2012,2022-01-27,Micrograms/cubic meter (LC),Included,1,100.0,6.9,6.9,0,38.0,238.0,Teledyne T640X at 16.67 LPM - Broadband spectroscopy,Miami Fire Station,"1200 NW 20th St, Miami, FL 33142",Florida,Miami-Dade,Miami,"Miami-Fort Lauderdale-West Palm Beach, FL",2024-08-05,pm25
12,86,1016,88101,3,25.794222,-80.215556,NAD83,PM2.5 - Local Conditions,24-HR BLK AVG,PM25 24-hour 2012,2022-01-28,Micrograms/cubic meter (LC),Included,1,100.0,7.2,7.2,0,40.0,238.0,Teledyne T640X at 16.67 LPM - Broadband spectroscopy,Miami Fire Station,"1200 NW 20th St, Miami, FL 33142",Florida,Miami-Dade,Miami,"Miami-Fort Lauderdale-West Palm Beach, FL",2024-08-05,pm25
12,86,1016,88101,3,25.794222,-80.215556,NAD83,PM2.5 - Local Conditions,24-HR BLK AVG,PM25 24-hour 2012,2022-01-29,Micrograms/cubic meter (LC),Included,1,100.0,7.7,7.7,0,43.0,238.0,Teledyne T640X at 16.67 LPM - Broadband spectroscopy,Miami Fire Station,"1200 NW 20th St, Miami, FL 33142",Florida,Miami-Dade,Miami,"Miami-Fort Lauderdale-West Palm Beach, FL",2024-08-05,pm25
12,86,1016,88101,3,25.794222,-80.215556,NAD83,PM2.5 - Local Conditions,24-HR BLK AVG,PM25 24-hour 2012,2022-01-30,Micrograms/cubic meter (LC),Included,1,100.0,6.3,6.3,0,35.0,238.0,Teledyne T640X at 16.67 LPM - Broadband spectroscopy,Miami Fire Station,"1200 NW 20th St, Miami, FL 33142",Florida,Miami-Dade,Miami,"Miami-Fort Lauderdale-West Palm Beach, FL",2024-08-05,pm25
12,86,1016,88101,3,25.794222,-80.215556,NAD83,PM2.5 - Local Conditions,24-HR BLK AVG,PM25 24-hour 2012,2022-01-31,Micrograms/cubic meter (LC),Included,1,100.0,5.7,5.7,0,32.0,238.0,Teledyne T640X at 16.67 LPM - Broadband spectroscopy,Miami Fire Station,"1200 NW 20th St, Miami, FL 33142",Florida,Miami-Dade,Miami,"Miami-Fort Lauderdale-West Palm Beach, FL",2024-08-05,pm25
12,86,1016,88101,3,25.794222,-80.215556,NAD83,PM2.5 - Local Conditions,24-HR BLK AVG,PM25 24-hour 2012,2022-02-01,Micrograms/cubic meter (LC),Included,1,100.0,4.3,4.3,0,24.0,238.0,Teledyne T640X at 16.67 LPM - Broadband spectroscopy,Miami Fire Station,"1200 NW 20th St, Miami, FL 33142",Florida,Miami-Dade,Miami,"Miami-Fort Lauderdale-West Palm Beach, FL",2024-08-05,pm25
12,86,1016,88101,3,25.794222,-80.215556,NAD83,PM2.5 - Local Conditions,24-HR BLK AVG,PM25 24-hour 2012,2022-02-02,Micrograms/cubic meter (LC),Included,1,100.0,5.2,5.2,0,29.0,238.0,Teledyne T640X at 16.67 LPM - Broadband spectroscopy,Miami Fire Station,"1200 NW 20th St, Miami, FL 33142",Florida,Miami-Dade,Miami,"Miami-Fort Lauderdale-West Palm Beach, FL",2024-08-05,pm25
12,86,1016,88101,3,25.794222,-80.215556,NAD83,PM2.5 - Local Conditions,24-HR BLK AVG,PM25 24-hour 2012,2022-02-03,Micrograms/cubic meter (LC),Included,1,100.0,6.3,6.3,0,35.0,238.0,Teledyne T640X at 16.67 LPM - Broadband spectroscopy,Miami Fire Station,"1200 NW 20th St, Miami, FL 33142",Florida,Miami-Dade,Miami,"Miami-Fort Lauderdale-West Palm Beach, FL",2024-08-05,pm25
12,86,1016,88101,3,25.794222,-80.215556,NAD83,PM2.5 - Local Conditions,24-HR BLK AVG,PM25 24-hour 2012,2022-02-04,Micrograms/cubic meter (LC),Included,1,100.0,6.5,6.5,0,36.0,238.0,Teledyne T640X at 16.67 LPM - Broadband spectroscopy,Miami Fire Station,"1200 NW 20th St, Miami, FL 33142",Florida,Miami-Dade,Miami,"Miami-Fort Lauderdale-West Palm Beach, FL",2024-08-05,pm25
12,86,1016,88101,3,25.794222,-80.215556,NAD83,PM2.5 - Local Conditions,24-HR BLK AVG,PM25 24-hour 2012,2022-02-05,Micrograms/cubic meter (LC),Included,1,100.0,7.1,7.1,0,39.0,238.0,Teledyne T640X at 16.67 LPM - Broadband spectroscopy,Miami Fire Station,"1200 NW 20th St, Miami, FL 33142",Florida,Miami-Dade,Miami,"Miami-Fort Lauderdale-West Palm Beach, FL",2024-08-05,pm25
12,86,1016,88101,3,25.794222,-80.215556,NAD83,PM2.5 - Local Conditions,24-HR BLK AVG,PM25 24-hour 2012,2022-02-06,Micrograms/cubic meter (LC),Included,1,100.0,5.0,5.0,0,28.0,238.0,Teledyne T640X at 16.67 LPM - Broadband spectroscopy,Miami Fire Station,"1200 NW 20th St, Miami, FL 33142",Florida,Miami-Dade,Miami,"Miami-Fort Lauderdale-West Palm Beach, FL",2024-08-05,pm25
12,86,1016,88101,3,25.794222,-80.215556,NAD83,PM2.5 - Local Conditions,24-HR BLK AVG,PM25 24-hour 2012,2022-02-07,Micrograms/cubic meter (LC),Included,1,100.0,6.5,6.5,0,36.0,238.0,Teledyne T640X at 16.67 LPM - Broadband spectroscopy,Miami Fire Station,"1200 NW 20th St, Miami, FL 33142",Florida,Miami-Dade,Miami,"Miami-Fort Lauderdale-West Palm Beach, FL",2024-08-05,pm25
12,86,1016,88101,3,25.794222,-80.215556,NAD83,PM2.5 - Local Conditions,24-HR BLK AVG,PM25 24-hour 2012,2022-02-08,Micrograms/cubic meter (LC),Included,1,100.0,8.3,8.3,0,46.0,238.0,Teledyne T640X at 16.67 LPM - Broadband spectroscopy,Miami Fire Station,"1200 NW 20th St, Miami, FL 33142",Florida,Miami-Dade,Miami,"Miami-Fort Lauderdale-West Palm Beach, FL",2024-08-05,pm25
12,86,1016,88101,3,25.794222,-80.215556,NAD83,PM2.5 - Local Conditions,24-HR BLK AVG,PM25 24-hour 2012,2022-02-09,Micrograms/cubic meter (LC),Included,1,100.0,5.8,5.8,0,32.0,238.0,Teledyne T640X at 16.67 LPM - Broadband spectroscopy,Miami Fire Station,"1200 NW 20th St, Miami, FL 33142",Florida,Miami-Dade,Miami,"Miami-Fort Lauderdale-West Palm Beach, FL",2024-08-05,pm25
12,86,1016,88101,3,25.794222,-80.215556,NAD83,PM2.5 - Local Conditions,24-HR BLK AVG,PM25 24-hour 2012,2022-02-10,Micrograms/cubic meter (LC),Included,1,100.0,7.4,7.4,0,41.0,238.0,Teledyne T640X at 16.67 LPM - Broadband spectroscopy,Miami Fire Station,"1200 NW 20th St, Miami, FL 33142",Florida,Miami-Dade,Miami,"Miami-Fort Lauderdale-West Palm Beach, FL",2024-08-05,pm25
12,86,1016,88101,3,25.794222,-80.215556,NAD83,PM2.5 - Local Conditions,24-HR BLK AVG,PM25 24-hour 2012,2022-02-11,Micrograms/cubic meter (LC),Included,1,100.0,7.8,7.8,0,43.0,238.0,Teledyne T640X at 16.67 LPM - Broadband spectroscopy,Miami Fire Station,"1200 NW 20th St, Miami, FL 33142",Florida,Miami-Dade,Miami,"Miami-Fort Lauderdale-West Palm Beach, FL",2024-08-05,pm25
12,86,1016,88101,3,25.794222,-80.215556,NAD83,PM2.5 - Local Conditions,24-HR BLK AVG,PM25 24-hour 2012,2022-02-12,Micrograms/cubic meter (LC),Included,1,100.0,6.2,6.2,0,34.0,238.0,Teledyne T640X at 16.67 LPM - Broadband spectroscopy,Miami Fire Station,"1200 NW 20th St, Miami, FL 33142",Florida,Miami-Dade,Miami,"Miami-Fort Lauderdale-West Palm Beach, FL",2024-08-05,pm25
12,86,1016,88101,3,25.794222,-80.215556,NAD83,PM2.5 - Local Conditions,24-HR BLK AVG,PM25 24-hour 2012,2022-02-13,Micrograms/cubic meter (LC),Included,1,100.0,6.2,6.2,0,34.0,238.0,Teledyne T640X at 16.67 LPM - Broadband spectroscopy,Miami Fire Station,"1200 NW 20th St, Miami, FL 33142",Florida,Miami-Dade,Miami,"Miami-Fort Lauderdale-West Palm Beach, FL",2024-08-05,pm25
12,86,1016,88101,3,25.794222,-80.215556,NAD83,PM2.5 - Local Conditions,24-HR BLK AVG,PM25 24-hour 2012,2022-02-14,Micrograms/cubic meter (LC),Included,1,100.0,11.5,11.5,0,55.0,238.0,Teledyne T640X at 16.67 LPM - Broadband spectroscopy,Miami Fire Station,"1200 NW 20th St, Miami, FL 33142",Florida,Miami-Dade,Miami,"Miami-Fort Lauderdale-West Palm Beach, FL",2024-08-05,pm25
12,86,1016,88101,3,25.794222,-80.215556,NAD83,PM2.5 - Local Conditions,24-HR BLK AVG,PM25 24-hour 2012,2022-02-15,Micrograms/cubic meter (LC),Included,1,100.0,7.4,7.4,0,41.0,238.0,Teledyne T640X at 16.67 LPM - Broadband spectroscopy,Miami Fire Station,"1200 NW 20th St, Miami, FL 33142",Florida,Miami-Dade,Miami,"Miami-Fort Lauderdale-West Palm Beach, FL",2024-08-05,pm25
12,86,1016,88101,3,25.794222,-80.215556,NAD83,PM2.5 - Local Conditions,24-HR BLK AVG,PM25 24-hour 2012,2022-02-16,Micrograms/cubic meter (LC),Included,1,100.0,8.4,8.4,0,47.0,238.0,Teledyne T640X at 16.67 LPM - Broadband spectroscopy,Miami Fire Station,"1200 NW 20th St, Miami, FL 33142",Florida,Miami-Dade,Miami,"Miami-Fort Lauderdale-West Palm Beach, FL",2024-08-05,pm25
12,86,1016,88101,3,25.794222,-80.215556,NAD83,PM2.5 - Local Conditions,24-HR BLK AVG,PM25 24-hour 2012,2022-02-17,Micrograms/cubic meter (LC),Included,1,100.0,10.1,10.1,0,53.0,238.0,Teledyne T640X at 16.67 LPM - Broadband spectroscopy,Miami Fire Station,"1200 NW 20th St, Miami, FL 33142",Florida,Miami-Dade,Miami,"Miami-Fort Lauderdale-West Palm Beach, FL",2024-08-05,pm25
12,86,1016,88101,3,25.794222,-80.215556,NAD83,PM2.5 - Local Conditions,24-HR BLK AVG,PM25 24-hour 2012,2022-02-18,Micrograms/cubic meter (LC),Included,1,100.0,12.5,12.5,0,57.0,238.0,Teledyne T640X at 16.67 LPM - Broadband spectroscopy,Miami Fire Station,"1200 NW 20th St, Miami, FL 33142",Florida,Miami-Dade,Miami,"Miami-Fort Lauderdale-West Palm Beach, FL",2024-08-05,pm25
12,86,1016,88101,3,25.794222,-80.215556,NAD83,PM2.5 - Local Conditions,24-HR BLK AVG,PM25 24-hour 2012,2022-02-19,Micrograms/cubic meter (LC),Included,1,100.0,13.0,13.0,0,58.0,238.0,Teledyne T640X at 16.67 LPM - Broadband spectroscopy,Miami Fire Station,"1200 NW 20th St, Miami, FL 33142",Florida,Miami-Dade,Miami,"Miami-Fort Lauderdale-West Palm Beach, FL",2024-08-05,pm25
12,86,1016,88101,3,25.794222,-80.215556,NAD83,PM2.5 - Local Conditions,24-HR BLK AVG,PM25 24-hour 2012,2022-02-20,Micrograms/cubic meter (LC),Included,1,100.0,8.8,8.8,0,49.0,238.0,Teledyne T640X at 16.67 LPM - Broadband spectroscopy,Miami Fire Station,"1200 NW 20th St, Miami, FL 33142",Florida,Miami-Dade,Miami,"Miami-Fort Lauderdale-West Palm Beach, FL",2024-08-05,pm25
12,86,1016,88101,3,25.794222,-80.215556,NAD83,PM2.5 - Local Conditions,24-HR BLK AVG,PM25 24-hour 2012,2022-02-21,Micrograms/cubic meter (LC),Included,1,100.0,9.5,9.5,0,52.0,238.0,Teledyne T640X at 16.67 LPM - Broadband spectroscopy,Miami Fire Station,"1200 NW 20th St, Miami, FL 33142",Florida,Miami-Dade,Miami,"Miami-Fort Lauderdale-West Palm Beach, FL",2024-08-05,pm25
12,86,1016,88101,3,25.794222,-80.215556,NAD83,PM2.5 - Local Conditions,24-HR BLK AVG,PM25 24-hour 2012,2022-02-22,Micrograms/cubic meter (LC),Included,1,100.0,9.4,9.4,0,52.0,238.0,Teledyne T640X at 16.67 LPM - Broadband spectroscopy,Miami Fire Station,"1200 NW 20th St, Miami, FL 33142",Florida,Miami-Dade,Miami,"Miami-Fort Lauderdale-West Palm Beach, FL",2024-08-05,pm25
12,86,1016,88101,3,25.794222,-80.215556,NAD83,PM2.5 - Local Conditions,24-HR BLK AVG,PM25 24-hour 2012,2022-02-23,Micrograms/cubic meter (LC),Included,1,100.0,7.2,7.2,0,40.0,238.0,Teledyne T640X at 16.67 LPM - Broadband spectroscopy,Miami Fire Station,"1200 NW 20th St, Miami, FL 33142",Florida,Miami-Dade,Miami,"Miami-Fort Lauderdale-West Palm Beach, FL",2024-08-05,pm25
12,86,1016,88101,3,25.794222,-80.215556,NAD83,PM2.5 - Local Conditions,24-HR BLK AVG,PM25 24-hour 2012,2022-02-24,Micrograms/cubic meter (LC),Included,1,100.0,6.1,6.1,0,34.0,238.0,Teledyne T640X at 16.67 LPM - Broadband spectroscopy,Miami Fire Station,"1200 NW 20th St, Miami, FL 33142",Florida,Miami-Dade,Miami,"Miami-Fort Lauderdale-West Palm Beach, FL",2024-08-05,pm25
12,86,1016,88101,3,25.794222,-80.215556,NAD83,PM2.5 - Local Conditions,24-HR BLK AVG,PM25 24-hour 2012,2022-02-25,Micrograms/cubic meter (LC),Included,1,100.0,6.1,6.1,0,34.0,238.0,Teledyne T640X at 16.67 LPM - Broadband spectroscopy,Miami Fire Station,"1200 NW 20th St, Miami, FL 33142",Florida,Miami-Dade,Miami,"Miami-Fort Lauderdale-West Palm Beach, FL",2024-08-05,pm25
12,86,1016,88101,3,25.794222,-80.215556,NAD83,PM2.5 - Local Conditions,24-HR BLK AVG,PM25 24-hour 2012,2022-02-26,Micrograms/cubic meter (LC),Included,1,100.0,5.6,5.6,0,31.0,238.0,Teledyne T640X at 16.67 LPM - Broadband spectroscopy,Miami Fire Station,"1200 NW 20th St, Miami, FL 33142",Florida,Miami-Dade,Miami,"Miami-Fort Lauderdale-West Palm Beach, FL",2024-08-05,pm25
12,86,1016,88101,3,25.794222,-80.215556,NAD83,PM2.5 - Local Conditions,24-HR BLK AVG,PM25 24-hour 2012,2022-02-27,Micrograms/cubic meter (LC),Included,1,100.0,4.7,4.7,0,26.0,238.0,Teledyne T640X at 16.67 LPM - Broadband spectroscopy,Miami Fire Station,"1200 NW 20th St, Miami, FL 33142",Florida,Miami-Dade,Miami,"Miami-Fort Lauderdale-West Palm Beach, FL",2024-08-05,pm25
12,86,1016,88101,3,25.794222,-80.215556,NAD83,PM2.5 - Local Conditions,24-HR BLK AVG,PM25 24-hour 2012,2022-02-28,Micrograms/cubic meter (LC),Included,1,100.0,7.3,7.3,0,41.0,238.0,Teledyne T640X at 16.67 LPM - Broadband spectroscopy,Miami Fire Station,"1200 NW 20th St, Miami, FL 33142",Florida,Miami-Dade,Miami,"Miami-Fort Lauderdale-West Palm Beach, FL",2024-08-05,pm25
12,86,1016,88101,3,25.794222,-80.215556,NAD83,PM2.5 - Local Conditions,24-HR BLK AVG,PM25 24-hour 2012,2022-03-01,Micrograms/cubic meter (LC),Included,1,100.0,11.9,11.9,0,56.0,238.0,Teledyne T640X at 16.67 LPM - Broadband spectroscopy,Miami Fire Station,"1200 NW 20th St, Miami, FL 33142",Florida,Miami-Dade,Miami,"Miami-Fort Lauderdale-West Palm Beach, FL",2024-08-05,pm25
12,86,1016,88101,3,25.794222,-80.215556,NAD83,PM2.5 - Local Conditions,24-HR BLK AVG,PM25 24-hour 2012,2022-03-02,Micrograms/cubic meter (LC),Included,1,100.0,8.2,8.2,0,46.0,238.0,Teledyne T640X at 16.67 LPM - Broadband spectroscopy,Miami Fire Station,"1200 NW 20th St, Miami, FL 33142",Florida,Miami-Dade,Miami,"Miami-Fort Lauderdale-West Palm Beach, FL",2024-08-05,pm25
12,86,1016,88101,3,25.794222,-80.215556,NAD83,PM2.5 - Local Conditions,24-HR BLK AVG,PM25 24-hour 2012,2022-03-03,Micrograms/cubic meter (LC),Included,1,100.0,6.1,6.1,0,34.0,238.0,Teledyne T640X at 16.67 LPM - Broadband spectroscopy,Miami Fire Station,"1200 NW 20th St, Miami, FL 33142",Florida,Miami-Dade,Miami,"Miami-Fort Lauderdale-West Palm Beach, FL",2024-08-05,pm25
12,86,1016,88101,3,25.794222,-80.215556,NAD83,PM2.5 - Local Conditions,24-HR BLK AVG,PM25 24-hour 2012,2022-03-04,Micrograms/cubic meter (LC),Included,1,100.0,6.3,6.3,0,35.0,238.0,Teledyne T640X at 16.67 LPM - Broadband spectroscopy,Miami Fire Station,"1200 NW 20th St, Miami, FL 33142",Florida,Miami-Dade,Miami,"Miami-Fort Lauderdale-West Palm Beach, FL",2024-08-05,pm25
12,86,1016,88101,3,25.794222,-80.215556,NAD83,PM2.5 - Local Conditions,24-HR BLK AVG,PM25 24-hour 2012,2022-03-05,Micrograms/cubic meter (LC),Included,1,100.0,7.6,7.6,0,42.0,238.0,Teledyne T640X at 16.67 LPM - Broadband spectroscopy,Miami Fire Station,"1200 NW 20th St, Miami, FL 33142",Florida,Miami-Dade,Miami,"Miami-Fort Lauderdale-West Palm Beach, FL",2024-08-05,pm25
12,86,1016,88101,3,25.794222,-80.215556,NAD83,PM2.5 - Local Conditions,24-HR BLK AVG,PM25 24-hour 2012,2022-03-06,Micrograms/cubic meter (LC),Included,1,100.0,10.4,10.4,0,53.0,238.0,Teledyne T640X at 16.67 LPM - Broadband spectroscopy,Miami Fire Station,"1200 NW 20th St, Miami, FL 33142",Florida,Miami-Dade,Miami,"Miami-Fort Lauderdale-West Palm Beach, FL",2024-08-05,pm25
12,86,1016,88101,3,25.794222,-80.215556,NAD83,PM2.5 - Local Conditions,24-HR BLK AVG,PM25 24-hour 2012,2022-03-07,Micrograms/cubic meter (LC),Included,1,100.0,11.9,11.9,0,56.0,238.0,Teledyne T640X at 16.67 LPM - Broadband spectroscopy,Miami Fire Station,"1200 NW 20th St, Miami, FL 33142",Florida,Miami-Dade,Miami,"Miami-Fort Lauderdale-West Palm Beach, FL",2024-08-05,pm25
12,86,1016,88101,3,25.794222,-80.215556,NAD83,PM2.5 - Local Conditions,24-HR BLK AVG,PM25 24-hour 2012,2022-03-08,Micrograms/cubic meter (LC),Included,1,100.0,9.5,9.5,0,52.0,238.0,Teledyne T640X at 16.67 LPM - Broadband spectroscopy,Miami Fire Station,"1200 NW 20th St, Miami, FL 33142",Florida,Miami-Dade,Miami,"Miami-Fort Lauderdale-West Palm Beach, FL",2024-08-05,pm25
12,86,1016,88101,3,25.794222,-80.215556,NAD83,PM2.5 - Local Conditions,24-HR BLK AVG,PM25 24-hour 2012,2022-03-09,Micrograms/cubic meter (LC),Included,1,100.0,8.3,8.3,0,46.0,238.0,Teledyne T640X at 16.67 LPM - Broadband spectroscopy,Miami Fire Station,"1200 NW 20th St, Miami, FL 33142",Florida,Miami-Dade,Miami,"Miami-Fort Lauderdale-West Palm Beach, FL",2024-08-05,pm25
12,86,1016,88101,3,25.794222,-80.215556,NAD83,PM2.5 - Local Conditions,24-HR BLK AVG,PM25 24-hour 2012,2022-03-10,Micrograms/cubic meter (LC),Included,1,100.0,10.0,10.0,0,53.0,238.0,Teledyne T640X at 16.67 LPM - Broadband spectroscopy,Miami Fire Station,"1200 NW 20th St, Miami, FL 33142",Florida,Miami-Dade,Miami,"Miami-Fort Lauderdale-West Palm Beach, FL",2024-08-05,pm25
12,86,1016,88101,3,25.794222,-80.215556,NAD83,PM2.5 - Local Conditions,24-HR BLK AVG,PM25 24-hour 2012,2022-03-11,Micrograms/cubic meter (LC),Included,1,100.0,8.6,8.6,0,48.0,238.0,Teledyne T640X at 16.67 LPM - Broadband spectroscopy,Miami Fire Station,"1200 NW 20th St, Miami, FL 33142",Florida,Miami-Dade,Miami,"Miami-Fort Lauderdale-West Palm Beach, FL",2024-08-05,pm25
12,86,1016,88101,3,25.794222,-80.215556,NAD83,PM2.5 - Local Conditions,24-HR BLK AVG,PM25 24-hour 2012,2022-03-12,Micrograms/cubic meter (LC),Included,1,100.0,9.2,9.2,0,51.0,238.0,Teledyne T640X at 16.67 LPM - Broadband spectroscopy,Miami Fire Station,"1200 NW 20th St, Miami, FL 33142",Florida,Miami-Dade,Miami,"Miami-Fort Lauderdale-West Palm Beach, FL",2024-08-05,pm25
12,86,1016,88101,3,25.794222,-80.215556,NAD83,PM2.5 - Local Conditions,24-HR BLK AVG,PM25 24-hour 2012,2022-03-13,Micrograms/cubic meter (LC),Included,1,100.0,6.2,6.2,0,34.0,238.0,Teledyne T640X at 16.67 LPM - Broadband spectroscopy,Miami Fire Station,"1200 NW 20th St, Miami, FL 33142",Florida,Miami-Dade,Miami,"Miami-Fort Lauderdale-West Palm Beach, FL",2024-08-05,pm25
12,86,1016,88101,3,25.794222,-80.215556,NAD83,PM2.5 - Local Conditions,24-HR BLK AVG,PM25 24-hour 2012,2022-03-14,Micrograms/cubic meter (LC),Included,1,100.0,7.8,7.8,0,43.0,238.0,Teledyne T640X at 16.67 LPM - Broadband spectroscopy,Miami Fire Station,"1200 NW 20th St, Miami, FL 33142",Florida,Miami-Dade,Miami,"Miami-Fort Lauderdale-West Palm Beach, FL",2024-08-05,pm25
12,86,1016,88101,3,25.794222,-80.215556,NAD83,PM2.5 - Local Conditions,24-HR BLK AVG,PM25 24-hour 2012,2022-03-15,Micrograms/cubic meter (LC),Included,1,100.0,6.2,6.2,0,34.0,238.0,Teledyne T640X at 16.67 LPM - Broadband spectroscopy,Miami Fire Station,"1200 NW 20th St, Miami, FL 33142",Florida,Miami-Dade,Miami,"Miami-Fort Lauderdale-West Palm Beach, FL",2024-08-05,pm25
12,86,1016,88101,3,25.794222,-80.215556,NAD83,PM2.5 - Local Conditions,24-HR BLK AVG,PM25 24-hour 2012,2022-03-16,Micrograms/cubic meter (LC),Included,1,100.0,7.8,7.8,0,43.0,238.0,Teledyne T640X at 16.67 LPM - Broadband spectroscopy,Miami Fire Station,"1200 NW 20th St, Miami, FL 33142",Florida,Miami-Dade,Miami,"Miami-Fort Lauderdale-West Palm Beach, FL",2024-08-05,pm25
12,86,1016,88101,3,25.794222,-80.215556,NAD83,PM2.5 - Local Conditions,24-HR BLK AVG,PM25 24-hour 2012,2022-03-17,Micrograms/cubic meter (LC),Included,1,100.0,7.9,7.9,0,44.0,238.0,Teledyne T640X at 16.67 LPM - Broadband spectroscopy,Miami Fire Station,"1200 NW 20th St, Miami, FL 33142",Florida,Miami-Dade,Miami,"Miami-Fort Lauderdale-West Palm Beach, FL",2024-08-05,pm25
12,86,1016,88101,3,25.794222,-80.215556,NAD83,PM2.5 - Local Conditions,24-HR BLK AVG,PM25 24-hour 2012,2022-03-18,Micrograms/cubic meter (LC),Included,1,100.0,10.7,10.7,0,54.0,238.0,Teledyne T640X at 16.67 LPM - Broadband spectroscopy,Miami Fire Station,"1200 NW 20th St, Miami, FL 33142",Florida,Miami-Dade,Miami,"Miami-Fort Lauderdale-West Palm Beach, FL",2024-08-05,pm25
12,86,1016,88101,3,25.794222,-80.215556,NAD83,PM2.5 - Local Conditions,24-HR BLK AVG,PM25 24-hour 2012,2022-03-19,Micrograms/cubic meter (LC),Included,1,100.0,8.1,8.1,0,45.0,238.0,Teledyne T640X at 16.67 LPM - Broadband spectroscopy,Miami Fire Station,"1200 NW 20th St, Miami, FL 33142",Florida,Miami-Dade,Miami,"Miami-Fort Lauderdale-West Palm Beach, FL",2024-08-05,pm25
12,86,1016,88101,3,25.794222,-80.215556,NAD83,PM2.5 - Local Conditions,24-HR BLK AVG,PM25 24-hour 2012,2022-03-20,Micrograms/cubic meter (LC),Included,1,100.0,8.7,8.7,0,48.0,238.0,Teledyne T640X at 16.67 LPM - Broadband spectroscopy,Miami Fire Station,"1200 NW 20th St, Miami, FL 33142",Florida,Miami-Dade,Miami,"Miami-Fort Lauderdale-West Palm Beach, FL",2024-08-05,pm25
12,86,1016,88101,3,25.794222,-80.215556,NAD83,PM2.5 - Local Conditions,24-HR BLK AVG,PM25 24-hour 2012,2022-03-21,Micrograms/cubic meter (LC),Included,1,100.0,7.3,7.3,0,41.0,238.0,Teledyne T640X at 16.67 LPM - Broadband spectroscopy,Miami Fire Station,"1200 NW 20th St, Miami, FL 33142",Florida,Miami-Dade,Miami,"Miami-Fort Lauderdale-West Palm Beach, FL",2024-08-05,pm25
12,86,1016,88101,3,25.794222,-80.215556,NAD83,PM2.5 - Local Conditions,24-HR BLK AVG,PM25 24-hour 2012,2022-03-22,Micrograms/cubic meter (LC),Included,1,100.0,9.0,9.0,0,50.0,238.0,Teledyne T640X at 16.67 LPM - Broadband spectroscopy,Miami Fire Station,"1200 NW 20th St, Miami, FL 33142",Florida,Miami-Dade,Miami,"Miami-Fort Lauderdale-West Palm Beach, FL",2024-08-05,pm25
12,86,1016,88101,3,25.794222,-80.215556,NAD83,PM2.5 - Local Conditions,24-HR BLK AVG,PM25 24-hour 2012,2022-03-23,Micrograms/cubic meter (LC),Included,1,100.0,8.3,8.3,0,46.0,238.0,Teledyne T640X at 16.67 LPM - Broadband spectroscopy,Miami Fire Station,"1200 NW 20th St, Miami, FL 33142",Florida,Miami-Dade,Miami,"Miami-Fort Lauderdale-West Palm Beach, FL",2024-08-05,pm25
12,86,1016,88101,3,25.794222,-80.215556,NAD83,PM2.5 - Local Conditions,24-HR BLK AVG,PM25 24-hour 2012,2022-03-24,Micrograms/cubic meter (LC),Included,1,100.0,9.3,9.3,0,51.0,238.0,Teledyne T640X at 16.67 LPM - Broadband spectroscopy,Miami Fire Station,"1200 NW 20th St, Miami, FL 33142",Florida,Miami-Dade,Miami,"Miami-Fort Lauderdale-West Palm Beach, FL",2024-08-05,pm25
12,86,1016,88101,3,25.794222,-80.215556,NAD83,PM2.5 - Local Conditions,24-HR BLK AVG,PM25 24-hour 2012,2022-03-25,Micrograms/cubic meter (LC),Included,1,100.0,8.3,8.3,0,46.0,238.0,Teledyne T640X at 16.67 LPM - Broadband spectroscopy,Miami Fire Station,"1200 NW 20th St, Miami, FL 33142",Florida,Miami-Dade,Miami,"Miami-Fort Lauderdale-West Palm Beach, FL",2024-08-05,pm25
12,86,1016,88101,3,25.794222,-80.215556,NAD83,PM2.5 - Local Conditions,24-HR BLK AVG,PM25 24-hour 2012,2022-03-26,Micrograms/cubic meter (LC),Included,1,100.0,9.9,9.9,0,52.0,238.0,Teledyne T640X at 16.67 LPM - Broadband spectroscopy,Miami Fire Station,"1200 NW 20th St, Miami, FL 33142",Florida,Miami-Dade,Miami,"Miami-Fort Lauderdale-West Palm Beach, FL",2024-08-05,pm25
12,86,1016,88101,3,25.794222,-80.215556,NAD83,PM2.5 - Local Conditions,24-HR BLK AVG,PM25 24-hour 2012,2022-03-27,Micrograms/cubic meter (LC),Included,1,100.0,8.5,8.5,0,47.0,238.0,Teledyne T640X at 16.67 LPM - Broadband spectroscopy,Miami Fire Station,"1200 NW 20th St, Miami, FL 33142",Florida,Miami-Dade,Miami,"Miami-Fort Lauderdale-West Palm Beach, FL",2024-08-05,pm25
12,86,1016,88101,3,25.794222,-80.215556,NAD83,PM2.5 - Local Conditions,24-HR BLK AVG,PM25 24-hour 2012,2022-03-28,Micrograms/cubic meter (LC),Included,1,100.0,11.9,11.9,0,56.0,238.0,Teledyne T640X at 16.67 LPM - Broadband spectroscopy,Miami Fire Station,"1200 NW 20th St, Miami, FL 33142",Florida,Miami-Dade,Miami,"Miami-Fort Lauderdale-West Palm Beach, FL",2024-08-05,pm25
12,86,1016,88101,3,25.794222,-80.215556,NAD83,PM2.5 - Local Conditions,24-HR BLK AVG,PM25 24-hour 2012,2022-03-29,Micrograms/cubic meter (LC),Included,1,100.0,9.7,9.7,0,52.0,238.0,Teledyne T640X at 16.67 LPM - Broadband spectroscopy,Miami Fire Station,"1200 NW 20th St, Miami, FL 33142",Florida,Miami-Dade,Miami,"Miami-Fort Lauderdale-West Palm Beach, FL",2024-08-05,pm25
12,86,1016,88101,3,25.794222,-80.215556,NAD83,PM2.5 - Local Conditions,24-HR BLK AVG,PM25 24-hour 2012,2022-03-30,Micrograms/cubic meter (LC),Included,1,100.0,11.9,11.9,0,56.0,238.0,Teledyne T640X at 16.67 LPM - Broadband spectroscopy,Miami Fire Station,"1200 NW 20th St, Miami, FL 33142",Florida,Miami-Dade,Miami,"Miami-Fort Lauderdale-West Palm Beach, FL",2024-08-05,pm25
12,86,1016,88101,3,25.794222,-80.215556,NAD83,PM2.5 - Local Conditions,24-HR BLK AVG,PM25 24-hour 2012,2022-03-31,Micrograms/cubic meter (LC),Included,1,100.0,12.4,12.4,0,57.0,238.0,Teledyne T640X at 16.67 LPM - Broadband spectroscopy,Miami Fire Station,"1200 NW 20th St, Miami, FL 33142",Florida,Miami-Dade,Miami,"Miami-Fort Lauderdale-West Palm Beach, FL",2024-08-05,pm25
12,86,1016,88101,3,25.794222,-80.215556,NAD83,PM2.5 - Local Conditions,24-HR BLK AVG,PM25 24-hour 2012,2022-04-01,Micrograms/cubic meter (LC),Included,1,100.0,11.6,11.6,0,56.0,238.0,Teledyne T640X at 16.67 LPM - Broadband spectroscopy,Miami Fire Station,"1200 NW 20th St, Miami, FL 33142",Florida,Miami-Dade,Miami,"Miami-Fort Lauderdale-West Palm Beach, FL",2024-08-05,pm25
12,86,1016,88101,3,25.794222,-80.215556,NAD83,PM2.5 - Local Conditions,24-HR BLK AVG,PM25 24-hour 2012,2022-04-02,Micrograms/cubic meter (LC),Included,1,100.0,7.9,7.9,0,44.0,238.0,Teledyne T640X at 16.67 LPM - Broadband spectroscopy,Miami Fire Station,"1200 NW 20th St, Miami, FL 33142",Florida,Miami-Dade,Miami,"Miami-Fort Lauderdale-West Palm Beach, FL",2024-08-05,pm25
12,86,1016,88101,3,25.794222,-80.215556,NAD83,PM2.5 - Local Conditions,24-HR BLK AVG,PM25 24-hour 2012,2022-04-03,Micrograms/cubic meter (LC),Included,1,100.0,7.6,7.6,0,42.0,238.0,Teledyne T640X at 16.67 LPM - Broadband spectroscopy,Miami Fire Station,"1200 NW 20th St, Miami, FL 33142",Florida,Miami-Dade,Miami,"Miami-Fort Lauderdale-West Palm Beach, FL",2024-08-05,pm25
12,86,1016,88101,3,25.794222,-80.215556,NAD83,PM2.5 - Local Conditions,24-HR BLK AVG,PM25 24-hour 2012,2022-04-04,Micrograms/cubic meter (LC),Included,1,100.0,6.8,6.8,0,38.0,238.0,Teledyne T640X at 16.67 LPM - Broadband spectroscopy,Miami Fire Station,"1200 NW 20th St, Miami, FL 33142",Florida,Miami-Dade,Miami,"Miami-Fort Lauderdale-West Palm Beach, FL",2024-08-05,pm25
12,86,1016,88101,3,25.794222,-80.215556,NAD83,PM2.5 - Local Conditions,24-HR BLK AVG,PM25 24-hour 2012,2022-04-05,Micrograms/cubic meter (LC),Included,1,100.0,7.3,7.3,0,41.0,238.0,Teledyne T640X at 16.67 LPM - Broadband spectroscopy,Miami Fire Station,"1200 NW 20th St, Miami, FL 33142",Florida,Miami-Dade,Miami,"Miami-Fort Lauderdale-West Palm Beach, FL",2024-08-05,pm25
12,86,1016,88101,3,25.794222,-80.215556,NAD83,PM2.5 - Local Conditions,24-HR BLK AVG,PM25 24-hour 2012,2022-04-06,Micrograms/cubic meter (LC),Included,1,100.0,9.6,9.6,0,52.0,238.0,Teledyne T640X at 16.67 LPM - Broadband spectroscopy,Miami Fire Station,"1200 NW 20th St, Miami, FL 33142",Florida,Miami-Dade,Miami,"Miami-Fort Lauderdale-West Palm Beach, FL",2024-08-05,pm25
12,86,1016,88101,3,25.794222,-80.215556,NAD83,PM2.5 - Local Conditions,24-HR BLK AVG,PM25 24-hour 2012,2022-04-07,Micrograms/cubic meter (LC),Included,1,100.0,10.1,10.1,0,53.0,238.0,Teledyne T640X at 16.67 LPM - Broadband spectroscopy,Miami Fire Station,"1200 NW 20th St, Miami, FL 33142",Florida,Miami-Dade,Miami,"Miami-Fort Lauderdale-West Palm Beach, FL",2024-08-05,pm25
12,86,1016,88101,3,25.794222,-80.215556,NAD83,PM2.5 - Local Conditions,24-HR BLK AVG,PM25 24-hour 2012,2022-04-08,Micrograms/cubic meter (LC),Included,1,100.0,9.7,9.7,0,52.0,238.0,Teledyne T640X at 16.67 LPM - Broadband spectroscopy,Miami Fire Station,"1200 NW 20th St, Miami, FL 33142",Florida,Miami-Dade,Miami,"Miami-Fort Lauderdale-West Palm Beach, FL",2024-08-05,pm25
12,86,1016,88101,3,25.794222,-80.215556,NAD83,PM2.5 - Local Conditions,24-HR BLK AVG,PM25 24-hour 2012,2022-04-09,Micrograms/cubic meter (LC),Included,1,100.0,8.4,8.4,0,47.0,238.0,Teledyne T640X at 16.67 LPM - Broadband spectroscopy,Miami Fire Station,"1200 NW 20th St, Miami, FL 33142",Florida,Miami-Dade,Miami,"Miami-Fort Lauderdale-West Palm Beach, FL",2024-08-05,pm25
12,86,1016,88101,3,25.794222,-80.215556,NAD83,PM2.5 - Local Conditions,24-HR BLK AVG,PM25 24-hour 2012,2022-04-10,Micrograms/cubic meter (LC),Included,1,100.0,7.1,7.1,0,39.0,238.0,Teledyne T640X at 16.67 LPM - Broadband spectroscopy,Miami Fire Station,"1200 NW 20th St, Miami, FL 33142",Florida,Miami-Dade,Miami,"Miami-Fort Lauderdale-West Palm Beach, FL",2024-08-05,pm25
12,86,1016,88101,3,25.794222,-80.215556,NAD83,PM2.5 - Local Conditions,24-HR BLK AVG,PM25 24-hour 2012,2022-04-11,Micrograms/cubic meter (LC),Included,1,100.0,5.9,5.9,0,33.0,238.0,Teledyne T640X at 16.67 LPM - Broadband spectroscopy,Miami Fire Station,"1200 NW 20th St, Miami, FL 33142",Florida,Miami-Dade,Miami,"Miami-Fort Lauderdale-West Palm Beach, FL",2024-08-05,pm25
12,86,1016,88101,3,25.794222,-80.215556,NAD83,PM2.5 - Local Conditions,24-HR BLK AVG,PM25 24-hour 2012,2022-04-12,Micrograms/cubic meter (LC),Included,1,100.0,7.1,7.1,0,39.0,238.0,Teledyne T640X at 16.67 LPM - Broadband spectroscopy,Miami Fire Station,"1200 NW 20th St, Miami, FL 33142",Florida,Miami-Dade,Miami,"Miami-Fort Lauderdale-West Palm Beach, FL",2024-08-05,pm25
12,86,1016,88101,3,25.794222,-80.215556,NAD83,PM2.5 - Local Conditions,24-HR BLK AVG,PM25 24-hour 2012,2022-04-13,Micrograms/cubic meter (LC),Included,1,100.0,9.8,9.8,0,52.0,238.0,Teledyne T640X at 16.67 LPM - Broadband spectroscopy,Miami Fire Station,"1200 NW 20th St, Miami, FL 33142",Florida,Miami-Dade,Miami,"Miami-Fort Lauderdale-West Palm Beach, FL",2024-08-05,pm25
12,86,1016,88101,3,25.794222,-80.215556,NAD83,PM2.5 - Local Conditions,24-HR BLK AVG,PM25 24-hour 2012,2022-04-14,Micrograms/cubic meter (LC),Included,1,100.0,10.9,10.9,0,54.0,238.0,Teledyne T640X at 16.67 LPM - Broadband spectroscopy,Miami Fire Station,"1200 NW 20th St, Miami, FL 33142",Florida,Miami-Dade,Miami,"Miami-Fort Lauderdale-West Palm Beach, FL",2024-08-05,pm25
12,86,1016,88101,3,25.794222,-80.215556,NAD83,PM2.5 - Local Conditions,24-HR BLK AVG,PM25 24-hour 2012,2022-04-15,Micrograms/cubic meter (LC),Included,1,100.0,7.6,7.6,0,42.0,238.0,Teledyne T640X at 16.67 LPM - Broadband spectroscopy,Miami Fire Station,"1200 NW 20th St, Miami, FL 33142",Florida,Miami-Dade,Miami,"Miami-Fort Lauderdale-West Palm Beach, FL",2024-08-05,pm25
12,86,1016,88101,3,25.794222,-80.215556,NAD83,PM2.5 - Local Conditions,24-HR BLK AVG,PM25 24-hour 2012,2022-04-16,Micrograms/cubic meter (LC),Included,1,100.0,6.6,6.6,0,37.0,238.0,Teledyne T640X at 16.67 LPM - Broadband spectroscopy,Miami Fire Station,"1200 NW 20th St, Miami, FL 33142",Florida,Miami-Dade,Miami,"Miami-Fort Lauderdale-West Palm Beach, FL",2024-08-05,pm25
12,86,1016,88101,3,25.794222,-80.215556,NAD83,PM2.5 - Local Conditions,24-HR BLK AVG,PM25 24-hour 2012,2022-04-17,Micrograms/cubic meter (LC),Included,1,100.0,5.3,5.3,0,29.0,238.0,Teledyne T640X at 16.67 LPM - Broadband spectroscopy,Miami Fire Station,"1200 NW 20th St, Miami, FL 33142",Florida,Miami-Dade,Miami,"Miami-Fort Lauderdale-West Palm Beach, FL",2024-08-05,pm25
12,86,1016,88101,3,25.794222,-80.215556,NAD83,PM2.5 - Local Conditions,24-HR BLK AVG,PM25 24-hour 2012,2022-04-18,Micrograms/cubic meter (LC),Included,1,100.0,4.8,4.8,0,27.0,238.0,Teledyne T640X at 16.67 LPM - Broadband spectroscopy,Miami Fire Station,"1200 NW 20th St, Miami, FL 33142",Florida,Miami-Dade,Miami,"Miami-Fort Lauderdale-West Palm Beach, FL",2024-08-05,pm25
12,86,1016,88101,3,25.794222,-80.215556,NAD83,PM2.5 - Local Conditions,24-HR BLK AVG,PM25 24-hour 2012,2022-04-19,Micrograms/cubic meter (LC),Included,1,100.0,8.7,8.7,0,48.0,238.0,Teledyne T640X at 16.67 LPM - Broadband spectroscopy,Miami Fire Station,"1200 NW 20th St, Miami, FL 33142",Florida,Miami-Dade,Miami,"Miami-Fort Lauderdale-West Palm Beach, FL",2024-08-05,pm25
12,86,1016,88101,3,25.794222,-80.215556,NAD83,PM2.5 - Local Conditions,24-HR BLK AVG,PM25 24-hour 2012,2022-04-20,Micrograms/cubic meter (LC),Included,1,100.0,8.9,8.9,0,49.0,238.0,Teledyne T640X at 16.67 LPM - Broadband spectroscopy,Miami Fire Station,"1200 NW 20th St, Miami, FL 33142",Florida,Miami-Dade,Miami,"Miami-Fort Lauderdale-West Palm Beach, FL",2024-08-05,pm25
12,86,1016,88101,3,25.794222,-80.215556,NAD83,PM2.5 - Local Conditions,24-HR BLK AVG,PM25 24-hour 2012,2022-04-21,Micrograms/cubic meter (LC),Included,1,100.0,10.2,10.2,0,53.0,238.0,Teledyne T640X at 16.67 LPM - Broadband spectroscopy,Miami Fire Station,"1200 NW 20th St, Miami, FL 33142",Florida,Miami-Dade,Miami,"Miami-Fort Lauderdale-West Palm Beach, FL",2024-08-05,pm25
12,86,1016,88101,3,25.794222,-80.215556,NAD83,PM2.5 - Local Conditions,24-HR BLK AVG,PM25 24-hour 2012,2022-04-22,Micrograms/cubic meter (LC),Included,1,100.0,10.5,10.5,0,54.0,238.0,Teledyne T640X at 16.67 LPM - Broadband spectroscopy,Miami Fire Station,"1200 NW 20th St, Miami, FL 33142",Florida,Miami-Dade,Miami,"Miami-Fort Lauderdale-West Palm Beach, FL",2024-08-05,pm25
12,86,1016,88101,3,25.794222,-80.215556,NAD83,PM2.5 - Local Conditions,24-HR BLK AVG,PM25 24-hour 2012,2022-04-23,Micrograms/cubic meter (LC),Included,1,100.0,8.5,8.5,0,47.0,238.0,Teledyne T640X at 16.67 LPM - Broadband spectroscopy,Miami Fire Station,"1200 NW 20th St, Miami, FL 33142",Florida,Miami-Dade,Miami,"Miami-Fort Lauderdale-West Palm Beach, FL",2024-08-05,pm25
12,86,1016,88101,3,25.794222,-80.215556,NAD83,PM2.5 - Local Conditions,24-HR BLK AVG,PM25 24-hour 2012,2022-04-24,Micrograms/cubic meter (LC),Included,1,100.0,6.7,6.7,0,37.0,238.0,Teledyne T640X at 16.67 LPM - Broadband spectroscopy,Miami Fire Station,"1200 NW 20th St, Miami, FL 33142",Florida,Miami-Dade,Miami,"Miami-Fort Lauderdale-West Palm Beach, FL",2024-08-05,pm25
12,86,1016,88101,3,25.794222,-80.215556,NAD83,PM2.5 - Local Conditions,24-HR BLK AVG,PM25 24-hour 2012,2022-04-25,Micrograms/cubic meter (LC),Included,1,100.0,7.7,7.7,0,43.0,238.0,Teledyne T640X at 16.67 LPM - Broadband spectroscopy,Miami Fire Station,"1200 NW 20th St, Miami, FL 33142",Florida,Miami-Dade,Miami,"Miami-Fort Lauderdale-West Palm Beach, FL",2024-08-05,pm25
12,86,1016,88101,3,25.794222,-80.215556,NAD83,PM2.5 - Local Conditions,24-HR BLK AVG,PM25 24-hour 2012,2022-04-26,Micrograms/cubic meter (LC),Included,1,100.0,7.6,7.6,0,42.0,238.0,Teledyne T640X at 16.67 LPM - Broadband spectroscopy,Miami Fire Station,"1200 NW 20th St, Miami, FL 33142",Florida,Miami-Dade,Miami,"Miami-Fort Lauderdale-West Palm Beach, FL",2024-08-05,pm25
12,86,1016,88101,3,25.794222,-80.215556,NAD83,PM2.5 - Local Conditions,24-HR BLK AVG,PM25 24-hour 2012,2022-04-27,Micrograms/cubic meter (LC),Included,1,100.0,8.4,8.4,0,47.0,238.0,Teledyne T640X at 16.67 LPM - Broadband spectroscopy,Miami Fire Station,"1200 NW 20th St, Miami, FL 33142",Florida,Miami-Dade,Miami,"Miami-Fort Lauderdale-West Palm Beach, FL",2024-08-05,pm25
12,86,1016,88101,3,25.794222,-80.215556,NAD83,PM2.5 - Local Conditions,24-HR BLK AVG,PM25 24-hour 2012,2022-04-28,Micrograms/cubic meter (LC),Included,1,100.0,9.2,9.2,0,51.0,238.0,Teledyne T640X at 16.67 LPM - Broadband spectroscopy,Miami Fire Station,"1200 NW 20th St, Miami, FL 33142",Florida,Miami-Dade,Miami,"Miami-Fort Lauderdale-West Palm Beach, FL",2024-08-05,pm25
12,86,1016,88101,3,25.794222,-80.215556,NAD83,PM2.5 - Local Conditions,24-HR BLK AVG,PM25 24-hour 2012,2022-04-29,Micrograms/cubic meter (LC),Included,1,100.0,8.3,8.3,0,46.0,238.0,Teledyne T640X at 16.67 LPM - Broadband spectroscopy,Miami Fire Station,"1200 NW 20th St, Miami, FL 33142",Florida,Miami-Dade,Miami,"Miami-Fort Lauderdale-West Palm Beach, FL",2024-08-05,pm25
12,86,1016,88101,3,25.794222,-80.215556,NAD83,PM2.5 - Local Conditions,24-HR BLK AVG,PM25 24-hour 2012,2022-04-30,Micrograms/cubic meter (LC),Included,1,100.0,6.7,6.7,0,37.0,238.0,Teledyne T640X at 16.67 LPM - Broadband spectroscopy,Miami Fire Station,"1200 NW 20th St, Miami, FL 33142",Florida,Miami-Dade,Miami,"Miami-Fort Lauderdale-West Palm Beach, FL",2024-08-05,pm25
12,86,1016,88101,3,25.794222,-80.215556,NAD83,PM2.5 - Local Conditions,24-HR BLK AVG,PM25 24-hour 2012,2022-05-01,Micrograms/cubic meter (LC),Included,1,100.0,7.4,7.4,0,41.0,238.0,Teledyne T640X at 16.67 LPM - Broadband spectroscopy,Miami Fire Station,"1200 NW 20th St, Miami, FL 33142",Florida,Miami-Dade,Miami,"Miami-Fort Lauderdale-West Palm Beach, FL",2024-08-05,pm25
12,86,1016,88101,3,25.794222,-80.215556,NAD83,PM2.5 - Local Conditions,24-HR BLK AVG,PM25 24-hour 2012,2022-05-02,Micrograms/cubic meter (LC),Included,1,100.0,8.9,8.9,0,49.0,238.0,Teledyne T640X at 16.67 LPM - Broadband spectroscopy,Miami Fire Station,"1200 NW 20th St, Miami, FL 33142",Florida,Miami-Dade,Miami,"Miami-Fort Lauderdale-West Palm Beach, FL",2024-08-05,pm25
12,86,1016,88101,3,25.794222,-80.215556,NAD83,PM2.5 - Local Conditions,24-HR BLK AVG,PM25 24-hour 2012,2022-05-03,Micrograms/cubic meter (LC),Included,1,100.0,8.9,8.9,0,49.0,238.0,Teledyne T640X at 16.67 LPM - Broadband spectroscopy,Miami Fire Station,"1200 NW 20th St, Miami, FL 33142",Florida,Miami-Dade,Miami,"Miami-Fort Lauderdale-West Palm Beach, FL",2024-08-05,pm25
12,86,1016,88101,3,25.794222,-80.215556,NAD83,PM2.5 - Local Conditions,24-HR BLK AVG,PM25 24-hour 2012,2022-05-04,Micrograms/cubic meter (LC),Included,1,100.0,7.9,7.9,0,44.0,238.0,Teledyne T640X at 16.67 LPM - Broadband spectroscopy,Miami Fire Station,"1200 NW 20th St, Miami, FL 33142",Florida,Miami-Dade,Miami,"Miami-Fort Lauderdale-West Palm Beach, FL",2024-08-05,pm25
12,86,1016,88101,3,25.794222,-80.215556,NAD83,PM2.5 - Local Conditions,24-HR BLK AVG,PM25 24-hour 2012,2022-05-05,Micrograms/cubic meter (LC),Included,1,100.0,9.0,9.0,0,50.0,238.0,Teledyne T640X at 16.67 LPM - Broadband spectroscopy,Miami Fire Station,"1200 NW 20th St, Miami, FL 33142",Florida,Miami-Dade,Miami,"Miami-Fort Lauderdale-West Palm Beach, FL",2024-08-05,pm25
12,86,1016,88101,3,25.794222,-80.215556,NAD83,PM2.5 - Local Conditions,24-HR BLK AVG,PM25 24-hour 2012,2022-05-06,Micrograms/cubic meter (LC),Included,1,100.0,9.9,9.9,0,52.0,238.0,Teledyne T640X at 16.67 LPM - Broadband spectroscopy,Miami Fire Station,"1200 NW 20th St, Miami, FL 33142",Florida,Miami-Dade,Miami,"Miami-Fort Lauderdale-West Palm Beach, FL",2024-08-05,pm25
12,86,1016,88101,3,25.794222,-80.215556,NAD83,PM2.5 - Local Conditions,24-HR BLK AVG,PM25 24-hour 2012,2022-05-07,Micrograms/cubic meter (LC),Included,1,100.0,10.7,10.7,0,54.0,238.0,Teledyne T640X at 16.67 LPM - Broadband spectroscopy,Miami Fire Station,"1200 NW 20th St, Miami, FL 33142",Florida,Miami-Dade,Miami,"Miami-Fort Lauderdale-West Palm Beach, FL",2024-08-05,pm25
12,86,1016,88101,3,25.794222,-80.215556,NAD83,PM2.5 - Local Conditions,24-HR BLK AVG,PM25 24-hour 2012,2022-05-08,Micrograms/cubic meter (LC),Included,1,100.0,7.9,7.9,0,44.0,238.0,Teledyne T640X at 16.67 LPM - Broadband spectroscopy,Miami Fire Station,"1200 NW 20th St, Miami, FL 33142",Florida,Miami-Dade,Miami,"Miami-Fort Lauderdale-West Palm Beach, FL",2024-08-05,pm25
12,86,1016,88101,3,25.794222,-80.215556,NAD83,PM2.5 - Local Conditions,24-HR BLK AVG,PM25 24-hour 2012,2022-05-09,Micrograms/cubic meter (LC),Included,1,100.0,9.1,9.1,0,51.0,238.0,Teledyne T640X at 16.67 LPM - Broadband spectroscopy,Miami Fire Station,"1200 NW 20th St, Miami, FL 33142",Florida,Miami-Dade,Miami,"Miami-Fort Lauderdale-West Palm Beach, FL",2024-08-05,pm25
12,86,1016,88101,3,25.794222,-80.215556,NAD83,PM2.5 - Local Conditions,24-HR BLK AVG,PM25 24-hour 2012,2022-05-10,Micrograms/cubic meter (LC),Included,1,100.0,7.2,7.2,0,40.0,238.0,Teledyne T640X at 16.67 LPM - Broadband spectroscopy,Miami Fire Station,"1200 NW 20th St, Miami, FL 33142",Florida,Miami-Dade,Miami,"Miami-Fort Lauderdale-West Palm Beach, FL",2024-08-05,pm25
12,86,1016,88101,3,25.794222,-80.215556,NAD83,PM2.5 - Local Conditions,24-HR BLK AVG,PM25 24-hour 2012,2022-05-11,Micrograms/cubic meter (LC),Included,1,100.0,7.4,7.4,0,41.0,238.0,Teledyne T640X at 16.67 LPM - Broadband spectroscopy,Miami Fire Station,"1200 NW 20th St, Miami, FL 33142",Florida,Miami-Dade,Miami,"Miami-Fort Lauderdale-West Palm Beach, FL",2024-08-05,pm25
12,86,1016,88101,3,25.794222,-80.215556,NAD83,PM2.5 - Local Conditions,24-HR BLK AVG,PM25 24-hour 2012,2022-05-12,Micrograms/cubic meter (LC),Included,1,100.0,5.0,5.0,0,28.0,238.0,Teledyne T640X at 16.67 LPM - Broadband spectroscopy,Miami Fire Station,"1200 NW 20th St, Miami, FL 33142",Florida,Miami-Dade,Miami,"Miami-Fort Lauderdale-West Palm Beach, FL",2024-08-05,pm25
12,86,1016,88101,3,25.794222,-80.215556,NAD83,PM2.5 - Local Conditions,24-HR BLK AVG,PM25 24-hour 2012,2022-05-13,Micrograms/cubic meter (LC),Included,1,100.0,5.1,5.1,0,28.0,238.0,Teledyne T640X at 16.67 LPM - Broadband spectroscopy,Miami Fire Station,"1200 NW 20th St, Miami, FL 33142",Florida,Miami-Dade,Miami,"Miami-Fort Lauderdale-West Palm Beach, FL",2024-08-05,pm25
12,86,1016,88101,3,25.794222,-80.215556,NAD83,PM2.5 - Local Conditions,24-HR BLK AVG,PM25 24-hour 2012,2022-05-14,Micrograms/cubic meter (LC),Included,1,100.0,6.7,6.7,0,37.0,238.0,Teledyne T640X at 16.67 LPM - Broadband spectroscopy,Miami Fire Station,"1200 NW 20th St, Miami, FL 33142",Florida,Miami-Dade,Miami,"Miami-Fort Lauderdale-West Palm Beach, FL",2024-08-05,pm25
12,86,1016,88101,3,25.794222,-80.215556,NAD83,PM2.5 - Local Conditions,24-HR BLK AVG,PM25 24-hour 2012,2022-05-15,Micrograms/cubic meter (LC),Included,1,100.0,5.4,5.4,0,30.0,238.0,Teledyne T640X at 16.67 LPM - Broadband spectroscopy,Miami Fire Station,"1200 NW 20th St, Miami, FL 33142",Florida,Miami-Dade,Miami,"Miami-Fort Lauderdale-West Palm Beach, FL",2024-08-05,pm25
12,86,1016,88101,3,25.794222,-80.215556,NAD83,PM2.5 - Local Conditions,24-HR BLK AVG,PM25 24-hour 2012,2022-05-16,Micrograms/cubic meter (LC),Included,1,100.0,7.8,7.8,0,43.0,238.0,Teledyne T640X at 16.67 LPM - Broadband spectroscopy,Miami Fire Station,"1200 NW 20th St, Miami, FL 33142",Florida,Miami-Dade,Miami,"Miami-Fort Lauderdale-West Palm Beach, FL",2024-08-05,pm25
12,86,1016,88101,3,25.794222,-80.215556,NAD83,PM2.5 - Local Conditions,24-HR BLK AVG,PM25 24-hour 2012,2022-05-17,Micrograms/cubic meter (LC),Included,1,100.0,6.7,6.7,0,37.0,238.0,Teledyne T640X at 16.67 LPM - Broadband spectroscopy,Miami Fire Station,"1200 NW 20th St, Miami, FL 33142",Florida,Miami-Dade,Miami,"Miami-Fort Lauderdale-West Palm Beach, FL",2024-08-05,pm25
12,86,1016,88101,3,25.794222,-80.215556,NAD83,PM2.5 - Local Conditions,24-HR BLK AVG,PM25 24-hour 2012,2022-05-18,Micrograms/cubic meter (LC),Included,1,100.0,6.0,6.0,0,33.0,238.0,Teledyne T640X at 16.67 LPM - Broadband spectroscopy,Miami Fire Station,"1200 NW 20th St, Miami, FL 33142",Florida,Miami-Dade,Miami,"Miami-Fort Lauderdale-West Palm Beach, FL",2024-08-05,pm25
12,86,1016,88101,3,25.794222,-80.215556,NAD83,PM2.5 - Local Conditions,24-HR BLK AVG,PM25 24-hour 2012,2022-05-19,Micrograms/cubic meter (LC),Included,1,100.0,4.4,4.4,0,24.0,238.0,Teledyne T640X at 16.67 LPM - Broadband spectroscopy,Miami Fire Station,"1200 NW 20th St, Miami, FL 33142",Florida,Miami-Dade,Miami,"Miami-Fort Lauderdale-West Palm Beach, FL",2024-08-05,pm25
12,86,1016,88101,3,25.794222,-80.215556,NAD83,PM2.5 - Local Conditions,24-HR BLK AVG,PM25 24-hour 2012,2022-05-20,Micrograms/cubic meter (LC),Included,1,100.0,9.8,9.8,0,52.0,238.0,Teledyne T640X at 16.67 LPM - Broadband spectroscopy,Miami Fire Station,"1200 NW 20th St, Miami, FL 33142",Florida,Miami-Dade,Miami,"Miami-Fort Lauderdale-West Palm Beach, FL",2024-08-05,pm25
12,86,1016,88101,3,25.794222,-80.215556,NAD83,PM2.5 - Local Conditions,24-HR BLK AVG,PM25 24-hour 2012,2022-05-21,Micrograms/cubic meter (LC),Included,1,100.0,25.0,25.0,0,81.0,238.0,Teledyne T640X at 16.67 LPM - Broadband spectroscopy,Miami Fire Station,"1200 NW 20th St, Miami, FL 33142",Florida,Miami-Dade,Miami,"Miami-Fort Lauderdale-West Palm Beach, FL",2024-08-05,pm25
12,86,1016,88101,3,25.794222,-80.215556,NAD83,PM2.5 - Local Conditions,24-HR BLK AVG,PM25 24-hour 2012,2022-05-22,Micrograms/cubic meter (LC),Included,1,100.0,15.5,15.5,0,63.0,238.0,Teledyne T640X at 16.67 LPM - Broadband spectroscopy,Miami Fire Station,"1200 NW 20th St, Miami, FL 33142",Florida,Miami-Dade,Miami,"Miami-Fort Lauderdale-West Palm Beach, FL",2024-08-05,pm25
12,86,1016,88101,3,25.794222,-80.215556,NAD83,PM2.5 - Local Conditions,24-HR BLK AVG,PM25 24-hour 2012,2022-05-23,Micrograms/cubic meter (LC),Included,1,100.0,7.3,7.3,0,41.0,238.0,Teledyne T640X at 16.67 LPM - Broadband spectroscopy,Miami Fire Station,"1200 NW 20th St, Miami, FL 33142",Florida,Miami-Dade,Miami,"Miami-Fort Lauderdale-West Palm Beach, FL",2024-08-05,pm25
12,86,1016,88101,3,25.794222,-80.215556,NAD83,PM2.5 - Local Conditions,24-HR BLK AVG,PM25 24-hour 2012,2022-05-24,Micrograms/cubic meter (LC),Included,1,100.0,7.2,7.2,0,40.0,238.0,Teledyne T640X at 16.67 LPM - Broadband spectroscopy,Miami Fire Station,"1200 NW 20th St, Miami, FL 33142",Florida,Miami-Dade,Miami,"Miami-Fort Lauderdale-West Palm Beach, FL",2024-08-05,pm25
12,86,1016,88101,3,25.794222,-80.215556,NAD83,PM2.5 - Local Conditions,24-HR BLK AVG,PM25 24-hour 2012,2022-05-25,Micrograms/cubic meter (LC),Included,1,100.0,8.6,8.6,0,48.0,238.0,Teledyne T640X at 16.67 LPM - Broadband spectroscopy,Miami Fire Station,"1200 NW 20th St, Miami, FL 33142",Florida,Miami-Dade,Miami,"Miami-Fort Lauderdale-West Palm Beach, FL",2024-08-05,pm25
12,86,1016,88101,3,25.794222,-80.215556,NAD83,PM2.5 - Local Conditions,24-HR BLK AVG,PM25 24-hour 2012,2022-05-26,Micrograms/cubic meter (LC),Included,1,100.0,8.4,8.4,0,47.0,238.0,Teledyne T640X at 16.67 LPM - Broadband spectroscopy,Miami Fire Station,"1200 NW 20th St, Miami, FL 33142",Florida,Miami-Dade,Miami,"Miami-Fort Lauderdale-West Palm Beach, FL",2024-08-05,pm25
12,86,1016,88101,3,25.794222,-80.215556,NAD83,PM2.5 - Local Conditions,24-HR BLK AVG,PM25 24-hour 2012,2022-05-27,Micrograms/cubic meter (LC),Included,1,100.0,6.8,6.8,0,38.0,238.0,Teledyne T640X at 16.67 LPM - Broadband spectroscopy,Miami Fire Station,"1200 NW 20th St, Miami, FL 33142",Florida,Miami-Dade,Miami,"Miami-Fort Lauderdale-West Palm Beach, FL",2024-08-05,pm25
12,86,1016,88101,3,25.794222,-80.215556,NAD83,PM2.5 - Local Conditions,24-HR BLK AVG,PM25 24-hour 2012,2022-05-28,Micrograms/cubic meter (LC),Included,1,100.0,6.9,6.9,0,38.0,238.0,Teledyne T640X at 16.67 LPM - Broadband spectroscopy,Miami Fire Station,"1200 NW 20th St, Miami, FL 33142",Florida,Miami-Dade,Miami,"Miami-Fort Lauderdale-West Palm Beach, FL",2024-08-05,pm25
12,86,1016,88101,3,25.794222,-80.215556,NAD83,PM2.5 - Local Conditions,24-HR BLK AVG,PM25 24-hour 2012,2022-05-29,Micrograms/cubic meter (LC),Included,1,100.0,8.3,8.3,0,46.0,238.0,Teledyne T640X at 16.67 LPM - Broadband spectroscopy,Miami Fire Station,"1200 NW 20th St, Miami, FL 33142",Florida,Miami-Dade,Miami,"Miami-Fort Lauderdale-West Palm Beach, FL",2024-08-05,pm25
12,86,1016,88101,3,25.794222,-80.215556,NAD83,PM2.5 - Local Conditions,24-HR BLK AVG,PM25 24-hour 2012,2022-05-30,Micrograms/cubic meter (LC),Included,1,100.0,5.5,5.5,0,31.0,238.0,Teledyne T640X at 16.67 LPM - Broadband spectroscopy,Miami Fire Station,"1200 NW 20th St, Miami, FL 33142",Florida,Miami-Dade,Miami,"Miami-Fort Lauderdale-West Palm Beach, FL",2024-08-05,pm25
12,86,1016,88101,3,25.794222,-80.215556,NAD83,PM2.5 - Local Conditions,24-HR BLK AVG,PM25 24-hour 2012,2022-05-31,Micrograms/cubic meter (LC),Included,1,100.0,5.1,5.1,0,28.0,238.0,Teledyne T640X at 16.67 LPM - Broadband spectroscopy,Miami Fire Station,"1200 NW 20th St, Miami, FL 33142",Florida,Miami-Dade,Miami,"Miami-Fort Lauderdale-West Palm Beach, FL",2024-08-05,pm25
12,86,1016,88101,3,25.794222,-80.215556,NAD83,PM2.5 - Local Conditions,24-HR BLK AVG,PM25 24-hour 2012,2022-06-01,Micrograms/cubic meter (LC),Included,1,100.0,6.0,6.0,0,33.0,238.0,Teledyne T640X at 16.67 LPM - Broadband spectroscopy,Miami Fire Station,"1200 NW 20th St, Miami, FL 33142",Florida,Miami-Dade,Miami,"Miami-Fort Lauderdale-West Palm Beach, FL",2024-08-05,pm25
12,86,1016,88101,3,25.794222,-80.215556,NAD83,PM2.5 - Local Conditions,24-HR BLK AVG,PM25 24-hour 2012,2022-06-02,Micrograms/cubic meter (LC),Included,1,100.0,5.6,5.6,0,31.0,238.0,Teledyne T640X at 16.67 LPM - Broadband spectroscopy,Miami Fire Station,"1200 NW 20th St, Miami, FL 33142",Florida,Miami-Dade,Miami,"Miami-Fort Lauderdale-West Palm Beach, FL",2024-08-05,pm25
12,86,1016,88101,3,25.794222,-80.215556,NAD83,PM2.5 - Local Conditions,24-HR BLK AVG,PM25 24-hour 2012,2022-06-03,Micrograms/cubic meter (LC),Included,1,100.0,6.6,6.6,0,37.0,238.0,Teledyne T640X at 16.67 LPM - Broadband spectroscopy,Miami Fire Station,"1200 NW 20th St, Miami, FL 33142",Florida,Miami-Dade,Miami,"Miami-Fort Lauderdale-West Palm Beach, FL",2024-08-05,pm25
12,86,1016,88101,3,25.794222,-80.215556,NAD83,PM2.5 - Local Conditions,24-HR BLK AVG,PM25 24-hour 2012,2022-06-04,Micrograms/cubic meter (LC),Included,1,100.0,5.6,5.6,0,31.0,238.0,Teledyne T640X at 16.67 LPM - Broadband spectroscopy,Miami Fire Station,"1200 NW 20th St, Miami, FL 33142",Florida,Miami-Dade,Miami,"Miami-Fort Lauderdale-West Palm Beach, FL",2024-08-05,pm25
12,86,1016,88101,3,25.794222,-80.215556,NAD83,PM2.5 - Local Conditions,24-HR BLK AVG,PM25 24-hour 2012,2022-06-05,Micrograms/cubic meter (LC),Included,1,100.0,5.4,5.4,0,30.0,238.0,Teledyne T640X at 16.67 LPM - Broadband spectroscopy,Miami Fire Station,"1200 NW 20th St, Miami, FL 33142",Florida,Miami-Dade,Miami,"Miami-Fort Lauderdale-West Palm Beach, FL",2024-08-05,pm25
12,86,1016,88101,3,25.794222,-80.215556,NAD83,PM2.5 - Local Conditions,24-HR BLK AVG,PM25 24-hour 2012,2022-06-06,Micrograms/cubic meter (LC),Included,1,100.0,6.6,6.6,0,37.0,238.0,Teledyne T640X at 16.67 LPM - Broadband spectroscopy,Miami Fire Station,"1200 NW 20th St, Miami, FL 33142",Florida,Miami-Dade,Miami,"Miami-Fort Lauderdale-West Palm Beach, FL",2024-08-05,pm25
12,86,1016,88101,3,25.794222,-80.215556,NAD83,PM2.5 - Local Conditions,24-HR BLK AVG,PM25 24-hour 2012,2022-06-07,Micrograms/cubic meter (LC),Included,1,100.0,5.2,5.2,0,29.0,238.0,Teledyne T640X at 16.67 LPM - Broadband spectroscopy,Miami Fire Station,"1200 NW 20th St, Miami, FL 33142",Florida,Miami-Dade,Miami,"Miami-Fort Lauderdale-West Palm Beach, FL",2024-08-05,pm25
12,86,1016,88101,3,25.794222,-80.215556,NAD83,PM2.5 - Local Conditions,24-HR BLK AVG,PM25 24-hour 2012,2022-06-08,Micrograms/cubic meter (LC),Included,1,100.0,7.3,7.3,0,41.0,238.0,Teledyne T640X at 16.67 LPM - Broadband spectroscopy,Miami Fire Station,"1200 NW 20th St, Miami, FL 33142",Florida,Miami-Dade,Miami,"Miami-Fort Lauderdale-West Palm Beach, FL",2024-08-05,pm25
12,86,1016,88101,3,25.794222,-80.215556,NAD83,PM2.5 - Local Conditions,24-HR BLK AVG,PM25 24-hour 2012,2022-06-09,Micrograms/cubic meter (LC),Included,1,100.0,8.2,8.2,0,46.0,238.0,Teledyne T640X at 16.67 LPM - Broadband spectroscopy,Miami Fire Station,"1200 NW 20th St, Miami, FL 33142",Florida,Miami-Dade,Miami,"Miami-Fort Lauderdale-West Palm Beach, FL",2024-08-05,pm25
12,86,1016,88101,3,25.794222,-80.215556,NAD83,PM2.5 - Local Conditions,24-HR BLK AVG,PM25 24-hour 2012,2022-06-10,Micrograms/cubic meter (LC),Included,1,100.0,7.5,7.5,0,42.0,238.0,Teledyne T640X at 16.67 LPM - Broadband spectroscopy,Miami Fire Station,"1200 NW 20th St, Miami, FL 33142",Florida,Miami-Dade,Miami,"Miami-Fort Lauderdale-West Palm Beach, FL",2024-08-05,pm25
12,86,1016,88101,3,25.794222,-80.215556,NAD83,PM2.5 - Local Conditions,24-HR BLK AVG,PM25 24-hour 2012,2022-06-11,Micrograms/cubic meter (LC),Included,1,100.0,8.6,8.6,0,48.0,238.0,Teledyne T640X at 16.67 LPM - Broadband spectroscopy,Miami Fire Station,"1200 NW 20th St, Miami, FL 33142",Florida,Miami-Dade,Miami,"Miami-Fort Lauderdale-West Palm Beach, FL",2024-08-05,pm25
12,86,1016,88101,3,25.794222,-80.215556,NAD83,PM2.5 - Local Conditions,24-HR BLK AVG,PM25 24-hour 2012,2022-06-12,Micrograms/cubic meter (LC),Included,1,100.0,11.3,11.3,0,55.0,238.0,Teledyne T640X at 16.67 LPM - Broadband spectroscopy,Miami Fire Station,"1200 NW 20th St, Miami, FL 33142",Florida,Miami-Dade,Miami,"Miami-Fort Lauderdale-West Palm Beach, FL",2024-08-05,pm25
12,86,1016,88101,3,25.794222,-80.215556,NAD83,PM2.5 - Local Conditions,24-HR BLK AVG,PM25 24-hour 2012,2022-06-13,Micrograms/cubic meter (LC),Included,1,100.0,13.2,13.2,0,59.0,238.0,Teledyne T640X at 16.67 LPM - Broadband spectroscopy,Miami Fire Station,"1200 NW 20th St, Miami, FL 33142",Florida,Miami-Dade,Miami,"Miami-Fort Lauderdale-West Palm Beach, FL",2024-08-05,pm25
12,86,1016,88101,3,25.794222,-80.215556,NAD83,PM2.5 - Local Conditions,24-HR BLK AVG,PM25 24-hour 2012,2022-06-14,Micrograms/cubic meter (LC),Included,1,100.0,29.5,29.5,0,89.0,238.0,Teledyne T640X at 16.67 LPM - Broadband spectroscopy,Miami Fire Station,"1200 NW 20th St, Miami, FL 33142",Florida,Miami-Dade,Miami,"Miami-Fort Lauderdale-West Palm Beach, FL",2024-08-05,pm25
12,86,1016,88101,3,25.794222,-80.215556,NAD83,PM2.5 - Local Conditions,24-HR BLK AVG,PM25 24-hour 2012,2022-06-15,Micrograms/cubic meter (LC),Included,1,100.0,24.6,24.6,0,80.0,238.0,Teledyne T640X at 16.67 LPM - Broadband spectroscopy,Miami Fire Station,"1200 NW 20th St, Miami, FL 33142",Florida,Miami-Dade,Miami,"Miami-Fort Lauderdale-West Palm Beach, FL",2024-08-05,pm25
12,86,1016,88101,3,25.794222,-80.215556,NAD83,PM2.5 - Local Conditions,24-HR BLK AVG,PM25 24-hour 2012,2022-06-16,Micrograms/cubic meter (LC),Included,1,100.0,8.9,8.9,0,49.0,238.0,Teledyne T640X at 16.67 LPM - Broadband spectroscopy,Miami Fire Station,"1200 NW 20th St, Miami, FL 33142",Florida,Miami-Dade,Miami,"Miami-Fort Lauderdale-West Palm Beach, FL",2024-08-05,pm25
12,86,1016,88101,3,25.794222,-80.215556,NAD83,PM2.5 - Local Conditions,24-HR BLK AVG,PM25 24-hour 2012,2022-06-23,Micrograms/cubic meter (LC),Included,1,100.0,6.0,6.0,0,33.0,238.0,Teledyne T640X at 16.67 LPM - Broadband spectroscopy,Miami Fire Station,"1200 NW 20th St, Miami, FL 33142",Florida,Miami-Dade,Miami,"Miami-Fort Lauderdale-West Palm Beach, FL",2024-08-05,pm25
12,86,1016,88101,3,25.794222,-80.215556,NAD83,PM2.5 - Local Conditions,24-HR BLK AVG,PM25 24-hour 2012,2022-06-24,Micrograms/cubic meter (LC),Included,1,100.0,6.0,6.0,0,33.0,238.0,Teledyne T640X at 16.67 LPM - Broadband spectroscopy,Miami Fire Station,"1200 NW 20th St, Miami, FL 33142",Florida,Miami-Dade,Miami,"Miami-Fort Lauderdale-West Palm Beach, FL",2024-08-05,pm25
12,86,1016,88101,3,25.794222,-80.215556,NAD83,PM2.5 - Local Conditions,24-HR BLK AVG,PM25 24-hour 2012,2022-06-25,Micrograms/cubic meter (LC),Included,1,100.0,8.8,8.8,0,49.0,238.0,Teledyne T640X at 16.67 LPM - Broadband spectroscopy,Miami Fire Station,"1200 NW 20th St, Miami, FL 33142",Florida,Miami-Dade,Miami,"Miami-Fort Lauderdale-West Palm Beach, FL",2024-08-05,pm25
12,86,1016,88101,3,25.794222,-80.215556,NAD83,PM2.5 - Local Conditions,24-HR BLK AVG,PM25 24-hour 2012,2022-06-26,Micrograms/cubic meter (LC),Included,1,100.0,7.6,7.6,0,42.0,238.0,Teledyne T640X at 16.67 LPM - Broadband spectroscopy,Miami Fire Station,"1200 NW 20th St, Miami, FL 33142",Florida,Miami-Dade,Miami,"Miami-Fort Lauderdale-West Palm Beach, FL",2024-08-05,pm25
12,86,1016,88101,3,25.794222,-80.215556,NAD83,PM2.5 - Local Conditions,24-HR BLK AVG,PM25 24-hour 2012,2022-06-27,Micrograms/cubic meter (LC),Included,1,100.0,6.3,6.3,0,35.0,238.0,Teledyne T640X at 16.67 LPM - Broadband spectroscopy,Miami Fire Station,"1200 NW 20th St, Miami, FL 33142",Florida,Miami-Dade,Miami,"Miami-Fort Lauderdale-West Palm Beach, FL",2024-08-05,pm25
12,86,1016,88101,3,25.794222,-80.215556,NAD83,PM2.5 - Local Conditions,24-HR BLK AVG,PM25 24-hour 2012,2022-06-28,Micrograms/cubic meter (LC),Included,1,100.0,3.9,3.9,0,22.0,238.0,Teledyne T640X at 16.67 LPM - Broadband spectroscopy,Miami Fire Station,"1200 NW 20th St, Miami, FL 33142",Florida,Miami-Dade,Miami,"Miami-Fort Lauderdale-West Palm Beach, FL",2024-08-05,pm25
12,86,1016,88101,3,25.794222,-80.215556,NAD83,PM2.5 - Local Conditions,24-HR BLK AVG,PM25 24-hour 2012,2022-06-29,Micrograms/cubic meter (LC),Included,1,100.0,4.8,4.8,0,27.0,238.0,Teledyne T640X at 16.67 LPM - Broadband spectroscopy,Miami Fire Station,"1200 NW 20th St, Miami, FL 33142",Florida,Miami-Dade,Miami,"Miami-Fort Lauderdale-West Palm Beach, FL",2024-08-05,pm25
12,86,1016,88101,3,25.794222,-80.215556,NAD83,PM2.5 - Local Conditions,24-HR BLK AVG,PM25 24-hour 2012,2022-06-30,Micrograms/cubic meter (LC),Included,1,100.0,7.3,7.3,0,41.0,238.0,Teledyne T640X at 16.67 LPM - Broadband spectroscopy,Miami Fire Station,"1200 NW 20th St, Miami, FL 33142",Florida,Miami-Dade,Miami,"Miami-Fort Lauderdale-West Palm Beach, FL",2024-08-05,pm25
12,86,1016,88101,3,25.794222,-80.215556,NAD83,PM2.5 - Local Conditions,24-HR BLK AVG,PM25 24-hour 2012,2022-07-01,Micrograms/cubic meter (LC),Included,1,100.0,6.9,6.9,0,38.0,238.0,Teledyne T640X at 16.67 LPM - Broadband spectroscopy,Miami Fire Station,"1200 NW 20th St, Miami, FL 33142",Florida,Miami-Dade,Miami,"Miami-Fort Lauderdale-West Palm Beach, FL",2024-08-05,pm25
12,86,1016,88101,3,25.794222,-80.215556,NAD83,PM2.5 - Local Conditions,24-HR BLK AVG,PM25 24-hour 2012,2022-07-02,Micrograms/cubic meter (LC),Included,1,100.0,6.4,6.4,0,36.0,238.0,Teledyne T640X at 16.67 LPM - Broadband spectroscopy,Miami Fire Station,"1200 NW 20th St, Miami, FL 33142",Florida,Miami-Dade,Miami,"Miami-Fort Lauderdale-West Palm Beach, FL",2024-08-05,pm25
12,86,1016,88101,3,25.794222,-80.215556,NAD83,PM2.5 - Local Conditions,24-HR BLK AVG,PM25 24-hour 2012,2022-07-03,Micrograms/cubic meter (LC),Included,1,100.0,5.9,5.9,0,33.0,238.0,Teledyne T640X at 16.67 LPM - Broadband spectroscopy,Miami Fire Station,"1200 NW 20th St, Miami, FL 33142",Florida,Miami-Dade,Miami,"Miami-Fort Lauderdale-West Palm Beach, FL",2024-08-05,pm25
12,86,1016,88101,3,25.794222,-80.215556,NAD83,PM2.5 - Local Conditions,24-HR BLK AVG,PM25 24-hour 2012,2022-07-04,Micrograms/cubic meter (LC),Included,1,100.0,8.6,8.6,0,48.0,238.0,Teledyne T640X at 16.67 LPM - Broadband spectroscopy,Miami Fire Station,"1200 NW 20th St, Miami, FL 33142",Florida,Miami-Dade,Miami,"Miami-Fort Lauderdale-West Palm Beach, FL",2024-08-05,pm25
12,86,1016,88101,3,25.794222,-80.215556,NAD83,PM2.5 - Local Conditions,24-HR BLK AVG,PM25 24-hour 2012,2022-07-05,Micrograms/cubic meter (LC),Included,1,100.0,6.5,6.5,0,36.0,238.0,Teledyne T640X at 16.67 LPM - Broadband spectroscopy,Miami Fire Station,"1200 NW 20th St, Miami, FL 33142",Florida,Miami-Dade,Miami,"Miami-Fort Lauderdale-West Palm Beach, FL",2024-08-05,pm25
12,86,1016,88101,3,25.794222,-80.215556,NAD83,PM2.5 - Local Conditions,24-HR BLK AVG,PM25 24-hour 2012,2022-07-06,Micrograms/cubic meter (LC),Included,1,100.0,9.9,9.9,0,52.0,238.0,Teledyne T640X at 16.67 LPM - Broadband spectroscopy,Miami Fire Station,"1200 NW 20th St, Miami, FL 33142",Florida,Miami-Dade,Miami,"Miami-Fort Lauderdale-West Palm Beach, FL",2024-08-05,pm25
12,86,1016,88101,3,25.794222,-80.215556,NAD83,PM2.5 - Local Conditions,24-HR BLK AVG,PM25 24-hour 2012,2022-07-07,Micrograms/cubic meter (LC),Included,1,100.0,6.4,6.4,0,36.0,238.0,Teledyne T640X at 16.67 LPM - Broadband spectroscopy,Miami Fire Station,"1200 NW 20th St, Miami, FL 33142",Florida,Miami-Dade,Miami,"Miami-Fort Lauderdale-West Palm Beach, FL",2024-08-05,pm25
12,86,1016,88101,3,25.794222,-80.215556,NAD83,PM2.5 - Local Conditions,24-HR BLK AVG,PM25 24-hour 2012,2022-07-08,Micrograms/cubic meter (LC),Included,1,100.0,6.7,6.7,0,37.0,238.0,Teledyne T640X at 16.67 LPM - Broadband spectroscopy,Miami Fire Station,"1200 NW 20th St, Miami, FL 33142",Florida,Miami-Dade,Miami,"Miami-Fort Lauderdale-West Palm Beach, FL",2024-08-05,pm25
12,86,1016,88101,3,25.794222,-80.215556,NAD83,PM2.5 - Local Conditions,24-HR BLK AVG,PM25 24-hour 2012,2022-07-09,Micrograms/cubic meter (LC),Included,1,100.0,8.1,8.1,0,45.0,238.0,Teledyne T640X at 16.67 LPM - Broadband spectroscopy,Miami Fire Station,"1200 NW 20th St, Miami, FL 33142",Florida,Miami-Dade,Miami,"Miami-Fort Lauderdale-West Palm Beach, FL",2024-08-05,pm25
12,86,1016,88101,3,25.794222,-80.215556,NAD83,PM2.5 - Local Conditions,24-HR BLK AVG,PM25 24-hour 2012,2022-07-10,Micrograms/cubic meter (LC),Included,1,100.0,7.3,7.3,0,41.0,238.0,Teledyne T640X at 16.67 LPM - Broadband spectroscopy,Miami Fire Station,"1200 NW 20th St, Miami, FL 33142",Florida,Miami-Dade,Miami,"Miami-Fort Lauderdale-West Palm Beach, FL",2024-08-05,pm25
12,86,1016,88101,3,25.794222,-80.215556,NAD83,PM2.5 - Local Conditions,24-HR BLK AVG,PM25 24-hour 2012,2022-07-11,Micrograms/cubic meter (LC),Included,1,100.0,6.7,6.7,0,37.0,238.0,Teledyne T640X at 16.67 LPM - Broadband spectroscopy,Miami Fire Station,"1200 NW 20th St, Miami, FL 33142",Florida,Miami-Dade,Miami,"Miami-Fort Lauderdale-West Palm Beach, FL",2024-08-05,pm25
12,86,1016,88101,3,25.794222,-80.215556,NAD83,PM2.5 - Local Conditions,24-HR BLK AVG,PM25 24-hour 2012,2022-07-12,Micrograms/cubic meter (LC),Included,1,100.0,7.7,7.7,0,43.0,238.0,Teledyne T640X at 16.67 LPM - Broadband spectroscopy,Miami Fire Station,"1200 NW 20th St, Miami, FL 33142",Florida,Miami-Dade,Miami,"Miami-Fort Lauderdale-West Palm Beach, FL",2024-08-05,pm25
12,86,1016,88101,3,25.794222,-80.215556,NAD83,PM2.5 - Local Conditions,24-HR BLK AVG,PM25 24-hour 2012,2022-07-13,Micrograms/cubic meter (LC),Included,1,100.0,8.2,8.2,0,46.0,238.0,Teledyne T640X at 16.67 LPM - Broadband spectroscopy,Miami Fire Station,"1200 NW 20th St, Miami, FL 33142",Florida,Miami-Dade,Miami,"Miami-Fort Lauderdale-West Palm Beach, FL",2024-08-05,pm25
12,86,1016,88101,3,25.794222,-80.215556,NAD83,PM2.5 - Local Conditions,24-HR BLK AVG,PM25 24-hour 2012,2022-07-14,Micrograms/cubic meter (LC),Included,1,100.0,11.3,11.3,0,55.0,238.0,Teledyne T640X at 16.67 LPM - Broadband spectroscopy,Miami Fire Station,"1200 NW 20th St, Miami, FL 33142",Florida,Miami-Dade,Miami,"Miami-Fort Lauderdale-West Palm Beach, FL",2024-08-05,pm25
12,86,1016,88101,3,25.794222,-80.215556,NAD83,PM2.5 - Local Conditions,24-HR BLK AVG,PM25 24-hour 2012,2022-07-15,Micrograms/cubic meter (LC),Included,1,100.0,6.7,6.7,0,37.0,238.0,Teledyne T640X at 16.67 LPM - Broadband spectroscopy,Miami Fire Station,"1200 NW 20th St, Miami, FL 33142",Florida,Miami-Dade,Miami,"Miami-Fort Lauderdale-West Palm Beach, FL",2024-08-05,pm25
12,86,1016,88101,3,25.794222,-80.215556,NAD83,PM2.5 - Local Conditions,24-HR BLK AVG,PM25 24-hour 2012,2022-07-16,Micrograms/cubic meter (LC),Included,1,100.0,6.2,6.2,0,34.0,238.0,Teledyne T640X at 16.67 LPM - Broadband spectroscopy,Miami Fire Station,"1200 NW 20th St, Miami, FL 33142",Florida,Miami-Dade,Miami,"Miami-Fort Lauderdale-West Palm Beach, FL",2024-08-05,pm25
12,86,1016,88101,3,25.794222,-80.215556,NAD83,PM2.5 - Local Conditions,24-HR BLK AVG,PM25 24-hour 2012,2022-07-17,Micrograms/cubic meter (LC),Included,1,100.0,8.9,8.9,0,49.0,238.0,Teledyne T640X at 16.67 LPM - Broadband spectroscopy,Miami Fire Station,"1200 NW 20th St, Miami, FL 33142",Florida,Miami-Dade,Miami,"Miami-Fort Lauderdale-West Palm Beach, FL",2024-08-05,pm25
12,86,1016,88101,3,25.794222,-80.215556,NAD83,PM2.5 - Local Conditions,24-HR BLK AVG,PM25 24-hour 2012,2022-07-18,Micrograms/cubic meter (LC),Included,1,100.0,16.5,16.5,0,65.0,238.0,Teledyne T640X at 16.67 LPM - Broadband spectroscopy,Miami Fire Station,"1200 NW 20th St, Miami, FL 33142",Florida,Miami-Dade,Miami,"Miami-Fort Lauderdale-West Palm Beach, FL",2024-08-05,pm25
12,86,1016,88101,3,25.794222,-80.215556,NAD83,PM2.5 - Local Conditions,24-HR BLK AVG,PM25 24-hour 2012,2022-07-19,Micrograms/cubic meter (LC),Included,1,100.0,14.3,14.3,0,61.0,238.0,Teledyne T640X at 16.67 LPM - Broadband spectroscopy,Miami Fire Station,"1200 NW 20th St, Miami, FL 33142",Florida,Miami-Dade,Miami,"Miami-Fort Lauderdale-West Palm Beach, FL",2024-08-05,pm25
12,86,1016,88101,3,25.794222,-80.215556,NAD83,PM2.5 - Local Conditions,24-HR BLK AVG,PM25 24-hour 2012,2022-07-20,Micrograms/cubic meter (LC),Included,1,100.0,6.7,6.7,0,37.0,238.0,Teledyne T640X at 16.67 LPM - Broadband spectroscopy,Miami Fire Station,"1200 NW 20th St, Miami, FL 33142",Florida,Miami-Dade,Miami,"Miami-Fort Lauderdale-West Palm Beach, FL",2024-08-05,pm25
12,86,1016,88101,3,25.794222,-80.215556,NAD83,PM2.5 - Local Conditions,24-HR BLK AVG,PM25 24-hour 2012,2022-07-21,Micrograms/cubic meter (LC),Included,1,100.0,7.4,7.4,0,41.0,238.0,Teledyne T640X at 16.67 LPM - Broadband spectroscopy,Miami Fire Station,"1200 NW 20th St, Miami, FL 33142",Florida,Miami-Dade,Miami,"Miami-Fort Lauderdale-West Palm Beach, FL",2024-08-05,pm25
12,86,1016,88101,3,25.794222,-80.215556,NAD83,PM2.5 - Local Conditions,24-HR BLK AVG,PM25 24-hour 2012,2022-07-22,Micrograms/cubic meter (LC),Included,1,100.0,10.6,10.6,0,54.0,238.0,Teledyne T640X at 16.67 LPM - Broadband spectroscopy,Miami Fire Station,"1200 NW 20th St, Miami, FL 33142",Florida,Miami-Dade,Miami,"Miami-Fort Lauderdale-West Palm Beach, FL",2024-08-05,pm25
12,86,1016,88101,3,25.794222,-80.215556,NAD83,PM2.5 - Local Conditions,24-HR BLK AVG,PM25 24-hour 2012,2022-07-23,Micrograms/cubic meter (LC),Included,1,100.0,10.7,10.7,0,54.0,238.0,Teledyne T640X at 16.67 LPM - Broadband spectroscopy,Miami Fire Station,"1200 NW 20th St, Miami, FL 33142",Florida,Miami-Dade,Miami,"Miami-Fort Lauderdale-West Palm Beach, FL",2024-08-05,pm25
12,86,1016,88101,3,25.794222,-80.215556,NAD83,PM2.5 - Local Conditions,24-HR BLK AVG,PM25 24-hour 2012,2022-07-24,Micrograms/cubic meter (LC),Included,1,100.0,9.3,9.3,0,51.0,238.0,Teledyne T640X at 16.67 LPM - Broadband spectroscopy,Miami Fire Station,"1200 NW 20th St, Miami, FL 33142",Florida,Miami-Dade,Miami,"Miami-Fort Lauderdale-West Palm Beach, FL",2024-08-05,pm25
12,86,1016,88101,3,25.794222,-80.215556,NAD83,PM2.5 - Local Conditions,24-HR BLK AVG,PM25 24-hour 2012,2022-07-25,Micrograms/cubic meter (LC),Included,1,100.0,7.9,7.9,0,44.0,238.0,Teledyne T640X at 16.67 LPM - Broadband spectroscopy,Miami Fire Station,"1200 NW 20th St, Miami, FL 33142",Florida,Miami-Dade,Miami,"Miami-Fort Lauderdale-West Palm Beach, FL",2024-08-05,pm25
12,86,1016,88101,3,25.794222,-80.215556,NAD83,PM2.5 - Local Conditions,24-HR BLK AVG,PM25 24-hour 2012,2022-07-26,Micrograms/cubic meter (LC),Included,1,100.0,12.4,12.4,0,57.0,238.0,Teledyne T640X at 16.67 LPM - Broadband spectroscopy,Miami Fire Station,"1200 NW 20th St, Miami, FL 33142",Florida,Miami-Dade,Miami,"Miami-Fort Lauderdale-West Palm Beach, FL",2024-08-05,pm25
12,86,1016,88101,3,25.794222,-80.215556,NAD83,PM2.5 - Local Conditions,24-HR BLK AVG,PM25 24-hour 2012,2022-07-27,Micrograms/cubic meter (LC),Included,1,100.0,15.2,15.2,0,62.0,238.0,Teledyne T640X at 16.67 LPM - Broadband spectroscopy,Miami Fire Station,"1200 NW 20th St, Miami, FL 33142",Florida,Miami-Dade,Miami,"Miami-Fort Lauderdale-West Palm Beach, FL",2024-08-05,pm25
12,86,1016,88101,3,25.794222,-80.215556,NAD83,PM2.5 - Local Conditions,24-HR BLK AVG,PM25 24-hour 2012,2022-07-28,Micrograms/cubic meter (LC),Included,1,100.0,14.6,14.6,0,61.0,238.0,Teledyne T640X at 16.67 LPM - Broadband spectroscopy,Miami Fire Station,"1200 NW 20th St, Miami, FL 33142",Florida,Miami-Dade,Miami,"Miami-Fort Lauderdale-West Palm Beach, FL",2024-08-05,pm25
12,86,1016,88101,3,25.794222,-80.215556,NAD83,PM2.5 - Local Conditions,24-HR BLK AVG,PM25 24-hour 2012,2022-07-29,Micrograms/cubic meter (LC),Included,1,100.0,6.8,6.8,0,38.0,238.0,Teledyne T640X at 16.67 LPM - Broadband spectroscopy,Miami Fire Station,"1200 NW 20th St, Miami, FL 33142",Florida,Miami-Dade,Miami,"Miami-Fort Lauderdale-West Palm Beach, FL",2024-08-05,pm25
12,86,1016,88101,3,25.794222,-80.215556,NAD83,PM2.5 - Local Conditions,24-HR BLK AVG,PM25 24-hour 2012,2022-07-30,Micrograms/cubic meter (LC),Included,1,100.0,6.6,6.6,0,37.0,238.0,Teledyne T640X at 16.67 LPM - Broadband spectroscopy,Miami Fire Station,"1200 NW 20th St, Miami, FL 33142",Florida,Miami-Dade,Miami,"Miami-Fort Lauderdale-West Palm Beach, FL",2024-08-05,pm25
12,86,1016,88101,3,25.794222,-80.215556,NAD83,PM2.5 - Local Conditions,24-HR BLK AVG,PM25 24-hour 2012,2022-07-31,Micrograms/cubic meter (LC),Included,1,100.0,6.7,6.7,0,37.0,238.0,Teledyne T640X at 16.67 LPM - Broadband spectroscopy,Miami Fire Station,"1200 NW 20th St, Miami, FL 33142",Florida,Miami-Dade,Miami,"Miami-Fort Lauderdale-West Palm Beach, FL",2024-08-05,pm25
12,86,1016,88101,3,25.794222,-80.215556,NAD83,PM2.5 - Local Conditions,24-HR BLK AVG,PM25 24-hour 2012,2022-08-01,Micrograms/cubic meter (LC),Included,1,100.0,12.4,12.4,0,57.0,238.0,Teledyne T640X at 16.67 LPM - Broadband spectroscopy,Miami Fire Station,"1200 NW 20th St, Miami, FL 33142",Florida,Miami-Dade,Miami,"Miami-Fort Lauderdale-West Palm Beach, FL",2024-08-05,pm25
12,86,1016,88101,3,25.794222,-80.215556,NAD83,PM2.5 - Local Conditions,24-HR BLK AVG,PM25 24-hour 2012,2022-08-02,Micrograms/cubic meter (LC),Included,1,100.0,7.2,7.2,0,40.0,238.0,Teledyne T640X at 16.67 LPM - Broadband spectroscopy,Miami Fire Station,"1200 NW 20th St, Miami, FL 33142",Florida,Miami-Dade,Miami,"Miami-Fort Lauderdale-West Palm Beach, FL",2024-08-05,pm25
12,86,1016,88101,3,25.794222,-80.215556,NAD83,PM2.5 - Local Conditions,24-HR BLK AVG,PM25 24-hour 2012,2022-08-03,Micrograms/cubic meter (LC),Included,1,100.0,5.8,5.8,0,32.0,238.0,Teledyne T640X at 16.67 LPM - Broadband spectroscopy,Miami Fire Station,"1200 NW 20th St, Miami, FL 33142",Florida,Miami-Dade,Miami,"Miami-Fort Lauderdale-West Palm Beach, FL",2024-08-05,pm25
12,86,1016,88101,3,25.794222,-80.215556,NAD83,PM2.5 - Local Conditions,24-HR BLK AVG,PM25 24-hour 2012,2022-08-04,Micrograms/cubic meter (LC),Included,1,100.0,10.5,10.5,0,54.0,238.0,Teledyne T640X at 16.67 LPM - Broadband spectroscopy,Miami Fire Station,"1200 NW 20th St, Miami, FL 33142",Florida,Miami-Dade,Miami,"Miami-Fort Lauderdale-West Palm Beach, FL",2024-08-05,pm25
12,86,1016,88101,3,25.794222,-80.215556,NAD83,PM2.5 - Local Conditions,24-HR BLK AVG,PM25 24-hour 2012,2022-08-05,Micrograms/cubic meter (LC),Included,1,100.0,13.7,13.7,0,60.0,238.0,Teledyne T640X at 16.67 LPM - Broadband spectroscopy,Miami Fire Station,"1200 NW 20th St, Miami, FL 33142",Florida,Miami-Dade,Miami,"Miami-Fort Lauderdale-West Palm Beach, FL",2024-08-05,pm25
12,86,1016,88101,3,25.794222,-80.215556,NAD83,PM2.5 - Local Conditions,24-HR BLK AVG,PM25 24-hour 2012,2022-08-06,Micrograms/cubic meter (LC),Included,1,100.0,12.3,12.3,0,57.0,238.0,Teledyne T640X at 16.67 LPM - Broadband spectroscopy,Miami Fire Station,"1200 NW 20th St, Miami, FL 33142",Florida,Miami-Dade,Miami,"Miami-Fort Lauderdale-West Palm Beach, FL",2024-08-05,pm25
12,86,1016,88101,3,25.794222,-80.215556,NAD83,PM2.5 - Local Conditions,24-HR BLK AVG,PM25 24-hour 2012,2022-08-07,Micrograms/cubic meter (LC),Included,1,100.0,7.0,7.0,0,39.0,238.0,Teledyne T640X at 16.67 LPM - Broadband spectroscopy,Miami Fire Station,"1200 NW 20th St, Miami, FL 33142",Florida,Miami-Dade,Miami,"Miami-Fort Lauderdale-West Palm Beach, FL",2024-08-05,pm25
12,86,1016,88101,3,25.794222,-80.215556,NAD83,PM2.5 - Local Conditions,24-HR BLK AVG,PM25 24-hour 2012,2022-08-08,Micrograms/cubic meter (LC),Included,1,100.0,7.8,7.8,0,43.0,238.0,Teledyne T640X at 16.67 LPM - Broadband spectroscopy,Miami Fire Station,"1200 NW 20th St, Miami, FL 33142",Florida,Miami-Dade,Miami,"Miami-Fort Lauderdale-West Palm Beach, FL",2024-08-05,pm25
12,86,1016,88101,3,25.794222,-80.215556,NAD83,PM2.5 - Local Conditions,24-HR BLK AVG,PM25 24-hour 2012,2022-08-09,Micrograms/cubic meter (LC),Included,1,100.0,27.5,27.5,0,85.0,238.0,Teledyne T640X at 16.67 LPM - Broadband spectroscopy,Miami Fire Station,"1200 NW 20th St, Miami, FL 33142",Florida,Miami-Dade,Miami,"Miami-Fort Lauderdale-West Palm Beach, FL",2024-08-05,pm25
12,86,1016,88101,3,25.794222,-80.215556,NAD83,PM2.5 - Local Conditions,24-HR BLK AVG,PM25 24-hour 2012,2022-08-10,Micrograms/cubic meter (LC),Included,1,100.0,14.0,14.0,0,60.0,238.0,Teledyne T640X at 16.67 LPM - Broadband spectroscopy,Miami Fire Station,"1200 NW 20th St, Miami, FL 33142",Florida,Miami-Dade,Miami,"Miami-Fort Lauderdale-West Palm Beach, FL",2024-08-05,pm25
12,86,1016,88101,3,25.794222,-80.215556,NAD83,PM2.5 - Local Conditions,24-HR BLK AVG,PM25 24-hour 2012,2022-08-11,Micrograms/cubic meter (LC),Included,1,100.0,8.6,8.6,0,48.0,238.0,Teledyne T640X at 16.67 LPM - Broadband spectroscopy,Miami Fire Station,"1200 NW 20th St, Miami, FL 33142",Florida,Miami-Dade,Miami,"Miami-Fort Lauderdale-West Palm Beach, FL",2024-08-05,pm25
12,86,1016,88101,3,25.794222,-80.215556,NAD83,PM2.5 - Local Conditions,24-HR BLK AVG,PM25 24-hour 2012,2022-08-12,Micrograms/cubic meter (LC),Included,1,100.0,6.1,6.1,0,34.0,238.0,Teledyne T640X at 16.67 LPM - Broadband spectroscopy,Miami Fire Station,"1200 NW 20th St, Miami, FL 33142",Florida,Miami-Dade,Miami,"Miami-Fort Lauderdale-West Palm Beach, FL",2024-08-05,pm25
12,86,1016,88101,3,25.794222,-80.215556,NAD83,PM2.5 - Local Conditions,24-HR BLK AVG,PM25 24-hour 2012,2022-08-13,Micrograms/cubic meter (LC),Included,1,100.0,5.3,5.3,0,29.0,238.0,Teledyne T640X at 16.67 LPM - Broadband spectroscopy,Miami Fire Station,"1200 NW 20th St, Miami, FL 33142",Florida,Miami-Dade,Miami,"Miami-Fort Lauderdale-West Palm Beach, FL",2024-08-05,pm25
12,86,1016,88101,3,25.794222,-80.215556,NAD83,PM2.5 - Local Conditions,24-HR BLK AVG,PM25 24-hour 2012,2022-08-14,Micrograms/cubic meter (LC),Included,1,100.0,5.3,5.3,0,29.0,238.0,Teledyne T640X at 16.67 LPM - Broadband spectroscopy,Miami Fire Station,"1200 NW 20th St, Miami, FL 33142",Florida,Miami-Dade,Miami,"Miami-Fort Lauderdale-West Palm Beach, FL",2024-08-05,pm25
12,86,1016,88101,3,25.794222,-80.215556,NAD83,PM2.5 - Local Conditions,24-HR BLK AVG,PM25 24-hour 2012,2022-08-15,Micrograms/cubic meter (LC),Included,1,100.0,7.1,7.1,0,39.0,238.0,Teledyne T640X at 16.67 LPM - Broadband spectroscopy,Miami Fire Station,"1200 NW 20th St, Miami, FL 33142",Florida,Miami-Dade,Miami,"Miami-Fort Lauderdale-West Palm Beach, FL",2024-08-05,pm25
12,86,1016,88101,3,25.794222,-80.215556,NAD83,PM2.5 - Local Conditions,24-HR BLK AVG,PM25 24-hour 2012,2022-08-16,Micrograms/cubic meter (LC),Included,1,100.0,6.6,6.6,0,37.0,238.0,Teledyne T640X at 16.67 LPM - Broadband spectroscopy,Miami Fire Station,"1200 NW 20th St, Miami, FL 33142",Florida,Miami-Dade,Miami,"Miami-Fort Lauderdale-West Palm Beach, FL",2024-08-05,pm25
12,86,1016,88101,3,25.794222,-80.215556,NAD83,PM2.5 - Local Conditions,24-HR BLK AVG,PM25 24-hour 2012,2022-08-17,Micrograms/cubic meter (LC),Included,1,100.0,6.8,6.8,0,38.0,238.0,Teledyne T640X at 16.67 LPM - Broadband spectroscopy,Miami Fire Station,"1200 NW 20th St, Miami, FL 33142",Florida,Miami-Dade,Miami,"Miami-Fort Lauderdale-West Palm Beach, FL",2024-08-05,pm25
12,86,1016,88101,3,25.794222,-80.215556,NAD83,PM2.5 - Local Conditions,24-HR BLK AVG,PM25 24-hour 2012,2022-08-18,Micrograms/cubic meter (LC),Included,1,100.0,7.9,7.9,0,44.0,238.0,Teledyne T640X at 16.67 LPM - Broadband spectroscopy,Miami Fire Station,"1200 NW 20th St, Miami, FL 33142",Florida,Miami-Dade,Miami,"Miami-Fort Lauderdale-West Palm Beach, FL",2024-08-05,pm25
12,86,1016,88101,3,25.794222,-80.215556,NAD83,PM2.5 - Local Conditions,24-HR BLK AVG,PM25 24-hour 2012,2022-08-19,Micrograms/cubic meter (LC),Included,1,100.0,8.0,8.0,0,44.0,238.0,Teledyne T640X at 16.67 LPM - Broadband spectroscopy,Miami Fire Station,"1200 NW 20th St, Miami, FL 33142",Florida,Miami-Dade,Miami,"Miami-Fort Lauderdale-West Palm Beach, FL",2024-08-05,pm25
12,86,1016,88101,3,25.794222,-80.215556,NAD83,PM2.5 - Local Conditions,24-HR BLK AVG,PM25 24-hour 2012,2022-08-20,Micrograms/cubic meter (LC),Included,1,100.0,7.0,7.0,0,39.0,238.0,Teledyne T640X at 16.67 LPM - Broadband spectroscopy,Miami Fire Station,"1200 NW 20th St, Miami, FL 33142",Florida,Miami-Dade,Miami,"Miami-Fort Lauderdale-West Palm Beach, FL",2024-08-05,pm25
12,86,1016,88101,3,25.794222,-80.215556,NAD83,PM2.5 - Local Conditions,24-HR BLK AVG,PM25 24-hour 2012,2022-08-21,Micrograms/cubic meter (LC),Included,1,100.0,6.6,6.6,0,37.0,238.0,Teledyne T640X at 16.67 LPM - Broadband spectroscopy,Miami Fire Station,"1200 NW 20th St, Miami, FL 33142",Florida,Miami-Dade,Miami,"Miami-Fort Lauderdale-West Palm Beach, FL",2024-08-05,pm25
12,86,1016,88101,3,25.794222,-80.215556,NAD83,PM2.5 - Local Conditions,24-HR BLK AVG,PM25 24-hour 2012,2022-08-22,Micrograms/cubic meter (LC),Included,1,100.0,5.7,5.7,0,32.0,238.0,Teledyne T640X at 16.67 LPM - Broadband spectroscopy,Miami Fire Station,"1200 NW 20th St, Miami, FL 33142",Florida,Miami-Dade,Miami,"Miami-Fort Lauderdale-West Palm Beach, FL",2024-08-05,pm25
12,86,1016,88101,3,25.794222,-80.215556,NAD83,PM2.5 - Local Conditions,24-HR BLK AVG,PM25 24-hour 2012,2022-08-23,Micrograms/cubic meter (LC),Included,1,100.0,4.9,4.9,0,27.0,238.0,Teledyne T640X at 16.67 LPM - Broadband spectroscopy,Miami Fire Station,"1200 NW 20th St, Miami, FL 33142",Florida,Miami-Dade,Miami,"Miami-Fort Lauderdale-West Palm Beach, FL",2024-08-05,pm25
12,86,1016,88101,3,25.794222,-80.215556,NAD83,PM2.5 - Local Conditions,24-HR BLK AVG,PM25 24-hour 2012,2022-08-24,Micrograms/cubic meter (LC),Included,1,100.0,3.9,3.9,0,22.0,238.0,Teledyne T640X at 16.67 LPM - Broadband spectroscopy,Miami Fire Station,"1200 NW 20th St, Miami, FL 33142",Florida,Miami-Dade,Miami,"Miami-Fort Lauderdale-West Palm Beach, FL",2024-08-05,pm25
12,86,1016,88101,3,25.794222,-80.215556,NAD83,PM2.5 - Local Conditions,24-HR BLK AVG,PM25 24-hour 2012,2022-08-25,Micrograms/cubic meter (LC),Included,1,100.0,4.8,4.8,0,27.0,238.0,Teledyne T640X at 16.67 LPM - Broadband spectroscopy,Miami Fire Station,"1200 NW 20th St, Miami, FL 33142",Florida,Miami-Dade,Miami,"Miami-Fort Lauderdale-West Palm Beach, FL",2024-08-05,pm25
12,86,1016,88101,3,25.794222,-80.215556,NAD83,PM2.5 - Local Conditions,24-HR BLK AVG,PM25 24-hour 2012,2022-08-26,Micrograms/cubic meter (LC),Included,1,100.0,5.9,5.9,0,33.0,238.0,Teledyne T640X at 16.67 LPM - Broadband spectroscopy,Miami Fire Station,"1200 NW 20th St, Miami, FL 33142",Florida,Miami-Dade,Miami,"Miami-Fort Lauderdale-West Palm Beach, FL",2024-08-05,pm25
12,86,1016,88101,3,25.794222,-80.215556,NAD83,PM2.5 - Local Conditions,24-HR BLK AVG,PM25 24-hour 2012,2022-08-27,Micrograms/cubic meter (LC),Included,1,100.0,7.3,7.3,0,41.0,238.0,Teledyne T640X at 16.67 LPM - Broadband spectroscopy,Miami Fire Station,"1200 NW 20th St, Miami, FL 33142",Florida,Miami-Dade,Miami,"Miami-Fort Lauderdale-West Palm Beach, FL",2024-08-05,pm25
12,86,1016,88101,3,25.794222,-80.215556,NAD83,PM2.5 - Local Conditions,24-HR BLK AVG,PM25 24-hour 2012,2022-08-28,Micrograms/cubic meter (LC),Included,1,100.0,4.1,4.1,0,23.0,238.0,Teledyne T640X at 16.67 LPM - Broadband spectroscopy,Miami Fire Station,"1200 NW 20th St, Miami, FL 33142",Florida,Miami-Dade,Miami,"Miami-Fort Lauderdale-West Palm Beach, FL",2024-08-05,pm25
12,86,1016,88101,3,25.794222,-80.215556,NAD83,PM2.5 - Local Conditions,24-HR BLK AVG,PM25 24-hour 2012,2022-08-29,Micrograms/cubic meter (LC),Included,1,100.0,3.8,3.8,0,21.0,238.0,Teledyne T640X at 16.67 LPM - Broadband spectroscopy,Miami Fire Station,"1200 NW 20th St, Miami, FL 33142",Florida,Miami-Dade,Miami,"Miami-Fort Lauderdale-West Palm Beach, FL",2024-08-05,pm25
12,86,1016,88101,3,25.794222,-80.215556,NAD83,PM2.5 - Local Conditions,24-HR BLK AVG,PM25 24-hour 2012,2022-09-01,Micrograms/cubic meter (LC),Included,1,100.0,6.6,6.6,0,37.0,238.0,Teledyne T640X at 16.67 LPM - Broadband spectroscopy,Miami Fire Station,"1200 NW 20th St, Miami, FL 33142",Florida,Miami-Dade,Miami,"Miami-Fort Lauderdale-West Palm Beach, FL",2024-08-05,pm25
12,86,1016,88101,3,25.794222,-80.215556,NAD83,PM2.5 - Local Conditions,24-HR BLK AVG,PM25 24-hour 2012,2022-09-02,Micrograms/cubic meter (LC),Included,1,100.0,6.5,6.5,0,36.0,238.0,Teledyne T640X at 16.67 LPM - Broadband spectroscopy,Miami Fire Station,"1200 NW 20th St, Miami, FL 33142",Florida,Miami-Dade,Miami,"Miami-Fort Lauderdale-West Palm Beach, FL",2024-08-05,pm25
12,86,1016,88101,3,25.794222,-80.215556,NAD83,PM2.5 - Local Conditions,24-HR BLK AVG,PM25 24-hour 2012,2022-09-03,Micrograms/cubic meter (LC),Included,1,100.0,5.3,5.3,0,29.0,238.0,Teledyne T640X at 16.67 LPM - Broadband spectroscopy,Miami Fire Station,"1200 NW 20th St, Miami, FL 33142",Florida,Miami-Dade,Miami,"Miami-Fort Lauderdale-West Palm Beach, FL",2024-08-05,pm25
12,86,1016,88101,3,25.794222,-80.215556,NAD83,PM2.5 - Local Conditions,24-HR BLK AVG,PM25 24-hour 2012,2022-09-04,Micrograms/cubic meter (LC),Included,1,100.0,4.4,4.4,0,24.0,238.0,Teledyne T640X at 16.67 LPM - Broadband spectroscopy,Miami Fire Station,"1200 NW 20th St, Miami, FL 33142",Florida,Miami-Dade,Miami,"Miami-Fort Lauderdale-West Palm Beach, FL",2024-08-05,pm25
12,86,1016,88101,3,25.794222,-80.215556,NAD83,PM2.5 - Local Conditions,24-HR BLK AVG,PM25 24-hour 2012,2022-09-05,Micrograms/cubic meter (LC),Included,1,100.0,4.7,4.7,0,26.0,238.0,Teledyne T640X at 16.67 LPM - Broadband spectroscopy,Miami Fire Station,"1200 NW 20th St, Miami, FL 33142",Florida,Miami-Dade,Miami,"Miami-Fort Lauderdale-West Palm Beach, FL",2024-08-05,pm25
12,86,1016,88101,3,25.794222,-80.215556,NAD83,PM2.5 - Local Conditions,24-HR BLK AVG,PM25 24-hour 2012,2022-09-06,Micrograms/cubic meter (LC),Included,1,100.0,5.6,5.6,0,31.0,238.0,Teledyne T640X at 16.67 LPM - Broadband spectroscopy,Miami Fire Station,"1200 NW 20th St, Miami, FL 33142",Florida,Miami-Dade,Miami,"Miami-Fort Lauderdale-West Palm Beach, FL",2024-08-05,pm25
12,86,1016,88101,3,25.794222,-80.215556,NAD83,PM2.5 - Local Conditions,24-HR BLK AVG,PM25 24-hour 2012,2022-09-07,Micrograms/cubic meter (LC),Included,1,100.0,6.9,6.9,0,38.0,238.0,Teledyne T640X at 16.67 LPM - Broadband spectroscopy,Miami Fire Station,"1200 NW 20th St, Miami, FL 33142",Florida,Miami-Dade,Miami,"Miami-Fort Lauderdale-West Palm Beach, FL",2024-08-05,pm25
12,86,1016,88101,3,25.794222,-80.215556,NAD83,PM2.5 - Local Conditions,24-HR BLK AVG,PM25 24-hour 2012,2022-09-08,Micrograms/cubic meter (LC),Included,1,100.0,5.2,5.2,0,29.0,238.0,Teledyne T640X at 16.67 LPM - Broadband spectroscopy,Miami Fire Station,"1200 NW 20th St, Miami, FL 33142",Florida,Miami-Dade,Miami,"Miami-Fort Lauderdale-West Palm Beach, FL",2024-08-05,pm25
12,86,1016,88101,3,25.794222,-80.215556,NAD83,PM2.5 - Local Conditions,24-HR BLK AVG,PM25 24-hour 2012,2022-09-09,Micrograms/cubic meter (LC),Included,1,100.0,6.7,6.7,0,37.0,238.0,Teledyne T640X at 16.67 LPM - Broadband spectroscopy,Miami Fire Station,"1200 NW 20th St, Miami, FL 33142",Florida,Miami-Dade,Miami,"Miami-Fort Lauderdale-West Palm Beach, FL",2024-08-05,pm25
12,86,1016,88101,3,25.794222,-80.215556,NAD83,PM2.5 - Local Conditions,24-HR BLK AVG,PM25 24-hour 2012,2022-09-10,Micrograms/cubic meter (LC),Included,1,100.0,5.4,5.4,0,30.0,238.0,Teledyne T640X at 16.67 LPM - Broadband spectroscopy,Miami Fire Station,"1200 NW 20th St, Miami, FL 33142",Florida,Miami-Dade,Miami,"Miami-Fort Lauderdale-West Palm Beach, FL",2024-08-05,pm25
12,86,1016,88101,3,25.794222,-80.215556,NAD83,PM2.5 - Local Conditions,24-HR BLK AVG,PM25 24-hour 2012,2022-09-11,Micrograms/cubic meter (LC),Included,1,100.0,5.9,5.9,0,33.0,238.0,Teledyne T640X at 16.67 LPM - Broadband spectroscopy,Miami Fire Station,"1200 NW 20th St, Miami, FL 33142",Florida,Miami-Dade,Miami,"Miami-Fort Lauderdale-West Palm Beach, FL",2024-08-05,pm25
12,86,1016,88101,3,25.794222,-80.215556,NAD83,PM2.5 - Local Conditions,24-HR BLK AVG,PM25 24-hour 2012,2022-09-12,Micrograms/cubic meter (LC),Included,1,100.0,4.9,4.9,0,27.0,238.0,Teledyne T640X at 16.67 LPM - Broadband spectroscopy,Miami Fire Station,"1200 NW 20th St, Miami, FL 33142",Florida,Miami-Dade,Miami,"Miami-Fort Lauderdale-West Palm Beach, FL",2024-08-05,pm25
12,86,1016,88101,3,25.794222,-80.215556,NAD83,PM2.5 - Local Conditions,24-HR BLK AVG,PM25 24-hour 2012,2022-09-13,Micrograms/cubic meter (LC),Included,1,100.0,5.1,5.1,0,28.0,238.0,Teledyne T640X at 16.67 LPM - Broadband spectroscopy,Miami Fire Station,"1200 NW 20th St, Miami, FL 33142",Florida,Miami-Dade,Miami,"Miami-Fort Lauderdale-West Palm Beach, FL",2024-08-05,pm25
12,86,1016,88101,3,25.794222,-80.215556,NAD83,PM2.5 - Local Conditions,24-HR BLK AVG,PM25 24-hour 2012,2022-09-14,Micrograms/cubic meter (LC),Included,1,100.0,6.4,6.4,0,36.0,238.0,Teledyne T640X at 16.67 LPM - Broadband spectroscopy,Miami Fire Station,"1200 NW 20th St, Miami, FL 33142",Florida,Miami-Dade,Miami,"Miami-Fort Lauderdale-West Palm Beach, FL",2024-08-05,pm25
12,86,1016,88101,3,25.794222,-80.215556,NAD83,PM2.5 - Local Conditions,24-HR BLK AVG,PM25 24-hour 2012,2022-09-15,Micrograms/cubic meter (LC),Included,1,100.0,6.1,6.1,0,34.0,238.0,Teledyne T640X at 16.67 LPM - Broadband spectroscopy,Miami Fire Station,"1200 NW 20th St, Miami, FL 33142",Florida,Miami-Dade,Miami,"Miami-Fort Lauderdale-West Palm Beach, FL",2024-08-05,pm25
12,86,1016,88101,3,25.794222,-80.215556,NAD83,PM2.5 - Local Conditions,24-HR BLK AVG,PM25 24-hour 2012,2022-09-16,Micrograms/cubic meter (LC),Included,1,100.0,6.6,6.6,0,37.0,238.0,Teledyne T640X at 16.67 LPM - Broadband spectroscopy,Miami Fire Station,"1200 NW 20th St, Miami, FL 33142",Florida,Miami-Dade,Miami,"Miami-Fort Lauderdale-West Palm Beach, FL",2024-08-05,pm25
12,86,1016,88101,3,25.794222,-80.215556,NAD83,PM2.5 - Local Conditions,24-HR BLK AVG,PM25 24-hour 2012,2022-09-17,Micrograms/cubic meter (LC),Included,1,100.0,5.5,5.5,0,31.0,238.0,Teledyne T640X at 16.67 LPM - Broadband spectroscopy,Miami Fire Station,"1200 NW 20th St, Miami, FL 33142",Florida,Miami-Dade,Miami,"Miami-Fort Lauderdale-West Palm Beach, FL",2024-08-05,pm25
12,86,1016,88101,3,25.794222,-80.215556,NAD83,PM2.5 - Local Conditions,24-HR BLK AVG,PM25 24-hour 2012,2022-09-18,Micrograms/cubic meter (LC),Included,1,100.0,5.7,5.7,0,32.0,238.0,Teledyne T640X at 16.67 LPM - Broadband spectroscopy,Miami Fire Station,"1200 NW 20th St, Miami, FL 33142",Florida,Miami-Dade,Miami,"Miami-Fort Lauderdale-West Palm Beach, FL",2024-08-05,pm25
12,86,1016,88101,3,25.794222,-80.215556,NAD83,PM2.5 - Local Conditions,24-HR BLK AVG,PM25 24-hour 2012,2022-09-19,Micrograms/cubic meter (LC),Included,1,100.0,8.1,8.1,0,45.0,238.0,Teledyne T640X at 16.67 LPM - Broadband spectroscopy,Miami Fire Station,"1200 NW 20th St, Miami, FL 33142",Florida,Miami-Dade,Miami,"Miami-Fort Lauderdale-West Palm Beach, FL",2024-08-05,pm25
12,86,1016,88101,3,25.794222,-80.215556,NAD83,PM2.5 - Local Conditions,24-HR BLK AVG,PM25 24-hour 2012,2022-09-20,Micrograms/cubic meter (LC),Included,1,100.0,7.2,7.2,0,40.0,238.0,Teledyne T640X at 16.67 LPM - Broadband spectroscopy,Miami Fire Station,"1200 NW 20th St, Miami, FL 33142",Florida,Miami-Dade,Miami,"Miami-Fort Lauderdale-West Palm Beach, FL",2024-08-05,pm25
12,86,1016,88101,3,25.794222,-80.215556,NAD83,PM2.5 - Local Conditions,24-HR BLK AVG,PM25 24-hour 2012,2022-09-21,Micrograms/cubic meter (LC),Included,1,100.0,6.2,6.2,0,34.0,238.0,Teledyne T640X at 16.67 LPM - Broadband spectroscopy,Miami Fire Station,"1200 NW 20th St, Miami, FL 33142",Florida,Miami-Dade,Miami,"Miami-Fort Lauderdale-West Palm Beach, FL",2024-08-05,pm25
12,86,1016,88101,3,25.794222,-80.215556,NAD83,PM2.5 - Local Conditions,24-HR BLK AVG,PM25 24-hour 2012,2022-09-22,Micrograms/cubic meter (LC),Included,1,100.0,6.2,6.2,0,34.0,238.0,Teledyne T640X at 16.67 LPM - Broadband spectroscopy,Miami Fire Station,"1200 NW 20th St, Miami, FL 33142",Florida,Miami-Dade,Miami,"Miami-Fort Lauderdale-West Palm Beach, FL",2024-08-05,pm25
12,86,1016,88101,3,25.794222,-80.215556,NAD83,PM2.5 - Local Conditions,24-HR BLK AVG,PM25 24-hour 2012,2022-09-23,Micrograms/cubic meter (LC),Included,1,100.0,11.8,11.8,0,56.0,238.0,Teledyne T640X at 16.67 LPM - Broadband spectroscopy,Miami Fire Station,"1200 NW 20th St, Miami, FL 33142",Florida,Miami-Dade,Miami,"Miami-Fort Lauderdale-West Palm Beach, FL",2024-08-05,pm25
12,86,1016,88101,3,25.794222,-80.215556,NAD83,PM2.5 - Local Conditions,24-HR BLK AVG,PM25 24-hour 2012,2022-09-24,Micrograms/cubic meter (LC),Included,1,100.0,13.4,13.4,0,59.0,238.0,Teledyne T640X at 16.67 LPM - Broadband spectroscopy,Miami Fire Station,"1200 NW 20th St, Miami, FL 33142",Florida,Miami-Dade,Miami,"Miami-Fort Lauderdale-West Palm Beach, FL",2024-08-05,pm25
12,86,1016,88101,3,25.794222,-80.215556,NAD83,PM2.5 - Local Conditions,24-HR BLK AVG,PM25 24-hour 2012,2022-09-25,Micrograms/cubic meter (LC),Included,1,100.0,6.8,6.8,0,38.0,238.0,Teledyne T640X at 16.67 LPM - Broadband spectroscopy,Miami Fire Station,"1200 NW 20th St, Miami, FL 33142",Florida,Miami-Dade,Miami,"Miami-Fort Lauderdale-West Palm Beach, FL",2024-08-05,pm25
12,86,1016,88101,3,25.794222,-80.215556,NAD83,PM2.5 - Local Conditions,24-HR BLK AVG,PM25 24-hour 2012,2022-09-26,Micrograms/cubic meter (LC),Included,1,100.0,5.0,5.0,0,28.0,238.0,Teledyne T640X at 16.67 LPM - Broadband spectroscopy,Miami Fire Station,"1200 NW 20th St, Miami, FL 33142",Florida,Miami-Dade,Miami,"Miami-Fort Lauderdale-West Palm Beach, FL",2024-08-05,pm25
12,86,1016,88101,3,25.794222,-80.215556,NAD83,PM2.5 - Local Conditions,24-HR BLK AVG,PM25 24-hour 2012,2022-09-27,Micrograms/cubic meter (LC),Included,1,100.0,7.2,7.2,0,40.0,238.0,Teledyne T640X at 16.67 LPM - Broadband spectroscopy,Miami Fire Station,"1200 NW 20th St, Miami, FL 33142",Florida,Miami-Dade,Miami,"Miami-Fort Lauderdale-West Palm Beach, FL",2024-08-05,pm25
12,86,1016,88101,3,25.794222,-80.215556,NAD83,PM2.5 - Local Conditions,24-HR BLK AVG,PM25 24-hour 2012,2022-09-28,Micrograms/cubic meter (LC),Included,1,100.0,8.9,8.9,0,49.0,238.0,Teledyne T640X at 16.67 LPM - Broadband spectroscopy,Miami Fire Station,"1200 NW 20th St, Miami, FL 33142",Florida,Miami-Dade,Miami,"Miami-Fort Lauderdale-West Palm Beach, FL",2024-08-05,pm25
12,86,1016,88101,3,25.794222,-80.215556,NAD83,PM2.5 - Local Conditions,24-HR BLK AVG,PM25 24-hour 2012,2022-09-29,Micrograms/cubic meter (LC),Included,1,100.0,6.3,6.3,0,35.0,238.0,Teledyne T640X at 16.67 LPM - Broadband spectroscopy,Miami Fire Station,"1200 NW 20th St, Miami, FL 33142",Florida,Miami-Dade,Miami,"Miami-Fort Lauderdale-West Palm Beach, FL",2024-08-05,pm25
12,86,1016,88101,3,25.794222,-80.215556,NAD83,PM2.5 - Local Conditions,24-HR BLK AVG,PM25 24-hour 2012,2022-09-30,Micrograms/cubic meter (LC),Included,1,100.0,7.1,7.1,0,39.0,238.0,Teledyne T640X at 16.67 LPM - Broadband spectroscopy,Miami Fire Station,"1200 NW 20th St, Miami, FL 33142",Florida,Miami-Dade,Miami,"Miami-Fort Lauderdale-West Palm Beach, FL",2024-08-05,pm25
12,86,1016,88101,3,25.794222,-80.215556,NAD83,PM2.5 - Local Conditions,24-HR BLK AVG,PM25 24-hour 2012,2022-10-01,Micrograms/cubic meter (LC),Included,1,100.0,6.2,6.2,0,34.0,238.0,Teledyne T640X at 16.67 LPM - Broadband spectroscopy,Miami Fire Station,"1200 NW 20th St, Miami, FL 33142",Florida,Miami-Dade,Miami,"Miami-Fort Lauderdale-West Palm Beach, FL",2024-08-05,pm25
12,86,1016,88101,3,25.794222,-80.215556,NAD83,PM2.5 - Local Conditions,24-HR BLK AVG,PM25 24-hour 2012,2022-10-02,Micrograms/cubic meter (LC),Included,1,100.0,6.1,6.1,0,34.0,238.0,Teledyne T640X at 16.67 LPM - Broadband spectroscopy,Miami Fire Station,"1200 NW 20th St, Miami, FL 33142",Florida,Miami-Dade,Miami,"Miami-Fort Lauderdale-West Palm Beach, FL",2024-08-05,pm25
12,86,1016,88101,3,25.794222,-80.215556,NAD83,PM2.5 - Local Conditions,24-HR BLK AVG,PM25 24-hour 2012,2022-10-03,Micrograms/cubic meter (LC),Included,1,100.0,7.1,7.1,0,39.0,238.0,Teledyne T640X at 16.67 LPM - Broadband spectroscopy,Miami Fire Station,"1200 NW 20th St, Miami, FL 33142",Florida,Miami-Dade,Miami,"Miami-Fort Lauderdale-West Palm Beach, FL",2024-08-05,pm25
12,86,1016,88101,3,25.794222,-80.215556,NAD83,PM2.5 - Local Conditions,24-HR BLK AVG,PM25 24-hour 2012,2022-10-04,Micrograms/cubic meter (LC),Included,1,100.0,6.8,6.8,0,38.0,238.0,Teledyne T640X at 16.67 LPM - Broadband spectroscopy,Miami Fire Station,"1200 NW 20th St, Miami, FL 33142",Florida,Miami-Dade,Miami,"Miami-Fort Lauderdale-West Palm Beach, FL",2024-08-05,pm25
12,86,1016,88101,3,25.794222,-80.215556,NAD83,PM2.5 - Local Conditions,24-HR BLK AVG,PM25 24-hour 2012,2022-10-05,Micrograms/cubic meter (LC),Included,1,100.0,4.9,4.9,0,27.0,238.0,Teledyne T640X at 16.67 LPM - Broadband spectroscopy,Miami Fire Station,"1200 NW 20th St, Miami, FL 33142",Florida,Miami-Dade,Miami,"Miami-Fort Lauderdale-West Palm Beach, FL",2024-08-05,pm25
12,86,1016,88101,3,25.794222,-80.215556,NAD83,PM2.5 - Local Conditions,24-HR BLK AVG,PM25 24-hour 2012,2022-10-06,Micrograms/cubic meter (LC),Included,1,100.0,4.9,4.9,0,27.0,238.0,Teledyne T640X at 16.67 LPM - Broadband spectroscopy,Miami Fire Station,"1200 NW 20th St, Miami, FL 33142",Florida,Miami-Dade,Miami,"Miami-Fort Lauderdale-West Palm Beach, FL",2024-08-05,pm25
12,86,1016,88101,3,25.794222,-80.215556,NAD83,PM2.5 - Local Conditions,24-HR BLK AVG,PM25 24-hour 2012,2022-10-07,Micrograms/cubic meter (LC),Included,1,100.0,5.0,5.0,0,28.0,238.0,Teledyne T640X at 16.67 LPM - Broadband spectroscopy,Miami Fire Station,"1200 NW 20th St, Miami, FL 33142",Florida,Miami-Dade,Miami,"Miami-Fort Lauderdale-West Palm Beach, FL",2024-08-05,pm25
12,86,1016,88101,3,25.794222,-80.215556,NAD83,PM2.5 - Local Conditions,24-HR BLK AVG,PM25 24-hour 2012,2022-10-08,Micrograms/cubic meter (LC),Included,1,100.0,5.3,5.3,0,29.0,238.0,Teledyne T640X at 16.67 LPM - Broadband spectroscopy,Miami Fire Station,"1200 NW 20th St, Miami, FL 33142",Florida,Miami-Dade,Miami,"Miami-Fort Lauderdale-West Palm Beach, FL",2024-08-05,pm25
12,86,1016,88101,3,25.794222,-80.215556,NAD83,PM2.5 - Local Conditions,24-HR BLK AVG,PM25 24-hour 2012,2022-10-09,Micrograms/cubic meter (LC),Included,1,100.0,6.0,6.0,0,33.0,238.0,Teledyne T640X at 16.67 LPM - Broadband spectroscopy,Miami Fire Station,"1200 NW 20th St, Miami, FL 33142",Florida,Miami-Dade,Miami,"Miami-Fort Lauderdale-West Palm Beach, FL",2024-08-05,pm25
12,86,1016,88101,3,25.794222,-80.215556,NAD83,PM2.5 - Local Conditions,24-HR BLK AVG,PM25 24-hour 2012,2022-10-10,Micrograms/cubic meter (LC),Included,1,100.0,6.7,6.7,0,37.0,238.0,Teledyne T640X at 16.67 LPM - Broadband spectroscopy,Miami Fire Station,"1200 NW 20th St, Miami, FL 33142",Florida,Miami-Dade,Miami,"Miami-Fort Lauderdale-West Palm Beach, FL",2024-08-05,pm25
12,86,1016,88101,3,25.794222,-80.215556,NAD83,PM2.5 - Local Conditions,24-HR BLK AVG,PM25 24-hour 2012,2022-10-11,Micrograms/cubic meter (LC),Included,1,100.0,5.9,5.9,0,33.0,238.0,Teledyne T640X at 16.67 LPM - Broadband spectroscopy,Miami Fire Station,"1200 NW 20th St, Miami, FL 33142",Florida,Miami-Dade,Miami,"Miami-Fort Lauderdale-West Palm Beach, FL",2024-08-05,pm25
12,86,1016,88101,3,25.794222,-80.215556,NAD83,PM2.5 - Local Conditions,24-HR BLK AVG,PM25 24-hour 2012,2022-10-12,Micrograms/cubic meter (LC),Included,1,100.0,5.2,5.2,0,29.0,238.0,Teledyne T640X at 16.67 LPM - Broadband spectroscopy,Miami Fire Station,"1200 NW 20th St, Miami, FL 33142",Florida,Miami-Dade,Miami,"Miami-Fort Lauderdale-West Palm Beach, FL",2024-08-05,pm25
12,86,1016,88101,3,25.794222,-80.215556,NAD83,PM2.5 - Local Conditions,24-HR BLK AVG,PM25 24-hour 2012,2022-10-13,Micrograms/cubic meter (LC),Included,1,100.0,4.9,4.9,0,27.0,238.0,Teledyne T640X at 16.67 LPM - Broadband spectroscopy,Miami Fire Station,"1200 NW 20th St, Miami, FL 33142",Florida,Miami-Dade,Miami,"Miami-Fort Lauderdale-West Palm Beach, FL",2024-08-05,pm25
12,86,1016,88101,3,25.794222,-80.215556,NAD83,PM2.5 - Local Conditions,24-HR BLK AVG,PM25 24-hour 2012,2022-10-14,Micrograms/cubic meter (LC),Included,1,100.0,5.8,5.8,0,32.0,238.0,Teledyne T640X at 16.67 LPM - Broadband spectroscopy,Miami Fire Station,"1200 NW 20th St, Miami, FL 33142",Florida,Miami-Dade,Miami,"Miami-Fort Lauderdale-West Palm Beach, FL",2024-08-05,pm25
12,86,1016,88101,3,25.794222,-80.215556,NAD83,PM2.5 - Local Conditions,24-HR BLK AVG,PM25 24-hour 2012,2022-10-15,Micrograms/cubic meter (LC),Included,1,100.0,5.7,5.7,0,32.0,238.0,Teledyne T640X at 16.67 LPM - Broadband spectroscopy,Miami Fire Station,"1200 NW 20th St, Miami, FL 33142",Florida,Miami-Dade,Miami,"Miami-Fort Lauderdale-West Palm Beach, FL",2024-08-05,pm25
12,86,1016,88101,3,25.794222,-80.215556,NAD83,PM2.5 - Local Conditions,24-HR BLK AVG,PM25 24-hour 2012,2022-10-16,Micrograms/cubic meter (LC),Included,1,100.0,7.8,7.8,0,43.0,238.0,Teledyne T640X at 16.67 LPM - Broadband spectroscopy,Miami Fire Station,"1200 NW 20th St, Miami, FL 33142",Florida,Miami-Dade,Miami,"Miami-Fort Lauderdale-West Palm Beach, FL",2024-08-05,pm25
12,86,1016,88101,3,25.794222,-80.215556,NAD83,PM2.5 - Local Conditions,24-HR BLK AVG,PM25 24-hour 2012,2022-10-17,Micrograms/cubic meter (LC),Included,1,100.0,6.8,6.8,0,38.0,238.0,Teledyne T640X at 16.67 LPM - Broadband spectroscopy,Miami Fire Station,"1200 NW 20th St, Miami, FL 33142",Florida,Miami-Dade,Miami,"Miami-Fort Lauderdale-West Palm Beach, FL",2024-08-05,pm25
12,86,1016,88101,3,25.794222,-80.215556,NAD83,PM2.5 - Local Conditions,24-HR BLK AVG,PM25 24-hour 2012,2022-10-18,Micrograms/cubic meter (LC),Included,1,100.0,5.2,5.2,0,29.0,238.0,Teledyne T640X at 16.67 LPM - Broadband spectroscopy,Miami Fire Station,"1200 NW 20th St, Miami, FL 33142",Florida,Miami-Dade,Miami,"Miami-Fort Lauderdale-West Palm Beach, FL",2024-08-05,pm25
12,86,1016,88101,3,25.794222,-80.215556,NAD83,PM2.5 - Local Conditions,24-HR BLK AVG,PM25 24-hour 2012,2022-10-19,Micrograms/cubic meter (LC),Included,1,100.0,7.4,7.4,0,41.0,238.0,Teledyne T640X at 16.67 LPM - Broadband spectroscopy,Miami Fire Station,"1200 NW 20th St, Miami, FL 33142",Florida,Miami-Dade,Miami,"Miami-Fort Lauderdale-West Palm Beach, FL",2024-08-05,pm25
12,86,1016,88101,3,25.794222,-80.215556,NAD83,PM2.5 - Local Conditions,24-HR BLK AVG,PM25 24-hour 2012,2022-10-20,Micrograms/cubic meter (LC),Included,1,100.0,6.0,6.0,0,33.0,238.0,Teledyne T640X at 16.67 LPM - Broadband spectroscopy,Miami Fire Station,"1200 NW 20th St, Miami, FL 33142",Florida,Miami-Dade,Miami,"Miami-Fort Lauderdale-West Palm Beach, FL",2024-08-05,pm25
12,86,1016,88101,3,25.794222,-80.215556,NAD83,PM2.5 - Local Conditions,24-HR BLK AVG,PM25 24-hour 2012,2022-10-21,Micrograms/cubic meter (LC),Included,1,100.0,6.2,6.2,0,34.0,238.0,Teledyne T640X at 16.67 LPM - Broadband spectroscopy,Miami Fire Station,"1200 NW 20th St, Miami, FL 33142",Florida,Miami-Dade,Miami,"Miami-Fort Lauderdale-West Palm Beach, FL",2024-08-05,pm25
12,86,1016,88101,3,25.794222,-80.215556,NAD83,PM2.5 - Local Conditions,24-HR BLK AVG,PM25 24-hour 2012,2022-10-22,Micrograms/cubic meter (LC),Included,1,100.0,5.7,5.7,0,32.0,238.0,Teledyne T640X at 16.67 LPM - Broadband spectroscopy,Miami Fire Station,"1200 NW 20th St, Miami, FL 33142",Florida,Miami-Dade,Miami,"Miami-Fort Lauderdale-West Palm Beach, FL",2024-08-05,pm25
12,86,1016,88101,3,25.794222,-80.215556,NAD83,PM2.5 - Local Conditions,24-HR BLK AVG,PM25 24-hour 2012,2022-10-23,Micrograms/cubic meter (LC),Included,1,100.0,4.7,4.7,0,26.0,238.0,Teledyne T640X at 16.67 LPM - Broadband spectroscopy,Miami Fire Station,"1200 NW 20th St, Miami, FL 33142",Florida,Miami-Dade,Miami,"Miami-Fort Lauderdale-West Palm Beach, FL",2024-08-05,pm25
12,86,1016,88101,3,25.794222,-80.215556,NAD83,PM2.5 - Local Conditions,24-HR BLK AVG,PM25 24-hour 2012,2022-10-24,Micrograms/cubic meter (LC),Included,1,100.0,5.5,5.5,0,31.0,238.0,Teledyne T640X at 16.67 LPM - Broadband spectroscopy,Miami Fire Station,"1200 NW 20th St, Miami, FL 33142",Florida,Miami-Dade,Miami,"Miami-Fort Lauderdale-West Palm Beach, FL",2024-08-05,pm25
12,86,1016,88101,3,25.794222,-80.215556,NAD83,PM2.5 - Local Conditions,24-HR BLK AVG,PM25 24-hour 2012,2022-10-25,Micrograms/cubic meter (LC),Included,1,100.0,5.2,5.2,0,29.0,238.0,Teledyne T640X at 16.67 LPM - Broadband spectroscopy,Miami Fire Station,"1200 NW 20th St, Miami, FL 33142",Florida,Miami-Dade,Miami,"Miami-Fort Lauderdale-West Palm Beach, FL",2024-08-05,pm25
12,86,1016,88101,3,25.794222,-80.215556,NAD83,PM2.5 - Local Conditions,24-HR BLK AVG,PM25 24-hour 2012,2022-10-26,Micrograms/cubic meter (LC),Included,1,100.0,8.1,8.1,0,45.0,238.0,Teledyne T640X at 16.67 LPM - Broadband spectroscopy,Miami Fire Station,"1200 NW 20th St, Miami, FL 33142",Florida,Miami-Dade,Miami,"Miami-Fort Lauderdale-West Palm Beach, FL",2024-08-05,pm25
12,86,1016,88101,3,25.794222,-80.215556,NAD83,PM2.5 - Local Conditions,24-HR BLK AVG,PM25 24-hour 2012,2022-10-27,Micrograms/cubic meter (LC),Included,1,100.0,8.6,8.6,0,48.0,238.0,Teledyne T640X at 16.67 LPM - Broadband spectroscopy,Miami Fire Station,"1200 NW 20th St, Miami, FL 33142",Florida,Miami-Dade,Miami,"Miami-Fort Lauderdale-West Palm Beach, FL",2024-08-05,pm25
12,86,1016,88101,3,25.794222,-80.215556,NAD83,PM2.5 - Local Conditions,24-HR BLK AVG,PM25 24-hour 2012,2022-10-28,Micrograms/cubic meter (LC),Included,1,100.0,4.8,4.8,0,27.0,238.0,Teledyne T640X at 16.67 LPM - Broadband spectroscopy,Miami Fire Station,"1200 NW 20th St, Miami, FL 33142",Florida,Miami-Dade,Miami,"Miami-Fort Lauderdale-West Palm Beach, FL",2024-08-05,pm25
12,86,1016,88101,3,25.794222,-80.215556,NAD83,PM2.5 - Local Conditions,24-HR BLK AVG,PM25 24-hour 2012,2022-10-29,Micrograms/cubic meter (LC),Included,1,100.0,5.8,5.8,0,32.0,238.0,Teledyne T640X at 16.67 LPM - Broadband spectroscopy,Miami Fire Station,"1200 NW 20th St, Miami, FL 33142",Florida,Miami-Dade,Miami,"Miami-Fort Lauderdale-West Palm Beach, FL",2024-08-05,pm25
12,86,1016,88101,3,25.794222,-80.215556,NAD83,PM2.5 - Local Conditions,24-HR BLK AVG,PM25 24-hour 2012,2022-10-30,Micrograms/cubic meter (LC),Included,1,100.0,6.2,6.2,0,34.0,238.0,Teledyne T640X at 16.67 LPM - Broadband spectroscopy,Miami Fire Station,"1200 NW 20th St, Miami, FL 33142",Florida,Miami-Dade,Miami,"Miami-Fort Lauderdale-West Palm Beach, FL",2024-08-05,pm25
12,86,1016,88101,3,25.794222,-80.215556,NAD83,PM2.5 - Local Conditions,24-HR BLK AVG,PM25 24-hour 2012,2022-10-31,Micrograms/cubic meter (LC),Included,1,100.0,7.4,7.4,0,41.0,238.0,Teledyne T640X at 16.67 LPM - Broadband spectroscopy,Miami Fire Station,"1200 NW 20th St, Miami, FL 33142",Florida,Miami-Dade,Miami,"Miami-Fort Lauderdale-West Palm Beach, FL",2024-08-05,pm25
12,86,1016,88101,3,25.794222,-80.215556,NAD83,PM2.5 - Local Conditions,24-HR BLK AVG,PM25 24-hour 2012,2022-11-01,Micrograms/cubic meter (LC),Included,1,100.0,6.5,6.5,0,36.0,238.0,Teledyne T640X at 16.67 LPM - Broadband spectroscopy,Miami Fire Station,"1200 NW 20th St, Miami, FL 33142",Florida,Miami-Dade,Miami,"Miami-Fort Lauderdale-West Palm Beach, FL",2024-08-05,pm25
12,86,1016,88101,3,25.794222,-80.215556,NAD83,PM2.5 - Local Conditions,24-HR BLK AVG,PM25 24-hour 2012,2022-11-02,Micrograms/cubic meter (LC),Included,1,100.0,5.9,5.9,0,33.0,238.0,Teledyne T640X at 16.67 LPM - Broadband spectroscopy,Miami Fire Station,"1200 NW 20th St, Miami, FL 33142",Florida,Miami-Dade,Miami,"Miami-Fort Lauderdale-West Palm Beach, FL",2024-08-05,pm25
12,86,1016,88101,3,25.794222,-80.215556,NAD83,PM2.5 - Local Conditions,24-HR BLK AVG,PM25 24-hour 2012,2022-11-03,Micrograms/cubic meter (LC),Included,1,100.0,6.3,6.3,0,35.0,238.0,Teledyne T640X at 16.67 LPM - Broadband spectroscopy,Miami Fire Station,"1200 NW 20th St, Miami, FL 33142",Florida,Miami-Dade,Miami,"Miami-Fort Lauderdale-West Palm Beach, FL",2024-08-05,pm25
12,86,1016,88101,3,25.794222,-80.215556,NAD83,PM2.5 - Local Conditions,24-HR BLK AVG,PM25 24-hour 2012,2022-11-04,Micrograms/cubic meter (LC),Included,1,100.0,7.3,7.3,0,41.0,238.0,Teledyne T640X at 16.67 LPM - Broadband spectroscopy,Miami Fire Station,"1200 NW 20th St, Miami, FL 33142",Florida,Miami-Dade,Miami,"Miami-Fort Lauderdale-West Palm Beach, FL",2024-08-05,pm25
12,86,1016,88101,3,25.794222,-80.215556,NAD83,PM2.5 - Local Conditions,24-HR BLK AVG,PM25 24-hour 2012,2022-11-05,Micrograms/cubic meter (LC),Included,1,100.0,4.8,4.8,0,27.0,238.0,Teledyne T640X at 16.67 LPM - Broadband spectroscopy,Miami Fire Station,"1200 NW 20th St, Miami, FL 33142",Florida,Miami-Dade,Miami,"Miami-Fort Lauderdale-West Palm Beach, FL",2024-08-05,pm25
12,86,1016,88101,3,25.794222,-80.215556,NAD83,PM2.5 - Local Conditions,24-HR BLK AVG,PM25 24-hour 2012,2022-11-06,Micrograms/cubic meter (LC),Included,1,100.0,6.7,6.7,0,37.0,238.0,Teledyne T640X at 16.67 LPM - Broadband spectroscopy,Miami Fire Station,"1200 NW 20th St, Miami, FL 33142",Florida,Miami-Dade,Miami,"Miami-Fort Lauderdale-West Palm Beach, FL",2024-08-05,pm25
12,86,1016,88101,3,25.794222,-80.215556,NAD83,PM2.5 - Local Conditions,24-HR BLK AVG,PM25 24-hour 2012,2022-11-07,Micrograms/cubic meter (LC),Included,1,100.0,9.6,9.6,0,52.0,238.0,Teledyne T640X at 16.67 LPM - Broadband spectroscopy,Miami Fire Station,"1200 NW 20th St, Miami, FL 33142",Florida,Miami-Dade,Miami,"Miami-Fort Lauderdale-West Palm Beach, FL",2024-08-05,pm25
12,86,1016,88101,3,25.794222,-80.215556,NAD83,PM2.5 - Local Conditions,24-HR BLK AVG,PM25 24-hour 2012,2022-11-08,Micrograms/cubic meter (LC),Included,1,100.0,9.0,9.0,0,50.0,238.0,Teledyne T640X at 16.67 LPM - Broadband spectroscopy,Miami Fire Station,"1200 NW 20th St, Miami, FL 33142",Florida,Miami-Dade,Miami,"Miami-Fort Lauderdale-West Palm Beach, FL",2024-08-05,pm25
12,86,1016,88101,3,25.794222,-80.215556,NAD83,PM2.5 - Local Conditions,24-HR BLK AVG,PM25 24-hour 2012,2022-11-09,Micrograms/cubic meter (LC),Included,1,100.0,7.4,7.4,0,41.0,238.0,Teledyne T640X at 16.67 LPM - Broadband spectroscopy,Miami Fire Station,"1200 NW 20th St, Miami, FL 33142",Florida,Miami-Dade,Miami,"Miami-Fort Lauderdale-West Palm Beach, FL",2024-08-05,pm25
12,86,1016,88101,3,25.794222,-80.215556,NAD83,PM2.5 - Local Conditions,24-HR BLK AVG,PM25 24-hour 2012,2022-11-10,Micrograms/cubic meter (LC),Included,1,100.0,4.9,4.9,0,27.0,238.0,Teledyne T640X at 16.67 LPM - Broadband spectroscopy,Miami Fire Station,"1200 NW 20th St, Miami, FL 33142",Florida,Miami-Dade,Miami,"Miami-Fort Lauderdale-West Palm Beach, FL",2024-08-05,pm25
12,86,1016,88101,3,25.794222,-80.215556,NAD83,PM2.5 - Local Conditions,24-HR BLK AVG,PM25 24-hour 2012,2022-11-11,Micrograms/cubic meter (LC),Included,1,100.0,7.4,7.4,0,41.0,238.0,Teledyne T640X at 16.67 LPM - Broadband spectroscopy,Miami Fire Station,"1200 NW 20th St, Miami, FL 33142",Florida,Miami-Dade,Miami,"Miami-Fort Lauderdale-West Palm Beach, FL",2024-08-05,pm25
12,86,1016,88101,3,25.794222,-80.215556,NAD83,PM2.5 - Local Conditions,24-HR BLK AVG,PM25 24-hour 2012,2022-11-12,Micrograms/cubic meter (LC),Included,1,100.0,8.2,8.2,0,46.0,238.0,Teledyne T640X at 16.67 LPM - Broadband spectroscopy,Miami Fire Station,"1200 NW 20th St, Miami, FL 33142",Florida,Miami-Dade,Miami,"Miami-Fort Lauderdale-West Palm Beach, FL",2024-08-05,pm25
12,86,1016,88101,3,25.794222,-80.215556,NAD83,PM2.5 - Local Conditions,24-HR BLK AVG,PM25 24-hour 2012,2022-11-13,Micrograms/cubic meter (LC),Included,1,100.0,5.5,5.5,0,31.0,238.0,Teledyne T640X at 16.67 LPM - Broadband spectroscopy,Miami Fire Station,"1200 NW 20th St, Miami, FL 33142",Florida,Miami-Dade,Miami,"Miami-Fort Lauderdale-West Palm Beach, FL",2024-08-05,pm25
12,86,1016,88101,3,25.794222,-80.215556,NAD83,PM2.5 - Local Conditions,24-HR BLK AVG,PM25 24-hour 2012,2022-11-14,Micrograms/cubic meter (LC),Included,1,100.0,5.7,5.7,0,32.0,238.0,Teledyne T640X at 16.67 LPM - Broadband spectroscopy,Miami Fire Station,"1200 NW 20th St, Miami, FL 33142",Florida,Miami-Dade,Miami,"Miami-Fort Lauderdale-West Palm Beach, FL",2024-08-05,pm25
12,86,1016,88101,3,25.794222,-80.215556,NAD83,PM2.5 - Local Conditions,24-HR BLK AVG,PM25 24-hour 2012,2022-11-15,Micrograms/cubic meter (LC),Included,1,100.0,4.5,4.5,0,25.0,238.0,Teledyne T640X at 16.67 LPM - Broadband spectroscopy,Miami Fire Station,"1200 NW 20th St, Miami, FL 33142",Florida,Miami-Dade,Miami,"Miami-Fort Lauderdale-West Palm Beach, FL",2024-08-05,pm25
12,86,1016,88101,3,25.794222,-80.215556,NAD83,PM2.5 - Local Conditions,24-HR BLK AVG,PM25 24-hour 2012,2022-11-16,Micrograms/cubic meter (LC),Included,1,100.0,6.0,6.0,0,33.0,238.0,Teledyne T640X at 16.67 LPM - Broadband spectroscopy,Miami Fire Station,"1200 NW 20th St, Miami, FL 33142",Florida,Miami-Dade,Miami,"Miami-Fort Lauderdale-West Palm Beach, FL",2024-08-05,pm25
12,86,1016,88101,3,25.794222,-80.215556,NAD83,PM2.5 - Local Conditions,24-HR BLK AVG,PM25 24-hour 2012,2022-11-17,Micrograms/cubic meter (LC),Included,1,100.0,9.9,9.9,0,52.0,238.0,Teledyne T640X at 16.67 LPM - Broadband spectroscopy,Miami Fire Station,"1200 NW 20th St, Miami, FL 33142",Florida,Miami-Dade,Miami,"Miami-Fort Lauderdale-West Palm Beach, FL",2024-08-05,pm25
12,86,1016,88101,3,25.794222,-80.215556,NAD83,PM2.5 - Local Conditions,24-HR BLK AVG,PM25 24-hour 2012,2022-11-18,Micrograms/cubic meter (LC),Included,1,100.0,7.2,7.2,0,40.0,238.0,Teledyne T640X at 16.67 LPM - Broadband spectroscopy,Miami Fire Station,"1200 NW 20th St, Miami, FL 33142",Florida,Miami-Dade,Miami,"Miami-Fort Lauderdale-West Palm Beach, FL",2024-08-05,pm25
12,86,1016,88101,3,25.794222,-80.215556,NAD83,PM2.5 - Local Conditions,24-HR BLK AVG,PM25 24-hour 2012,2022-11-19,Micrograms/cubic meter (LC),Included,1,100.0,6.1,6.1,0,34.0,238.0,Teledyne T640X at 16.67 LPM - Broadband spectroscopy,Miami Fire Station,"1200 NW 20th St, Miami, FL 33142",Florida,Miami-Dade,Miami,"Miami-Fort Lauderdale-West Palm Beach, FL",2024-08-05,pm25
12,86,1016,88101,3,25.794222,-80.215556,NAD83,PM2.5 - Local Conditions,24-HR BLK AVG,PM25 24-hour 2012,2022-11-20,Micrograms/cubic meter (LC),Included,1,100.0,5.8,5.8,0,32.0,238.0,Teledyne T640X at 16.67 LPM - Broadband spectroscopy,Miami Fire Station,"1200 NW 20th St, Miami, FL 33142",Florida,Miami-Dade,Miami,"Miami-Fort Lauderdale-West Palm Beach, FL",2024-08-05,pm25
12,86,1016,88101,3,25.794222,-80.215556,NAD83,PM2.5 - Local Conditions,24-HR BLK AVG,PM25 24-hour 2012,2022-11-21,Micrograms/cubic meter (LC),Included,1,100.0,6.8,6.8,0,38.0,238.0,Teledyne T640X at 16.67 LPM - Broadband spectroscopy,Miami Fire Station,"1200 NW 20th St, Miami, FL 33142",Florida,Miami-Dade,Miami,"Miami-Fort Lauderdale-West Palm Beach, FL",2024-08-05,pm25
12,86,1016,88101,3,25.794222,-80.215556,NAD83,PM2.5 - Local Conditions,24-HR BLK AVG,PM25 24-hour 2012,2022-11-22,Micrograms/cubic meter (LC),Included,1,100.0,6.3,6.3,0,35.0,238.0,Teledyne T640X at 16.67 LPM - Broadband spectroscopy,Miami Fire Station,"1200 NW 20th St, Miami, FL 33142",Florida,Miami-Dade,Miami,"Miami-Fort Lauderdale-West Palm Beach, FL",2024-08-05,pm25
12,86,1016,88101,3,25.794222,-80.215556,NAD83,PM2.5 - Local Conditions,24-HR BLK AVG,PM25 24-hour 2012,2022-11-23,Micrograms/cubic meter (LC),Included,1,100.0,8.1,8.1,0,45.0,238.0,Teledyne T640X at 16.67 LPM - Broadband spectroscopy,Miami Fire Station,"1200 NW 20th St, Miami, FL 33142",Florida,Miami-Dade,Miami,"Miami-Fort Lauderdale-West Palm Beach, FL",2024-08-05,pm25
12,86,1016,88101,3,25.794222,-80.215556,NAD83,PM2.5 - Local Conditions,24-HR BLK AVG,PM25 24-hour 2012,2022-11-24,Micrograms/cubic meter (LC),Included,1,100.0,7.8,7.8,0,43.0,238.0,Teledyne T640X at 16.67 LPM - Broadband spectroscopy,Miami Fire Station,"1200 NW 20th St, Miami, FL 33142",Florida,Miami-Dade,Miami,"Miami-Fort Lauderdale-West Palm Beach, FL",2024-08-05,pm25
12,86,1016,88101,3,25.794222,-80.215556,NAD83,PM2.5 - Local Conditions,24-HR BLK AVG,PM25 24-hour 2012,2022-11-25,Micrograms/cubic meter (LC),Included,1,100.0,7.4,7.4,0,41.0,238.0,Teledyne T640X at 16.67 LPM - Broadband spectroscopy,Miami Fire Station,"1200 NW 20th St, Miami, FL 33142",Florida,Miami-Dade,Miami,"Miami-Fort Lauderdale-West Palm Beach, FL",2024-08-05,pm25
12,86,1016,88101,3,25.794222,-80.215556,NAD83,PM2.5 - Local Conditions,24-HR BLK AVG,PM25 24-hour 2012,2022-11-26,Micrograms/cubic meter (LC),Included,1,100.0,7.7,7.7,0,43.0,238.0,Teledyne T640X at 16.67 LPM - Broadband spectroscopy,Miami Fire Station,"1200 NW 20th St, Miami, FL 33142",Florida,Miami-Dade,Miami,"Miami-Fort Lauderdale-West Palm Beach, FL",2024-08-05,pm25
12,86,1016,88101,3,25.794222,-80.215556,NAD83,PM2.5 - Local Conditions,24-HR BLK AVG,PM25 24-hour 2012,2022-11-27,Micrograms/cubic meter (LC),Included,1,100.0,5.5,5.5,0,31.0,238.0,Teledyne T640X at 16.67 LPM - Broadband spectroscopy,Miami Fire Station,"1200 NW 20th St, Miami, FL 33142",Florida,Miami-Dade,Miami,"Miami-Fort Lauderdale-West Palm Beach, FL",2024-08-05,pm25
12,86,1016,88101,3,25.794222,-80.215556,NAD83,PM2.5 - Local Conditions,24-HR BLK AVG,PM25 24-hour 2012,2022-11-28,Micrograms/cubic meter (LC),Included,1,100.0,8.1,8.1,0,45.0,238.0,Teledyne T640X at 16.67 LPM - Broadband spectroscopy,Miami Fire Station,"1200 NW 20th St, Miami, FL 33142",Florida,Miami-Dade,Miami,"Miami-Fort Lauderdale-West Palm Beach, FL",2024-08-05,pm25
12,86,1016,88101,3,25.794222,-80.215556,NAD83,PM2.5 - Local Conditions,24-HR BLK AVG,PM25 24-hour 2012,2022-11-29,Micrograms/cubic meter (LC),Included,1,100.0,6.4,6.4,0,36.0,238.0,Teledyne T640X at 16.67 LPM - Broadband spectroscopy,Miami Fire Station,"1200 NW 20th St, Miami, FL 33142",Florida,Miami-Dade,Miami,"Miami-Fort Lauderdale-West Palm Beach, FL",2024-08-05,pm25
12,86,1016,88101,3,25.794222,-80.215556,NAD83,PM2.5 - Local Conditions,24-HR BLK AVG,PM25 24-hour 2012,2022-11-30,Micrograms/cubic meter (LC),Included,1,100.0,6.6,6.6,0,37.0,238.0,Teledyne T640X at 16.67 LPM - Broadband spectroscopy,Miami Fire Station,"1200 NW 20th St, Miami, FL 33142",Florida,Miami-Dade,Miami,"Miami-Fort Lauderdale-West Palm Beach, FL",2024-08-05,pm25
12,86,1016,88101,3,25.794222,-80.215556,NAD83,PM2.5 - Local Conditions,24-HR BLK AVG,PM25 24-hour 2012,2022-12-01,Micrograms/cubic meter (LC),Included,1,100.0,8.0,8.0,0,44.0,238.0,Teledyne T640X at 16.67 LPM - Broadband spectroscopy,Miami Fire Station,"1200 NW 20th St, Miami, FL 33142",Florida,Miami-Dade,Miami,"Miami-Fort Lauderdale-West Palm Beach, FL",2024-08-05,pm25
12,86,1016,88101,3,25.794222,-80.215556,NAD83,PM2.5 - Local Conditions,24-HR BLK AVG,PM25 24-hour 2012,2022-12-02,Micrograms/cubic meter (LC),Included,1,100.0,9.3,9.3,0,51.0,238.0,Teledyne T640X at 16.67 LPM - Broadband spectroscopy,Miami Fire Station,"1200 NW 20th St, Miami, FL 33142",Florida,Miami-Dade,Miami,"Miami-Fort Lauderdale-West Palm Beach, FL",2024-08-05,pm25
12,86,1016,88101,3,25.794222,-80.215556,NAD83,PM2.5 - Local Conditions,24-HR BLK AVG,PM25 24-hour 2012,2022-12-03,Micrograms/cubic meter (LC),Included,1,100.0,9.9,9.9,0,52.0,238.0,Teledyne T640X at 16.67 LPM - Broadband spectroscopy,Miami Fire Station,"1200 NW 20th St, Miami, FL 33142",Florida,Miami-Dade,Miami,"Miami-Fort Lauderdale-West Palm Beach, FL",2024-08-05,pm25
12,86,1016,88101,3,25.794222,-80.215556,NAD83,PM2.5 - Local Conditions,24-HR BLK AVG,PM25 24-hour 2012,2022-12-04,Micrograms/cubic meter (LC),Included,1,100.0,7.6,7.6,0,42.0,238.0,Teledyne T640X at 16.67 LPM - Broadband spectroscopy,Miami Fire Station,"1200 NW 20th St, Miami, FL 33142",Florida,Miami-Dade,Miami,"Miami-Fort Lauderdale-West Palm Beach, FL",2024-08-05,pm25
12,86,1016,88101,3,25.794222,-80.215556,NAD83,PM2.5 - Local Conditions,24-HR BLK AVG,PM25 24-hour 2012,2022-12-05,Micrograms/cubic meter (LC),Included,1,100.0,8.9,8.9,0,49.0,238.0,Teledyne T640X at 16.67 LPM - Broadband spectroscopy,Miami Fire Station,"1200 NW 20th St, Miami, FL 33142",Florida,Miami-Dade,Miami,"Miami-Fort Lauderdale-West Palm Beach, FL",2024-08-05,pm25
12,86,1016,88101,3,25.794222,-80.215556,NAD83,PM2.5 - Local Conditions,24-HR BLK AVG,PM25 24-hour 2012,2022-12-06,Micrograms/cubic meter (LC),Included,1,100.0,8.1,8.1,0,45.0,238.0,Teledyne T640X at 16.67 LPM - Broadband spectroscopy,Miami Fire Station,"1200 NW 20th St, Miami, FL 33142",Florida,Miami-Dade,Miami,"Miami-Fort Lauderdale-West Palm Beach, FL",2024-08-05,pm25
12,86,1016,88101,3,25.794222,-80.215556,NAD83,PM2.5 - Local Conditions,24-HR BLK AVG,PM25 24-hour 2012,2022-12-07,Micrograms/cubic meter (LC),Included,1,100.0,6.8,6.8,0,38.0,238.0,Teledyne T640X at 16.67 LPM - Broadband spectroscopy,Miami Fire Station,"1200 NW 20th St, Miami, FL 33142",Florida,Miami-Dade,Miami,"Miami-Fort Lauderdale-West Palm Beach, FL",2024-08-05,pm25
12,86,1016,88101,3,25.794222,-80.215556,NAD83,PM2.5 - Local Conditions,24-HR BLK AVG,PM25 24-hour 2012,2022-12-08,Micrograms/cubic meter (LC),Included,1,100.0,6.1,6.1,0,34.0,238.0,Teledyne T640X at 16.67 LPM - Broadband spectroscopy,Miami Fire Station,"1200 NW 20th St, Miami, FL 33142",Florida,Miami-Dade,Miami,"Miami-Fort Lauderdale-West Palm Beach, FL",2024-08-05,pm25
12,86,1016,88101,3,25.794222,-80.215556,NAD83,PM2.5 - Local Conditions,24-HR BLK AVG,PM25 24-hour 2012,2022-12-09,Micrograms/cubic meter (LC),Included,1,100.0,7.8,7.8,0,43.0,238.0,Teledyne T640X at 16.67 LPM - Broadband spectroscopy,Miami Fire Station,"1200 NW 20th St, Miami, FL 33142",Florida,Miami-Dade,Miami,"Miami-Fort Lauderdale-West Palm Beach, FL",2024-08-05,pm25
12,86,1016,88101,3,25.794222,-80.215556,NAD83,PM2.5 - Local Conditions,24-HR BLK AVG,PM25 24-hour 2012,2022-12-10,Micrograms/cubic meter (LC),Included,1,100.0,11.6,11.6,0,56.0,238.0,Teledyne T640X at 16.67 LPM - Broadband spectroscopy,Miami Fire Station,"1200 NW 20th St, Miami, FL 33142",Florida,Miami-Dade,Miami,"Miami-Fort Lauderdale-West Palm Beach, FL",2024-08-05,pm25
12,86,1016,88101,3,25.794222,-80.215556,NAD83,PM2.5 - Local Conditions,24-HR BLK AVG,PM25 24-hour 2012,2022-12-11,Micrograms/cubic meter (LC),Included,1,100.0,15.6,15.6,0,63.0,238.0,Teledyne T640X at 16.67 LPM - Broadband spectroscopy,Miami Fire Station,"1200 NW 20th St, Miami, FL 33142",Florida,Miami-Dade,Miami,"Miami-Fort Lauderdale-West Palm Beach, FL",2024-08-05,pm25
12,86,1016,88101,3,25.794222,-80.215556,NAD83,PM2.5 - Local Conditions,24-HR BLK AVG,PM25 24-hour 2012,2022-12-12,Micrograms/cubic meter (LC),Included,1,100.0,16.3,16.3,0,64.0,238.0,Teledyne T640X at 16.67 LPM - Broadband spectroscopy,Miami Fire Station,"1200 NW 20th St, Miami, FL 33142",Florida,Miami-Dade,Miami,"Miami-Fort Lauderdale-West Palm Beach, FL",2024-08-05,pm25
12,86,1016,88101,3,25.794222,-80.215556,NAD83,PM2.5 - Local Conditions,24-HR BLK AVG,PM25 24-hour 2012,2022-12-13,Micrograms/cubic meter (LC),Included,1,100.0,14.6,14.6,0,61.0,238.0,Teledyne T640X at 16.67 LPM - Broadband spectroscopy,Miami Fire Station,"1200 NW 20th St, Miami, FL 33142",Florida,Miami-Dade,Miami,"Miami-Fort Lauderdale-West Palm Beach, FL",2024-08-05,pm25
12,86,1016,88101,3,25.794222,-80.215556,NAD83,PM2.5 - Local Conditions,24-HR BLK AVG,PM25 24-hour 2012,2022-12-14,Micrograms/cubic meter (LC),Included,1,100.0,10.8,10.8,0,54.0,238.0,Teledyne T640X at 16.67 LPM - Broadband spectroscopy,Miami Fire Station,"1200 NW 20th St, Miami, FL 33142",Florida,Miami-Dade,Miami,"Miami-Fort Lauderdale-West Palm Beach, FL",2024-08-05,pm25
12,86,1016,88101,3,25.794222,-80.215556,NAD83,PM2.5 - Local Conditions,24-HR BLK AVG,PM25 24-hour 2012,2022-12-15,Micrograms/cubic meter (LC),Included,1,100.0,7.8,7.8,0,43.0,238.0,Teledyne T640X at 16.67 LPM - Broadband spectroscopy,Miami Fire Station,"1200 NW 20th St, Miami, FL 33142",Florida,Miami-Dade,Miami,"Miami-Fort Lauderdale-West Palm Beach, FL",2024-08-05,pm25
12,86,1016,88101,3,25.794222,-80.215556,NAD83,PM2.5 - Local Conditions,24-HR BLK AVG,PM25 24-hour 2012,2022-12-16,Micrograms/cubic meter (LC),Included,1,100.0,9.1,9.1,0,51.0,238.0,Teledyne T640X at 16.67 LPM - Broadband spectroscopy,Miami Fire Station,"1200 NW 20th St, Miami, FL 33142",Florida,Miami-Dade,Miami,"Miami-Fort Lauderdale-West Palm Beach, FL",2024-08-05,pm25
12,86,1016,88101,3,25.794222,-80.215556,NAD83,PM2.5 - Local Conditions,24-HR BLK AVG,PM25 24-hour 2012,2022-12-17,Micrograms/cubic meter (LC),Included,1,100.0,6.3,6.3,0,35.0,238.0,Teledyne T640X at 16.67 LPM - Broadband spectroscopy,Miami Fire Station,"1200 NW 20th St, Miami, FL 33142",Florida,Miami-Dade,Miami,"Miami-Fort Lauderdale-West Palm Beach, FL",2024-08-05,pm25
12,86,1016,88101,3,25.794222,-80.215556,NAD83,PM2.5 - Local Conditions,24-HR BLK AVG,PM25 24-hour 2012,2022-12-18,Micrograms/cubic meter (LC),Included,1,100.0,8.3,8.3,0,46.0,238.0,Teledyne T640X at 16.67 LPM - Broadband spectroscopy,Miami Fire Station,"1200 NW 20th St, Miami, FL 33142",Florida,Miami-Dade,Miami,"Miami-Fort Lauderdale-West Palm Beach, FL",2024-08-05,pm25
12,86,1016,88101,3,25.794222,-80.215556,NAD83,PM2.5 - Local Conditions,24-HR BLK AVG,PM25 24-hour 2012,2022-12-19,Micrograms/cubic meter (LC),Included,1,100.0,7.0,7.0,0,39.0,238.0,Teledyne T640X at 16.67 LPM - Broadband spectroscopy,Miami Fire Station,"1200 NW 20th St, Miami, FL 33142",Florida,Miami-Dade,Miami,"Miami-Fort Lauderdale-West Palm Beach, FL",2024-08-05,pm25
12,86,1016,88101,3,25.794222,-80.215556,NAD83,PM2.5 - Local Conditions,24-HR BLK AVG,PM25 24-hour 2012,2022-12-20,Micrograms/cubic meter (LC),Included,1,100.0,7.8,7.8,0,43.0,238.0,Teledyne T640X at 16.67 LPM - Broadband spectroscopy,Miami Fire Station,"1200 NW 20th St, Miami, FL 33142",Florida,Miami-Dade,Miami,"Miami-Fort Lauderdale-West Palm Beach, FL",2024-08-05,pm25
12,86,1016,88101,3,25.794222,-80.215556,NAD83,PM2.5 - Local Conditions,24-HR BLK AVG,PM25 24-hour 2012,2022-12-21,Micrograms/cubic meter (LC),Included,1,100.0,5.8,5.8,0,32.0,238.0,Teledyne T640X at 16.67 LPM - Broadband spectroscopy,Miami Fire Station,"1200 NW 20th St, Miami, FL 33142",Florida,Miami-Dade,Miami,"Miami-Fort Lauderdale-West Palm Beach, FL",2024-08-05,pm25
12,86,1016,88101,3,25.794222,-80.215556,NAD83,PM2.5 - Local Conditions,24-HR BLK AVG,PM25 24-hour 2012,2022-12-22,Micrograms/cubic meter (LC),Included,1,100.0,8.0,8.0,0,44.0,238.0,Teledyne T640X at 16.67 LPM - Broadband spectroscopy,Miami Fire Station,"1200 NW 20th St, Miami, FL 33142",Florida,Miami-Dade,Miami,"Miami-Fort Lauderdale-West Palm Beach, FL",2024-08-05,pm25
12,86,1016,88101,3,25.794222,-80.215556,NAD83,PM2.5 - Local Conditions,24-HR BLK AVG,PM25 24-hour 2012,2022-12-23,Micrograms/cubic meter (LC),Included,1,100.0,8.0,8.0,0,44.0,238.0,Teledyne T640X at 16.67 LPM - Broadband spectroscopy,Miami Fire Station,"1200 NW 20th St, Miami, FL 33142",Florida,Miami-Dade,Miami,"Miami-Fort Lauderdale-West Palm Beach, FL",2024-08-05,pm25
12,86,1016,88101,3,25.794222,-80.215556,NAD83,PM2.5 - Local Conditions,24-HR BLK AVG,PM25 24-hour 2012,2022-12-24,Micrograms/cubic meter (LC),Included,1,100.0,6.6,6.6,0,37.0,238.0,Teledyne T640X at 16.67 LPM - Broadband spectroscopy,Miami Fire Station,"1200 NW 20th St, Miami, FL 33142",Florida,Miami-Dade,Miami,"Miami-Fort Lauderdale-West Palm Beach, FL",2024-08-05,pm25
12,86,1016,88101,3,25.794222,-80.215556,NAD83,PM2.5 - Local Conditions,24-HR BLK AVG,PM25 24-hour 2012,2022-12-25,Micrograms/cubic meter (LC),Included,1,100.0,7.0,7.0,0,39.0,238.0,Teledyne T640X at 16.67 LPM - Broadband spectroscopy,Miami Fire Station,"1200 NW 20th St, Miami, FL 33142",Florida,Miami-Dade,Miami,"Miami-Fort Lauderdale-West Palm Beach, FL",2024-08-05,pm25
12,86,1016,88101,3,25.794222,-80.215556,NAD83,PM2.5 - Local Conditions,24-HR BLK AVG,PM25 24-hour 2012,2022-12-26,Micrograms/cubic meter (LC),Included,1,100.0,8.3,8.3,0,46.0,238.0,Teledyne T640X at 16.67 LPM - Broadband spectroscopy,Miami Fire Station,"1200 NW 20th St, Miami, FL 33142",Florida,Miami-Dade,Miami,"Miami-Fort Lauderdale-West Palm Beach, FL",2024-08-05,pm25
12,86,1016,88101,3,25.794222,-80.215556,NAD83,PM2.5 - Local Conditions,24-HR BLK AVG,PM25 24-hour 2012,2022-12-27,Micrograms/cubic meter (LC),Included,1,100.0,5.3,5.3,0,29.0,238.0,Teledyne T640X at 16.67 LPM - Broadband spectroscopy,Miami Fire Station,"1200 NW 20th St, Miami, FL 33142",Florida,Miami-Dade,Miami,"Miami-Fort Lauderdale-West Palm Beach, FL",2024-08-05,pm25
12,86,1016,88101,3,25.794222,-80.215556,NAD83,PM2.5 - Local Conditions,24-HR BLK AVG,PM25 24-hour 2012,2022-12-28,Micrograms/cubic meter (LC),Included,1,100.0,5.6,5.6,0,31.0,238.0,Teledyne T640X at 16.67 LPM - Broadband spectroscopy,Miami Fire Station,"1200 NW 20th St, Miami, FL 33142",Florida,Miami-Dade,Miami,"Miami-Fort Lauderdale-West Palm Beach, FL",2024-08-05,pm25
12,86,1016,88101,3,25.794222,-80.215556,NAD83,PM2.5 - Local Conditions,24-HR BLK AVG,PM25 24-hour 2012,2022-12-29,Micrograms/cubic meter (LC),Included,1,100.0,6.1,6.1,0,34.0,238.0,Teledyne T640X at 16.67 LPM - Broadband spectroscopy,Miami Fire Station,"1200 NW 20th St, Miami, FL 33142",Florida,Miami-Dade,Miami,"Miami-Fort Lauderdale-West Palm Beach, FL",2024-08-05,pm25
12,86,1016,88101,3,25.794222,-80.215556,NAD83,PM2.5 - Local Conditions,24-HR BLK AVG,PM25 24-hour 2012,2022-12-30,Micrograms/cubic meter (LC),Included,1,100.0,6.5,6.5,0,36.0,238.0,Teledyne T640X at 16.67 LPM - Broadband spectroscopy,Miami Fire Station,"1200 NW 20th St, Miami, FL 33142",Florida,Miami-Dade,Miami,"Miami-Fort Lauderdale-West Palm Beach, FL",2024-08-05,pm25
12,86,1016,88101,3,25.794222,-80.215556,NAD83,PM2.5 - Local Conditions,24-HR BLK AVG,PM25 24-hour 2012,2022-12-31,Micrograms/cubic meter (LC),Included,1,100.0,7.9,7.9,0,44.0,238.0,Teledyne T640X at 16.67 LPM - Broadband spectroscopy,Miami Fire Station,"1200 NW 20th St, Miami, FL 33142",Florida,Miami-Dade,Miami,"Miami-Fort Lauderdale-West Palm Beach, FL",2024-08-05,pm25
12,86,1016,88101,23,25.794222,-80.215556,NAD83,PM2.5 - Local Conditions,24-HR BLK AVG,PM25 24-hour 2012,2022-01-01,Micrograms/cubic meter (LC),,1,100.0,5.2,5.2,0,29.0,738.0,Teledyne T640X at 16.67 LPM (Corrected) - Broadband spectroscopy,Miami Fire Station,"1200 NW 20th St, Miami, FL 33142",Florida,Miami-Dade,Miami,"Miami-Fort Lauderdale-West Palm Beach, FL",2024-08-05,pm25
12,86,1016,88101,23,25.794222,-80.215556,NAD83,PM2.5 - Local Conditions,24-HR BLK AVG,PM25 24-hour 2012,2022-01-02,Micrograms/cubic meter (LC),,1,100.0,5.5,5.5,0,31.0,738.0,Teledyne T640X at 16.67 LPM (Corrected) - Broadband spectroscopy,Miami Fire Station,"1200 NW 20th St, Miami, FL 33142",Florida,Miami-Dade,Miami,"Miami-Fort Lauderdale-West Palm Beach, FL",2024-08-05,pm25
12,86,1016,88101,23,25.794222,-80.215556,NAD83,PM2.5 - Local Conditions,24-HR BLK AVG,PM25 24-hour 2012,2022-01-03,Micrograms/cubic meter (LC),,1,100.0,6.6,6.6,0,37.0,738.0,Teledyne T640X at 16.67 LPM (Corrected) - Broadband spectroscopy,Miami Fire Station,"1200 NW 20th St, Miami, FL 33142",Florida,Miami-Dade,Miami,"Miami-Fort Lauderdale-West Palm Beach, FL",2024-08-05,pm25
12,86,1016,88101,23,25.794222,-80.215556,NAD83,PM2.5 - Local Conditions,24-HR BLK AVG,PM25 24-hour 2012,2022-01-04,Micrograms/cubic meter (LC),,1,100.0,5.0,5.0,0,28.0,738.0,Teledyne T640X at 16.67 LPM (Corrected) - Broadband spectroscopy,Miami Fire Station,"1200 NW 20th St, Miami, FL 33142",Florida,Miami-Dade,Miami,"Miami-Fort Lauderdale-West Palm Beach, FL",2024-08-05,pm25
12,86,1016,88101,23,25.794222,-80.215556,NAD83,PM2.5 - Local Conditions,24-HR BLK AVG,PM25 24-hour 2012,2022-01-05,Micrograms/cubic meter (LC),,1,100.0,5.4,5.4,0,30.0,738.0,Teledyne T640X at 16.67 LPM (Corrected) - Broadband spectroscopy,Miami Fire Station,"1200 NW 20th St, Miami, FL 33142",Florida,Miami-Dade,Miami,"Miami-Fort Lauderdale-West Palm Beach, FL",2024-08-05,pm25
12,86,1016,88101,23,25.794222,-80.215556,NAD83,PM2.5 - Local Conditions,24-HR BLK AVG,PM25 24-hour 2012,2022-01-06,Micrograms/cubic meter (LC),,1,100.0,7.4,7.4,0,41.0,738.0,Teledyne T640X at 16.67 LPM (Corrected) - Broadband spectroscopy,Miami Fire Station,"1200 NW 20th St, Miami, FL 33142",Florida,Miami-Dade,Miami,"Miami-Fort Lauderdale-West Palm Beach, FL",2024-08-05,pm25
12,86,1016,88101,23,25.794222,-80.215556,NAD83,PM2.5 - Local Conditions,24-HR BLK AVG,PM25 24-hour 2012,2022-01-07,Micrograms/cubic meter (LC),,1,100.0,8.6,8.6,0,48.0,738.0,Teledyne T640X at 16.67 LPM (Corrected) - Broadband spectroscopy,Miami Fire Station,"1200 NW 20th St, Miami, FL 33142",Florida,Miami-Dade,Miami,"Miami-Fort Lauderdale-West Palm Beach, FL",2024-08-05,pm25
12,86,1016,88101,23,25.794222,-80.215556,NAD83,PM2.5 - Local Conditions,24-HR BLK AVG,PM25 24-hour 2012,2022-01-08,Micrograms/cubic meter (LC),,1,100.0,7.4,7.4,0,41.0,738.0,Teledyne T640X at 16.67 LPM (Corrected) - Broadband spectroscopy,Miami Fire Station,"1200 NW 20th St, Miami, FL 33142",Florida,Miami-Dade,Miami,"Miami-Fort Lauderdale-West Palm Beach, FL",2024-08-05,pm25
12,86,1016,88101,23,25.794222,-80.215556,NAD83,PM2.5 - Local Conditions,24-HR BLK AVG,PM25 24-hour 2012,2022-01-09,Micrograms/cubic meter (LC),,1,100.0,8.1,8.1,0,45.0,738.0,Teledyne T640X at 16.67 LPM (Corrected) - Broadband spectroscopy,Miami Fire Station,"1200 NW 20th St, Miami, FL 33142",Florida,Miami-Dade,Miami,"Miami-Fort Lauderdale-West Palm Beach, FL",2024-08-05,pm25
12,86,1016,88101,23,25.794222,-80.215556,NAD83,PM2.5 - Local Conditions,24-HR BLK AVG,PM25 24-hour 2012,2022-01-10,Micrograms/cubic meter (LC),,1,100.0,5.8,5.8,0,32.0,738.0,Teledyne T640X at 16.67 LPM (Corrected) - Broadband spectroscopy,Miami Fire Station,"1200 NW 20th St, Miami, FL 33142",Florida,Miami-Dade,Miami,"Miami-Fort Lauderdale-West Palm Beach, FL",2024-08-05,pm25
12,86,1016,88101,23,25.794222,-80.215556,NAD83,PM2.5 - Local Conditions,24-HR BLK AVG,PM25 24-hour 2012,2022-01-11,Micrograms/cubic meter (LC),,1,100.0,6.4,6.4,0,36.0,738.0,Teledyne T640X at 16.67 LPM (Corrected) - Broadband spectroscopy,Miami Fire Station,"1200 NW 20th St, Miami, FL 33142",Florida,Miami-Dade,Miami,"Miami-Fort Lauderdale-West Palm Beach, FL",2024-08-05,pm25
12,86,1016,88101,23,25.794222,-80.215556,NAD83,PM2.5 - Local Conditions,24-HR BLK AVG,PM25 24-hour 2012,2022-01-12,Micrograms/cubic meter (LC),,1,100.0,6.3,6.3,0,35.0,738.0,Teledyne T640X at 16.67 LPM (Corrected) - Broadband spectroscopy,Miami Fire Station,"1200 NW 20th St, Miami, FL 33142",Florida,Miami-Dade,Miami,"Miami-Fort Lauderdale-West Palm Beach, FL",2024-08-05,pm25
12,86,1016,88101,23,25.794222,-80.215556,NAD83,PM2.5 - Local Conditions,24-HR BLK AVG,PM25 24-hour 2012,2022-01-13,Micrograms/cubic meter (LC),,1,100.0,5.3,5.3,0,29.0,738.0,Teledyne T640X at 16.67 LPM (Corrected) - Broadband spectroscopy,Miami Fire Station,"1200 NW 20th St, Miami, FL 33142",Florida,Miami-Dade,Miami,"Miami-Fort Lauderdale-West Palm Beach, FL",2024-08-05,pm25
12,86,1016,88101,23,25.794222,-80.215556,NAD83,PM2.5 - Local Conditions,24-HR BLK AVG,PM25 24-hour 2012,2022-01-14,Micrograms/cubic meter (LC),,1,100.0,7.6,7.6,0,42.0,738.0,Teledyne T640X at 16.67 LPM (Corrected) - Broadband spectroscopy,Miami Fire Station,"1200 NW 20th St, Miami, FL 33142",Florida,Miami-Dade,Miami,"Miami-Fort Lauderdale-West Palm Beach, FL",2024-08-05,pm25
12,86,1016,88101,23,25.794222,-80.215556,NAD83,PM2.5 - Local Conditions,24-HR BLK AVG,PM25 24-hour 2012,2022-01-15,Micrograms/cubic meter (LC),,1,100.0,9.5,9.5,0,52.0,738.0,Teledyne T640X at 16.67 LPM (Corrected) - Broadband spectroscopy,Miami Fire Station,"1200 NW 20th St, Miami, FL 33142",Florida,Miami-Dade,Miami,"Miami-Fort Lauderdale-West Palm Beach, FL",2024-08-05,pm25
12,86,1016,88101,23,25.794222,-80.215556,NAD83,PM2.5 - Local Conditions,24-HR BLK AVG,PM25 24-hour 2012,2022-01-16,Micrograms/cubic meter (LC),,1,100.0,7.0,7.0,0,39.0,738.0,Teledyne T640X at 16.67 LPM (Corrected) - Broadband spectroscopy,Miami Fire Station,"1200 NW 20th St, Miami, FL 33142",Florida,Miami-Dade,Miami,"Miami-Fort Lauderdale-West Palm Beach, FL",2024-08-05,pm25
12,86,1016,88101,23,25.794222,-80.215556,NAD83,PM2.5 - Local Conditions,24-HR BLK AVG,PM25 24-hour 2012,2022-01-17,Micrograms/cubic meter (LC),,1,100.0,6.2,6.2,0,34.0,738.0,Teledyne T640X at 16.67 LPM (Corrected) - Broadband spectroscopy,Miami Fire Station,"1200 NW 20th St, Miami, FL 33142",Florida,Miami-Dade,Miami,"Miami-Fort Lauderdale-West Palm Beach, FL",2024-08-05,pm25
12,86,1016,88101,23,25.794222,-80.215556,NAD83,PM2.5 - Local Conditions,24-HR BLK AVG,PM25 24-hour 2012,2022-01-18,Micrograms/cubic meter (LC),,1,100.0,5.3,5.3,0,29.0,738.0,Teledyne T640X at 16.67 LPM (Corrected) - Broadband spectroscopy,Miami Fire Station,"1200 NW 20th St, Miami, FL 33142",Florida,Miami-Dade,Miami,"Miami-Fort Lauderdale-West Palm Beach, FL",2024-08-05,pm25
12,86,1016,88101,23,25.794222,-80.215556,NAD83,PM2.5 - Local Conditions,24-HR BLK AVG,PM25 24-hour 2012,2022-01-19,Micrograms/cubic meter (LC),,1,100.0,5.4,5.4,0,30.0,738.0,Teledyne T640X at 16.67 LPM (Corrected) - Broadband spectroscopy,Miami Fire Station,"1200 NW 20th St, Miami, FL 33142",Florida,Miami-Dade,Miami,"Miami-Fort Lauderdale-West Palm Beach, FL",2024-08-05,pm25
12,86,1016,88101,23,25.794222,-80.215556,NAD83,PM2.5 - Local Conditions,24-HR BLK AVG,PM25 24-hour 2012,2022-01-20,Micrograms/cubic meter (LC),,1,100.0,5.3,5.3,0,29.0,738.0,Teledyne T640X at 16.67 LPM (Corrected) - Broadband spectroscopy,Miami Fire Station,"1200 NW 20th St, Miami, FL 33142",Florida,Miami-Dade,Miami,"Miami-Fort Lauderdale-West Palm Beach, FL",2024-08-05,pm25
12,86,1016,88101,23,25.794222,-80.215556,NAD83,PM2.5 - Local Conditions,24-HR BLK AVG,PM25 24-hour 2012,2022-01-21,Micrograms/cubic meter (LC),,1,100.0,3.9,3.9,0,22.0,738.0,Teledyne T640X at 16.67 LPM (Corrected) - Broadband spectroscopy,Miami Fire Station,"1200 NW 20th St, Miami, FL 33142",Florida,Miami-Dade,Miami,"Miami-Fort Lauderdale-West Palm Beach, FL",2024-08-05,pm25
12,86,1016,88101,23,25.794222,-80.215556,NAD83,PM2.5 - Local Conditions,24-HR BLK AVG,PM25 24-hour 2012,2022-01-22,Micrograms/cubic meter (LC),,1,100.0,8.5,8.5,0,47.0,738.0,Teledyne T640X at 16.67 LPM (Corrected) - Broadband spectroscopy,Miami Fire Station,"1200 NW 20th St, Miami, FL 33142",Florida,Miami-Dade,Miami,"Miami-Fort Lauderdale-West Palm Beach, FL",2024-08-05,pm25
12,86,1016,88101,23,25.794222,-80.215556,NAD83,PM2.5 - Local Conditions,24-HR BLK AVG,PM25 24-hour 2012,2022-01-23,Micrograms/cubic meter (LC),,1,100.0,5.5,5.5,0,31.0,738.0,Teledyne T640X at 16.67 LPM (Corrected) - Broadband spectroscopy,Miami Fire Station,"1200 NW 20th St, Miami, FL 33142",Florida,Miami-Dade,Miami,"Miami-Fort Lauderdale-West Palm Beach, FL",2024-08-05,pm25
12,86,1016,88101,23,25.794222,-80.215556,NAD83,PM2.5 - Local Conditions,24-HR BLK AVG,PM25 24-hour 2012,2022-01-24,Micrograms/cubic meter (LC),,1,100.0,14.9,14.9,0,62.0,738.0,Teledyne T640X at 16.67 LPM (Corrected) - Broadband spectroscopy,Miami Fire Station,"1200 NW 20th St, Miami, FL 33142",Florida,Miami-Dade,Miami,"Miami-Fort Lauderdale-West Palm Beach, FL",2024-08-05,pm25
12,86,1016,88101,23,25.794222,-80.215556,NAD83,PM2.5 - Local Conditions,24-HR BLK AVG,PM25 24-hour 2012,2022-01-25,Micrograms/cubic meter (LC),,1,100.0,11.8,11.8,0,56.0,738.0,Teledyne T640X at 16.67 LPM (Corrected) - Broadband spectroscopy,Miami Fire Station,"1200 NW 20th St, Miami, FL 33142",Florida,Miami-Dade,Miami,"Miami-Fort Lauderdale-West Palm Beach, FL",2024-08-05,pm25
12,86,1016,88101,23,25.794222,-80.215556,NAD83,PM2.5 - Local Conditions,24-HR BLK AVG,PM25 24-hour 2012,2022-01-26,Micrograms/cubic meter (LC),,1,100.0,6.3,6.3,0,35.0,738.0,Teledyne T640X at 16.67 LPM (Corrected) - Broadband spectroscopy,Miami Fire Station,"1200 NW 20th St, Miami, FL 33142",Florida,Miami-Dade,Miami,"Miami-Fort Lauderdale-West Palm Beach, FL",2024-08-05,pm25
12,86,1016,88101,23,25.794222,-80.215556,NAD83,PM2.5 - Local Conditions,24-HR BLK AVG,PM25 24-hour 2012,2022-01-27,Micrograms/cubic meter (LC),,1,100.0,5.9,5.9,0,33.0,738.0,Teledyne T640X at 16.67 LPM (Corrected) - Broadband spectroscopy,Miami Fire Station,"1200 NW 20th St, Miami, FL 33142",Florida,Miami-Dade,Miami,"Miami-Fort Lauderdale-West Palm Beach, FL",2024-08-05,pm25
12,86,1016,88101,23,25.794222,-80.215556,NAD83,PM2.5 - Local Conditions,24-HR BLK AVG,PM25 24-hour 2012,2022-01-28,Micrograms/cubic meter (LC),,1,100.0,6.0,6.0,0,33.0,738.0,Teledyne T640X at 16.67 LPM (Corrected) - Broadband spectroscopy,Miami Fire Station,"1200 NW 20th St, Miami, FL 33142",Florida,Miami-Dade,Miami,"Miami-Fort Lauderdale-West Palm Beach, FL",2024-08-05,pm25
12,86,1016,88101,23,25.794222,-80.215556,NAD83,PM2.5 - Local Conditions,24-HR BLK AVG,PM25 24-hour 2012,2022-01-29,Micrograms/cubic meter (LC),,1,100.0,6.3,6.3,0,35.0,738.0,Teledyne T640X at 16.67 LPM (Corrected) - Broadband spectroscopy,Miami Fire Station,"1200 NW 20th St, Miami, FL 33142",Florida,Miami-Dade,Miami,"Miami-Fort Lauderdale-West Palm Beach, FL",2024-08-05,pm25
12,86,1016,88101,23,25.794222,-80.215556,NAD83,PM2.5 - Local Conditions,24-HR BLK AVG,PM25 24-hour 2012,2022-01-30,Micrograms/cubic meter (LC),,1,100.0,5.1,5.1,0,28.0,738.0,Teledyne T640X at 16.67 LPM (Corrected) - Broadband spectroscopy,Miami Fire Station,"1200 NW 20th St, Miami, FL 33142",Florida,Miami-Dade,Miami,"Miami-Fort Lauderdale-West Palm Beach, FL",2024-08-05,pm25
12,86,1016,88101,23,25.794222,-80.215556,NAD83,PM2.5 - Local Conditions,24-HR BLK AVG,PM25 24-hour 2012,2022-01-31,Micrograms/cubic meter (LC),,1,100.0,4.6,4.6,0,26.0,738.0,Teledyne T640X at 16.67 LPM (Corrected) - Broadband spectroscopy,Miami Fire Station,"1200 NW 20th St, Miami, FL 33142",Florida,Miami-Dade,Miami,"Miami-Fort Lauderdale-West Palm Beach, FL",2024-08-05,pm25
12,86,1016,88101,23,25.794222,-80.215556,NAD83,PM2.5 - Local Conditions,24-HR BLK AVG,PM25 24-hour 2012,2022-02-01,Micrograms/cubic meter (LC),,1,100.0,3.5,3.5,0,19.0,738.0,Teledyne T640X at 16.67 LPM (Corrected) - Broadband spectroscopy,Miami Fire Station,"1200 NW 20th St, Miami, FL 33142",Florida,Miami-Dade,Miami,"Miami-Fort Lauderdale-West Palm Beach, FL",2024-08-05,pm25
12,86,1016,88101,23,25.794222,-80.215556,NAD83,PM2.5 - Local Conditions,24-HR BLK AVG,PM25 24-hour 2012,2022-02-02,Micrograms/cubic meter (LC),,1,100.0,4.4,4.4,0,24.0,738.0,Teledyne T640X at 16.67 LPM (Corrected) - Broadband spectroscopy,Miami Fire Station,"1200 NW 20th St, Miami, FL 33142",Florida,Miami-Dade,Miami,"Miami-Fort Lauderdale-West Palm Beach, FL",2024-08-05,pm25
12,86,1016,88101,23,25.794222,-80.215556,NAD83,PM2.5 - Local Conditions,24-HR BLK AVG,PM25 24-hour 2012,2022-02-03,Micrograms/cubic meter (LC),,1,100.0,5.4,5.4,0,30.0,738.0,Teledyne T640X at 16.67 LPM (Corrected) - Broadband spectroscopy,Miami Fire Station,"1200 NW 20th St, Miami, FL 33142",Florida,Miami-Dade,Miami,"Miami-Fort Lauderdale-West Palm Beach, FL",2024-08-05,pm25
12,86,1016,88101,23,25.794222,-80.215556,NAD83,PM2.5 - Local Conditions,24-HR BLK AVG,PM25 24-hour 2012,2022-02-04,Micrograms/cubic meter (LC),,1,100.0,5.6,5.6,0,31.0,738.0,Teledyne T640X at 16.67 LPM (Corrected) - Broadband spectroscopy,Miami Fire Station,"1200 NW 20th St, Miami, FL 33142",Florida,Miami-Dade,Miami,"Miami-Fort Lauderdale-West Palm Beach, FL",2024-08-05,pm25
12,86,1016,88101,23,25.794222,-80.215556,NAD83,PM2.5 - Local Conditions,24-HR BLK AVG,PM25 24-hour 2012,2022-02-05,Micrograms/cubic meter (LC),,1,100.0,6.1,6.1,0,34.0,738.0,Teledyne T640X at 16.67 LPM (Corrected) - Broadband spectroscopy,Miami Fire Station,"1200 NW 20th St, Miami, FL 33142",Florida,Miami-Dade,Miami,"Miami-Fort Lauderdale-West Palm Beach, FL",2024-08-05,pm25
12,86,1016,88101,23,25.794222,-80.215556,NAD83,PM2.5 - Local Conditions,24-HR BLK AVG,PM25 24-hour 2012,2022-02-06,Micrograms/cubic meter (LC),,1,100.0,4.1,4.1,0,23.0,738.0,Teledyne T640X at 16.67 LPM (Corrected) - Broadband spectroscopy,Miami Fire Station,"1200 NW 20th St, Miami, FL 33142",Florida,Miami-Dade,Miami,"Miami-Fort Lauderdale-West Palm Beach, FL",2024-08-05,pm25
12,86,1016,88101,23,25.794222,-80.215556,NAD83,PM2.5 - Local Conditions,24-HR BLK AVG,PM25 24-hour 2012,2022-02-07,Micrograms/cubic meter (LC),,1,100.0,5.4,5.4,0,30.0,738.0,Teledyne T640X at 16.67 LPM (Corrected) - Broadband spectroscopy,Miami Fire Station,"1200 NW 20th St, Miami, FL 33142",Florida,Miami-Dade,Miami,"Miami-Fort Lauderdale-West Palm Beach, FL",2024-08-05,pm25
12,86,1016,88101,23,25.794222,-80.215556,NAD83,PM2.5 - Local Conditions,24-HR BLK AVG,PM25 24-hour 2012,2022-02-08,Micrograms/cubic meter (LC),,1,100.0,7.0,7.0,0,39.0,738.0,Teledyne T640X at 16.67 LPM (Corrected) - Broadband spectroscopy,Miami Fire Station,"1200 NW 20th St, Miami, FL 33142",Florida,Miami-Dade,Miami,"Miami-Fort Lauderdale-West Palm Beach, FL",2024-08-05,pm25
12,86,1016,88101,23,25.794222,-80.215556,NAD83,PM2.5 - Local Conditions,24-HR BLK AVG,PM25 24-hour 2012,2022-02-09,Micrograms/cubic meter (LC),,1,100.0,4.7,4.7,0,26.0,738.0,Teledyne T640X at 16.67 LPM (Corrected) - Broadband spectroscopy,Miami Fire Station,"1200 NW 20th St, Miami, FL 33142",Florida,Miami-Dade,Miami,"Miami-Fort Lauderdale-West Palm Beach, FL",2024-08-05,pm25
12,86,1016,88101,23,25.794222,-80.215556,NAD83,PM2.5 - Local Conditions,24-HR BLK AVG,PM25 24-hour 2012,2022-02-10,Micrograms/cubic meter (LC),,1,100.0,6.2,6.2,0,34.0,738.0,Teledyne T640X at 16.67 LPM (Corrected) - Broadband spectroscopy,Miami Fire Station,"1200 NW 20th St, Miami, FL 33142",Florida,Miami-Dade,Miami,"Miami-Fort Lauderdale-West Palm Beach, FL",2024-08-05,pm25
12,86,1016,88101,23,25.794222,-80.215556,NAD83,PM2.5 - Local Conditions,24-HR BLK AVG,PM25 24-hour 2012,2022-02-11,Micrograms/cubic meter (LC),,1,100.0,6.6,6.6,0,37.0,738.0,Teledyne T640X at 16.67 LPM (Corrected) - Broadband spectroscopy,Miami Fire Station,"1200 NW 20th St, Miami, FL 33142",Florida,Miami-Dade,Miami,"Miami-Fort Lauderdale-West Palm Beach, FL",2024-08-05,pm25
12,86,1016,88101,23,25.794222,-80.215556,NAD83,PM2.5 - Local Conditions,24-HR BLK AVG,PM25 24-hour 2012,2022-02-12,Micrograms/cubic meter (LC),,1,100.0,5.1,5.1,0,28.0,738.0,Teledyne T640X at 16.67 LPM (Corrected) - Broadband spectroscopy,Miami Fire Station,"1200 NW 20th St, Miami, FL 33142",Florida,Miami-Dade,Miami,"Miami-Fort Lauderdale-West Palm Beach, FL",2024-08-05,pm25
12,86,1016,88101,23,25.794222,-80.215556,NAD83,PM2.5 - Local Conditions,24-HR BLK AVG,PM25 24-hour 2012,2022-02-13,Micrograms/cubic meter (LC),,1,100.0,5.1,5.1,0,28.0,738.0,Teledyne T640X at 16.67 LPM (Corrected) - Broadband spectroscopy,Miami Fire Station,"1200 NW 20th St, Miami, FL 33142",Florida,Miami-Dade,Miami,"Miami-Fort Lauderdale-West Palm Beach, FL",2024-08-05,pm25
12,86,1016,88101,23,25.794222,-80.215556,NAD83,PM2.5 - Local Conditions,24-HR BLK AVG,PM25 24-hour 2012,2022-02-14,Micrograms/cubic meter (LC),,1,100.0,9.8,9.8,0,52.0,738.0,Teledyne T640X at 16.67 LPM (Corrected) - Broadband spectroscopy,Miami Fire Station,"1200 NW 20th St, Miami, FL 33142",Florida,Miami-Dade,Miami,"Miami-Fort Lauderdale-West Palm Beach, FL",2024-08-05,pm25
12,86,1016,88101,23,25.794222,-80.215556,NAD83,PM2.5 - Local Conditions,24-HR BLK AVG,PM25 24-hour 2012,2022-02-15,Micrograms/cubic meter (LC),,1,100.0,6.3,6.3,0,35.0,738.0,Teledyne T640X at 16.67 LPM (Corrected) - Broadband spectroscopy,Miami Fire Station,"1200 NW 20th St, Miami, FL 33142",Florida,Miami-Dade,Miami,"Miami-Fort Lauderdale-West Palm Beach, FL",2024-08-05,pm25
12,86,1016,88101,23,25.794222,-80.215556,NAD83,PM2.5 - Local Conditions,24-HR BLK AVG,PM25 24-hour 2012,2022-02-16,Micrograms/cubic meter (LC),,1,100.0,7.5,7.5,0,42.0,738.0,Teledyne T640X at 16.67 LPM (Corrected) - Broadband spectroscopy,Miami Fire Station,"1200 NW 20th St, Miami, FL 33142",Florida,Miami-Dade,Miami,"Miami-Fort Lauderdale-West Palm Beach, FL",2024-08-05,pm25
12,86,1016,88101,23,25.794222,-80.215556,NAD83,PM2.5 - Local Conditions,24-HR BLK AVG,PM25 24-hour 2012,2022-02-17,Micrograms/cubic meter (LC),,1,100.0,9.2,9.2,0,51.0,738.0,Teledyne T640X at 16.67 LPM (Corrected) - Broadband spectroscopy,Miami Fire Station,"1200 NW 20th St, Miami, FL 33142",Florida,Miami-Dade,Miami,"Miami-Fort Lauderdale-West Palm Beach, FL",2024-08-05,pm25
12,86,1016,88101,23,25.794222,-80.215556,NAD83,PM2.5 - Local Conditions,24-HR BLK AVG,PM25 24-hour 2012,2022-02-18,Micrograms/cubic meter (LC),,1,100.0,11.6,11.6,0,56.0,738.0,Teledyne T640X at 16.67 LPM (Corrected) - Broadband spectroscopy,Miami Fire Station,"1200 NW 20th St, Miami, FL 33142",Florida,Miami-Dade,Miami,"Miami-Fort Lauderdale-West Palm Beach, FL",2024-08-05,pm25
12,86,1016,88101,23,25.794222,-80.215556,NAD83,PM2.5 - Local Conditions,24-HR BLK AVG,PM25 24-hour 2012,2022-02-19,Micrograms/cubic meter (LC),,1,100.0,12.1,12.1,0,57.0,738.0,Teledyne T640X at 16.67 LPM (Corrected) - Broadband spectroscopy,Miami Fire Station,"1200 NW 20th St, Miami, FL 33142",Florida,Miami-Dade,Miami,"Miami-Fort Lauderdale-West Palm Beach, FL",2024-08-05,pm25
12,86,1016,88101,23,25.794222,-80.215556,NAD83,PM2.5 - Local Conditions,24-HR BLK AVG,PM25 24-hour 2012,2022-02-20,Micrograms/cubic meter (LC),,1,100.0,7.8,7.8,0,43.0,738.0,Teledyne T640X at 16.67 LPM (Corrected) - Broadband spectroscopy,Miami Fire Station,"1200 NW 20th St, Miami, FL 33142",Florida,Miami-Dade,Miami,"Miami-Fort Lauderdale-West Palm Beach, FL",2024-08-05,pm25
12,86,1016,88101,23,25.794222,-80.215556,NAD83,PM2.5 - Local Conditions,24-HR BLK AVG,PM25 24-hour 2012,2022-02-21,Micrograms/cubic meter (LC),,1,100.0,8.5,8.5,0,47.0,738.0,Teledyne T640X at 16.67 LPM (Corrected) - Broadband spectroscopy,Miami Fire Station,"1200 NW 20th St, Miami, FL 33142",Florida,Miami-Dade,Miami,"Miami-Fort Lauderdale-West Palm Beach, FL",2024-08-05,pm25
12,86,1016,88101,23,25.794222,-80.215556,NAD83,PM2.5 - Local Conditions,24-HR BLK AVG,PM25 24-hour 2012,2022-02-22,Micrograms/cubic meter (LC),,1,100.0,8.5,8.5,0,47.0,738.0,Teledyne T640X at 16.67 LPM (Corrected) - Broadband spectroscopy,Miami Fire Station,"1200 NW 20th St, Miami, FL 33142",Florida,Miami-Dade,Miami,"Miami-Fort Lauderdale-West Palm Beach, FL",2024-08-05,pm25
12,86,1016,88101,23,25.794222,-80.215556,NAD83,PM2.5 - Local Conditions,24-HR BLK AVG,PM25 24-hour 2012,2022-02-23,Micrograms/cubic meter (LC),,1,100.0,6.3,6.3,0,35.0,738.0,Teledyne T640X at 16.67 LPM (Corrected) - Broadband spectroscopy,Miami Fire Station,"1200 NW 20th St, Miami, FL 33142",Florida,Miami-Dade,Miami,"Miami-Fort Lauderdale-West Palm Beach, FL",2024-08-05,pm25
12,86,1016,88101,23,25.794222,-80.215556,NAD83,PM2.5 - Local Conditions,24-HR BLK AVG,PM25 24-hour 2012,2022-02-24,Micrograms/cubic meter (LC),,1,100.0,5.2,5.2,0,29.0,738.0,Teledyne T640X at 16.67 LPM (Corrected) - Broadband spectroscopy,Miami Fire Station,"1200 NW 20th St, Miami, FL 33142",Florida,Miami-Dade,Miami,"Miami-Fort Lauderdale-West Palm Beach, FL",2024-08-05,pm25
12,86,1016,88101,23,25.794222,-80.215556,NAD83,PM2.5 - Local Conditions,24-HR BLK AVG,PM25 24-hour 2012,2022-02-25,Micrograms/cubic meter (LC),,1,100.0,5.2,5.2,0,29.0,738.0,Teledyne T640X at 16.67 LPM (Corrected) - Broadband spectroscopy,Miami Fire Station,"1200 NW 20th St, Miami, FL 33142",Florida,Miami-Dade,Miami,"Miami-Fort Lauderdale-West Palm Beach, FL",2024-08-05,pm25
12,86,1016,88101,23,25.794222,-80.215556,NAD83,PM2.5 - Local Conditions,24-HR BLK AVG,PM25 24-hour 2012,2022-02-26,Micrograms/cubic meter (LC),,1,100.0,4.6,4.6,0,26.0,738.0,Teledyne T640X at 16.67 LPM (Corrected) - Broadband spectroscopy,Miami Fire Station,"1200 NW 20th St, Miami, FL 33142",Florida,Miami-Dade,Miami,"Miami-Fort Lauderdale-West Palm Beach, FL",2024-08-05,pm25
12,86,1016,88101,23,25.794222,-80.215556,NAD83,PM2.5 - Local Conditions,24-HR BLK AVG,PM25 24-hour 2012,2022-02-27,Micrograms/cubic meter (LC),,1,100.0,3.9,3.9,0,22.0,738.0,Teledyne T640X at 16.67 LPM (Corrected) - Broadband spectroscopy,Miami Fire Station,"1200 NW 20th St, Miami, FL 33142",Florida,Miami-Dade,Miami,"Miami-Fort Lauderdale-West Palm Beach, FL",2024-08-05,pm25
12,86,1016,88101,23,25.794222,-80.215556,NAD83,PM2.5 - Local Conditions,24-HR BLK AVG,PM25 24-hour 2012,2022-02-28,Micrograms/cubic meter (LC),,1,100.0,6.4,6.4,0,36.0,738.0,Teledyne T640X at 16.67 LPM (Corrected) - Broadband spectroscopy,Miami Fire Station,"1200 NW 20th St, Miami, FL 33142",Florida,Miami-Dade,Miami,"Miami-Fort Lauderdale-West Palm Beach, FL",2024-08-05,pm25
12,86,1016,88101,23,25.794222,-80.215556,NAD83,PM2.5 - Local Conditions,24-HR BLK AVG,PM25 24-hour 2012,2022-03-01,Micrograms/cubic meter (LC),,1,100.0,10.7,10.7,0,54.0,738.0,Teledyne T640X at 16.67 LPM (Corrected) - Broadband spectroscopy,Miami Fire Station,"1200 NW 20th St, Miami, FL 33142",Florida,Miami-Dade,Miami,"Miami-Fort Lauderdale-West Palm Beach, FL",2024-08-05,pm25
12,86,1016,88101,23,25.794222,-80.215556,NAD83,PM2.5 - Local Conditions,24-HR BLK AVG,PM25 24-hour 2012,2022-03-02,Micrograms/cubic meter (LC),,1,100.0,7.0,7.0,0,39.0,738.0,Teledyne T640X at 16.67 LPM (Corrected) - Broadband spectroscopy,Miami Fire Station,"1200 NW 20th St, Miami, FL 33142",Florida,Miami-Dade,Miami,"Miami-Fort Lauderdale-West Palm Beach, FL",2024-08-05,pm25
12,86,1016,88101,23,25.794222,-80.215556,NAD83,PM2.5 - Local Conditions,24-HR BLK AVG,PM25 24-hour 2012,2022-03-03,Micrograms/cubic meter (LC),,1,100.0,5.1,5.1,0,28.0,738.0,Teledyne T640X at 16.67 LPM (Corrected) - Broadband spectroscopy,Miami Fire Station,"1200 NW 20th St, Miami, FL 33142",Florida,Miami-Dade,Miami,"Miami-Fort Lauderdale-West Palm Beach, FL",2024-08-05,pm25
12,86,1016,88101,23,25.794222,-80.215556,NAD83,PM2.5 - Local Conditions,24-HR BLK AVG,PM25 24-hour 2012,2022-03-04,Micrograms/cubic meter (LC),,1,100.0,5.5,5.5,0,31.0,738.0,Teledyne T640X at 16.67 LPM (Corrected) - Broadband spectroscopy,Miami Fire Station,"1200 NW 20th St, Miami, FL 33142",Florida,Miami-Dade,Miami,"Miami-Fort Lauderdale-West Palm Beach, FL",2024-08-05,pm25
12,86,1016,88101,23,25.794222,-80.215556,NAD83,PM2.5 - Local Conditions,24-HR BLK AVG,PM25 24-hour 2012,2022-03-05,Micrograms/cubic meter (LC),,1,100.0,6.7,6.7,0,37.0,738.0,Teledyne T640X at 16.67 LPM (Corrected) - Broadband spectroscopy,Miami Fire Station,"1200 NW 20th St, Miami, FL 33142",Florida,Miami-Dade,Miami,"Miami-Fort Lauderdale-West Palm Beach, FL",2024-08-05,pm25
12,86,1016,88101,23,25.794222,-80.215556,NAD83,PM2.5 - Local Conditions,24-HR BLK AVG,PM25 24-hour 2012,2022-03-06,Micrograms/cubic meter (LC),,1,100.0,9.5,9.5,0,52.0,738.0,Teledyne T640X at 16.67 LPM (Corrected) - Broadband spectroscopy,Miami Fire Station,"1200 NW 20th St, Miami, FL 33142",Florida,Miami-Dade,Miami,"Miami-Fort Lauderdale-West Palm Beach, FL",2024-08-05,pm25
12,86,1016,88101,23,25.794222,-80.215556,NAD83,PM2.5 - Local Conditions,24-HR BLK AVG,PM25 24-hour 2012,2022-03-07,Micrograms/cubic meter (LC),,1,100.0,11.0,11.0,0,55.0,738.0,Teledyne T640X at 16.67 LPM (Corrected) - Broadband spectroscopy,Miami Fire Station,"1200 NW 20th St, Miami, FL 33142",Florida,Miami-Dade,Miami,"Miami-Fort Lauderdale-West Palm Beach, FL",2024-08-05,pm25
12,86,1016,88101,23,25.794222,-80.215556,NAD83,PM2.5 - Local Conditions,24-HR BLK AVG,PM25 24-hour 2012,2022-03-08,Micrograms/cubic meter (LC),,1,100.0,8.6,8.6,0,48.0,738.0,Teledyne T640X at 16.67 LPM (Corrected) - Broadband spectroscopy,Miami Fire Station,"1200 NW 20th St, Miami, FL 33142",Florida,Miami-Dade,Miami,"Miami-Fort Lauderdale-West Palm Beach, FL",2024-08-05,pm25
12,86,1016,88101,23,25.794222,-80.215556,NAD83,PM2.5 - Local Conditions,24-HR BLK AVG,PM25 24-hour 2012,2022-03-09,Micrograms/cubic meter (LC),,1,100.0,7.4,7.4,0,41.0,738.0,Teledyne T640X at 16.67 LPM (Corrected) - Broadband spectroscopy,Miami Fire Station,"1200 NW 20th St, Miami, FL 33142",Florida,Miami-Dade,Miami,"Miami-Fort Lauderdale-West Palm Beach, FL",2024-08-05,pm25
12,86,1016,88101,23,25.794222,-80.215556,NAD83,PM2.5 - Local Conditions,24-HR BLK AVG,PM25 24-hour 2012,2022-03-10,Micrograms/cubic meter (LC),,1,100.0,9.1,9.1,0,51.0,738.0,Teledyne T640X at 16.67 LPM (Corrected) - Broadband spectroscopy,Miami Fire Station,"1200 NW 20th St, Miami, FL 33142",Florida,Miami-Dade,Miami,"Miami-Fort Lauderdale-West Palm Beach, FL",2024-08-05,pm25
12,86,1016,88101,23,25.794222,-80.215556,NAD83,PM2.5 - Local Conditions,24-HR BLK AVG,PM25 24-hour 2012,2022-03-11,Micrograms/cubic meter (LC),,1,100.0,7.7,7.7,0,43.0,738.0,Teledyne T640X at 16.67 LPM (Corrected) - Broadband spectroscopy,Miami Fire Station,"1200 NW 20th St, Miami, FL 33142",Florida,Miami-Dade,Miami,"Miami-Fort Lauderdale-West Palm Beach, FL",2024-08-05,pm25
12,86,1016,88101,23,25.794222,-80.215556,NAD83,PM2.5 - Local Conditions,24-HR BLK AVG,PM25 24-hour 2012,2022-03-12,Micrograms/cubic meter (LC),,1,100.0,8.1,8.1,0,45.0,738.0,Teledyne T640X at 16.67 LPM (Corrected) - Broadband spectroscopy,Miami Fire Station,"1200 NW 20th St, Miami, FL 33142",Florida,Miami-Dade,Miami,"Miami-Fort Lauderdale-West Palm Beach, FL",2024-08-05,pm25
12,86,1016,88101,23,25.794222,-80.215556,NAD83,PM2.5 - Local Conditions,24-HR BLK AVG,PM25 24-hour 2012,2022-03-13,Micrograms/cubic meter (LC),,1,100.0,5.3,5.3,0,29.0,738.0,Teledyne T640X at 16.67 LPM (Corrected) - Broadband spectroscopy,Miami Fire Station,"1200 NW 20th St, Miami, FL 33142",Florida,Miami-Dade,Miami,"Miami-Fort Lauderdale-West Palm Beach, FL",2024-08-05,pm25
12,86,1016,88101,23,25.794222,-80.215556,NAD83,PM2.5 - Local Conditions,24-HR BLK AVG,PM25 24-hour 2012,2022-03-14,Micrograms/cubic meter (LC),,1,100.0,6.8,6.8,0,38.0,738.0,Teledyne T640X at 16.67 LPM (Corrected) - Broadband spectroscopy,Miami Fire Station,"1200 NW 20th St, Miami, FL 33142",Florida,Miami-Dade,Miami,"Miami-Fort Lauderdale-West Palm Beach, FL",2024-08-05,pm25
12,86,1016,88101,23,25.794222,-80.215556,NAD83,PM2.5 - Local Conditions,24-HR BLK AVG,PM25 24-hour 2012,2022-03-15,Micrograms/cubic meter (LC),,1,100.0,5.3,5.3,0,29.0,738.0,Teledyne T640X at 16.67 LPM (Corrected) - Broadband spectroscopy,Miami Fire Station,"1200 NW 20th St, Miami, FL 33142",Florida,Miami-Dade,Miami,"Miami-Fort Lauderdale-West Palm Beach, FL",2024-08-05,pm25
12,86,1016,88101,23,25.794222,-80.215556,NAD83,PM2.5 - Local Conditions,24-HR BLK AVG,PM25 24-hour 2012,2022-03-16,Micrograms/cubic meter (LC),,1,100.0,6.9,6.9,0,38.0,738.0,Teledyne T640X at 16.67 LPM (Corrected) - Broadband spectroscopy,Miami Fire Station,"1200 NW 20th St, Miami, FL 33142",Florida,Miami-Dade,Miami,"Miami-Fort Lauderdale-West Palm Beach, FL",2024-08-05,pm25
12,86,1016,88101,23,25.794222,-80.215556,NAD83,PM2.5 - Local Conditions,24-HR BLK AVG,PM25 24-hour 2012,2022-03-17,Micrograms/cubic meter (LC),,1,100.0,7.0,7.0,0,39.0,738.0,Teledyne T640X at 16.67 LPM (Corrected) - Broadband spectroscopy,Miami Fire Station,"1200 NW 20th St, Miami, FL 33142",Florida,Miami-Dade,Miami,"Miami-Fort Lauderdale-West Palm Beach, FL",2024-08-05,pm25
12,86,1016,88101,23,25.794222,-80.215556,NAD83,PM2.5 - Local Conditions,24-HR BLK AVG,PM25 24-hour 2012,2022-03-18,Micrograms/cubic meter (LC),,1,100.0,9.7,9.7,0,52.0,738.0,Teledyne T640X at 16.67 LPM (Corrected) - Broadband spectroscopy,Miami Fire Station,"1200 NW 20th St, Miami, FL 33142",Florida,Miami-Dade,Miami,"Miami-Fort Lauderdale-West Palm Beach, FL",2024-08-05,pm25
12,86,1016,88101,23,25.794222,-80.215556,NAD83,PM2.5 - Local Conditions,24-HR BLK AVG,PM25 24-hour 2012,2022-03-19,Micrograms/cubic meter (LC),,1,100.0,7.2,7.2,0,40.0,738.0,Teledyne T640X at 16.67 LPM (Corrected) - Broadband spectroscopy,Miami Fire Station,"1200 NW 20th St, Miami, FL 33142",Florida,Miami-Dade,Miami,"Miami-Fort Lauderdale-West Palm Beach, FL",2024-08-05,pm25
12,86,1016,88101,23,25.794222,-80.215556,NAD83,PM2.5 - Local Conditions,24-HR BLK AVG,PM25 24-hour 2012,2022-03-20,Micrograms/cubic meter (LC),,1,100.0,7.8,7.8,0,43.0,738.0,Teledyne T640X at 16.67 LPM (Corrected) - Broadband spectroscopy,Miami Fire Station,"1200 NW 20th St, Miami, FL 33142",Florida,Miami-Dade,Miami,"Miami-Fort Lauderdale-West Palm Beach, FL",2024-08-05,pm25
12,86,1016,88101,23,25.794222,-80.215556,NAD83,PM2.5 - Local Conditions,24-HR BLK AVG,PM25 24-hour 2012,2022-03-21,Micrograms/cubic meter (LC),,1,100.0,6.4,6.4,0,36.0,738.0,Teledyne T640X at 16.67 LPM (Corrected) - Broadband spectroscopy,Miami Fire Station,"1200 NW 20th St, Miami, FL 33142",Florida,Miami-Dade,Miami,"Miami-Fort Lauderdale-West Palm Beach, FL",2024-08-05,pm25
12,86,1016,88101,23,25.794222,-80.215556,NAD83,PM2.5 - Local Conditions,24-HR BLK AVG,PM25 24-hour 2012,2022-03-22,Micrograms/cubic meter (LC),,1,100.0,8.1,8.1,0,45.0,738.0,Teledyne T640X at 16.67 LPM (Corrected) - Broadband spectroscopy,Miami Fire Station,"1200 NW 20th St, Miami, FL 33142",Florida,Miami-Dade,Miami,"Miami-Fort Lauderdale-West Palm Beach, FL",2024-08-05,pm25
12,86,1016,88101,23,25.794222,-80.215556,NAD83,PM2.5 - Local Conditions,24-HR BLK AVG,PM25 24-hour 2012,2022-03-23,Micrograms/cubic meter (LC),,1,100.0,7.4,7.4,0,41.0,738.0,Teledyne T640X at 16.67 LPM (Corrected) - Broadband spectroscopy,Miami Fire Station,"1200 NW 20th St, Miami, FL 33142",Florida,Miami-Dade,Miami,"Miami-Fort Lauderdale-West Palm Beach, FL",2024-08-05,pm25
12,86,1016,88101,23,25.794222,-80.215556,NAD83,PM2.5 - Local Conditions,24-HR BLK AVG,PM25 24-hour 2012,2022-03-24,Micrograms/cubic meter (LC),,1,100.0,8.4,8.4,0,47.0,738.0,Teledyne T640X at 16.67 LPM (Corrected) - Broadband spectroscopy,Miami Fire Station,"1200 NW 20th St, Miami, FL 33142",Florida,Miami-Dade,Miami,"Miami-Fort Lauderdale-West Palm Beach, FL",2024-08-05,pm25
12,86,1016,88101,23,25.794222,-80.215556,NAD83,PM2.5 - Local Conditions,24-HR BLK AVG,PM25 24-hour 2012,2022-03-25,Micrograms/cubic meter (LC),,1,100.0,7.2,7.2,0,40.0,738.0,Teledyne T640X at 16.67 LPM (Corrected) - Broadband spectroscopy,Miami Fire Station,"1200 NW 20th St, Miami, FL 33142",Florida,Miami-Dade,Miami,"Miami-Fort Lauderdale-West Palm Beach, FL",2024-08-05,pm25
12,86,1016,88101,23,25.794222,-80.215556,NAD83,PM2.5 - Local Conditions,24-HR BLK AVG,PM25 24-hour 2012,2022-03-26,Micrograms/cubic meter (LC),,1,100.0,8.7,8.7,0,48.0,738.0,Teledyne T640X at 16.67 LPM (Corrected) - Broadband spectroscopy,Miami Fire Station,"1200 NW 20th St, Miami, FL 33142",Florida,Miami-Dade,Miami,"Miami-Fort Lauderdale-West Palm Beach, FL",2024-08-05,pm25
12,86,1016,88101,23,25.794222,-80.215556,NAD83,PM2.5 - Local Conditions,24-HR BLK AVG,PM25 24-hour 2012,2022-03-27,Micrograms/cubic meter (LC),,1,100.0,7.3,7.3,0,41.0,738.0,Teledyne T640X at 16.67 LPM (Corrected) - Broadband spectroscopy,Miami Fire Station,"1200 NW 20th St, Miami, FL 33142",Florida,Miami-Dade,Miami,"Miami-Fort Lauderdale-West Palm Beach, FL",2024-08-05,pm25
12,86,1016,88101,23,25.794222,-80.215556,NAD83,PM2.5 - Local Conditions,24-HR BLK AVG,PM25 24-hour 2012,2022-03-28,Micrograms/cubic meter (LC),,1,100.0,10.6,10.6,0,54.0,738.0,Teledyne T640X at 16.67 LPM (Corrected) - Broadband spectroscopy,Miami Fire Station,"1200 NW 20th St, Miami, FL 33142",Florida,Miami-Dade,Miami,"Miami-Fort Lauderdale-West Palm Beach, FL",2024-08-05,pm25
12,86,1016,88101,23,25.794222,-80.215556,NAD83,PM2.5 - Local Conditions,24-HR BLK AVG,PM25 24-hour 2012,2022-03-29,Micrograms/cubic meter (LC),,1,100.0,8.4,8.4,0,47.0,738.0,Teledyne T640X at 16.67 LPM (Corrected) - Broadband spectroscopy,Miami Fire Station,"1200 NW 20th St, Miami, FL 33142",Florida,Miami-Dade,Miami,"Miami-Fort Lauderdale-West Palm Beach, FL",2024-08-05,pm25
12,86,1016,88101,23,25.794222,-80.215556,NAD83,PM2.5 - Local Conditions,24-HR BLK AVG,PM25 24-hour 2012,2022-03-30,Micrograms/cubic meter (LC),,1,100.0,10.9,10.9,0,54.0,738.0,Teledyne T640X at 16.67 LPM (Corrected) - Broadband spectroscopy,Miami Fire Station,"1200 NW 20th St, Miami, FL 33142",Florida,Miami-Dade,Miami,"Miami-Fort Lauderdale-West Palm Beach, FL",2024-08-05,pm25
12,86,1016,88101,23,25.794222,-80.215556,NAD83,PM2.5 - Local Conditions,24-HR BLK AVG,PM25 24-hour 2012,2022-03-31,Micrograms/cubic meter (LC),,1,100.0,11.5,11.5,0,55.0,738.0,Teledyne T640X at 16.67 LPM (Corrected) - Broadband spectroscopy,Miami Fire Station,"1200 NW 20th St, Miami, FL 33142",Florida,Miami-Dade,Miami,"Miami-Fort Lauderdale-West Palm Beach, FL",2024-08-05,pm25
12,86,1016,88101,23,25.794222,-80.215556,NAD83,PM2.5 - Local Conditions,24-HR BLK AVG,PM25 24-hour 2012,2022-04-01,Micrograms/cubic meter (LC),,1,100.0,10.7,10.7,0,54.0,738.0,Teledyne T640X at 16.67 LPM (Corrected) - Broadband spectroscopy,Miami Fire Station,"1200 NW 20th St, Miami, FL 33142",Florida,Miami-Dade,Miami,"Miami-Fort Lauderdale-West Palm Beach, FL",2024-08-05,pm25
12,86,1016,88101,23,25.794222,-80.215556,NAD83,PM2.5 - Local Conditions,24-HR BLK AVG,PM25 24-hour 2012,2022-04-02,Micrograms/cubic meter (LC),,1,100.0,7.0,7.0,0,39.0,738.0,Teledyne T640X at 16.67 LPM (Corrected) - Broadband spectroscopy,Miami Fire Station,"1200 NW 20th St, Miami, FL 33142",Florida,Miami-Dade,Miami,"Miami-Fort Lauderdale-West Palm Beach, FL",2024-08-05,pm25
12,86,1016,88101,23,25.794222,-80.215556,NAD83,PM2.5 - Local Conditions,24-HR BLK AVG,PM25 24-hour 2012,2022-04-03,Micrograms/cubic meter (LC),,1,100.0,6.7,6.7,0,37.0,738.0,Teledyne T640X at 16.67 LPM (Corrected) - Broadband spectroscopy,Miami Fire Station,"1200 NW 20th St, Miami, FL 33142",Florida,Miami-Dade,Miami,"Miami-Fort Lauderdale-West Palm Beach, FL",2024-08-05,pm25
12,86,1016,88101,23,25.794222,-80.215556,NAD83,PM2.5 - Local Conditions,24-HR BLK AVG,PM25 24-hour 2012,2022-04-04,Micrograms/cubic meter (LC),,1,100.0,5.9,5.9,0,33.0,738.0,Teledyne T640X at 16.67 LPM (Corrected) - Broadband spectroscopy,Miami Fire Station,"1200 NW 20th St, Miami, FL 33142",Florida,Miami-Dade,Miami,"Miami-Fort Lauderdale-West Palm Beach, FL",2024-08-05,pm25
12,86,1016,88101,23,25.794222,-80.215556,NAD83,PM2.5 - Local Conditions,24-HR BLK AVG,PM25 24-hour 2012,2022-04-05,Micrograms/cubic meter (LC),,1,100.0,6.4,6.4,0,36.0,738.0,Teledyne T640X at 16.67 LPM (Corrected) - Broadband spectroscopy,Miami Fire Station,"1200 NW 20th St, Miami, FL 33142",Florida,Miami-Dade,Miami,"Miami-Fort Lauderdale-West Palm Beach, FL",2024-08-05,pm25
12,86,1016,88101,23,25.794222,-80.215556,NAD83,PM2.5 - Local Conditions,24-HR BLK AVG,PM25 24-hour 2012,2022-04-06,Micrograms/cubic meter (LC),,1,100.0,8.7,8.7,0,48.0,738.0,Teledyne T640X at 16.67 LPM (Corrected) - Broadband spectroscopy,Miami Fire Station,"1200 NW 20th St, Miami, FL 33142",Florida,Miami-Dade,Miami,"Miami-Fort Lauderdale-West Palm Beach, FL",2024-08-05,pm25
12,86,1016,88101,23,25.794222,-80.215556,NAD83,PM2.5 - Local Conditions,24-HR BLK AVG,PM25 24-hour 2012,2022-04-07,Micrograms/cubic meter (LC),,1,100.0,9.2,9.2,0,51.0,738.0,Teledyne T640X at 16.67 LPM (Corrected) - Broadband spectroscopy,Miami Fire Station,"1200 NW 20th St, Miami, FL 33142",Florida,Miami-Dade,Miami,"Miami-Fort Lauderdale-West Palm Beach, FL",2024-08-05,pm25
12,86,1016,88101,23,25.794222,-80.215556,NAD83,PM2.5 - Local Conditions,24-HR BLK AVG,PM25 24-hour 2012,2022-04-08,Micrograms/cubic meter (LC),,1,100.0,8.8,8.8,0,49.0,738.0,Teledyne T640X at 16.67 LPM (Corrected) - Broadband spectroscopy,Miami Fire Station,"1200 NW 20th St, Miami, FL 33142",Florida,Miami-Dade,Miami,"Miami-Fort Lauderdale-West Palm Beach, FL",2024-08-05,pm25
12,86,1016,88101,23,25.794222,-80.215556,NAD83,PM2.5 - Local Conditions,24-HR BLK AVG,PM25 24-hour 2012,2022-04-09,Micrograms/cubic meter (LC),,1,100.0,7.3,7.3,0,41.0,738.0,Teledyne T640X at 16.67 LPM (Corrected) - Broadband spectroscopy,Miami Fire Station,"1200 NW 20th St, Miami, FL 33142",Florida,Miami-Dade,Miami,"Miami-Fort Lauderdale-West Palm Beach, FL",2024-08-05,pm25
12,86,1016,88101,23,25.794222,-80.215556,NAD83,PM2.5 - Local Conditions,24-HR BLK AVG,PM25 24-hour 2012,2022-04-10,Micrograms/cubic meter (LC),,1,100.0,6.1,6.1,0,34.0,738.0,Teledyne T640X at 16.67 LPM (Corrected) - Broadband spectroscopy,Miami Fire Station,"1200 NW 20th St, Miami, FL 33142",Florida,Miami-Dade,Miami,"Miami-Fort Lauderdale-West Palm Beach, FL",2024-08-05,pm25
12,86,1016,88101,23,25.794222,-80.215556,NAD83,PM2.5 - Local Conditions,24-HR BLK AVG,PM25 24-hour 2012,2022-04-11,Micrograms/cubic meter (LC),,1,100.0,4.9,4.9,0,27.0,738.0,Teledyne T640X at 16.67 LPM (Corrected) - Broadband spectroscopy,Miami Fire Station,"1200 NW 20th St, Miami, FL 33142",Florida,Miami-Dade,Miami,"Miami-Fort Lauderdale-West Palm Beach, FL",2024-08-05,pm25
12,86,1016,88101,23,25.794222,-80.215556,NAD83,PM2.5 - Local Conditions,24-HR BLK AVG,PM25 24-hour 2012,2022-04-12,Micrograms/cubic meter (LC),,1,100.0,6.2,6.2,0,34.0,738.0,Teledyne T640X at 16.67 LPM (Corrected) - Broadband spectroscopy,Miami Fire Station,"1200 NW 20th St, Miami, FL 33142",Florida,Miami-Dade,Miami,"Miami-Fort Lauderdale-West Palm Beach, FL",2024-08-05,pm25
12,86,1016,88101,23,25.794222,-80.215556,NAD83,PM2.5 - Local Conditions,24-HR BLK AVG,PM25 24-hour 2012,2022-04-13,Micrograms/cubic meter (LC),,1,100.0,8.9,8.9,0,49.0,738.0,Teledyne T640X at 16.67 LPM (Corrected) - Broadband spectroscopy,Miami Fire Station,"1200 NW 20th St, Miami, FL 33142",Florida,Miami-Dade,Miami,"Miami-Fort Lauderdale-West Palm Beach, FL",2024-08-05,pm25
12,86,1016,88101,23,25.794222,-80.215556,NAD83,PM2.5 - Local Conditions,24-HR BLK AVG,PM25 24-hour 2012,2022-04-14,Micrograms/cubic meter (LC),,1,100.0,10.0,10.0,0,53.0,738.0,Teledyne T640X at 16.67 LPM (Corrected) - Broadband spectroscopy,Miami Fire Station,"1200 NW 20th St, Miami, FL 33142",Florida,Miami-Dade,Miami,"Miami-Fort Lauderdale-West Palm Beach, FL",2024-08-05,pm25
12,86,1016,88101,23,25.794222,-80.215556,NAD83,PM2.5 - Local Conditions,24-HR BLK AVG,PM25 24-hour 2012,2022-04-15,Micrograms/cubic meter (LC),,1,100.0,6.7,6.7,0,37.0,738.0,Teledyne T640X at 16.67 LPM (Corrected) - Broadband spectroscopy,Miami Fire Station,"1200 NW 20th St, Miami, FL 33142",Florida,Miami-Dade,Miami,"Miami-Fort Lauderdale-West Palm Beach, FL",2024-08-05,pm25
12,86,1016,88101,23,25.794222,-80.215556,NAD83,PM2.5 - Local Conditions,24-HR BLK AVG,PM25 24-hour 2012,2022-04-16,Micrograms/cubic meter (LC),,1,100.0,5.7,5.7,0,32.0,738.0,Teledyne T640X at 16.67 LPM (Corrected) - Broadband spectroscopy,Miami Fire Station,"1200 NW 20th St, Miami, FL 33142",Florida,Miami-Dade,Miami,"Miami-Fort Lauderdale-West Palm Beach, FL",2024-08-05,pm25
12,86,1016,88101,23,25.794222,-80.215556,NAD83,PM2.5 - Local Conditions,24-HR BLK AVG,PM25 24-hour 2012,2022-04-17,Micrograms/cubic meter (LC),,1,100.0,4.4,4.4,0,24.0,738.0,Teledyne T640X at 16.67 LPM (Corrected) - Broadband spectroscopy,Miami Fire Station,"1200 NW 20th St, Miami, FL 33142",Florida,Miami-Dade,Miami,"Miami-Fort Lauderdale-West Palm Beach, FL",2024-08-05,pm25
12,86,1016,88101,23,25.794222,-80.215556,NAD83,PM2.5 - Local Conditions,24-HR BLK AVG,PM25 24-hour 2012,2022-04-18,Micrograms/cubic meter (LC),,1,100.0,3.9,3.9,0,22.0,738.0,Teledyne T640X at 16.67 LPM (Corrected) - Broadband spectroscopy,Miami Fire Station,"1200 NW 20th St, Miami, FL 33142",Florida,Miami-Dade,Miami,"Miami-Fort Lauderdale-West Palm Beach, FL",2024-08-05,pm25
12,86,1016,88101,23,25.794222,-80.215556,NAD83,PM2.5 - Local Conditions,24-HR BLK AVG,PM25 24-hour 2012,2022-04-19,Micrograms/cubic meter (LC),,1,100.0,7.8,7.8,0,43.0,738.0,Teledyne T640X at 16.67 LPM (Corrected) - Broadband spectroscopy,Miami Fire Station,"1200 NW 20th St, Miami, FL 33142",Florida,Miami-Dade,Miami,"Miami-Fort Lauderdale-West Palm Beach, FL",2024-08-05,pm25
12,86,1016,88101,23,25.794222,-80.215556,NAD83,PM2.5 - Local Conditions,24-HR BLK AVG,PM25 24-hour 2012,2022-04-20,Micrograms/cubic meter (LC),,1,100.0,8.0,8.0,0,44.0,738.0,Teledyne T640X at 16.67 LPM (Corrected) - Broadband spectroscopy,Miami Fire Station,"1200 NW 20th St, Miami, FL 33142",Florida,Miami-Dade,Miami,"Miami-Fort Lauderdale-West Palm Beach, FL",2024-08-05,pm25
12,86,1016,88101,23,25.794222,-80.215556,NAD83,PM2.5 - Local Conditions,24-HR BLK AVG,PM25 24-hour 2012,2022-04-21,Micrograms/cubic meter (LC),,1,100.0,9.3,9.3,0,51.0,738.0,Teledyne T640X at 16.67 LPM (Corrected) - Broadband spectroscopy,Miami Fire Station,"1200 NW 20th St, Miami, FL 33142",Florida,Miami-Dade,Miami,"Miami-Fort Lauderdale-West Palm Beach, FL",2024-08-05,pm25
12,86,1016,88101,23,25.794222,-80.215556,NAD83,PM2.5 - Local Conditions,24-HR BLK AVG,PM25 24-hour 2012,2022-04-22,Micrograms/cubic meter (LC),,1,100.0,9.6,9.6,0,52.0,738.0,Teledyne T640X at 16.67 LPM (Corrected) - Broadband spectroscopy,Miami Fire Station,"1200 NW 20th St, Miami, FL 33142",Florida,Miami-Dade,Miami,"Miami-Fort Lauderdale-West Palm Beach, FL",2024-08-05,pm25
12,86,1016,88101,23,25.794222,-80.215556,NAD83,PM2.5 - Local Conditions,24-HR BLK AVG,PM25 24-hour 2012,2022-04-23,Micrograms/cubic meter (LC),,1,100.0,7.6,7.6,0,42.0,738.0,Teledyne T640X at 16.67 LPM (Corrected) - Broadband spectroscopy,Miami Fire Station,"1200 NW 20th St, Miami, FL 33142",Florida,Miami-Dade,Miami,"Miami-Fort Lauderdale-West Palm Beach, FL",2024-08-05,pm25
12,86,1016,88101,23,25.794222,-80.215556,NAD83,PM2.5 - Local Conditions,24-HR BLK AVG,PM25 24-hour 2012,2022-04-24,Micrograms/cubic meter (LC),,1,100.0,5.8,5.8,0,32.0,738.0,Teledyne T640X at 16.67 LPM (Corrected) - Broadband spectroscopy,Miami Fire Station,"1200 NW 20th St, Miami, FL 33142",Florida,Miami-Dade,Miami,"Miami-Fort Lauderdale-West Palm Beach, FL",2024-08-05,pm25
12,86,1016,88101,23,25.794222,-80.215556,NAD83,PM2.5 - Local Conditions,24-HR BLK AVG,PM25 24-hour 2012,2022-04-25,Micrograms/cubic meter (LC),,1,100.0,6.8,6.8,0,38.0,738.0,Teledyne T640X at 16.67 LPM (Corrected) - Broadband spectroscopy,Miami Fire Station,"1200 NW 20th St, Miami, FL 33142",Florida,Miami-Dade,Miami,"Miami-Fort Lauderdale-West Palm Beach, FL",2024-08-05,pm25
12,86,1016,88101,23,25.794222,-80.215556,NAD83,PM2.5 - Local Conditions,24-HR BLK AVG,PM25 24-hour 2012,2022-04-26,Micrograms/cubic meter (LC),,1,100.0,6.7,6.7,0,37.0,738.0,Teledyne T640X at 16.67 LPM (Corrected) - Broadband spectroscopy,Miami Fire Station,"1200 NW 20th St, Miami, FL 33142",Florida,Miami-Dade,Miami,"Miami-Fort Lauderdale-West Palm Beach, FL",2024-08-05,pm25
12,86,1016,88101,23,25.794222,-80.215556,NAD83,PM2.5 - Local Conditions,24-HR BLK AVG,PM25 24-hour 2012,2022-04-27,Micrograms/cubic meter (LC),,1,100.0,7.4,7.4,0,41.0,738.0,Teledyne T640X at 16.67 LPM (Corrected) - Broadband spectroscopy,Miami Fire Station,"1200 NW 20th St, Miami, FL 33142",Florida,Miami-Dade,Miami,"Miami-Fort Lauderdale-West Palm Beach, FL",2024-08-05,pm25
12,86,1016,88101,23,25.794222,-80.215556,NAD83,PM2.5 - Local Conditions,24-HR BLK AVG,PM25 24-hour 2012,2022-04-28,Micrograms/cubic meter (LC),,1,100.0,8.3,8.3,0,46.0,738.0,Teledyne T640X at 16.67 LPM (Corrected) - Broadband spectroscopy,Miami Fire Station,"1200 NW 20th St, Miami, FL 33142",Florida,Miami-Dade,Miami,"Miami-Fort Lauderdale-West Palm Beach, FL",2024-08-05,pm25
12,86,1016,88101,23,25.794222,-80.215556,NAD83,PM2.5 - Local Conditions,24-HR BLK AVG,PM25 24-hour 2012,2022-04-29,Micrograms/cubic meter (LC),,1,100.0,7.4,7.4,0,41.0,738.0,Teledyne T640X at 16.67 LPM (Corrected) - Broadband spectroscopy,Miami Fire Station,"1200 NW 20th St, Miami, FL 33142",Florida,Miami-Dade,Miami,"Miami-Fort Lauderdale-West Palm Beach, FL",2024-08-05,pm25
12,86,1016,88101,23,25.794222,-80.215556,NAD83,PM2.5 - Local Conditions,24-HR BLK AVG,PM25 24-hour 2012,2022-04-30,Micrograms/cubic meter (LC),,1,100.0,5.8,5.8,0,32.0,738.0,Teledyne T640X at 16.67 LPM (Corrected) - Broadband spectroscopy,Miami Fire Station,"1200 NW 20th St, Miami, FL 33142",Florida,Miami-Dade,Miami,"Miami-Fort Lauderdale-West Palm Beach, FL",2024-08-05,pm25
12,86,1016,88101,23,25.794222,-80.215556,NAD83,PM2.5 - Local Conditions,24-HR BLK AVG,PM25 24-hour 2012,2022-05-01,Micrograms/cubic meter (LC),,1,100.0,6.5,6.5,0,36.0,738.0,Teledyne T640X at 16.67 LPM (Corrected) - Broadband spectroscopy,Miami Fire Station,"1200 NW 20th St, Miami, FL 33142",Florida,Miami-Dade,Miami,"Miami-Fort Lauderdale-West Palm Beach, FL",2024-08-05,pm25
12,86,1016,88101,23,25.794222,-80.215556,NAD83,PM2.5 - Local Conditions,24-HR BLK AVG,PM25 24-hour 2012,2022-05-02,Micrograms/cubic meter (LC),,1,100.0,8.0,8.0,0,44.0,738.0,Teledyne T640X at 16.67 LPM (Corrected) - Broadband spectroscopy,Miami Fire Station,"1200 NW 20th St, Miami, FL 33142",Florida,Miami-Dade,Miami,"Miami-Fort Lauderdale-West Palm Beach, FL",2024-08-05,pm25
12,86,1016,88101,23,25.794222,-80.215556,NAD83,PM2.5 - Local Conditions,24-HR BLK AVG,PM25 24-hour 2012,2022-05-03,Micrograms/cubic meter (LC),,1,100.0,8.0,8.0,0,44.0,738.0,Teledyne T640X at 16.67 LPM (Corrected) - Broadband spectroscopy,Miami Fire Station,"1200 NW 20th St, Miami, FL 33142",Florida,Miami-Dade,Miami,"Miami-Fort Lauderdale-West Palm Beach, FL",2024-08-05,pm25
12,86,1016,88101,23,25.794222,-80.215556,NAD83,PM2.5 - Local Conditions,24-HR BLK AVG,PM25 24-hour 2012,2022-05-04,Micrograms/cubic meter (LC),,1,100.0,7.0,7.0,0,39.0,738.0,Teledyne T640X at 16.67 LPM (Corrected) - Broadband spectroscopy,Miami Fire Station,"1200 NW 20th St, Miami, FL 33142",Florida,Miami-Dade,Miami,"Miami-Fort Lauderdale-West Palm Beach, FL",2024-08-05,pm25
12,86,1016,88101,23,25.794222,-80.215556,NAD83,PM2.5 - Local Conditions,24-HR BLK AVG,PM25 24-hour 2012,2022-05-05,Micrograms/cubic meter (LC),,1,100.0,8.1,8.1,0,45.0,738.0,Teledyne T640X at 16.67 LPM (Corrected) - Broadband spectroscopy,Miami Fire Station,"1200 NW 20th St, Miami, FL 33142",Florida,Miami-Dade,Miami,"Miami-Fort Lauderdale-West Palm Beach, FL",2024-08-05,pm25
12,86,1016,88101,23,25.794222,-80.215556,NAD83,PM2.5 - Local Conditions,24-HR BLK AVG,PM25 24-hour 2012,2022-05-06,Micrograms/cubic meter (LC),,1,100.0,9.0,9.0,0,50.0,738.0,Teledyne T640X at 16.67 LPM (Corrected) - Broadband spectroscopy,Miami Fire Station,"1200 NW 20th St, Miami, FL 33142",Florida,Miami-Dade,Miami,"Miami-Fort Lauderdale-West Palm Beach, FL",2024-08-05,pm25
12,86,1016,88101,23,25.794222,-80.215556,NAD83,PM2.5 - Local Conditions,24-HR BLK AVG,PM25 24-hour 2012,2022-05-07,Micrograms/cubic meter (LC),,1,100.0,9.8,9.8,0,52.0,738.0,Teledyne T640X at 16.67 LPM (Corrected) - Broadband spectroscopy,Miami Fire Station,"1200 NW 20th St, Miami, FL 33142",Florida,Miami-Dade,Miami,"Miami-Fort Lauderdale-West Palm Beach, FL",2024-08-05,pm25
12,86,1016,88101,23,25.794222,-80.215556,NAD83,PM2.5 - Local Conditions,24-HR BLK AVG,PM25 24-hour 2012,2022-05-08,Micrograms/cubic meter (LC),,1,100.0,7.0,7.0,0,39.0,738.0,Teledyne T640X at 16.67 LPM (Corrected) - Broadband spectroscopy,Miami Fire Station,"1200 NW 20th St, Miami, FL 33142",Florida,Miami-Dade,Miami,"Miami-Fort Lauderdale-West Palm Beach, FL",2024-08-05,pm25
12,86,1016,88101,23,25.794222,-80.215556,NAD83,PM2.5 - Local Conditions,24-HR BLK AVG,PM25 24-hour 2012,2022-05-09,Micrograms/cubic meter (LC),,1,100.0,8.2,8.2,0,46.0,738.0,Teledyne T640X at 16.67 LPM (Corrected) - Broadband spectroscopy,Miami Fire Station,"1200 NW 20th St, Miami, FL 33142",Florida,Miami-Dade,Miami,"Miami-Fort Lauderdale-West Palm Beach, FL",2024-08-05,pm25
12,86,1016,88101,23,25.794222,-80.215556,NAD83,PM2.5 - Local Conditions,24-HR BLK AVG,PM25 24-hour 2012,2022-05-10,Micrograms/cubic meter (LC),,1,100.0,6.3,6.3,0,35.0,738.0,Teledyne T640X at 16.67 LPM (Corrected) - Broadband spectroscopy,Miami Fire Station,"1200 NW 20th St, Miami, FL 33142",Florida,Miami-Dade,Miami,"Miami-Fort Lauderdale-West Palm Beach, FL",2024-08-05,pm25
12,86,1016,88101,23,25.794222,-80.215556,NAD83,PM2.5 - Local Conditions,24-HR BLK AVG,PM25 24-hour 2012,2022-05-11,Micrograms/cubic meter (LC),,1,100.0,6.4,6.4,0,36.0,738.0,Teledyne T640X at 16.67 LPM (Corrected) - Broadband spectroscopy,Miami Fire Station,"1200 NW 20th St, Miami, FL 33142",Florida,Miami-Dade,Miami,"Miami-Fort Lauderdale-West Palm Beach, FL",2024-08-05,pm25
12,86,1016,88101,23,25.794222,-80.215556,NAD83,PM2.5 - Local Conditions,24-HR BLK AVG,PM25 24-hour 2012,2022-05-12,Micrograms/cubic meter (LC),,1,100.0,4.1,4.1,0,23.0,738.0,Teledyne T640X at 16.67 LPM (Corrected) - Broadband spectroscopy,Miami Fire Station,"1200 NW 20th St, Miami, FL 33142",Florida,Miami-Dade,Miami,"Miami-Fort Lauderdale-West Palm Beach, FL",2024-08-05,pm25
12,86,1016,88101,23,25.794222,-80.215556,NAD83,PM2.5 - Local Conditions,24-HR BLK AVG,PM25 24-hour 2012,2022-05-13,Micrograms/cubic meter (LC),,1,100.0,4.2,4.2,0,23.0,738.0,Teledyne T640X at 16.67 LPM (Corrected) - Broadband spectroscopy,Miami Fire Station,"1200 NW 20th St, Miami, FL 33142",Florida,Miami-Dade,Miami,"Miami-Fort Lauderdale-West Palm Beach, FL",2024-08-05,pm25
12,86,1016,88101,23,25.794222,-80.215556,NAD83,PM2.5 - Local Conditions,24-HR BLK AVG,PM25 24-hour 2012,2022-05-14,Micrograms/cubic meter (LC),,1,100.0,5.8,5.8,0,32.0,738.0,Teledyne T640X at 16.67 LPM (Corrected) - Broadband spectroscopy,Miami Fire Station,"1200 NW 20th St, Miami, FL 33142",Florida,Miami-Dade,Miami,"Miami-Fort Lauderdale-West Palm Beach, FL",2024-08-05,pm25
12,86,1016,88101,23,25.794222,-80.215556,NAD83,PM2.5 - Local Conditions,24-HR BLK AVG,PM25 24-hour 2012,2022-05-15,Micrograms/cubic meter (LC),,1,100.0,4.5,4.5,0,25.0,738.0,Teledyne T640X at 16.67 LPM (Corrected) - Broadband spectroscopy,Miami Fire Station,"1200 NW 20th St, Miami, FL 33142",Florida,Miami-Dade,Miami,"Miami-Fort Lauderdale-West Palm Beach, FL",2024-08-05,pm25
12,86,1016,88101,23,25.794222,-80.215556,NAD83,PM2.5 - Local Conditions,24-HR BLK AVG,PM25 24-hour 2012,2022-05-16,Micrograms/cubic meter (LC),,1,100.0,6.9,6.9,0,38.0,738.0,Teledyne T640X at 16.67 LPM (Corrected) - Broadband spectroscopy,Miami Fire Station,"1200 NW 20th St, Miami, FL 33142",Florida,Miami-Dade,Miami,"Miami-Fort Lauderdale-West Palm Beach, FL",2024-08-05,pm25
12,86,1016,88101,23,25.794222,-80.215556,NAD83,PM2.5 - Local Conditions,24-HR BLK AVG,PM25 24-hour 2012,2022-05-17,Micrograms/cubic meter (LC),,1,100.0,5.8,5.8,0,32.0,738.0,Teledyne T640X at 16.67 LPM (Corrected) - Broadband spectroscopy,Miami Fire Station,"1200 NW 20th St, Miami, FL 33142",Florida,Miami-Dade,Miami,"Miami-Fort Lauderdale-West Palm Beach, FL",2024-08-05,pm25
12,86,1016,88101,23,25.794222,-80.215556,NAD83,PM2.5 - Local Conditions,24-HR BLK AVG,PM25 24-hour 2012,2022-05-18,Micrograms/cubic meter (LC),,1,100.0,5.2,5.2,0,29.0,738.0,Teledyne T640X at 16.67 LPM (Corrected) - Broadband spectroscopy,Miami Fire Station,"1200 NW 20th St, Miami, FL 33142",Florida,Miami-Dade,Miami,"Miami-Fort Lauderdale-West Palm Beach, FL",2024-08-05,pm25
12,86,1016,88101,23,25.794222,-80.215556,NAD83,PM2.5 - Local Conditions,24-HR BLK AVG,PM25 24-hour 2012,2022-05-19,Micrograms/cubic meter (LC),,1,100.0,3.6,3.6,0,20.0,738.0,Teledyne T640X at 16.67 LPM (Corrected) - Broadband spectroscopy,Miami Fire Station,"1200 NW 20th St, Miami, FL 33142",Florida,Miami-Dade,Miami,"Miami-Fort Lauderdale-West Palm Beach, FL",2024-08-05,pm25
12,86,1016,88101,23,25.794222,-80.215556,NAD83,PM2.5 - Local Conditions,24-HR BLK AVG,PM25 24-hour 2012,2022-05-20,Micrograms/cubic meter (LC),,1,100.0,8.9,8.9,0,49.0,738.0,Teledyne T640X at 16.67 LPM (Corrected) - Broadband spectroscopy,Miami Fire Station,"1200 NW 20th St, Miami, FL 33142",Florida,Miami-Dade,Miami,"Miami-Fort Lauderdale-West Palm Beach, FL",2024-08-05,pm25
12,86,1016,88101,23,25.794222,-80.215556,NAD83,PM2.5 - Local Conditions,24-HR BLK AVG,PM25 24-hour 2012,2022-05-21,Micrograms/cubic meter (LC),,1,100.0,24.1,24.1,0,79.0,738.0,Teledyne T640X at 16.67 LPM (Corrected) - Broadband spectroscopy,Miami Fire Station,"1200 NW 20th St, Miami, FL 33142",Florida,Miami-Dade,Miami,"Miami-Fort Lauderdale-West Palm Beach, FL",2024-08-05,pm25
12,86,1016,88101,23,25.794222,-80.215556,NAD83,PM2.5 - Local Conditions,24-HR BLK AVG,PM25 24-hour 2012,2022-05-22,Micrograms/cubic meter (LC),,1,100.0,14.6,14.6,0,61.0,738.0,Teledyne T640X at 16.67 LPM (Corrected) - Broadband spectroscopy,Miami Fire Station,"1200 NW 20th St, Miami, FL 33142",Florida,Miami-Dade,Miami,"Miami-Fort Lauderdale-West Palm Beach, FL",2024-08-05,pm25
12,86,1016,88101,23,25.794222,-80.215556,NAD83,PM2.5 - Local Conditions,24-HR BLK AVG,PM25 24-hour 2012,2022-05-23,Micrograms/cubic meter (LC),,1,100.0,6.4,6.4,0,36.0,738.0,Teledyne T640X at 16.67 LPM (Corrected) - Broadband spectroscopy,Miami Fire Station,"1200 NW 20th St, Miami, FL 33142",Florida,Miami-Dade,Miami,"Miami-Fort Lauderdale-West Palm Beach, FL",2024-08-05,pm25
12,86,1016,88101,23,25.794222,-80.215556,NAD83,PM2.5 - Local Conditions,24-HR BLK AVG,PM25 24-hour 2012,2022-05-24,Micrograms/cubic meter (LC),,1,100.0,6.3,6.3,0,35.0,738.0,Teledyne T640X at 16.67 LPM (Corrected) - Broadband spectroscopy,Miami Fire Station,"1200 NW 20th St, Miami, FL 33142",Florida,Miami-Dade,Miami,"Miami-Fort Lauderdale-West Palm Beach, FL",2024-08-05,pm25
12,86,1016,88101,23,25.794222,-80.215556,NAD83,PM2.5 - Local Conditions,24-HR BLK AVG,PM25 24-hour 2012,2022-05-25,Micrograms/cubic meter (LC),,1,100.0,7.7,7.7,0,43.0,738.0,Teledyne T640X at 16.67 LPM (Corrected) - Broadband spectroscopy,Miami Fire Station,"1200 NW 20th St, Miami, FL 33142",Florida,Miami-Dade,Miami,"Miami-Fort Lauderdale-West Palm Beach, FL",2024-08-05,pm25
12,86,1016,88101,23,25.794222,-80.215556,NAD83,PM2.5 - Local Conditions,24-HR BLK AVG,PM25 24-hour 2012,2022-05-26,Micrograms/cubic meter (LC),,1,100.0,7.5,7.5,0,42.0,738.0,Teledyne T640X at 16.67 LPM (Corrected) - Broadband spectroscopy,Miami Fire Station,"1200 NW 20th St, Miami, FL 33142",Florida,Miami-Dade,Miami,"Miami-Fort Lauderdale-West Palm Beach, FL",2024-08-05,pm25
12,86,1016,88101,23,25.794222,-80.215556,NAD83,PM2.5 - Local Conditions,24-HR BLK AVG,PM25 24-hour 2012,2022-05-27,Micrograms/cubic meter (LC),,1,100.0,5.9,5.9,0,33.0,738.0,Teledyne T640X at 16.67 LPM (Corrected) - Broadband spectroscopy,Miami Fire Station,"1200 NW 20th St, Miami, FL 33142",Florida,Miami-Dade,Miami,"Miami-Fort Lauderdale-West Palm Beach, FL",2024-08-05,pm25
12,86,1016,88101,23,25.794222,-80.215556,NAD83,PM2.5 - Local Conditions,24-HR BLK AVG,PM25 24-hour 2012,2022-05-28,Micrograms/cubic meter (LC),,1,100.0,6.0,6.0,0,33.0,738.0,Teledyne T640X at 16.67 LPM (Corrected) - Broadband spectroscopy,Miami Fire Station,"1200 NW 20th St, Miami, FL 33142",Florida,Miami-Dade,Miami,"Miami-Fort Lauderdale-West Palm Beach, FL",2024-08-05,pm25
12,86,1016,88101,23,25.794222,-80.215556,NAD83,PM2.5 - Local Conditions,24-HR BLK AVG,PM25 24-hour 2012,2022-05-29,Micrograms/cubic meter (LC),,1,100.0,7.4,7.4,0,41.0,738.0,Teledyne T640X at 16.67 LPM (Corrected) - Broadband spectroscopy,Miami Fire Station,"1200 NW 20th St, Miami, FL 33142",Florida,Miami-Dade,Miami,"Miami-Fort Lauderdale-West Palm Beach, FL",2024-08-05,pm25
12,86,1016,88101,23,25.794222,-80.215556,NAD83,PM2.5 - Local Conditions,24-HR BLK AVG,PM25 24-hour 2012,2022-05-30,Micrograms/cubic meter (LC),,1,100.0,4.6,4.6,0,26.0,738.0,Teledyne T640X at 16.67 LPM (Corrected) - Broadband spectroscopy,Miami Fire Station,"1200 NW 20th St, Miami, FL 33142",Florida,Miami-Dade,Miami,"Miami-Fort Lauderdale-West Palm Beach, FL",2024-08-05,pm25
12,86,1016,88101,23,25.794222,-80.215556,NAD83,PM2.5 - Local Conditions,24-HR BLK AVG,PM25 24-hour 2012,2022-05-31,Micrograms/cubic meter (LC),,1,100.0,4.2,4.2,0,23.0,738.0,Teledyne T640X at 16.67 LPM (Corrected) - Broadband spectroscopy,Miami Fire Station,"1200 NW 20th St, Miami, FL 33142",Florida,Miami-Dade,Miami,"Miami-Fort Lauderdale-West Palm Beach, FL",2024-08-05,pm25
12,86,1016,88101,23,25.794222,-80.215556,NAD83,PM2.5 - Local Conditions,24-HR BLK AVG,PM25 24-hour 2012,2022-06-01,Micrograms/cubic meter (LC),,1,100.0,5.1,5.1,0,28.0,738.0,Teledyne T640X at 16.67 LPM (Corrected) - Broadband spectroscopy,Miami Fire Station,"1200 NW 20th St, Miami, FL 33142",Florida,Miami-Dade,Miami,"Miami-Fort Lauderdale-West Palm Beach, FL",2024-08-05,pm25
12,86,1016,88101,23,25.794222,-80.215556,NAD83,PM2.5 - Local Conditions,24-HR BLK AVG,PM25 24-hour 2012,2022-06-02,Micrograms/cubic meter (LC),,1,100.0,4.7,4.7,0,26.0,738.0,Teledyne T640X at 16.67 LPM (Corrected) - Broadband spectroscopy,Miami Fire Station,"1200 NW 20th St, Miami, FL 33142",Florida,Miami-Dade,Miami,"Miami-Fort Lauderdale-West Palm Beach, FL",2024-08-05,pm25
12,86,1016,88101,23,25.794222,-80.215556,NAD83,PM2.5 - Local Conditions,24-HR BLK AVG,PM25 24-hour 2012,2022-06-03,Micrograms/cubic meter (LC),,1,100.0,5.7,5.7,0,32.0,738.0,Teledyne T640X at 16.67 LPM (Corrected) - Broadband spectroscopy,Miami Fire Station,"1200 NW 20th St, Miami, FL 33142",Florida,Miami-Dade,Miami,"Miami-Fort Lauderdale-West Palm Beach, FL",2024-08-05,pm25
12,86,1016,88101,23,25.794222,-80.215556,NAD83,PM2.5 - Local Conditions,24-HR BLK AVG,PM25 24-hour 2012,2022-06-04,Micrograms/cubic meter (LC),,1,100.0,4.9,4.9,0,27.0,738.0,Teledyne T640X at 16.67 LPM (Corrected) - Broadband spectroscopy,Miami Fire Station,"1200 NW 20th St, Miami, FL 33142",Florida,Miami-Dade,Miami,"Miami-Fort Lauderdale-West Palm Beach, FL",2024-08-05,pm25
12,86,1016,88101,23,25.794222,-80.215556,NAD83,PM2.5 - Local Conditions,24-HR BLK AVG,PM25 24-hour 2012,2022-06-05,Micrograms/cubic meter (LC),,1,100.0,4.5,4.5,0,25.0,738.0,Teledyne T640X at 16.67 LPM (Corrected) - Broadband spectroscopy,Miami Fire Station,"1200 NW 20th St, Miami, FL 33142",Florida,Miami-Dade,Miami,"Miami-Fort Lauderdale-West Palm Beach, FL",2024-08-05,pm25
12,86,1016,88101,23,25.794222,-80.215556,NAD83,PM2.5 - Local Conditions,24-HR BLK AVG,PM25 24-hour 2012,2022-06-06,Micrograms/cubic meter (LC),,1,100.0,5.7,5.7,0,32.0,738.0,Teledyne T640X at 16.67 LPM (Corrected) - Broadband spectroscopy,Miami Fire Station,"1200 NW 20th St, Miami, FL 33142",Florida,Miami-Dade,Miami,"Miami-Fort Lauderdale-West Palm Beach, FL",2024-08-05,pm25
12,86,1016,88101,23,25.794222,-80.215556,NAD83,PM2.5 - Local Conditions,24-HR BLK AVG,PM25 24-hour 2012,2022-06-07,Micrograms/cubic meter (LC),,1,100.0,4.4,4.4,0,24.0,738.0,Teledyne T640X at 16.67 LPM (Corrected) - Broadband spectroscopy,Miami Fire Station,"1200 NW 20th St, Miami, FL 33142",Florida,Miami-Dade,Miami,"Miami-Fort Lauderdale-West Palm Beach, FL",2024-08-05,pm25
12,86,1016,88101,23,25.794222,-80.215556,NAD83,PM2.5 - Local Conditions,24-HR BLK AVG,PM25 24-hour 2012,2022-06-08,Micrograms/cubic meter (LC),,1,100.0,6.4,6.4,0,36.0,738.0,Teledyne T640X at 16.67 LPM (Corrected) - Broadband spectroscopy,Miami Fire Station,"1200 NW 20th St, Miami, FL 33142",Florida,Miami-Dade,Miami,"Miami-Fort Lauderdale-West Palm Beach, FL",2024-08-05,pm25
12,86,1016,88101,23,25.794222,-80.215556,NAD83,PM2.5 - Local Conditions,24-HR BLK AVG,PM25 24-hour 2012,2022-06-09,Micrograms/cubic meter (LC),,1,100.0,7.3,7.3,0,41.0,738.0,Teledyne T640X at 16.67 LPM (Corrected) - Broadband spectroscopy,Miami Fire Station,"1200 NW 20th St, Miami, FL 33142",Florida,Miami-Dade,Miami,"Miami-Fort Lauderdale-West Palm Beach, FL",2024-08-05,pm25
12,86,1016,88101,23,25.794222,-80.215556,NAD83,PM2.5 - Local Conditions,24-HR BLK AVG,PM25 24-hour 2012,2022-06-10,Micrograms/cubic meter (LC),,1,100.0,6.6,6.6,0,37.0,738.0,Teledyne T640X at 16.67 LPM (Corrected) - Broadband spectroscopy,Miami Fire Station,"1200 NW 20th St, Miami, FL 33142",Florida,Miami-Dade,Miami,"Miami-Fort Lauderdale-West Palm Beach, FL",2024-08-05,pm25
12,86,1016,88101,23,25.794222,-80.215556,NAD83,PM2.5 - Local Conditions,24-HR BLK AVG,PM25 24-hour 2012,2022-06-11,Micrograms/cubic meter (LC),,1,100.0,7.7,7.7,0,43.0,738.0,Teledyne T640X at 16.67 LPM (Corrected) - Broadband spectroscopy,Miami Fire Station,"1200 NW 20th St, Miami, FL 33142",Florida,Miami-Dade,Miami,"Miami-Fort Lauderdale-West Palm Beach, FL",2024-08-05,pm25
12,86,1016,88101,23,25.794222,-80.215556,NAD83,PM2.5 - Local Conditions,24-HR BLK AVG,PM25 24-hour 2012,2022-06-12,Micrograms/cubic meter (LC),,1,100.0,10.4,10.4,0,53.0,738.0,Teledyne T640X at 16.67 LPM (Corrected) - Broadband spectroscopy,Miami Fire Station,"1200 NW 20th St, Miami, FL 33142",Florida,Miami-Dade,Miami,"Miami-Fort Lauderdale-West Palm Beach, FL",2024-08-05,pm25
12,86,1016,88101,23,25.794222,-80.215556,NAD83,PM2.5 - Local Conditions,24-HR BLK AVG,PM25 24-hour 2012,2022-06-13,Micrograms/cubic meter (LC),,1,100.0,12.3,12.3,0,57.0,738.0,Teledyne T640X at 16.67 LPM (Corrected) - Broadband spectroscopy,Miami Fire Station,"1200 NW 20th St, Miami, FL 33142",Florida,Miami-Dade,Miami,"Miami-Fort Lauderdale-West Palm Beach, FL",2024-08-05,pm25
12,86,1016,88101,23,25.794222,-80.215556,NAD83,PM2.5 - Local Conditions,24-HR BLK AVG,PM25 24-hour 2012,2022-06-14,Micrograms/cubic meter (LC),,1,100.0,28.6,28.6,0,87.0,738.0,Teledyne T640X at 16.67 LPM (Corrected) - Broadband spectroscopy,Miami Fire Station,"1200 NW 20th St, Miami, FL 33142",Florida,Miami-Dade,Miami,"Miami-Fort Lauderdale-West Palm Beach, FL",2024-08-05,pm25
12,86,1016,88101,23,25.794222,-80.215556,NAD83,PM2.5 - Local Conditions,24-HR BLK AVG,PM25 24-hour 2012,2022-06-15,Micrograms/cubic meter (LC),,1,100.0,23.7,23.7,0,78.0,738.0,Teledyne T640X at 16.67 LPM (Corrected) - Broadband spectroscopy,Miami Fire Station,"1200 NW 20th St, Miami, FL 33142",Florida,Miami-Dade,Miami,"Miami-Fort Lauderdale-West Palm Beach, FL",2024-08-05,pm25
12,86,1016,88101,23,25.794222,-80.215556,NAD83,PM2.5 - Local Conditions,24-HR BLK AVG,PM25 24-hour 2012,2022-06-16,Micrograms/cubic meter (LC),,1,100.0,8.0,8.0,0,44.0,738.0,Teledyne T640X at 16.67 LPM (Corrected) - Broadband spectroscopy,Miami Fire Station,"1200 NW 20th St, Miami, FL 33142",Florida,Miami-Dade,Miami,"Miami-Fort Lauderdale-West Palm Beach, FL",2024-08-05,pm25
12,86,1016,88101,23,25.794222,-80.215556,NAD83,PM2.5 - Local Conditions,24-HR BLK AVG,PM25 24-hour 2012,2022-06-23,Micrograms/cubic meter (LC),,1,100.0,5.1,5.1,0,28.0,738.0,Teledyne T640X at 16.67 LPM (Corrected) - Broadband spectroscopy,Miami Fire Station,"1200 NW 20th St, Miami, FL 33142",Florida,Miami-Dade,Miami,"Miami-Fort Lauderdale-West Palm Beach, FL",2024-08-05,pm25
12,86,1016,88101,23,25.794222,-80.215556,NAD83,PM2.5 - Local Conditions,24-HR BLK AVG,PM25 24-hour 2012,2022-06-24,Micrograms/cubic meter (LC),,1,100.0,5.1,5.1,0,28.0,738.0,Teledyne T640X at 16.67 LPM (Corrected) - Broadband spectroscopy,Miami Fire Station,"1200 NW 20th St, Miami, FL 33142",Florida,Miami-Dade,Miami,"Miami-Fort Lauderdale-West Palm Beach, FL",2024-08-05,pm25
12,86,1016,88101,23,25.794222,-80.215556,NAD83,PM2.5 - Local Conditions,24-HR BLK AVG,PM25 24-hour 2012,2022-06-25,Micrograms/cubic meter (LC),,1,100.0,7.9,7.9,0,44.0,738.0,Teledyne T640X at 16.67 LPM (Corrected) - Broadband spectroscopy,Miami Fire Station,"1200 NW 20th St, Miami, FL 33142",Florida,Miami-Dade,Miami,"Miami-Fort Lauderdale-West Palm Beach, FL",2024-08-05,pm25
12,86,1016,88101,23,25.794222,-80.215556,NAD83,PM2.5 - Local Conditions,24-HR BLK AVG,PM25 24-hour 2012,2022-06-26,Micrograms/cubic meter (LC),,1,100.0,6.7,6.7,0,37.0,738.0,Teledyne T640X at 16.67 LPM (Corrected) - Broadband spectroscopy,Miami Fire Station,"1200 NW 20th St, Miami, FL 33142",Florida,Miami-Dade,Miami,"Miami-Fort Lauderdale-West Palm Beach, FL",2024-08-05,pm25
12,86,1016,88101,23,25.794222,-80.215556,NAD83,PM2.5 - Local Conditions,24-HR BLK AVG,PM25 24-hour 2012,2022-06-27,Micrograms/cubic meter (LC),,1,100.0,5.4,5.4,0,30.0,738.0,Teledyne T640X at 16.67 LPM (Corrected) - Broadband spectroscopy,Miami Fire Station,"1200 NW 20th St, Miami, FL 33142",Florida,Miami-Dade,Miami,"Miami-Fort Lauderdale-West Palm Beach, FL",2024-08-05,pm25
12,86,1016,88101,23,25.794222,-80.215556,NAD83,PM2.5 - Local Conditions,24-HR BLK AVG,PM25 24-hour 2012,2022-06-28,Micrograms/cubic meter (LC),,1,100.0,3.2,3.2,0,18.0,738.0,Teledyne T640X at 16.67 LPM (Corrected) - Broadband spectroscopy,Miami Fire Station,"1200 NW 20th St, Miami, FL 33142",Florida,Miami-Dade,Miami,"Miami-Fort Lauderdale-West Palm Beach, FL",2024-08-05,pm25
12,86,1016,88101,23,25.794222,-80.215556,NAD83,PM2.5 - Local Conditions,24-HR BLK AVG,PM25 24-hour 2012,2022-06-29,Micrograms/cubic meter (LC),,1,100.0,4.0,4.0,0,22.0,738.0,Teledyne T640X at 16.67 LPM (Corrected) - Broadband spectroscopy,Miami Fire Station,"1200 NW 20th St, Miami, FL 33142",Florida,Miami-Dade,Miami,"Miami-Fort Lauderdale-West Palm Beach, FL",2024-08-05,pm25
12,86,1016,88101,23,25.794222,-80.215556,NAD83,PM2.5 - Local Conditions,24-HR BLK AVG,PM25 24-hour 2012,2022-06-30,Micrograms/cubic meter (LC),,1,100.0,6.4,6.4,0,36.0,738.0,Teledyne T640X at 16.67 LPM (Corrected) - Broadband spectroscopy,Miami Fire Station,"1200 NW 20th St, Miami, FL 33142",Florida,Miami-Dade,Miami,"Miami-Fort Lauderdale-West Palm Beach, FL",2024-08-05,pm25
12,86,1016,88101,23,25.794222,-80.215556,NAD83,PM2.5 - Local Conditions,24-HR BLK AVG,PM25 24-hour 2012,2022-07-01,Micrograms/cubic meter (LC),,1,100.0,6.0,6.0,0,33.0,738.0,Teledyne T640X at 16.67 LPM (Corrected) - Broadband spectroscopy,Miami Fire Station,"1200 NW 20th St, Miami, FL 33142",Florida,Miami-Dade,Miami,"Miami-Fort Lauderdale-West Palm Beach, FL",2024-08-05,pm25
12,86,1016,88101,23,25.794222,-80.215556,NAD83,PM2.5 - Local Conditions,24-HR BLK AVG,PM25 24-hour 2012,2022-07-02,Micrograms/cubic meter (LC),,1,100.0,5.5,5.5,0,31.0,738.0,Teledyne T640X at 16.67 LPM (Corrected) - Broadband spectroscopy,Miami Fire Station,"1200 NW 20th St, Miami, FL 33142",Florida,Miami-Dade,Miami,"Miami-Fort Lauderdale-West Palm Beach, FL",2024-08-05,pm25
12,86,1016,88101,23,25.794222,-80.215556,NAD83,PM2.5 - Local Conditions,24-HR BLK AVG,PM25 24-hour 2012,2022-07-03,Micrograms/cubic meter (LC),,1,100.0,5.0,5.0,0,28.0,738.0,Teledyne T640X at 16.67 LPM (Corrected) - Broadband spectroscopy,Miami Fire Station,"1200 NW 20th St, Miami, FL 33142",Florida,Miami-Dade,Miami,"Miami-Fort Lauderdale-West Palm Beach, FL",2024-08-05,pm25
12,86,1016,88101,23,25.794222,-80.215556,NAD83,PM2.5 - Local Conditions,24-HR BLK AVG,PM25 24-hour 2012,2022-07-04,Micrograms/cubic meter (LC),,1,100.0,7.7,7.7,0,43.0,738.0,Teledyne T640X at 16.67 LPM (Corrected) - Broadband spectroscopy,Miami Fire Station,"1200 NW 20th St, Miami, FL 33142",Florida,Miami-Dade,Miami,"Miami-Fort Lauderdale-West Palm Beach, FL",2024-08-05,pm25
12,86,1016,88101,23,25.794222,-80.215556,NAD83,PM2.5 - Local Conditions,24-HR BLK AVG,PM25 24-hour 2012,2022-07-05,Micrograms/cubic meter (LC),,1,100.0,5.6,5.6,0,31.0,738.0,Teledyne T640X at 16.67 LPM (Corrected) - Broadband spectroscopy,Miami Fire Station,"1200 NW 20th St, Miami, FL 33142",Florida,Miami-Dade,Miami,"Miami-Fort Lauderdale-West Palm Beach, FL",2024-08-05,pm25
12,86,1016,88101,23,25.794222,-80.215556,NAD83,PM2.5 - Local Conditions,24-HR BLK AVG,PM25 24-hour 2012,2022-07-06,Micrograms/cubic meter (LC),,1,100.0,9.0,9.0,0,50.0,738.0,Teledyne T640X at 16.67 LPM (Corrected) - Broadband spectroscopy,Miami Fire Station,"1200 NW 20th St, Miami, FL 33142",Florida,Miami-Dade,Miami,"Miami-Fort Lauderdale-West Palm Beach, FL",2024-08-05,pm25
12,86,1016,88101,23,25.794222,-80.215556,NAD83,PM2.5 - Local Conditions,24-HR BLK AVG,PM25 24-hour 2012,2022-07-07,Micrograms/cubic meter (LC),,1,100.0,5.5,5.5,0,31.0,738.0,Teledyne T640X at 16.67 LPM (Corrected) - Broadband spectroscopy,Miami Fire Station,"1200 NW 20th St, Miami, FL 33142",Florida,Miami-Dade,Miami,"Miami-Fort Lauderdale-West Palm Beach, FL",2024-08-05,pm25
12,86,1016,88101,23,25.794222,-80.215556,NAD83,PM2.5 - Local Conditions,24-HR BLK AVG,PM25 24-hour 2012,2022-07-08,Micrograms/cubic meter (LC),,1,100.0,5.8,5.8,0,32.0,738.0,Teledyne T640X at 16.67 LPM (Corrected) - Broadband spectroscopy,Miami Fire Station,"1200 NW 20th St, Miami, FL 33142",Florida,Miami-Dade,Miami,"Miami-Fort Lauderdale-West Palm Beach, FL",2024-08-05,pm25
12,86,1016,88101,23,25.794222,-80.215556,NAD83,PM2.5 - Local Conditions,24-HR BLK AVG,PM25 24-hour 2012,2022-07-09,Micrograms/cubic meter (LC),,1,100.0,7.2,7.2,0,40.0,738.0,Teledyne T640X at 16.67 LPM (Corrected) - Broadband spectroscopy,Miami Fire Station,"1200 NW 20th St, Miami, FL 33142",Florida,Miami-Dade,Miami,"Miami-Fort Lauderdale-West Palm Beach, FL",2024-08-05,pm25
12,86,1016,88101,23,25.794222,-80.215556,NAD83,PM2.5 - Local Conditions,24-HR BLK AVG,PM25 24-hour 2012,2022-07-10,Micrograms/cubic meter (LC),,1,100.0,6.4,6.4,0,36.0,738.0,Teledyne T640X at 16.67 LPM (Corrected) - Broadband spectroscopy,Miami Fire Station,"1200 NW 20th St, Miami, FL 33142",Florida,Miami-Dade,Miami,"Miami-Fort Lauderdale-West Palm Beach, FL",2024-08-05,pm25
12,86,1016,88101,23,25.794222,-80.215556,NAD83,PM2.5 - Local Conditions,24-HR BLK AVG,PM25 24-hour 2012,2022-07-11,Micrograms/cubic meter (LC),,1,100.0,5.8,5.8,0,32.0,738.0,Teledyne T640X at 16.67 LPM (Corrected) - Broadband spectroscopy,Miami Fire Station,"1200 NW 20th St, Miami, FL 33142",Florida,Miami-Dade,Miami,"Miami-Fort Lauderdale-West Palm Beach, FL",2024-08-05,pm25
12,86,1016,88101,23,25.794222,-80.215556,NAD83,PM2.5 - Local Conditions,24-HR BLK AVG,PM25 24-hour 2012,2022-07-12,Micrograms/cubic meter (LC),,1,100.0,6.8,6.8,0,38.0,738.0,Teledyne T640X at 16.67 LPM (Corrected) - Broadband spectroscopy,Miami Fire Station,"1200 NW 20th St, Miami, FL 33142",Florida,Miami-Dade,Miami,"Miami-Fort Lauderdale-West Palm Beach, FL",2024-08-05,pm25
12,86,1016,88101,23,25.794222,-80.215556,NAD83,PM2.5 - Local Conditions,24-HR BLK AVG,PM25 24-hour 2012,2022-07-13,Micrograms/cubic meter (LC),,1,100.0,7.3,7.3,0,41.0,738.0,Teledyne T640X at 16.67 LPM (Corrected) - Broadband spectroscopy,Miami Fire Station,"1200 NW 20th St, Miami, FL 33142",Florida,Miami-Dade,Miami,"Miami-Fort Lauderdale-West Palm Beach, FL",2024-08-05,pm25
12,86,1016,88101,23,25.794222,-80.215556,NAD83,PM2.5 - Local Conditions,24-HR BLK AVG,PM25 24-hour 2012,2022-07-14,Micrograms/cubic meter (LC),,1,100.0,10.4,10.4,0,53.0,738.0,Teledyne T640X at 16.67 LPM (Corrected) - Broadband spectroscopy,Miami Fire Station,"1200 NW 20th St, Miami, FL 33142",Florida,Miami-Dade,Miami,"Miami-Fort Lauderdale-West Palm Beach, FL",2024-08-05,pm25
12,86,1016,88101,23,25.794222,-80.215556,NAD83,PM2.5 - Local Conditions,24-HR BLK AVG,PM25 24-hour 2012,2022-07-15,Micrograms/cubic meter (LC),,1,100.0,5.8,5.8,0,32.0,738.0,Teledyne T640X at 16.67 LPM (Corrected) - Broadband spectroscopy,Miami Fire Station,"1200 NW 20th St, Miami, FL 33142",Florida,Miami-Dade,Miami,"Miami-Fort Lauderdale-West Palm Beach, FL",2024-08-05,pm25
12,86,1016,88101,23,25.794222,-80.215556,NAD83,PM2.5 - Local Conditions,24-HR BLK AVG,PM25 24-hour 2012,2022-07-16,Micrograms/cubic meter (LC),,1,100.0,5.3,5.3,0,29.0,738.0,Teledyne T640X at 16.67 LPM (Corrected) - Broadband spectroscopy,Miami Fire Station,"1200 NW 20th St, Miami, FL 33142",Florida,Miami-Dade,Miami,"Miami-Fort Lauderdale-West Palm Beach, FL",2024-08-05,pm25
12,86,1016,88101,23,25.794222,-80.215556,NAD83,PM2.5 - Local Conditions,24-HR BLK AVG,PM25 24-hour 2012,2022-07-17,Micrograms/cubic meter (LC),,1,100.0,8.0,8.0,0,44.0,738.0,Teledyne T640X at 16.67 LPM (Corrected) - Broadband spectroscopy,Miami Fire Station,"1200 NW 20th St, Miami, FL 33142",Florida,Miami-Dade,Miami,"Miami-Fort Lauderdale-West Palm Beach, FL",2024-08-05,pm25
12,86,1016,88101,23,25.794222,-80.215556,NAD83,PM2.5 - Local Conditions,24-HR BLK AVG,PM25 24-hour 2012,2022-07-18,Micrograms/cubic meter (LC),,1,100.0,15.6,15.6,0,63.0,738.0,Teledyne T640X at 16.67 LPM (Corrected) - Broadband spectroscopy,Miami Fire Station,"1200 NW 20th St, Miami, FL 33142",Florida,Miami-Dade,Miami,"Miami-Fort Lauderdale-West Palm Beach, FL",2024-08-05,pm25
12,86,1016,88101,23,25.794222,-80.215556,NAD83,PM2.5 - Local Conditions,24-HR BLK AVG,PM25 24-hour 2012,2022-07-19,Micrograms/cubic meter (LC),,1,100.0,13.4,13.4,0,59.0,738.0,Teledyne T640X at 16.67 LPM (Corrected) - Broadband spectroscopy,Miami Fire Station,"1200 NW 20th St, Miami, FL 33142",Florida,Miami-Dade,Miami,"Miami-Fort Lauderdale-West Palm Beach, FL",2024-08-05,pm25
12,86,1016,88101,23,25.794222,-80.215556,NAD83,PM2.5 - Local Conditions,24-HR BLK AVG,PM25 24-hour 2012,2022-07-20,Micrograms/cubic meter (LC),,1,100.0,5.8,5.8,0,32.0,738.0,Teledyne T640X at 16.67 LPM (Corrected) - Broadband spectroscopy,Miami Fire Station,"1200 NW 20th St, Miami, FL 33142",Florida,Miami-Dade,Miami,"Miami-Fort Lauderdale-West Palm Beach, FL",2024-08-05,pm25
12,86,1016,88101,23,25.794222,-80.215556,NAD83,PM2.5 - Local Conditions,24-HR BLK AVG,PM25 24-hour 2012,2022-07-21,Micrograms/cubic meter (LC),,1,100.0,6.5,6.5,0,36.0,738.0,Teledyne T640X at 16.67 LPM (Corrected) - Broadband spectroscopy,Miami Fire Station,"1200 NW 20th St, Miami, FL 33142",Florida,Miami-Dade,Miami,"Miami-Fort Lauderdale-West Palm Beach, FL",2024-08-05,pm25
12,86,1016,88101,23,25.794222,-80.215556,NAD83,PM2.5 - Local Conditions,24-HR BLK AVG,PM25 24-hour 2012,2022-07-22,Micrograms/cubic meter (LC),,1,100.0,9.7,9.7,0,52.0,738.0,Teledyne T640X at 16.67 LPM (Corrected) - Broadband spectroscopy,Miami Fire Station,"1200 NW 20th St, Miami, FL 33142",Florida,Miami-Dade,Miami,"Miami-Fort Lauderdale-West Palm Beach, FL",2024-08-05,pm25
12,86,1016,88101,23,25.794222,-80.215556,NAD83,PM2.5 - Local Conditions,24-HR BLK AVG,PM25 24-hour 2012,2022-07-23,Micrograms/cubic meter (LC),,1,100.0,9.8,9.8,0,52.0,738.0,Teledyne T640X at 16.67 LPM (Corrected) - Broadband spectroscopy,Miami Fire Station,"1200 NW 20th St, Miami, FL 33142",Florida,Miami-Dade,Miami,"Miami-Fort Lauderdale-West Palm Beach, FL",2024-08-05,pm25
12,86,1016,88101,23,25.794222,-80.215556,NAD83,PM2.5 - Local Conditions,24-HR BLK AVG,PM25 24-hour 2012,2022-07-24,Micrograms/cubic meter (LC),,1,100.0,8.4,8.4,0,47.0,738.0,Teledyne T640X at 16.67 LPM (Corrected) - Broadband spectroscopy,Miami Fire Station,"1200 NW 20th St, Miami, FL 33142",Florida,Miami-Dade,Miami,"Miami-Fort Lauderdale-West Palm Beach, FL",2024-08-05,pm25
12,86,1016,88101,23,25.794222,-80.215556,NAD83,PM2.5 - Local Conditions,24-HR BLK AVG,PM25 24-hour 2012,2022-07-25,Micrograms/cubic meter (LC),,1,100.0,7.0,7.0,0,39.0,738.0,Teledyne T640X at 16.67 LPM (Corrected) - Broadband spectroscopy,Miami Fire Station,"1200 NW 20th St, Miami, FL 33142",Florida,Miami-Dade,Miami,"Miami-Fort Lauderdale-West Palm Beach, FL",2024-08-05,pm25
12,86,1016,88101,23,25.794222,-80.215556,NAD83,PM2.5 - Local Conditions,24-HR BLK AVG,PM25 24-hour 2012,2022-07-26,Micrograms/cubic meter (LC),,1,100.0,11.5,11.5,0,55.0,738.0,Teledyne T640X at 16.67 LPM (Corrected) - Broadband spectroscopy,Miami Fire Station,"1200 NW 20th St, Miami, FL 33142",Florida,Miami-Dade,Miami,"Miami-Fort Lauderdale-West Palm Beach, FL",2024-08-05,pm25
12,86,1016,88101,23,25.794222,-80.215556,NAD83,PM2.5 - Local Conditions,24-HR BLK AVG,PM25 24-hour 2012,2022-07-27,Micrograms/cubic meter (LC),,1,100.0,14.3,14.3,0,61.0,738.0,Teledyne T640X at 16.67 LPM (Corrected) - Broadband spectroscopy,Miami Fire Station,"1200 NW 20th St, Miami, FL 33142",Florida,Miami-Dade,Miami,"Miami-Fort Lauderdale-West Palm Beach, FL",2024-08-05,pm25
12,86,1016,88101,23,25.794222,-80.215556,NAD83,PM2.5 - Local Conditions,24-HR BLK AVG,PM25 24-hour 2012,2022-07-28,Micrograms/cubic meter (LC),,1,100.0,13.7,13.7,0,60.0,738.0,Teledyne T640X at 16.67 LPM (Corrected) - Broadband spectroscopy,Miami Fire Station,"1200 NW 20th St, Miami, FL 33142",Florida,Miami-Dade,Miami,"Miami-Fort Lauderdale-West Palm Beach, FL",2024-08-05,pm25
12,86,1016,88101,23,25.794222,-80.215556,NAD83,PM2.5 - Local Conditions,24-HR BLK AVG,PM25 24-hour 2012,2022-07-29,Micrograms/cubic meter (LC),,1,100.0,5.9,5.9,0,33.0,738.0,Teledyne T640X at 16.67 LPM (Corrected) - Broadband spectroscopy,Miami Fire Station,"1200 NW 20th St, Miami, FL 33142",Florida,Miami-Dade,Miami,"Miami-Fort Lauderdale-West Palm Beach, FL",2024-08-05,pm25
12,86,1016,88101,23,25.794222,-80.215556,NAD83,PM2.5 - Local Conditions,24-HR BLK AVG,PM25 24-hour 2012,2022-07-30,Micrograms/cubic meter (LC),,1,100.0,5.7,5.7,0,32.0,738.0,Teledyne T640X at 16.67 LPM (Corrected) - Broadband spectroscopy,Miami Fire Station,"1200 NW 20th St, Miami, FL 33142",Florida,Miami-Dade,Miami,"Miami-Fort Lauderdale-West Palm Beach, FL",2024-08-05,pm25
12,86,1016,88101,23,25.794222,-80.215556,NAD83,PM2.5 - Local Conditions,24-HR BLK AVG,PM25 24-hour 2012,2022-07-31,Micrograms/cubic meter (LC),,1,100.0,5.8,5.8,0,32.0,738.0,Teledyne T640X at 16.67 LPM (Corrected) - Broadband spectroscopy,Miami Fire Station,"1200 NW 20th St, Miami, FL 33142",Florida,Miami-Dade,Miami,"Miami-Fort Lauderdale-West Palm Beach, FL",2024-08-05,pm25
12,86,1016,88101,23,25.794222,-80.215556,NAD83,PM2.5 - Local Conditions,24-HR BLK AVG,PM25 24-hour 2012,2022-08-01,Micrograms/cubic meter (LC),,1,100.0,11.5,11.5,0,55.0,738.0,Teledyne T640X at 16.67 LPM (Corrected) - Broadband spectroscopy,Miami Fire Station,"1200 NW 20th St, Miami, FL 33142",Florida,Miami-Dade,Miami,"Miami-Fort Lauderdale-West Palm Beach, FL",2024-08-05,pm25
12,86,1016,88101,23,25.794222,-80.215556,NAD83,PM2.5 - Local Conditions,24-HR BLK AVG,PM25 24-hour 2012,2022-08-02,Micrograms/cubic meter (LC),,1,100.0,6.3,6.3,0,35.0,738.0,Teledyne T640X at 16.67 LPM (Corrected) - Broadband spectroscopy,Miami Fire Station,"1200 NW 20th St, Miami, FL 33142",Florida,Miami-Dade,Miami,"Miami-Fort Lauderdale-West Palm Beach, FL",2024-08-05,pm25
12,86,1016,88101,23,25.794222,-80.215556,NAD83,PM2.5 - Local Conditions,24-HR BLK AVG,PM25 24-hour 2012,2022-08-03,Micrograms/cubic meter (LC),,1,100.0,4.9,4.9,0,27.0,738.0,Teledyne T640X at 16.67 LPM (Corrected) - Broadband spectroscopy,Miami Fire Station,"1200 NW 20th St, Miami, FL 33142",Florida,Miami-Dade,Miami,"Miami-Fort Lauderdale-West Palm Beach, FL",2024-08-05,pm25
12,86,1016,88101,23,25.794222,-80.215556,NAD83,PM2.5 - Local Conditions,24-HR BLK AVG,PM25 24-hour 2012,2022-08-04,Micrograms/cubic meter (LC),,1,100.0,9.6,9.6,0,52.0,738.0,Teledyne T640X at 16.67 LPM (Corrected) - Broadband spectroscopy,Miami Fire Station,"1200 NW 20th St, Miami, FL 33142",Florida,Miami-Dade,Miami,"Miami-Fort Lauderdale-West Palm Beach, FL",2024-08-05,pm25
12,86,1016,88101,23,25.794222,-80.215556,NAD83,PM2.5 - Local Conditions,24-HR BLK AVG,PM25 24-hour 2012,2022-08-05,Micrograms/cubic meter (LC),,1,100.0,12.8,12.8,0,58.0,738.0,Teledyne T640X at 16.67 LPM (Corrected) - Broadband spectroscopy,Miami Fire Station,"1200 NW 20th St, Miami, FL 33142",Florida,Miami-Dade,Miami,"Miami-Fort Lauderdale-West Palm Beach, FL",2024-08-05,pm25
12,86,1016,88101,23,25.794222,-80.215556,NAD83,PM2.5 - Local Conditions,24-HR BLK AVG,PM25 24-hour 2012,2022-08-06,Micrograms/cubic meter (LC),,1,100.0,11.4,11.4,0,55.0,738.0,Teledyne T640X at 16.67 LPM (Corrected) - Broadband spectroscopy,Miami Fire Station,"1200 NW 20th St, Miami, FL 33142",Florida,Miami-Dade,Miami,"Miami-Fort Lauderdale-West Palm Beach, FL",2024-08-05,pm25
12,86,1016,88101,23,25.794222,-80.215556,NAD83,PM2.5 - Local Conditions,24-HR BLK AVG,PM25 24-hour 2012,2022-08-07,Micrograms/cubic meter (LC),,1,100.0,6.1,6.1,0,34.0,738.0,Teledyne T640X at 16.67 LPM (Corrected) - Broadband spectroscopy,Miami Fire Station,"1200 NW 20th St, Miami, FL 33142",Florida,Miami-Dade,Miami,"Miami-Fort Lauderdale-West Palm Beach, FL",2024-08-05,pm25
12,86,1016,88101,23,25.794222,-80.215556,NAD83,PM2.5 - Local Conditions,24-HR BLK AVG,PM25 24-hour 2012,2022-08-08,Micrograms/cubic meter (LC),,1,100.0,6.9,6.9,0,38.0,738.0,Teledyne T640X at 16.67 LPM (Corrected) - Broadband spectroscopy,Miami Fire Station,"1200 NW 20th St, Miami, FL 33142",Florida,Miami-Dade,Miami,"Miami-Fort Lauderdale-West Palm Beach, FL",2024-08-05,pm25
12,86,1016,88101,23,25.794222,-80.215556,NAD83,PM2.5 - Local Conditions,24-HR BLK AVG,PM25 24-hour 2012,2022-08-09,Micrograms/cubic meter (LC),,1,100.0,26.6,26.6,0,84.0,738.0,Teledyne T640X at 16.67 LPM (Corrected) - Broadband spectroscopy,Miami Fire Station,"1200 NW 20th St, Miami, FL 33142",Florida,Miami-Dade,Miami,"Miami-Fort Lauderdale-West Palm Beach, FL",2024-08-05,pm25
12,86,1016,88101,23,25.794222,-80.215556,NAD83,PM2.5 - Local Conditions,24-HR BLK AVG,PM25 24-hour 2012,2022-08-10,Micrograms/cubic meter (LC),,1,100.0,13.1,13.1,0,58.0,738.0,Teledyne T640X at 16.67 LPM (Corrected) - Broadband spectroscopy,Miami Fire Station,"1200 NW 20th St, Miami, FL 33142",Florida,Miami-Dade,Miami,"Miami-Fort Lauderdale-West Palm Beach, FL",2024-08-05,pm25
12,86,1016,88101,23,25.794222,-80.215556,NAD83,PM2.5 - Local Conditions,24-HR BLK AVG,PM25 24-hour 2012,2022-08-11,Micrograms/cubic meter (LC),,1,100.0,7.7,7.7,0,43.0,738.0,Teledyne T640X at 16.67 LPM (Corrected) - Broadband spectroscopy,Miami Fire Station,"1200 NW 20th St, Miami, FL 33142",Florida,Miami-Dade,Miami,"Miami-Fort Lauderdale-West Palm Beach, FL",2024-08-05,pm25
12,86,1016,88101,23,25.794222,-80.215556,NAD83,PM2.5 - Local Conditions,24-HR BLK AVG,PM25 24-hour 2012,2022-08-12,Micrograms/cubic meter (LC),,1,100.0,5.2,5.2,0,29.0,738.0,Teledyne T640X at 16.67 LPM (Corrected) - Broadband spectroscopy,Miami Fire Station,"1200 NW 20th St, Miami, FL 33142",Florida,Miami-Dade,Miami,"Miami-Fort Lauderdale-West Palm Beach, FL",2024-08-05,pm25
12,86,1016,88101,23,25.794222,-80.215556,NAD83,PM2.5 - Local Conditions,24-HR BLK AVG,PM25 24-hour 2012,2022-08-13,Micrograms/cubic meter (LC),,1,100.0,4.5,4.5,0,25.0,738.0,Teledyne T640X at 16.67 LPM (Corrected) - Broadband spectroscopy,Miami Fire Station,"1200 NW 20th St, Miami, FL 33142",Florida,Miami-Dade,Miami,"Miami-Fort Lauderdale-West Palm Beach, FL",2024-08-05,pm25
12,86,1016,88101,23,25.794222,-80.215556,NAD83,PM2.5 - Local Conditions,24-HR BLK AVG,PM25 24-hour 2012,2022-08-14,Micrograms/cubic meter (LC),,1,100.0,4.4,4.4,0,24.0,738.0,Teledyne T640X at 16.67 LPM (Corrected) - Broadband spectroscopy,Miami Fire Station,"1200 NW 20th St, Miami, FL 33142",Florida,Miami-Dade,Miami,"Miami-Fort Lauderdale-West Palm Beach, FL",2024-08-05,pm25
12,86,1016,88101,23,25.794222,-80.215556,NAD83,PM2.5 - Local Conditions,24-HR BLK AVG,PM25 24-hour 2012,2022-08-15,Micrograms/cubic meter (LC),,1,100.0,6.2,6.2,0,34.0,738.0,Teledyne T640X at 16.67 LPM (Corrected) - Broadband spectroscopy,Miami Fire Station,"1200 NW 20th St, Miami, FL 33142",Florida,Miami-Dade,Miami,"Miami-Fort Lauderdale-West Palm Beach, FL",2024-08-05,pm25
12,86,1016,88101,23,25.794222,-80.215556,NAD83,PM2.5 - Local Conditions,24-HR BLK AVG,PM25 24-hour 2012,2022-08-16,Micrograms/cubic meter (LC),,1,100.0,5.7,5.7,0,32.0,738.0,Teledyne T640X at 16.67 LPM (Corrected) - Broadband spectroscopy,Miami Fire Station,"1200 NW 20th St, Miami, FL 33142",Florida,Miami-Dade,Miami,"Miami-Fort Lauderdale-West Palm Beach, FL",2024-08-05,pm25
12,86,1016,88101,23,25.794222,-80.215556,NAD83,PM2.5 - Local Conditions,24-HR BLK AVG,PM25 24-hour 2012,2022-08-17,Micrograms/cubic meter (LC),,1,100.0,5.9,5.9,0,33.0,738.0,Teledyne T640X at 16.67 LPM (Corrected) - Broadband spectroscopy,Miami Fire Station,"1200 NW 20th St, Miami, FL 33142",Florida,Miami-Dade,Miami,"Miami-Fort Lauderdale-West Palm Beach, FL",2024-08-05,pm25
12,86,1016,88101,23,25.794222,-80.215556,NAD83,PM2.5 - Local Conditions,24-HR BLK AVG,PM25 24-hour 2012,2022-08-18,Micrograms/cubic meter (LC),,1,100.0,7.0,7.0,0,39.0,738.0,Teledyne T640X at 16.67 LPM (Corrected) - Broadband spectroscopy,Miami Fire Station,"1200 NW 20th St, Miami, FL 33142",Florida,Miami-Dade,Miami,"Miami-Fort Lauderdale-West Palm Beach, FL",2024-08-05,pm25
12,86,1016,88101,23,25.794222,-80.215556,NAD83,PM2.5 - Local Conditions,24-HR BLK AVG,PM25 24-hour 2012,2022-08-19,Micrograms/cubic meter (LC),,1,100.0,7.1,7.1,0,39.0,738.0,Teledyne T640X at 16.67 LPM (Corrected) - Broadband spectroscopy,Miami Fire Station,"1200 NW 20th St, Miami, FL 33142",Florida,Miami-Dade,Miami,"Miami-Fort Lauderdale-West Palm Beach, FL",2024-08-05,pm25
12,86,1016,88101,23,25.794222,-80.215556,NAD83,PM2.5 - Local Conditions,24-HR BLK AVG,PM25 24-hour 2012,2022-08-20,Micrograms/cubic meter (LC),,1,100.0,6.1,6.1,0,34.0,738.0,Teledyne T640X at 16.67 LPM (Corrected) - Broadband spectroscopy,Miami Fire Station,"1200 NW 20th St, Miami, FL 33142",Florida,Miami-Dade,Miami,"Miami-Fort Lauderdale-West Palm Beach, FL",2024-08-05,pm25
12,86,1016,88101,23,25.794222,-80.215556,NAD83,PM2.5 - Local Conditions,24-HR BLK AVG,PM25 24-hour 2012,2022-08-21,Micrograms/cubic meter (LC),,1,100.0,5.7,5.7,0,32.0,738.0,Teledyne T640X at 16.67 LPM (Corrected) - Broadband spectroscopy,Miami Fire Station,"1200 NW 20th St, Miami, FL 33142",Florida,Miami-Dade,Miami,"Miami-Fort Lauderdale-West Palm Beach, FL",2024-08-05,pm25
12,86,1016,88101,23,25.794222,-80.215556,NAD83,PM2.5 - Local Conditions,24-HR BLK AVG,PM25 24-hour 2012,2022-08-22,Micrograms/cubic meter (LC),,1,100.0,4.8,4.8,0,27.0,738.0,Teledyne T640X at 16.67 LPM (Corrected) - Broadband spectroscopy,Miami Fire Station,"1200 NW 20th St, Miami, FL 33142",Florida,Miami-Dade,Miami,"Miami-Fort Lauderdale-West Palm Beach, FL",2024-08-05,pm25
12,86,1016,88101,23,25.794222,-80.215556,NAD83,PM2.5 - Local Conditions,24-HR BLK AVG,PM25 24-hour 2012,2022-08-23,Micrograms/cubic meter (LC),,1,100.0,4.1,4.1,0,23.0,738.0,Teledyne T640X at 16.67 LPM (Corrected) - Broadband spectroscopy,Miami Fire Station,"1200 NW 20th St, Miami, FL 33142",Florida,Miami-Dade,Miami,"Miami-Fort Lauderdale-West Palm Beach, FL",2024-08-05,pm25
12,86,1016,88101,23,25.794222,-80.215556,NAD83,PM2.5 - Local Conditions,24-HR BLK AVG,PM25 24-hour 2012,2022-08-24,Micrograms/cubic meter (LC),,1,100.0,3.2,3.2,0,18.0,738.0,Teledyne T640X at 16.67 LPM (Corrected) - Broadband spectroscopy,Miami Fire Station,"1200 NW 20th St, Miami, FL 33142",Florida,Miami-Dade,Miami,"Miami-Fort Lauderdale-West Palm Beach, FL",2024-08-05,pm25
12,86,1016,88101,23,25.794222,-80.215556,NAD83,PM2.5 - Local Conditions,24-HR BLK AVG,PM25 24-hour 2012,2022-08-25,Micrograms/cubic meter (LC),,1,100.0,3.9,3.9,0,22.0,738.0,Teledyne T640X at 16.67 LPM (Corrected) - Broadband spectroscopy,Miami Fire Station,"1200 NW 20th St, Miami, FL 33142",Florida,Miami-Dade,Miami,"Miami-Fort Lauderdale-West Palm Beach, FL",2024-08-05,pm25
12,86,1016,88101,23,25.794222,-80.215556,NAD83,PM2.5 - Local Conditions,24-HR BLK AVG,PM25 24-hour 2012,2022-08-26,Micrograms/cubic meter (LC),,1,100.0,5.0,5.0,0,28.0,738.0,Teledyne T640X at 16.67 LPM (Corrected) - Broadband spectroscopy,Miami Fire Station,"1200 NW 20th St, Miami, FL 33142",Florida,Miami-Dade,Miami,"Miami-Fort Lauderdale-West Palm Beach, FL",2024-08-05,pm25
12,86,1016,88101,23,25.794222,-80.215556,NAD83,PM2.5 - Local Conditions,24-HR BLK AVG,PM25 24-hour 2012,2022-08-27,Micrograms/cubic meter (LC),,1,100.0,6.4,6.4,0,36.0,738.0,Teledyne T640X at 16.67 LPM (Corrected) - Broadband spectroscopy,Miami Fire Station,"1200 NW 20th St, Miami, FL 33142",Florida,Miami-Dade,Miami,"Miami-Fort Lauderdale-West Palm Beach, FL",2024-08-05,pm25
12,86,1016,88101,23,25.794222,-80.215556,NAD83,PM2.5 - Local Conditions,24-HR BLK AVG,PM25 24-hour 2012,2022-08-28,Micrograms/cubic meter (LC),,1,100.0,3.4,3.4,0,19.0,738.0,Teledyne T640X at 16.67 LPM (Corrected) - Broadband spectroscopy,Miami Fire Station,"1200 NW 20th St, Miami, FL 33142",Florida,Miami-Dade,Miami,"Miami-Fort Lauderdale-West Palm Beach, FL",2024-08-05,pm25
12,86,1016,88101,23,25.794222,-80.215556,NAD83,PM2.5 - Local Conditions,24-HR BLK AVG,PM25 24-hour 2012,2022-08-29,Micrograms/cubic meter (LC),,1,100.0,3.1,3.1,0,17.0,738.0,Teledyne T640X at 16.67 LPM (Corrected) - Broadband spectroscopy,Miami Fire Station,"1200 NW 20th St, Miami, FL 33142",Florida,Miami-Dade,Miami,"Miami-Fort Lauderdale-West Palm Beach, FL",2024-08-05,pm25
12,86,1016,88101,23,25.794222,-80.215556,NAD83,PM2.5 - Local Conditions,24-HR BLK AVG,PM25 24-hour 2012,2022-09-01,Micrograms/cubic meter (LC),,1,100.0,5.7,5.7,0,32.0,738.0,Teledyne T640X at 16.67 LPM (Corrected) - Broadband spectroscopy,Miami Fire Station,"1200 NW 20th St, Miami, FL 33142",Florida,Miami-Dade,Miami,"Miami-Fort Lauderdale-West Palm Beach, FL",2024-08-05,pm25
12,86,1016,88101,23,25.794222,-80.215556,NAD83,PM2.5 - Local Conditions,24-HR BLK AVG,PM25 24-hour 2012,2022-09-02,Micrograms/cubic meter (LC),,1,100.0,5.6,5.6,0,31.0,738.0,Teledyne T640X at 16.67 LPM (Corrected) - Broadband spectroscopy,Miami Fire Station,"1200 NW 20th St, Miami, FL 33142",Florida,Miami-Dade,Miami,"Miami-Fort Lauderdale-West Palm Beach, FL",2024-08-05,pm25
12,86,1016,88101,23,25.794222,-80.215556,NAD83,PM2.5 - Local Conditions,24-HR BLK AVG,PM25 24-hour 2012,2022-09-03,Micrograms/cubic meter (LC),,1,100.0,4.4,4.4,0,24.0,738.0,Teledyne T640X at 16.67 LPM (Corrected) - Broadband spectroscopy,Miami Fire Station,"1200 NW 20th St, Miami, FL 33142",Florida,Miami-Dade,Miami,"Miami-Fort Lauderdale-West Palm Beach, FL",2024-08-05,pm25
12,86,1016,88101,23,25.794222,-80.215556,NAD83,PM2.5 - Local Conditions,24-HR BLK AVG,PM25 24-hour 2012,2022-09-04,Micrograms/cubic meter (LC),,1,100.0,3.5,3.5,0,19.0,738.0,Teledyne T640X at 16.67 LPM (Corrected) - Broadband spectroscopy,Miami Fire Station,"1200 NW 20th St, Miami, FL 33142",Florida,Miami-Dade,Miami,"Miami-Fort Lauderdale-West Palm Beach, FL",2024-08-05,pm25
12,86,1016,88101,23,25.794222,-80.215556,NAD83,PM2.5 - Local Conditions,24-HR BLK AVG,PM25 24-hour 2012,2022-09-05,Micrograms/cubic meter (LC),,1,100.0,3.9,3.9,0,22.0,738.0,Teledyne T640X at 16.67 LPM (Corrected) - Broadband spectroscopy,Miami Fire Station,"1200 NW 20th St, Miami, FL 33142",Florida,Miami-Dade,Miami,"Miami-Fort Lauderdale-West Palm Beach, FL",2024-08-05,pm25
12,86,1016,88101,23,25.794222,-80.215556,NAD83,PM2.5 - Local Conditions,24-HR BLK AVG,PM25 24-hour 2012,2022-09-06,Micrograms/cubic meter (LC),,1,100.0,4.8,4.8,0,27.0,738.0,Teledyne T640X at 16.67 LPM (Corrected) - Broadband spectroscopy,Miami Fire Station,"1200 NW 20th St, Miami, FL 33142",Florida,Miami-Dade,Miami,"Miami-Fort Lauderdale-West Palm Beach, FL",2024-08-05,pm25
12,86,1016,88101,23,25.794222,-80.215556,NAD83,PM2.5 - Local Conditions,24-HR BLK AVG,PM25 24-hour 2012,2022-09-07,Micrograms/cubic meter (LC),,1,100.0,6.0,6.0,0,33.0,738.0,Teledyne T640X at 16.67 LPM (Corrected) - Broadband spectroscopy,Miami Fire Station,"1200 NW 20th St, Miami, FL 33142",Florida,Miami-Dade,Miami,"Miami-Fort Lauderdale-West Palm Beach, FL",2024-08-05,pm25
12,86,1016,88101,23,25.794222,-80.215556,NAD83,PM2.5 - Local Conditions,24-HR BLK AVG,PM25 24-hour 2012,2022-09-08,Micrograms/cubic meter (LC),,1,100.0,4.3,4.3,0,24.0,738.0,Teledyne T640X at 16.67 LPM (Corrected) - Broadband spectroscopy,Miami Fire Station,"1200 NW 20th St, Miami, FL 33142",Florida,Miami-Dade,Miami,"Miami-Fort Lauderdale-West Palm Beach, FL",2024-08-05,pm25
12,86,1016,88101,23,25.794222,-80.215556,NAD83,PM2.5 - Local Conditions,24-HR BLK AVG,PM25 24-hour 2012,2022-09-09,Micrograms/cubic meter (LC),,1,100.0,5.8,5.8,0,32.0,738.0,Teledyne T640X at 16.67 LPM (Corrected) - Broadband spectroscopy,Miami Fire Station,"1200 NW 20th St, Miami, FL 33142",Florida,Miami-Dade,Miami,"Miami-Fort Lauderdale-West Palm Beach, FL",2024-08-05,pm25
12,86,1016,88101,23,25.794222,-80.215556,NAD83,PM2.5 - Local Conditions,24-HR BLK AVG,PM25 24-hour 2012,2022-09-10,Micrograms/cubic meter (LC),,1,100.0,4.6,4.6,0,26.0,738.0,Teledyne T640X at 16.67 LPM (Corrected) - Broadband spectroscopy,Miami Fire Station,"1200 NW 20th St, Miami, FL 33142",Florida,Miami-Dade,Miami,"Miami-Fort Lauderdale-West Palm Beach, FL",2024-08-05,pm25
12,86,1016,88101,23,25.794222,-80.215556,NAD83,PM2.5 - Local Conditions,24-HR BLK AVG,PM25 24-hour 2012,2022-09-11,Micrograms/cubic meter (LC),,1,100.0,5.0,5.0,0,28.0,738.0,Teledyne T640X at 16.67 LPM (Corrected) - Broadband spectroscopy,Miami Fire Station,"1200 NW 20th St, Miami, FL 33142",Florida,Miami-Dade,Miami,"Miami-Fort Lauderdale-West Palm Beach, FL",2024-08-05,pm25
12,86,1016,88101,23,25.794222,-80.215556,NAD83,PM2.5 - Local Conditions,24-HR BLK AVG,PM25 24-hour 2012,2022-09-12,Micrograms/cubic meter (LC),,1,100.0,4.0,4.0,0,22.0,738.0,Teledyne T640X at 16.67 LPM (Corrected) - Broadband spectroscopy,Miami Fire Station,"1200 NW 20th St, Miami, FL 33142",Florida,Miami-Dade,Miami,"Miami-Fort Lauderdale-West Palm Beach, FL",2024-08-05,pm25
12,86,1016,88101,23,25.794222,-80.215556,NAD83,PM2.5 - Local Conditions,24-HR BLK AVG,PM25 24-hour 2012,2022-09-13,Micrograms/cubic meter (LC),,1,100.0,4.3,4.3,0,24.0,738.0,Teledyne T640X at 16.67 LPM (Corrected) - Broadband spectroscopy,Miami Fire Station,"1200 NW 20th St, Miami, FL 33142",Florida,Miami-Dade,Miami,"Miami-Fort Lauderdale-West Palm Beach, FL",2024-08-05,pm25
12,86,1016,88101,23,25.794222,-80.215556,NAD83,PM2.5 - Local Conditions,24-HR BLK AVG,PM25 24-hour 2012,2022-09-14,Micrograms/cubic meter (LC),,1,100.0,5.6,5.6,0,31.0,738.0,Teledyne T640X at 16.67 LPM (Corrected) - Broadband spectroscopy,Miami Fire Station,"1200 NW 20th St, Miami, FL 33142",Florida,Miami-Dade,Miami,"Miami-Fort Lauderdale-West Palm Beach, FL",2024-08-05,pm25
12,86,1016,88101,23,25.794222,-80.215556,NAD83,PM2.5 - Local Conditions,24-HR BLK AVG,PM25 24-hour 2012,2022-09-15,Micrograms/cubic meter (LC),,1,100.0,5.2,5.2,0,29.0,738.0,Teledyne T640X at 16.67 LPM (Corrected) - Broadband spectroscopy,Miami Fire Station,"1200 NW 20th St, Miami, FL 33142",Florida,Miami-Dade,Miami,"Miami-Fort Lauderdale-West Palm Beach, FL",2024-08-05,pm25
12,86,1016,88101,23,25.794222,-80.215556,NAD83,PM2.5 - Local Conditions,24-HR BLK AVG,PM25 24-hour 2012,2022-09-16,Micrograms/cubic meter (LC),,1,100.0,5.7,5.7,0,32.0,738.0,Teledyne T640X at 16.67 LPM (Corrected) - Broadband spectroscopy,Miami Fire Station,"1200 NW 20th St, Miami, FL 33142",Florida,Miami-Dade,Miami,"Miami-Fort Lauderdale-West Palm Beach, FL",2024-08-05,pm25
12,86,1016,88101,23,25.794222,-80.215556,NAD83,PM2.5 - Local Conditions,24-HR BLK AVG,PM25 24-hour 2012,2022-09-17,Micrograms/cubic meter (LC),,1,100.0,4.6,4.6,0,26.0,738.0,Teledyne T640X at 16.67 LPM (Corrected) - Broadband spectroscopy,Miami Fire Station,"1200 NW 20th St, Miami, FL 33142",Florida,Miami-Dade,Miami,"Miami-Fort Lauderdale-West Palm Beach, FL",2024-08-05,pm25
12,86,1016,88101,23,25.794222,-80.215556,NAD83,PM2.5 - Local Conditions,24-HR BLK AVG,PM25 24-hour 2012,2022-09-18,Micrograms/cubic meter (LC),,1,100.0,4.8,4.8,0,27.0,738.0,Teledyne T640X at 16.67 LPM (Corrected) - Broadband spectroscopy,Miami Fire Station,"1200 NW 20th St, Miami, FL 33142",Florida,Miami-Dade,Miami,"Miami-Fort Lauderdale-West Palm Beach, FL",2024-08-05,pm25
12,86,1016,88101,23,25.794222,-80.215556,NAD83,PM2.5 - Local Conditions,24-HR BLK AVG,PM25 24-hour 2012,2022-09-19,Micrograms/cubic meter (LC),,1,100.0,7.2,7.2,0,40.0,738.0,Teledyne T640X at 16.67 LPM (Corrected) - Broadband spectroscopy,Miami Fire Station,"1200 NW 20th St, Miami, FL 33142",Florida,Miami-Dade,Miami,"Miami-Fort Lauderdale-West Palm Beach, FL",2024-08-05,pm25
12,86,1016,88101,23,25.794222,-80.215556,NAD83,PM2.5 - Local Conditions,24-HR BLK AVG,PM25 24-hour 2012,2022-09-20,Micrograms/cubic meter (LC),,1,100.0,6.3,6.3,0,35.0,738.0,Teledyne T640X at 16.67 LPM (Corrected) - Broadband spectroscopy,Miami Fire Station,"1200 NW 20th St, Miami, FL 33142",Florida,Miami-Dade,Miami,"Miami-Fort Lauderdale-West Palm Beach, FL",2024-08-05,pm25
12,86,1016,88101,23,25.794222,-80.215556,NAD83,PM2.5 - Local Conditions,24-HR BLK AVG,PM25 24-hour 2012,2022-09-21,Micrograms/cubic meter (LC),,1,100.0,5.3,5.3,0,29.0,738.0,Teledyne T640X at 16.67 LPM (Corrected) - Broadband spectroscopy,Miami Fire Station,"1200 NW 20th St, Miami, FL 33142",Florida,Miami-Dade,Miami,"Miami-Fort Lauderdale-West Palm Beach, FL",2024-08-05,pm25
12,86,1016,88101,23,25.794222,-80.215556,NAD83,PM2.5 - Local Conditions,24-HR BLK AVG,PM25 24-hour 2012,2022-09-22,Micrograms/cubic meter (LC),,1,100.0,5.3,5.3,0,29.0,738.0,Teledyne T640X at 16.67 LPM (Corrected) - Broadband spectroscopy,Miami Fire Station,"1200 NW 20th St, Miami, FL 33142",Florida,Miami-Dade,Miami,"Miami-Fort Lauderdale-West Palm Beach, FL",2024-08-05,pm25
12,86,1016,88101,23,25.794222,-80.215556,NAD83,PM2.5 - Local Conditions,24-HR BLK AVG,PM25 24-hour 2012,2022-09-23,Micrograms/cubic meter (LC),,1,100.0,10.9,10.9,0,54.0,738.0,Teledyne T640X at 16.67 LPM (Corrected) - Broadband spectroscopy,Miami Fire Station,"1200 NW 20th St, Miami, FL 33142",Florida,Miami-Dade,Miami,"Miami-Fort Lauderdale-West Palm Beach, FL",2024-08-05,pm25
12,86,1016,88101,23,25.794222,-80.215556,NAD83,PM2.5 - Local Conditions,24-HR BLK AVG,PM25 24-hour 2012,2022-09-24,Micrograms/cubic meter (LC),,1,100.0,12.5,12.5,0,57.0,738.0,Teledyne T640X at 16.67 LPM (Corrected) - Broadband spectroscopy,Miami Fire Station,"1200 NW 20th St, Miami, FL 33142",Florida,Miami-Dade,Miami,"Miami-Fort Lauderdale-West Palm Beach, FL",2024-08-05,pm25
12,86,1016,88101,23,25.794222,-80.215556,NAD83,PM2.5 - Local Conditions,24-HR BLK AVG,PM25 24-hour 2012,2022-09-25,Micrograms/cubic meter (LC),,1,100.0,5.9,5.9,0,33.0,738.0,Teledyne T640X at 16.67 LPM (Corrected) - Broadband spectroscopy,Miami Fire Station,"1200 NW 20th St, Miami, FL 33142",Florida,Miami-Dade,Miami,"Miami-Fort Lauderdale-West Palm Beach, FL",2024-08-05,pm25
12,86,1016,88101,23,25.794222,-80.215556,NAD83,PM2.5 - Local Conditions,24-HR BLK AVG,PM25 24-hour 2012,2022-09-26,Micrograms/cubic meter (LC),,1,100.0,4.1,4.1,0,23.0,738.0,Teledyne T640X at 16.67 LPM (Corrected) - Broadband spectroscopy,Miami Fire Station,"1200 NW 20th St, Miami, FL 33142",Florida,Miami-Dade,Miami,"Miami-Fort Lauderdale-West Palm Beach, FL",2024-08-05,pm25
12,86,1016,88101,23,25.794222,-80.215556,NAD83,PM2.5 - Local Conditions,24-HR BLK AVG,PM25 24-hour 2012,2022-09-27,Micrograms/cubic meter (LC),,1,100.0,6.3,6.3,0,35.0,738.0,Teledyne T640X at 16.67 LPM (Corrected) - Broadband spectroscopy,Miami Fire Station,"1200 NW 20th St, Miami, FL 33142",Florida,Miami-Dade,Miami,"Miami-Fort Lauderdale-West Palm Beach, FL",2024-08-05,pm25
12,86,1016,88101,23,25.794222,-80.215556,NAD83,PM2.5 - Local Conditions,24-HR BLK AVG,PM25 24-hour 2012,2022-09-28,Micrograms/cubic meter (LC),,1,100.0,8.0,8.0,0,44.0,738.0,Teledyne T640X at 16.67 LPM (Corrected) - Broadband spectroscopy,Miami Fire Station,"1200 NW 20th St, Miami, FL 33142",Florida,Miami-Dade,Miami,"Miami-Fort Lauderdale-West Palm Beach, FL",2024-08-05,pm25
12,86,1016,88101,23,25.794222,-80.215556,NAD83,PM2.5 - Local Conditions,24-HR BLK AVG,PM25 24-hour 2012,2022-09-29,Micrograms/cubic meter (LC),,1,100.0,5.3,5.3,0,29.0,738.0,Teledyne T640X at 16.67 LPM (Corrected) - Broadband spectroscopy,Miami Fire Station,"1200 NW 20th St, Miami, FL 33142",Florida,Miami-Dade,Miami,"Miami-Fort Lauderdale-West Palm Beach, FL",2024-08-05,pm25
12,86,1016,88101,23,25.794222,-80.215556,NAD83,PM2.5 - Local Conditions,24-HR BLK AVG,PM25 24-hour 2012,2022-09-30,Micrograms/cubic meter (LC),,1,100.0,6.2,6.2,0,34.0,738.0,Teledyne T640X at 16.67 LPM (Corrected) - Broadband spectroscopy,Miami Fire Station,"1200 NW 20th St, Miami, FL 33142",Florida,Miami-Dade,Miami,"Miami-Fort Lauderdale-West Palm Beach, FL",2024-08-05,pm25
12,86,1016,88101,23,25.794222,-80.215556,NAD83,PM2.5 - Local Conditions,24-HR BLK AVG,PM25 24-hour 2012,2022-10-01,Micrograms/cubic meter (LC),,1,100.0,5.3,5.3,0,29.0,738.0,Teledyne T640X at 16.67 LPM (Corrected) - Broadband spectroscopy,Miami Fire Station,"1200 NW 20th St, Miami, FL 33142",Florida,Miami-Dade,Miami,"Miami-Fort Lauderdale-West Palm Beach, FL",2024-08-05,pm25
12,86,1016,88101,23,25.794222,-80.215556,NAD83,PM2.5 - Local Conditions,24-HR BLK AVG,PM25 24-hour 2012,2022-10-02,Micrograms/cubic meter (LC),,1,100.0,5.3,5.3,0,29.0,738.0,Teledyne T640X at 16.67 LPM (Corrected) - Broadband spectroscopy,Miami Fire Station,"1200 NW 20th St, Miami, FL 33142",Florida,Miami-Dade,Miami,"Miami-Fort Lauderdale-West Palm Beach, FL",2024-08-05,pm25
12,86,1016,88101,23,25.794222,-80.215556,NAD83,PM2.5 - Local Conditions,24-HR BLK AVG,PM25 24-hour 2012,2022-10-03,Micrograms/cubic meter (LC),,1,100.0,6.2,6.2,0,34.0,738.0,Teledyne T640X at 16.67 LPM (Corrected) - Broadband spectroscopy,Miami Fire Station,"1200 NW 20th St, Miami, FL 33142",Florida,Miami-Dade,Miami,"Miami-Fort Lauderdale-West Palm Beach, FL",2024-08-05,pm25
12,86,1016,88101,23,25.794222,-80.215556,NAD83,PM2.5 - Local Conditions,24-HR BLK AVG,PM25 24-hour 2012,2022-10-04,Micrograms/cubic meter (LC),,1,100.0,5.9,5.9,0,33.0,738.0,Teledyne T640X at 16.67 LPM (Corrected) - Broadband spectroscopy,Miami Fire Station,"1200 NW 20th St, Miami, FL 33142",Florida,Miami-Dade,Miami,"Miami-Fort Lauderdale-West Palm Beach, FL",2024-08-05,pm25
12,86,1016,88101,23,25.794222,-80.215556,NAD83,PM2.5 - Local Conditions,24-HR BLK AVG,PM25 24-hour 2012,2022-10-05,Micrograms/cubic meter (LC),,1,100.0,4.1,4.1,0,23.0,738.0,Teledyne T640X at 16.67 LPM (Corrected) - Broadband spectroscopy,Miami Fire Station,"1200 NW 20th St, Miami, FL 33142",Florida,Miami-Dade,Miami,"Miami-Fort Lauderdale-West Palm Beach, FL",2024-08-05,pm25
12,86,1016,88101,23,25.794222,-80.215556,NAD83,PM2.5 - Local Conditions,24-HR BLK AVG,PM25 24-hour 2012,2022-10-06,Micrograms/cubic meter (LC),,1,100.0,4.0,4.0,0,22.0,738.0,Teledyne T640X at 16.67 LPM (Corrected) - Broadband spectroscopy,Miami Fire Station,"1200 NW 20th St, Miami, FL 33142",Florida,Miami-Dade,Miami,"Miami-Fort Lauderdale-West Palm Beach, FL",2024-08-05,pm25
12,86,1016,88101,23,25.794222,-80.215556,NAD83,PM2.5 - Local Conditions,24-HR BLK AVG,PM25 24-hour 2012,2022-10-07,Micrograms/cubic meter (LC),,1,100.0,4.2,4.2,0,23.0,738.0,Teledyne T640X at 16.67 LPM (Corrected) - Broadband spectroscopy,Miami Fire Station,"1200 NW 20th St, Miami, FL 33142",Florida,Miami-Dade,Miami,"Miami-Fort Lauderdale-West Palm Beach, FL",2024-08-05,pm25
12,86,1016,88101,23,25.794222,-80.215556,NAD83,PM2.5 - Local Conditions,24-HR BLK AVG,PM25 24-hour 2012,2022-10-08,Micrograms/cubic meter (LC),,1,100.0,4.4,4.4,0,24.0,738.0,Teledyne T640X at 16.67 LPM (Corrected) - Broadband spectroscopy,Miami Fire Station,"1200 NW 20th St, Miami, FL 33142",Florida,Miami-Dade,Miami,"Miami-Fort Lauderdale-West Palm Beach, FL",2024-08-05,pm25
12,86,1016,88101,23,25.794222,-80.215556,NAD83,PM2.5 - Local Conditions,24-HR BLK AVG,PM25 24-hour 2012,2022-10-09,Micrograms/cubic meter (LC),,1,100.0,5.1,5.1,0,28.0,738.0,Teledyne T640X at 16.67 LPM (Corrected) - Broadband spectroscopy,Miami Fire Station,"1200 NW 20th St, Miami, FL 33142",Florida,Miami-Dade,Miami,"Miami-Fort Lauderdale-West Palm Beach, FL",2024-08-05,pm25
12,86,1016,88101,23,25.794222,-80.215556,NAD83,PM2.5 - Local Conditions,24-HR BLK AVG,PM25 24-hour 2012,2022-10-10,Micrograms/cubic meter (LC),,1,100.0,5.8,5.8,0,32.0,738.0,Teledyne T640X at 16.67 LPM (Corrected) - Broadband spectroscopy,Miami Fire Station,"1200 NW 20th St, Miami, FL 33142",Florida,Miami-Dade,Miami,"Miami-Fort Lauderdale-West Palm Beach, FL",2024-08-05,pm25
12,86,1016,88101,23,25.794222,-80.215556,NAD83,PM2.5 - Local Conditions,24-HR BLK AVG,PM25 24-hour 2012,2022-10-11,Micrograms/cubic meter (LC),,1,100.0,5.0,5.0,0,28.0,738.0,Teledyne T640X at 16.67 LPM (Corrected) - Broadband spectroscopy,Miami Fire Station,"1200 NW 20th St, Miami, FL 33142",Florida,Miami-Dade,Miami,"Miami-Fort Lauderdale-West Palm Beach, FL",2024-08-05,pm25
12,86,1016,88101,23,25.794222,-80.215556,NAD83,PM2.5 - Local Conditions,24-HR BLK AVG,PM25 24-hour 2012,2022-10-12,Micrograms/cubic meter (LC),,1,100.0,4.3,4.3,0,24.0,738.0,Teledyne T640X at 16.67 LPM (Corrected) - Broadband spectroscopy,Miami Fire Station,"1200 NW 20th St, Miami, FL 33142",Florida,Miami-Dade,Miami,"Miami-Fort Lauderdale-West Palm Beach, FL",2024-08-05,pm25
12,86,1016,88101,23,25.794222,-80.215556,NAD83,PM2.5 - Local Conditions,24-HR BLK AVG,PM25 24-hour 2012,2022-10-13,Micrograms/cubic meter (LC),,1,100.0,4.0,4.0,0,22.0,738.0,Teledyne T640X at 16.67 LPM (Corrected) - Broadband spectroscopy,Miami Fire Station,"1200 NW 20th St, Miami, FL 33142",Florida,Miami-Dade,Miami,"Miami-Fort Lauderdale-West Palm Beach, FL",2024-08-05,pm25
12,86,1016,88101,23,25.794222,-80.215556,NAD83,PM2.5 - Local Conditions,24-HR BLK AVG,PM25 24-hour 2012,2022-10-14,Micrograms/cubic meter (LC),,1,100.0,5.0,5.0,0,28.0,738.0,Teledyne T640X at 16.67 LPM (Corrected) - Broadband spectroscopy,Miami Fire Station,"1200 NW 20th St, Miami, FL 33142",Florida,Miami-Dade,Miami,"Miami-Fort Lauderdale-West Palm Beach, FL",2024-08-05,pm25
12,86,1016,88101,23,25.794222,-80.215556,NAD83,PM2.5 - Local Conditions,24-HR BLK AVG,PM25 24-hour 2012,2022-10-15,Micrograms/cubic meter (LC),,1,100.0,4.8,4.8,0,27.0,738.0,Teledyne T640X at 16.67 LPM (Corrected) - Broadband spectroscopy,Miami Fire Station,"1200 NW 20th St, Miami, FL 33142",Florida,Miami-Dade,Miami,"Miami-Fort Lauderdale-West Palm Beach, FL",2024-08-05,pm25
12,86,1016,88101,23,25.794222,-80.215556,NAD83,PM2.5 - Local Conditions,24-HR BLK AVG,PM25 24-hour 2012,2022-10-16,Micrograms/cubic meter (LC),,1,100.0,6.9,6.9,0,38.0,738.0,Teledyne T640X at 16.67 LPM (Corrected) - Broadband spectroscopy,Miami Fire Station,"1200 NW 20th St, Miami, FL 33142",Florida,Miami-Dade,Miami,"Miami-Fort Lauderdale-West Palm Beach, FL",2024-08-05,pm25
12,86,1016,88101,23,25.794222,-80.215556,NAD83,PM2.5 - Local Conditions,24-HR BLK AVG,PM25 24-hour 2012,2022-10-17,Micrograms/cubic meter (LC),,1,100.0,5.9,5.9,0,33.0,738.0,Teledyne T640X at 16.67 LPM (Corrected) - Broadband spectroscopy,Miami Fire Station,"1200 NW 20th St, Miami, FL 33142",Florida,Miami-Dade,Miami,"Miami-Fort Lauderdale-West Palm Beach, FL",2024-08-05,pm25
12,86,1016,88101,23,25.794222,-80.215556,NAD83,PM2.5 - Local Conditions,24-HR BLK AVG,PM25 24-hour 2012,2022-10-18,Micrograms/cubic meter (LC),,1,100.0,4.3,4.3,0,24.0,738.0,Teledyne T640X at 16.67 LPM (Corrected) - Broadband spectroscopy,Miami Fire Station,"1200 NW 20th St, Miami, FL 33142",Florida,Miami-Dade,Miami,"Miami-Fort Lauderdale-West Palm Beach, FL",2024-08-05,pm25
12,86,1016,88101,23,25.794222,-80.215556,NAD83,PM2.5 - Local Conditions,24-HR BLK AVG,PM25 24-hour 2012,2022-10-19,Micrograms/cubic meter (LC),,1,100.0,6.3,6.3,0,35.0,738.0,Teledyne T640X at 16.67 LPM (Corrected) - Broadband spectroscopy,Miami Fire Station,"1200 NW 20th St, Miami, FL 33142",Florida,Miami-Dade,Miami,"Miami-Fort Lauderdale-West Palm Beach, FL",2024-08-05,pm25
12,86,1016,88101,23,25.794222,-80.215556,NAD83,PM2.5 - Local Conditions,24-HR BLK AVG,PM25 24-hour 2012,2022-10-20,Micrograms/cubic meter (LC),,1,100.0,5.1,5.1,0,28.0,738.0,Teledyne T640X at 16.67 LPM (Corrected) - Broadband spectroscopy,Miami Fire Station,"1200 NW 20th St, Miami, FL 33142",Florida,Miami-Dade,Miami,"Miami-Fort Lauderdale-West Palm Beach, FL",2024-08-05,pm25
12,86,1016,88101,23,25.794222,-80.215556,NAD83,PM2.5 - Local Conditions,24-HR BLK AVG,PM25 24-hour 2012,2022-10-21,Micrograms/cubic meter (LC),,1,100.0,5.3,5.3,0,29.0,738.0,Teledyne T640X at 16.67 LPM (Corrected) - Broadband spectroscopy,Miami Fire Station,"1200 NW 20th St, Miami, FL 33142",Florida,Miami-Dade,Miami,"Miami-Fort Lauderdale-West Palm Beach, FL",2024-08-05,pm25
12,86,1016,88101,23,25.794222,-80.215556,NAD83,PM2.5 - Local Conditions,24-HR BLK AVG,PM25 24-hour 2012,2022-10-22,Micrograms/cubic meter (LC),,1,100.0,4.7,4.7,0,26.0,738.0,Teledyne T640X at 16.67 LPM (Corrected) - Broadband spectroscopy,Miami Fire Station,"1200 NW 20th St, Miami, FL 33142",Florida,Miami-Dade,Miami,"Miami-Fort Lauderdale-West Palm Beach, FL",2024-08-05,pm25
12,86,1016,88101,23,25.794222,-80.215556,NAD83,PM2.5 - Local Conditions,24-HR BLK AVG,PM25 24-hour 2012,2022-10-23,Micrograms/cubic meter (LC),,1,100.0,3.9,3.9,0,22.0,738.0,Teledyne T640X at 16.67 LPM (Corrected) - Broadband spectroscopy,Miami Fire Station,"1200 NW 20th St, Miami, FL 33142",Florida,Miami-Dade,Miami,"Miami-Fort Lauderdale-West Palm Beach, FL",2024-08-05,pm25
12,86,1016,88101,23,25.794222,-80.215556,NAD83,PM2.5 - Local Conditions,24-HR BLK AVG,PM25 24-hour 2012,2022-10-24,Micrograms/cubic meter (LC),,1,100.0,4.6,4.6,0,26.0,738.0,Teledyne T640X at 16.67 LPM (Corrected) - Broadband spectroscopy,Miami Fire Station,"1200 NW 20th St, Miami, FL 33142",Florida,Miami-Dade,Miami,"Miami-Fort Lauderdale-West Palm Beach, FL",2024-08-05,pm25
12,86,1016,88101,23,25.794222,-80.215556,NAD83,PM2.5 - Local Conditions,24-HR BLK AVG,PM25 24-hour 2012,2022-10-25,Micrograms/cubic meter (LC),,1,100.0,4.3,4.3,0,24.0,738.0,Teledyne T640X at 16.67 LPM (Corrected) - Broadband spectroscopy,Miami Fire Station,"1200 NW 20th St, Miami, FL 33142",Florida,Miami-Dade,Miami,"Miami-Fort Lauderdale-West Palm Beach, FL",2024-08-05,pm25
12,86,1016,88101,23,25.794222,-80.215556,NAD83,PM2.5 - Local Conditions,24-HR BLK AVG,PM25 24-hour 2012,2022-10-26,Micrograms/cubic meter (LC),,1,100.0,7.0,7.0,0,39.0,738.0,Teledyne T640X at 16.67 LPM (Corrected) - Broadband spectroscopy,Miami Fire Station,"1200 NW 20th St, Miami, FL 33142",Florida,Miami-Dade,Miami,"Miami-Fort Lauderdale-West Palm Beach, FL",2024-08-05,pm25
12,86,1016,88101,23,25.794222,-80.215556,NAD83,PM2.5 - Local Conditions,24-HR BLK AVG,PM25 24-hour 2012,2022-10-27,Micrograms/cubic meter (LC),,1,100.0,7.5,7.5,0,42.0,738.0,Teledyne T640X at 16.67 LPM (Corrected) - Broadband spectroscopy,Miami Fire Station,"1200 NW 20th St, Miami, FL 33142",Florida,Miami-Dade,Miami,"Miami-Fort Lauderdale-West Palm Beach, FL",2024-08-05,pm25
12,86,1016,88101,23,25.794222,-80.215556,NAD83,PM2.5 - Local Conditions,24-HR BLK AVG,PM25 24-hour 2012,2022-10-28,Micrograms/cubic meter (LC),,1,100.0,3.9,3.9,0,22.0,738.0,Teledyne T640X at 16.67 LPM (Corrected) - Broadband spectroscopy,Miami Fire Station,"1200 NW 20th St, Miami, FL 33142",Florida,Miami-Dade,Miami,"Miami-Fort Lauderdale-West Palm Beach, FL",2024-08-05,pm25
12,86,1016,88101,23,25.794222,-80.215556,NAD83,PM2.5 - Local Conditions,24-HR BLK AVG,PM25 24-hour 2012,2022-10-29,Micrograms/cubic meter (LC),,1,100.0,4.9,4.9,0,27.0,738.0,Teledyne T640X at 16.67 LPM (Corrected) - Broadband spectroscopy,Miami Fire Station,"1200 NW 20th St, Miami, FL 33142",Florida,Miami-Dade,Miami,"Miami-Fort Lauderdale-West Palm Beach, FL",2024-08-05,pm25
12,86,1016,88101,23,25.794222,-80.215556,NAD83,PM2.5 - Local Conditions,24-HR BLK AVG,PM25 24-hour 2012,2022-10-30,Micrograms/cubic meter (LC),,1,100.0,5.3,5.3,0,29.0,738.0,Teledyne T640X at 16.67 LPM (Corrected) - Broadband spectroscopy,Miami Fire Station,"1200 NW 20th St, Miami, FL 33142",Florida,Miami-Dade,Miami,"Miami-Fort Lauderdale-West Palm Beach, FL",2024-08-05,pm25
12,86,1016,88101,23,25.794222,-80.215556,NAD83,PM2.5 - Local Conditions,24-HR BLK AVG,PM25 24-hour 2012,2022-10-31,Micrograms/cubic meter (LC),,1,100.0,6.5,6.5,0,36.0,738.0,Teledyne T640X at 16.67 LPM (Corrected) - Broadband spectroscopy,Miami Fire Station,"1200 NW 20th St, Miami, FL 33142",Florida,Miami-Dade,Miami,"Miami-Fort Lauderdale-West Palm Beach, FL",2024-08-05,pm25
12,86,1016,88101,23,25.794222,-80.215556,NAD83,PM2.5 - Local Conditions,24-HR BLK AVG,PM25 24-hour 2012,2022-11-01,Micrograms/cubic meter (LC),,1,100.0,5.6,5.6,0,31.0,738.0,Teledyne T640X at 16.67 LPM (Corrected) - Broadband spectroscopy,Miami Fire Station,"1200 NW 20th St, Miami, FL 33142",Florida,Miami-Dade,Miami,"Miami-Fort Lauderdale-West Palm Beach, FL",2024-08-05,pm25
12,86,1016,88101,23,25.794222,-80.215556,NAD83,PM2.5 - Local Conditions,24-HR BLK AVG,PM25 24-hour 2012,2022-11-02,Micrograms/cubic meter (LC),,1,100.0,5.0,5.0,0,28.0,738.0,Teledyne T640X at 16.67 LPM (Corrected) - Broadband spectroscopy,Miami Fire Station,"1200 NW 20th St, Miami, FL 33142",Florida,Miami-Dade,Miami,"Miami-Fort Lauderdale-West Palm Beach, FL",2024-08-05,pm25
12,86,1016,88101,23,25.794222,-80.215556,NAD83,PM2.5 - Local Conditions,24-HR BLK AVG,PM25 24-hour 2012,2022-11-03,Micrograms/cubic meter (LC),,1,100.0,5.4,5.4,0,30.0,738.0,Teledyne T640X at 16.67 LPM (Corrected) - Broadband spectroscopy,Miami Fire Station,"1200 NW 20th St, Miami, FL 33142",Florida,Miami-Dade,Miami,"Miami-Fort Lauderdale-West Palm Beach, FL",2024-08-05,pm25
12,86,1016,88101,23,25.794222,-80.215556,NAD83,PM2.5 - Local Conditions,24-HR BLK AVG,PM25 24-hour 2012,2022-11-04,Micrograms/cubic meter (LC),,1,100.0,6.4,6.4,0,36.0,738.0,Teledyne T640X at 16.67 LPM (Corrected) - Broadband spectroscopy,Miami Fire Station,"1200 NW 20th St, Miami, FL 33142",Florida,Miami-Dade,Miami,"Miami-Fort Lauderdale-West Palm Beach, FL",2024-08-05,pm25
12,86,1016,88101,23,25.794222,-80.215556,NAD83,PM2.5 - Local Conditions,24-HR BLK AVG,PM25 24-hour 2012,2022-11-05,Micrograms/cubic meter (LC),,1,100.0,4.0,4.0,0,22.0,738.0,Teledyne T640X at 16.67 LPM (Corrected) - Broadband spectroscopy,Miami Fire Station,"1200 NW 20th St, Miami, FL 33142",Florida,Miami-Dade,Miami,"Miami-Fort Lauderdale-West Palm Beach, FL",2024-08-05,pm25
12,86,1016,88101,23,25.794222,-80.215556,NAD83,PM2.5 - Local Conditions,24-HR BLK AVG,PM25 24-hour 2012,2022-11-06,Micrograms/cubic meter (LC),,1,100.0,5.9,5.9,0,33.0,738.0,Teledyne T640X at 16.67 LPM (Corrected) - Broadband spectroscopy,Miami Fire Station,"1200 NW 20th St, Miami, FL 33142",Florida,Miami-Dade,Miami,"Miami-Fort Lauderdale-West Palm Beach, FL",2024-08-05,pm25
12,86,1016,88101,23,25.794222,-80.215556,NAD83,PM2.5 - Local Conditions,24-HR BLK AVG,PM25 24-hour 2012,2022-11-07,Micrograms/cubic meter (LC),,1,100.0,8.7,8.7,0,48.0,738.0,Teledyne T640X at 16.67 LPM (Corrected) - Broadband spectroscopy,Miami Fire Station,"1200 NW 20th St, Miami, FL 33142",Florida,Miami-Dade,Miami,"Miami-Fort Lauderdale-West Palm Beach, FL",2024-08-05,pm25
12,86,1016,88101,23,25.794222,-80.215556,NAD83,PM2.5 - Local Conditions,24-HR BLK AVG,PM25 24-hour 2012,2022-11-08,Micrograms/cubic meter (LC),,1,100.0,8.1,8.1,0,45.0,738.0,Teledyne T640X at 16.67 LPM (Corrected) - Broadband spectroscopy,Miami Fire Station,"1200 NW 20th St, Miami, FL 33142",Florida,Miami-Dade,Miami,"Miami-Fort Lauderdale-West Palm Beach, FL",2024-08-05,pm25
12,86,1016,88101,23,25.794222,-80.215556,NAD83,PM2.5 - Local Conditions,24-HR BLK AVG,PM25 24-hour 2012,2022-11-09,Micrograms/cubic meter (LC),,1,100.0,6.6,6.6,0,37.0,738.0,Teledyne T640X at 16.67 LPM (Corrected) - Broadband spectroscopy,Miami Fire Station,"1200 NW 20th St, Miami, FL 33142",Florida,Miami-Dade,Miami,"Miami-Fort Lauderdale-West Palm Beach, FL",2024-08-05,pm25
12,86,1016,88101,23,25.794222,-80.215556,NAD83,PM2.5 - Local Conditions,24-HR BLK AVG,PM25 24-hour 2012,2022-11-10,Micrograms/cubic meter (LC),,1,100.0,4.1,4.1,0,23.0,738.0,Teledyne T640X at 16.67 LPM (Corrected) - Broadband spectroscopy,Miami Fire Station,"1200 NW 20th St, Miami, FL 33142",Florida,Miami-Dade,Miami,"Miami-Fort Lauderdale-West Palm Beach, FL",2024-08-05,pm25
12,86,1016,88101,23,25.794222,-80.215556,NAD83,PM2.5 - Local Conditions,24-HR BLK AVG,PM25 24-hour 2012,2022-11-11,Micrograms/cubic meter (LC),,1,100.0,6.5,6.5,0,36.0,738.0,Teledyne T640X at 16.67 LPM (Corrected) - Broadband spectroscopy,Miami Fire Station,"1200 NW 20th St, Miami, FL 33142",Florida,Miami-Dade,Miami,"Miami-Fort Lauderdale-West Palm Beach, FL",2024-08-05,pm25
12,86,1016,88101,23,25.794222,-80.215556,NAD83,PM2.5 - Local Conditions,24-HR BLK AVG,PM25 24-hour 2012,2022-11-12,Micrograms/cubic meter (LC),,1,100.0,7.3,7.3,0,41.0,738.0,Teledyne T640X at 16.67 LPM (Corrected) - Broadband spectroscopy,Miami Fire Station,"1200 NW 20th St, Miami, FL 33142",Florida,Miami-Dade,Miami,"Miami-Fort Lauderdale-West Palm Beach, FL",2024-08-05,pm25
12,86,1016,88101,23,25.794222,-80.215556,NAD83,PM2.5 - Local Conditions,24-HR BLK AVG,PM25 24-hour 2012,2022-11-13,Micrograms/cubic meter (LC),,1,100.0,4.6,4.6,0,26.0,738.0,Teledyne T640X at 16.67 LPM (Corrected) - Broadband spectroscopy,Miami Fire Station,"1200 NW 20th St, Miami, FL 33142",Florida,Miami-Dade,Miami,"Miami-Fort Lauderdale-West Palm Beach, FL",2024-08-05,pm25
12,86,1016,88101,23,25.794222,-80.215556,NAD83,PM2.5 - Local Conditions,24-HR BLK AVG,PM25 24-hour 2012,2022-11-14,Micrograms/cubic meter (LC),,1,100.0,4.8,4.8,0,27.0,738.0,Teledyne T640X at 16.67 LPM (Corrected) - Broadband spectroscopy,Miami Fire Station,"1200 NW 20th St, Miami, FL 33142",Florida,Miami-Dade,Miami,"Miami-Fort Lauderdale-West Palm Beach, FL",2024-08-05,pm25
12,86,1016,88101,23,25.794222,-80.215556,NAD83,PM2.5 - Local Conditions,24-HR BLK AVG,PM25 24-hour 2012,2022-11-15,Micrograms/cubic meter (LC),,1,100.0,3.7,3.7,0,21.0,738.0,Teledyne T640X at 16.67 LPM (Corrected) - Broadband spectroscopy,Miami Fire Station,"1200 NW 20th St, Miami, FL 33142",Florida,Miami-Dade,Miami,"Miami-Fort Lauderdale-West Palm Beach, FL",2024-08-05,pm25
12,86,1016,88101,23,25.794222,-80.215556,NAD83,PM2.5 - Local Conditions,24-HR BLK AVG,PM25 24-hour 2012,2022-11-16,Micrograms/cubic meter (LC),,1,100.0,5.1,5.1,0,28.0,738.0,Teledyne T640X at 16.67 LPM (Corrected) - Broadband spectroscopy,Miami Fire Station,"1200 NW 20th St, Miami, FL 33142",Florida,Miami-Dade,Miami,"Miami-Fort Lauderdale-West Palm Beach, FL",2024-08-05,pm25
12,86,1016,88101,23,25.794222,-80.215556,NAD83,PM2.5 - Local Conditions,24-HR BLK AVG,PM25 24-hour 2012,2022-11-17,Micrograms/cubic meter (LC),,1,100.0,9.0,9.0,0,50.0,738.0,Teledyne T640X at 16.67 LPM (Corrected) - Broadband spectroscopy,Miami Fire Station,"1200 NW 20th St, Miami, FL 33142",Florida,Miami-Dade,Miami,"Miami-Fort Lauderdale-West Palm Beach, FL",2024-08-05,pm25
12,86,1016,88101,23,25.794222,-80.215556,NAD83,PM2.5 - Local Conditions,24-HR BLK AVG,PM25 24-hour 2012,2022-11-18,Micrograms/cubic meter (LC),,1,100.0,6.1,6.1,0,34.0,738.0,Teledyne T640X at 16.67 LPM (Corrected) - Broadband spectroscopy,Miami Fire Station,"1200 NW 20th St, Miami, FL 33142",Florida,Miami-Dade,Miami,"Miami-Fort Lauderdale-West Palm Beach, FL",2024-08-05,pm25
12,86,1016,88101,23,25.794222,-80.215556,NAD83,PM2.5 - Local Conditions,24-HR BLK AVG,PM25 24-hour 2012,2022-11-19,Micrograms/cubic meter (LC),,1,100.0,5.1,5.1,0,28.0,738.0,Teledyne T640X at 16.67 LPM (Corrected) - Broadband spectroscopy,Miami Fire Station,"1200 NW 20th St, Miami, FL 33142",Florida,Miami-Dade,Miami,"Miami-Fort Lauderdale-West Palm Beach, FL",2024-08-05,pm25
12,86,1016,88101,23,25.794222,-80.215556,NAD83,PM2.5 - Local Conditions,24-HR BLK AVG,PM25 24-hour 2012,2022-11-20,Micrograms/cubic meter (LC),,1,100.0,4.9,4.9,0,27.0,738.0,Teledyne T640X at 16.67 LPM (Corrected) - Broadband spectroscopy,Miami Fire Station,"1200 NW 20th St, Miami, FL 33142",Florida,Miami-Dade,Miami,"Miami-Fort Lauderdale-West Palm Beach, FL",2024-08-05,pm25
12,86,1016,88101,23,25.794222,-80.215556,NAD83,PM2.5 - Local Conditions,24-HR BLK AVG,PM25 24-hour 2012,2022-11-21,Micrograms/cubic meter (LC),,1,100.0,5.9,5.9,0,33.0,738.0,Teledyne T640X at 16.67 LPM (Corrected) - Broadband spectroscopy,Miami Fire Station,"1200 NW 20th St, Miami, FL 33142",Florida,Miami-Dade,Miami,"Miami-Fort Lauderdale-West Palm Beach, FL",2024-08-05,pm25
12,86,1016,88101,23,25.794222,-80.215556,NAD83,PM2.5 - Local Conditions,24-HR BLK AVG,PM25 24-hour 2012,2022-11-22,Micrograms/cubic meter (LC),,1,100.0,5.4,5.4,0,30.0,738.0,Teledyne T640X at 16.67 LPM (Corrected) - Broadband spectroscopy,Miami Fire Station,"1200 NW 20th St, Miami, FL 33142",Florida,Miami-Dade,Miami,"Miami-Fort Lauderdale-West Palm Beach, FL",2024-08-05,pm25
12,86,1016,88101,23,25.794222,-80.215556,NAD83,PM2.5 - Local Conditions,24-HR BLK AVG,PM25 24-hour 2012,2022-11-23,Micrograms/cubic meter (LC),,1,100.0,7.2,7.2,0,40.0,738.0,Teledyne T640X at 16.67 LPM (Corrected) - Broadband spectroscopy,Miami Fire Station,"1200 NW 20th St, Miami, FL 33142",Florida,Miami-Dade,Miami,"Miami-Fort Lauderdale-West Palm Beach, FL",2024-08-05,pm25
12,86,1016,88101,23,25.794222,-80.215556,NAD83,PM2.5 - Local Conditions,24-HR BLK AVG,PM25 24-hour 2012,2022-11-24,Micrograms/cubic meter (LC),,1,100.0,6.9,6.9,0,38.0,738.0,Teledyne T640X at 16.67 LPM (Corrected) - Broadband spectroscopy,Miami Fire Station,"1200 NW 20th St, Miami, FL 33142",Florida,Miami-Dade,Miami,"Miami-Fort Lauderdale-West Palm Beach, FL",2024-08-05,pm25
12,86,1016,88101,23,25.794222,-80.215556,NAD83,PM2.5 - Local Conditions,24-HR BLK AVG,PM25 24-hour 2012,2022-11-25,Micrograms/cubic meter (LC),,1,100.0,6.5,6.5,0,36.0,738.0,Teledyne T640X at 16.67 LPM (Corrected) - Broadband spectroscopy,Miami Fire Station,"1200 NW 20th St, Miami, FL 33142",Florida,Miami-Dade,Miami,"Miami-Fort Lauderdale-West Palm Beach, FL",2024-08-05,pm25
12,86,1016,88101,23,25.794222,-80.215556,NAD83,PM2.5 - Local Conditions,24-HR BLK AVG,PM25 24-hour 2012,2022-11-26,Micrograms/cubic meter (LC),,1,100.0,6.8,6.8,0,38.0,738.0,Teledyne T640X at 16.67 LPM (Corrected) - Broadband spectroscopy,Miami Fire Station,"1200 NW 20th St, Miami, FL 33142",Florida,Miami-Dade,Miami,"Miami-Fort Lauderdale-West Palm Beach, FL",2024-08-05,pm25
12,86,1016,88101,23,25.794222,-80.215556,NAD83,PM2.5 - Local Conditions,24-HR BLK AVG,PM25 24-hour 2012,2022-11-27,Micrograms/cubic meter (LC),,1,100.0,4.6,4.6,0,26.0,738.0,Teledyne T640X at 16.67 LPM (Corrected) - Broadband spectroscopy,Miami Fire Station,"1200 NW 20th St, Miami, FL 33142",Florida,Miami-Dade,Miami,"Miami-Fort Lauderdale-West Palm Beach, FL",2024-08-05,pm25
12,86,1016,88101,23,25.794222,-80.215556,NAD83,PM2.5 - Local Conditions,24-HR BLK AVG,PM25 24-hour 2012,2022-11-28,Micrograms/cubic meter (LC),,1,100.0,7.2,7.2,0,40.0,738.0,Teledyne T640X at 16.67 LPM (Corrected) - Broadband spectroscopy,Miami Fire Station,"1200 NW 20th St, Miami, FL 33142",Florida,Miami-Dade,Miami,"Miami-Fort Lauderdale-West Palm Beach, FL",2024-08-05,pm25
12,86,1016,88101,23,25.794222,-80.215556,NAD83,PM2.5 - Local Conditions,24-HR BLK AVG,PM25 24-hour 2012,2022-11-29,Micrograms/cubic meter (LC),,1,100.0,5.4,5.4,0,30.0,738.0,Teledyne T640X at 16.67 LPM (Corrected) - Broadband spectroscopy,Miami Fire Station,"1200 NW 20th St, Miami, FL 33142",Florida,Miami-Dade,Miami,"Miami-Fort Lauderdale-West Palm Beach, FL",2024-08-05,pm25
12,86,1016,88101,23,25.794222,-80.215556,NAD83,PM2.5 - Local Conditions,24-HR BLK AVG,PM25 24-hour 2012,2022-11-30,Micrograms/cubic meter (LC),,1,100.0,5.7,5.7,0,32.0,738.0,Teledyne T640X at 16.67 LPM (Corrected) - Broadband spectroscopy,Miami Fire Station,"1200 NW 20th St, Miami, FL 33142",Florida,Miami-Dade,Miami,"Miami-Fort Lauderdale-West Palm Beach, FL",2024-08-05,pm25
12,86,1016,88101,23,25.794222,-80.215556,NAD83,PM2.5 - Local Conditions,24-HR BLK AVG,PM25 24-hour 2012,2022-12-01,Micrograms/cubic meter (LC),,1,100.0,7.1,7.1,0,39.0,738.0,Teledyne T640X at 16.67 LPM (Corrected) - Broadband spectroscopy,Miami Fire Station,"1200 NW 20th St, Miami, FL 33142",Florida,Miami-Dade,Miami,"Miami-Fort Lauderdale-West Palm Beach, FL",2024-08-05,pm25
12,86,1016,88101,23,25.794222,-80.215556,NAD83,PM2.5 - Local Conditions,24-HR BLK AVG,PM25 24-hour 2012,2022-12-02,Micrograms/cubic meter (LC),,1,100.0,8.4,8.4,0,47.0,738.0,Teledyne T640X at 16.67 LPM (Corrected) - Broadband spectroscopy,Miami Fire Station,"1200 NW 20th St, Miami, FL 33142",Florida,Miami-Dade,Miami,"Miami-Fort Lauderdale-West Palm Beach, FL",2024-08-05,pm25
12,86,1016,88101,23,25.794222,-80.215556,NAD83,PM2.5 - Local Conditions,24-HR BLK AVG,PM25 24-hour 2012,2022-12-03,Micrograms/cubic meter (LC),,1,100.0,8.9,8.9,0,49.0,738.0,Teledyne T640X at 16.67 LPM (Corrected) - Broadband spectroscopy,Miami Fire Station,"1200 NW 20th St, Miami, FL 33142",Florida,Miami-Dade,Miami,"Miami-Fort Lauderdale-West Palm Beach, FL",2024-08-05,pm25
12,86,1016,88101,23,25.794222,-80.215556,NAD83,PM2.5 - Local Conditions,24-HR BLK AVG,PM25 24-hour 2012,2022-12-04,Micrograms/cubic meter (LC),,1,100.0,6.3,6.3,0,35.0,738.0,Teledyne T640X at 16.67 LPM (Corrected) - Broadband spectroscopy,Miami Fire Station,"1200 NW 20th St, Miami, FL 33142",Florida,Miami-Dade,Miami,"Miami-Fort Lauderdale-West Palm Beach, FL",2024-08-05,pm25
12,86,1016,88101,23,25.794222,-80.215556,NAD83,PM2.5 - Local Conditions,24-HR BLK AVG,PM25 24-hour 2012,2022-12-05,Micrograms/cubic meter (LC),,1,100.0,7.7,7.7,0,43.0,738.0,Teledyne T640X at 16.67 LPM (Corrected) - Broadband spectroscopy,Miami Fire Station,"1200 NW 20th St, Miami, FL 33142",Florida,Miami-Dade,Miami,"Miami-Fort Lauderdale-West Palm Beach, FL",2024-08-05,pm25
12,86,1016,88101,23,25.794222,-80.215556,NAD83,PM2.5 - Local Conditions,24-HR BLK AVG,PM25 24-hour 2012,2022-12-06,Micrograms/cubic meter (LC),,1,100.0,7.1,7.1,0,39.0,738.0,Teledyne T640X at 16.67 LPM (Corrected) - Broadband spectroscopy,Miami Fire Station,"1200 NW 20th St, Miami, FL 33142",Florida,Miami-Dade,Miami,"Miami-Fort Lauderdale-West Palm Beach, FL",2024-08-05,pm25
12,86,1016,88101,23,25.794222,-80.215556,NAD83,PM2.5 - Local Conditions,24-HR BLK AVG,PM25 24-hour 2012,2022-12-07,Micrograms/cubic meter (LC),,1,100.0,5.7,5.7,0,32.0,738.0,Teledyne T640X at 16.67 LPM (Corrected) - Broadband spectroscopy,Miami Fire Station,"1200 NW 20th St, Miami, FL 33142",Florida,Miami-Dade,Miami,"Miami-Fort Lauderdale-West Palm Beach, FL",2024-08-05,pm25
12,86,1016,88101,23,25.794222,-80.215556,NAD83,PM2.5 - Local Conditions,24-HR BLK AVG,PM25 24-hour 2012,2022-12-08,Micrograms/cubic meter (LC),,1,100.0,5.0,5.0,0,28.0,738.0,Teledyne T640X at 16.67 LPM (Corrected) - Broadband spectroscopy,Miami Fire Station,"1200 NW 20th St, Miami, FL 33142",Florida,Miami-Dade,Miami,"Miami-Fort Lauderdale-West Palm Beach, FL",2024-08-05,pm25
12,86,1016,88101,23,25.794222,-80.215556,NAD83,PM2.5 - Local Conditions,24-HR BLK AVG,PM25 24-hour 2012,2022-12-09,Micrograms/cubic meter (LC),,1,100.0,6.7,6.7,0,37.0,738.0,Teledyne T640X at 16.67 LPM (Corrected) - Broadband spectroscopy,Miami Fire Station,"1200 NW 20th St, Miami, FL 33142",Florida,Miami-Dade,Miami,"Miami-Fort Lauderdale-West Palm Beach, FL",2024-08-05,pm25
12,86,1016,88101,23,25.794222,-80.215556,NAD83,PM2.5 - Local Conditions,24-HR BLK AVG,PM25 24-hour 2012,2022-12-10,Micrograms/cubic meter (LC),,1,100.0,10.2,10.2,0,53.0,738.0,Teledyne T640X at 16.67 LPM (Corrected) - Broadband spectroscopy,Miami Fire Station,"1200 NW 20th St, Miami, FL 33142",Florida,Miami-Dade,Miami,"Miami-Fort Lauderdale-West Palm Beach, FL",2024-08-05,pm25
12,86,1016,88101,23,25.794222,-80.215556,NAD83,PM2.5 - Local Conditions,24-HR BLK AVG,PM25 24-hour 2012,2022-12-11,Micrograms/cubic meter (LC),,1,100.0,14.1,14.1,0,60.0,738.0,Teledyne T640X at 16.67 LPM (Corrected) - Broadband spectroscopy,Miami Fire Station,"1200 NW 20th St, Miami, FL 33142",Florida,Miami-Dade,Miami,"Miami-Fort Lauderdale-West Palm Beach, FL",2024-08-05,pm25
12,86,1016,88101,23,25.794222,-80.215556,NAD83,PM2.5 - Local Conditions,24-HR BLK AVG,PM25 24-hour 2012,2022-12-12,Micrograms/cubic meter (LC),,1,100.0,14.9,14.9,0,62.0,738.0,Teledyne T640X at 16.67 LPM (Corrected) - Broadband spectroscopy,Miami Fire Station,"1200 NW 20th St, Miami, FL 33142",Florida,Miami-Dade,Miami,"Miami-Fort Lauderdale-West Palm Beach, FL",2024-08-05,pm25
12,86,1016,88101,23,25.794222,-80.215556,NAD83,PM2.5 - Local Conditions,24-HR BLK AVG,PM25 24-hour 2012,2022-12-13,Micrograms/cubic meter (LC),,1,100.0,13.2,13.2,0,59.0,738.0,Teledyne T640X at 16.67 LPM (Corrected) - Broadband spectroscopy,Miami Fire Station,"1200 NW 20th St, Miami, FL 33142",Florida,Miami-Dade,Miami,"Miami-Fort Lauderdale-West Palm Beach, FL",2024-08-05,pm25
12,86,1016,88101,23,25.794222,-80.215556,NAD83,PM2.5 - Local Conditions,24-HR BLK AVG,PM25 24-hour 2012,2022-12-14,Micrograms/cubic meter (LC),,1,100.0,9.7,9.7,0,52.0,738.0,Teledyne T640X at 16.67 LPM (Corrected) - Broadband spectroscopy,Miami Fire Station,"1200 NW 20th St, Miami, FL 33142",Florida,Miami-Dade,Miami,"Miami-Fort Lauderdale-West Palm Beach, FL",2024-08-05,pm25
12,86,1016,88101,23,25.794222,-80.215556,NAD83,PM2.5 - Local Conditions,24-HR BLK AVG,PM25 24-hour 2012,2022-12-15,Micrograms/cubic meter (LC),,1,100.0,6.9,6.9,0,38.0,738.0,Teledyne T640X at 16.67 LPM (Corrected) - Broadband spectroscopy,Miami Fire Station,"1200 NW 20th St, Miami, FL 33142",Florida,Miami-Dade,Miami,"Miami-Fort Lauderdale-West Palm Beach, FL",2024-08-05,pm25
12,86,1016,88101,23,25.794222,-80.215556,NAD83,PM2.5 - Local Conditions,24-HR BLK AVG,PM25 24-hour 2012,2022-12-16,Micrograms/cubic meter (LC),,1,100.0,8.2,8.2,0,46.0,738.0,Teledyne T640X at 16.67 LPM (Corrected) - Broadband spectroscopy,Miami Fire Station,"1200 NW 20th St, Miami, FL 33142",Florida,Miami-Dade,Miami,"Miami-Fort Lauderdale-West Palm Beach, FL",2024-08-05,pm25
12,86,1016,88101,23,25.794222,-80.215556,NAD83,PM2.5 - Local Conditions,24-HR BLK AVG,PM25 24-hour 2012,2022-12-17,Micrograms/cubic meter (LC),,1,100.0,5.3,5.3,0,29.0,738.0,Teledyne T640X at 16.67 LPM (Corrected) - Broadband spectroscopy,Miami Fire Station,"1200 NW 20th St, Miami, FL 33142",Florida,Miami-Dade,Miami,"Miami-Fort Lauderdale-West Palm Beach, FL",2024-08-05,pm25
12,86,1016,88101,23,25.794222,-80.215556,NAD83,PM2.5 - Local Conditions,24-HR BLK AVG,PM25 24-hour 2012,2022-12-18,Micrograms/cubic meter (LC),,1,100.0,7.3,7.3,0,41.0,738.0,Teledyne T640X at 16.67 LPM (Corrected) - Broadband spectroscopy,Miami Fire Station,"1200 NW 20th St, Miami, FL 33142",Florida,Miami-Dade,Miami,"Miami-Fort Lauderdale-West Palm Beach, FL",2024-08-05,pm25
12,86,1016,88101,23,25.794222,-80.215556,NAD83,PM2.5 - Local Conditions,24-HR BLK AVG,PM25 24-hour 2012,2022-12-19,Micrograms/cubic meter (LC),,1,100.0,6.0,6.0,0,33.0,738.0,Teledyne T640X at 16.67 LPM (Corrected) - Broadband spectroscopy,Miami Fire Station,"1200 NW 20th St, Miami, FL 33142",Florida,Miami-Dade,Miami,"Miami-Fort Lauderdale-West Palm Beach, FL",2024-08-05,pm25
12,86,1016,88101,23,25.794222,-80.215556,NAD83,PM2.5 - Local Conditions,24-HR BLK AVG,PM25 24-hour 2012,2022-12-20,Micrograms/cubic meter (LC),,1,100.0,6.7,6.7,0,37.0,738.0,Teledyne T640X at 16.67 LPM (Corrected) - Broadband spectroscopy,Miami Fire Station,"1200 NW 20th St, Miami, FL 33142",Florida,Miami-Dade,Miami,"Miami-Fort Lauderdale-West Palm Beach, FL",2024-08-05,pm25
12,86,1016,88101,23,25.794222,-80.215556,NAD83,PM2.5 - Local Conditions,24-HR BLK AVG,PM25 24-hour 2012,2022-12-21,Micrograms/cubic meter (LC),,1,100.0,4.9,4.9,0,27.0,738.0,Teledyne T640X at 16.67 LPM (Corrected) - Broadband spectroscopy,Miami Fire Station,"1200 NW 20th St, Miami, FL 33142",Florida,Miami-Dade,Miami,"Miami-Fort Lauderdale-West Palm Beach, FL",2024-08-05,pm25
12,86,1016,88101,23,25.794222,-80.215556,NAD83,PM2.5 - Local Conditions,24-HR BLK AVG,PM25 24-hour 2012,2022-12-22,Micrograms/cubic meter (LC),,1,100.0,7.0,7.0,0,39.0,738.0,Teledyne T640X at 16.67 LPM (Corrected) - Broadband spectroscopy,Miami Fire Station,"1200 NW 20th St, Miami, FL 33142",Florida,Miami-Dade,Miami,"Miami-Fort Lauderdale-West Palm Beach, FL",2024-08-05,pm25
12,86,1016,88101,23,25.794222,-80.215556,NAD83,PM2.5 - Local Conditions,24-HR BLK AVG,PM25 24-hour 2012,2022-12-23,Micrograms/cubic meter (LC),,1,100.0,7.1,7.1,0,39.0,738.0,Teledyne T640X at 16.67 LPM (Corrected) - Broadband spectroscopy,Miami Fire Station,"1200 NW 20th St, Miami, FL 33142",Florida,Miami-Dade,Miami,"Miami-Fort Lauderdale-West Palm Beach, FL",2024-08-05,pm25
12,86,1016,88101,23,25.794222,-80.215556,NAD83,PM2.5 - Local Conditions,24-HR BLK AVG,PM25 24-hour 2012,2022-12-24,Micrograms/cubic meter (LC),,1,100.0,5.5,5.5,0,31.0,738.0,Teledyne T640X at 16.67 LPM (Corrected) - Broadband spectroscopy,Miami Fire Station,"1200 NW 20th St, Miami, FL 33142",Florida,Miami-Dade,Miami,"Miami-Fort Lauderdale-West Palm Beach, FL",2024-08-05,pm25
12,86,1016,88101,23,25.794222,-80.215556,NAD83,PM2.5 - Local Conditions,24-HR BLK AVG,PM25 24-hour 2012,2022-12-25,Micrograms/cubic meter (LC),,1,100.0,5.8,5.8,0,32.0,738.0,Teledyne T640X at 16.67 LPM (Corrected) - Broadband spectroscopy,Miami Fire Station,"1200 NW 20th St, Miami, FL 33142",Florida,Miami-Dade,Miami,"Miami-Fort Lauderdale-West Palm Beach, FL",2024-08-05,pm25
12,86,1016,88101,23,25.794222,-80.215556,NAD83,PM2.5 - Local Conditions,24-HR BLK AVG,PM25 24-hour 2012,2022-12-26,Micrograms/cubic meter (LC),,1,100.0,6.9,6.9,0,38.0,738.0,Teledyne T640X at 16.67 LPM (Corrected) - Broadband spectroscopy,Miami Fire Station,"1200 NW 20th St, Miami, FL 33142",Florida,Miami-Dade,Miami,"Miami-Fort Lauderdale-West Palm Beach, FL",2024-08-05,pm25
12,86,1016,88101,23,25.794222,-80.215556,NAD83,PM2.5 - Local Conditions,24-HR BLK AVG,PM25 24-hour 2012,2022-12-27,Micrograms/cubic meter (LC),,1,100.0,4.3,4.3,0,24.0,738.0,Teledyne T640X at 16.67 LPM (Corrected) - Broadband spectroscopy,Miami Fire Station,"1200 NW 20th St, Miami, FL 33142",Florida,Miami-Dade,Miami,"Miami-Fort Lauderdale-West Palm Beach, FL",2024-08-05,pm25
12,86,1016,88101,23,25.794222,-80.215556,NAD83,PM2.5 - Local Conditions,24-HR BLK AVG,PM25 24-hour 2012,2022-12-28,Micrograms/cubic meter (LC),,1,100.0,4.5,4.5,0,25.0,738.0,Teledyne T640X at 16.67 LPM (Corrected) - Broadband spectroscopy,Miami Fire Station,"1200 NW 20th St, Miami, FL 33142",Florida,Miami-Dade,Miami,"Miami-Fort Lauderdale-West Palm Beach, FL",2024-08-05,pm25
12,86,1016,88101,23,25.794222,-80.215556,NAD83,PM2.5 - Local Conditions,24-HR BLK AVG,PM25 24-hour 2012,2022-12-29,Micrograms/cubic meter (LC),,1,100.0,5.2,5.2,0,29.0,738.0,Teledyne T640X at 16.67 LPM (Corrected) - Broadband spectroscopy,Miami Fire Station,"1200 NW 20th St, Miami, FL 33142",Florida,Miami-Dade,Miami,"Miami-Fort Lauderdale-West Palm Beach, FL",2024-08-05,pm25
12,86,1016,88101,23,25.794222,-80.215556,NAD83,PM2.5 - Local Conditions,24-HR BLK AVG,PM25 24-hour 2012,2022-12-30,Micrograms/cubic meter (LC),,1,100.0,5.6,5.6,0,31.0,738.0,Teledyne T640X at 16.67 LPM (Corrected) - Broadband spectroscopy,Miami Fire Station,"1200 NW 20th St, Miami, FL 33142",Florida,Miami-Dade,Miami,"Miami-Fort Lauderdale-West Palm Beach, FL",2024-08-05,pm25
12,86,1016,88101,23,25.794222,-80.215556,NAD83,PM2.5 - Local Conditions,24-HR BLK AVG,PM25 24-hour 2012,2022-12-31,Micrograms/cubic meter (LC),,1,100.0,6.9,6.9,0,38.0,738.0,Teledyne T640X at 16.67 LPM (Corrected) - Broadband spectroscopy,Miami Fire Station,"1200 NW 20th St, Miami, FL 33142",Florida,Miami-Dade,Miami,"Miami-Fort Lauderdale-West Palm Beach, FL",2024-08-05,pm25
12,86,1016,88101,2,25.794222,-80.215556,NAD83,PM2.5 - Local Conditions,24 HOUR,PM25 24-hour 2012,2023-01-12,Micrograms/cubic meter (LC),,1,100.0,11.0,11.0,0,55.0,145.0,R & P Model 2025 PM-2.5 Sequential Air Sampler w/VSCC - Gravimetric,Miami Fire Station,"1200 NW 20th St, Miami, FL 33142",Florida,Miami-Dade,Miami,"Miami-Fort Lauderdale-West Palm Beach, FL",2024-08-05,pm25
12,86,1016,88101,2,25.794222,-80.215556,NAD83,PM2.5 - Local Conditions,24 HOUR,PM25 24-hour 2012,2023-01-24,Micrograms/cubic meter (LC),,1,100.0,6.7,6.7,0,37.0,145.0,R & P Model 2025 PM-2.5 Sequential Air Sampler w/VSCC - Gravimetric,Miami Fire Station,"1200 NW 20th St, Miami, FL 33142",Florida,Miami-Dade,Miami,"Miami-Fort Lauderdale-West Palm Beach, FL",2024-08-05,pm25
12,86,1016,88101,2,25.794222,-80.215556,NAD83,PM2.5 - Local Conditions,24 HOUR,PM25 24-hour 2012,2023-02-05,Micrograms/cubic meter (LC),,1,100.0,6.1,6.1,0,34.0,145.0,R & P Model 2025 PM-2.5 Sequential Air Sampler w/VSCC - Gravimetric,Miami Fire Station,"1200 NW 20th St, Miami, FL 33142",Florida,Miami-Dade,Miami,"Miami-Fort Lauderdale-West Palm Beach, FL",2024-08-05,pm25
12,86,1016,88101,2,25.794222,-80.215556,NAD83,PM2.5 - Local Conditions,24 HOUR,PM25 24-hour 2012,2023-02-17,Micrograms/cubic meter (LC),,1,100.0,8.2,8.2,0,46.0,145.0,R & P Model 2025 PM-2.5 Sequential Air Sampler w/VSCC - Gravimetric,Miami Fire Station,"1200 NW 20th St, Miami, FL 33142",Florida,Miami-Dade,Miami,"Miami-Fort Lauderdale-West Palm Beach, FL",2024-08-05,pm25
12,86,1016,88101,2,25.794222,-80.215556,NAD83,PM2.5 - Local Conditions,24 HOUR,PM25 24-hour 2012,2023-03-01,Micrograms/cubic meter (LC),,1,100.0,15.4,15.4,0,63.0,145.0,R & P Model 2025 PM-2.5 Sequential Air Sampler w/VSCC - Gravimetric,Miami Fire Station,"1200 NW 20th St, Miami, FL 33142",Florida,Miami-Dade,Miami,"Miami-Fort Lauderdale-West Palm Beach, FL",2024-08-05,pm25
12,86,1016,88101,2,25.794222,-80.215556,NAD83,PM2.5 - Local Conditions,24 HOUR,PM25 24-hour 2012,2023-03-13,Micrograms/cubic meter (LC),,1,100.0,13.1,13.1,0,58.0,145.0,R & P Model 2025 PM-2.5 Sequential Air Sampler w/VSCC - Gravimetric,Miami Fire Station,"1200 NW 20th St, Miami, FL 33142",Florida,Miami-Dade,Miami,"Miami-Fort Lauderdale-West Palm Beach, FL",2024-08-05,pm25
12,86,1016,88101,2,25.794222,-80.215556,NAD83,PM2.5 - Local Conditions,24 HOUR,PM25 24-hour 2012,2023-03-25,Micrograms/cubic meter (LC),,1,100.0,5.3,5.3,0,29.0,145.0,R & P Model 2025 PM-2.5 Sequential Air Sampler w/VSCC - Gravimetric,Miami Fire Station,"1200 NW 20th St, Miami, FL 33142",Florida,Miami-Dade,Miami,"Miami-Fort Lauderdale-West Palm Beach, FL",2024-08-05,pm25
12,86,1016,88101,2,25.794222,-80.215556,NAD83,PM2.5 - Local Conditions,24 HOUR,PM25 24-hour 2012,2023-04-06,Micrograms/cubic meter (LC),,1,100.0,5.7,5.7,0,32.0,145.0,R & P Model 2025 PM-2.5 Sequential Air Sampler w/VSCC - Gravimetric,Miami Fire Station,"1200 NW 20th St, Miami, FL 33142",Florida,Miami-Dade,Miami,"Miami-Fort Lauderdale-West Palm Beach, FL",2024-08-05,pm25
12,86,1016,88101,2,25.794222,-80.215556,NAD83,PM2.5 - Local Conditions,24 HOUR,PM25 24-hour 2012,2023-04-19,Micrograms/cubic meter (LC),,1,100.0,8.0,8.0,0,44.0,145.0,R & P Model 2025 PM-2.5 Sequential Air Sampler w/VSCC - Gravimetric,Miami Fire Station,"1200 NW 20th St, Miami, FL 33142",Florida,Miami-Dade,Miami,"Miami-Fort Lauderdale-West Palm Beach, FL",2024-08-05,pm25
12,86,1016,88101,2,25.794222,-80.215556,NAD83,PM2.5 - Local Conditions,24 HOUR,PM25 24-hour 2012,2023-04-30,Micrograms/cubic meter (LC),,1,100.0,8.2,8.2,0,46.0,145.0,R & P Model 2025 PM-2.5 Sequential Air Sampler w/VSCC - Gravimetric,Miami Fire Station,"1200 NW 20th St, Miami, FL 33142",Florida,Miami-Dade,Miami,"Miami-Fort Lauderdale-West Palm Beach, FL",2024-08-05,pm25
12,86,1016,88101,2,25.794222,-80.215556,NAD83,PM2.5 - Local Conditions,24 HOUR,PM25 24-hour 2012,2023-05-12,Micrograms/cubic meter (LC),,1,100.0,8.8,8.8,0,49.0,145.0,R & P Model 2025 PM-2.5 Sequential Air Sampler w/VSCC - Gravimetric,Miami Fire Station,"1200 NW 20th St, Miami, FL 33142",Florida,Miami-Dade,Miami,"Miami-Fort Lauderdale-West Palm Beach, FL",2024-08-05,pm25
12,86,1016,88101,2,25.794222,-80.215556,NAD83,PM2.5 - Local Conditions,24 HOUR,PM25 24-hour 2012,2023-05-24,Micrograms/cubic meter (LC),,1,100.0,6.3,6.3,0,35.0,145.0,R & P Model 2025 PM-2.5 Sequential Air Sampler w/VSCC - Gravimetric,Miami Fire Station,"1200 NW 20th St, Miami, FL 33142",Florida,Miami-Dade,Miami,"Miami-Fort Lauderdale-West Palm Beach, FL",2024-08-05,pm25
12,86,1016,88101,2,25.794222,-80.215556,NAD83,PM2.5 - Local Conditions,24 HOUR,PM25 24-hour 2012,2023-06-17,Micrograms/cubic meter (LC),,1,100.0,9.3,9.3,0,51.0,145.0,R & P Model 2025 PM-2.5 Sequential Air Sampler w/VSCC - Gravimetric,Miami Fire Station,"1200 NW 20th St, Miami, FL 33142",Florida,Miami-Dade,Miami,"Miami-Fort Lauderdale-West Palm Beach, FL",2024-08-05,pm25
12,86,1016,88101,2,25.794222,-80.215556,NAD83,PM2.5 - Local Conditions,24 HOUR,PM25 24-hour 2012,2023-06-29,Micrograms/cubic meter (LC),,1,100.0,8.2,8.2,0,46.0,145.0,R & P Model 2025 PM-2.5 Sequential Air Sampler w/VSCC - Gravimetric,Miami Fire Station,"1200 NW 20th St, Miami, FL 33142",Florida,Miami-Dade,Miami,"Miami-Fort Lauderdale-West Palm Beach, FL",2024-08-05,pm25
12,86,1016,88101,2,25.794222,-80.215556,NAD83,PM2.5 - Local Conditions,24 HOUR,PM25 24-hour 2012,2023-07-11,Micrograms/cubic meter (LC),,1,100.0,17.5,17.5,0,67.0,145.0,R & P Model 2025 PM-2.5 Sequential Air Sampler w/VSCC - Gravimetric,Miami Fire Station,"1200 NW 20th St, Miami, FL 33142",Florida,Miami-Dade,Miami,"Miami-Fort Lauderdale-West Palm Beach, FL",2024-08-05,pm25
12,86,1016,88101,2,25.794222,-80.215556,NAD83,PM2.5 - Local Conditions,24 HOUR,PM25 24-hour 2012,2023-08-11,Micrograms/cubic meter (LC),,1,100.0,11.0,11.0,0,55.0,145.0,R & P Model 2025 PM-2.5 Sequential Air Sampler w/VSCC - Gravimetric,Miami Fire Station,"1200 NW 20th St, Miami, FL 33142",Florida,Miami-Dade,Miami,"Miami-Fort Lauderdale-West Palm Beach, FL",2024-08-05,pm25
12,86,1016,88101,2,25.794222,-80.215556,NAD83,PM2.5 - Local Conditions,24 HOUR,PM25 24-hour 2012,2023-08-16,Micrograms/cubic meter (LC),,1,100.0,5.4,5.4,0,30.0,145.0,R & P Model 2025 PM-2.5 Sequential Air Sampler w/VSCC - Gravimetric,Miami Fire Station,"1200 NW 20th St, Miami, FL 33142",Florida,Miami-Dade,Miami,"Miami-Fort Lauderdale-West Palm Beach, FL",2024-08-05,pm25
12,86,1016,88101,2,25.794222,-80.215556,NAD83,PM2.5 - Local Conditions,24 HOUR,PM25 24-hour 2012,2023-08-28,Micrograms/cubic meter (LC),,1,100.0,5.8,5.8,0,32.0,145.0,R & P Model 2025 PM-2.5 Sequential Air Sampler w/VSCC - Gravimetric,Miami Fire Station,"1200 NW 20th St, Miami, FL 33142",Florida,Miami-Dade,Miami,"Miami-Fort Lauderdale-West Palm Beach, FL",2024-08-05,pm25
12,86,1016,88101,2,25.794222,-80.215556,NAD83,PM2.5 - Local Conditions,24 HOUR,PM25 24-hour 2012,2023-09-09,Micrograms/cubic meter (LC),,1,100.0,6.7,6.7,0,37.0,145.0,R & P Model 2025 PM-2.5 Sequential Air Sampler w/VSCC - Gravimetric,Miami Fire Station,"1200 NW 20th St, Miami, FL 33142",Florida,Miami-Dade,Miami,"Miami-Fort Lauderdale-West Palm Beach, FL",2024-08-05,pm25
12,86,1016,88101,2,25.794222,-80.215556,NAD83,PM2.5 - Local Conditions,24 HOUR,PM25 24-hour 2012,2023-10-03,Micrograms/cubic meter (LC),,1,100.0,5.5,5.5,0,31.0,145.0,R & P Model 2025 PM-2.5 Sequential Air Sampler w/VSCC - Gravimetric,Miami Fire Station,"1200 NW 20th St, Miami, FL 33142",Florida,Miami-Dade,Miami,"Miami-Fort Lauderdale-West Palm Beach, FL",2024-08-05,pm25
12,86,1016,88101,2,25.794222,-80.215556,NAD83,PM2.5 - Local Conditions,24 HOUR,PM25 24-hour 2012,2023-11-08,Micrograms/cubic meter (LC),,1,100.0,6.9,6.9,0,38.0,145.0,R & P Model 2025 PM-2.5 Sequential Air Sampler w/VSCC - Gravimetric,Miami Fire Station,"1200 NW 20th St, Miami, FL 33142",Florida,Miami-Dade,Miami,"Miami-Fort Lauderdale-West Palm Beach, FL",2024-08-05,pm25
12,86,1016,88101,2,25.794222,-80.215556,NAD83,PM2.5 - Local Conditions,24 HOUR,PM25 24-hour 2012,2023-12-02,Micrograms/cubic meter (LC),,1,100.0,7.3,7.3,0,41.0,145.0,R & P Model 2025 PM-2.5 Sequential Air Sampler w/VSCC - Gravimetric,Miami Fire Station,"1200 NW 20th St, Miami, FL 33142",Florida,Miami-Dade,Miami,"Miami-Fort Lauderdale-West Palm Beach, FL",2024-08-05,pm25
12,86,1016,88101,2,25.794222,-80.215556,NAD83,PM2.5 - Local Conditions,24 HOUR,PM25 24-hour 2012,2023-12-14,Micrograms/cubic meter (LC),,1,100.0,5.6,5.6,0,31.0,145.0,R & P Model 2025 PM-2.5 Sequential Air Sampler w/VSCC - Gravimetric,Miami Fire Station,"1200 NW 20th St, Miami, FL 33142",Florida,Miami-Dade,Miami,"Miami-Fort Lauderdale-West Palm Beach, FL",2024-08-05,pm25
12,86,1016,88101,2,25.794222,-80.215556,NAD83,PM2.5 - Local Conditions,24 HOUR,PM25 24-hour 2012,2023-12-26,Micrograms/cubic meter (LC),,1,100.0,6.6,6.6,0,37.0,145.0,R & P Model 2025 PM-2.5 Sequential Air Sampler w/VSCC - Gravimetric,Miami Fire Station,"1200 NW 20th St, Miami, FL 33142",Florida,Miami-Dade,Miami,"Miami-Fort Lauderdale-West Palm Beach, FL",2024-08-05,pm25
12,86,1016,88101,3,25.794222,-80.215556,NAD83,PM2.5 - Local Conditions,24-HR BLK AVG,PM25 24-hour 2012,2023-01-01,Micrograms/cubic meter (LC),Included,1,100.0,16.4,16.4,0,65.0,238.0,Teledyne T640X at 16.67 LPM - Broadband spectroscopy,Miami Fire Station,"1200 NW 20th St, Miami, FL 33142",Florida,Miami-Dade,Miami,"Miami-Fort Lauderdale-West Palm Beach, FL",2024-08-05,pm25
12,86,1016,88101,3,25.794222,-80.215556,NAD83,PM2.5 - Local Conditions,24-HR BLK AVG,PM25 24-hour 2012,2023-01-02,Micrograms/cubic meter (LC),Included,1,100.0,5.9,5.9,0,33.0,238.0,Teledyne T640X at 16.67 LPM - Broadband spectroscopy,Miami Fire Station,"1200 NW 20th St, Miami, FL 33142",Florida,Miami-Dade,Miami,"Miami-Fort Lauderdale-West Palm Beach, FL",2024-08-05,pm25
12,86,1016,88101,3,25.794222,-80.215556,NAD83,PM2.5 - Local Conditions,24-HR BLK AVG,PM25 24-hour 2012,2023-01-03,Micrograms/cubic meter (LC),Included,1,100.0,5.2,5.2,0,29.0,238.0,Teledyne T640X at 16.67 LPM - Broadband spectroscopy,Miami Fire Station,"1200 NW 20th St, Miami, FL 33142",Florida,Miami-Dade,Miami,"Miami-Fort Lauderdale-West Palm Beach, FL",2024-08-05,pm25
12,86,1016,88101,3,25.794222,-80.215556,NAD83,PM2.5 - Local Conditions,24-HR BLK AVG,PM25 24-hour 2012,2023-01-04,Micrograms/cubic meter (LC),Included,1,100.0,5.4,5.4,0,30.0,238.0,Teledyne T640X at 16.67 LPM - Broadband spectroscopy,Miami Fire Station,"1200 NW 20th St, Miami, FL 33142",Florida,Miami-Dade,Miami,"Miami-Fort Lauderdale-West Palm Beach, FL",2024-08-05,pm25
12,86,1016,88101,3,25.794222,-80.215556,NAD83,PM2.5 - Local Conditions,24-HR BLK AVG,PM25 24-hour 2012,2023-01-05,Micrograms/cubic meter (LC),Included,1,100.0,4.6,4.6,0,26.0,238.0,Teledyne T640X at 16.67 LPM - Broadband spectroscopy,Miami Fire Station,"1200 NW 20th St, Miami, FL 33142",Florida,Miami-Dade,Miami,"Miami-Fort Lauderdale-West Palm Beach, FL",2024-08-05,pm25
12,86,1016,88101,3,25.794222,-80.215556,NAD83,PM2.5 - Local Conditions,24-HR BLK AVG,PM25 24-hour 2012,2023-01-06,Micrograms/cubic meter (LC),Included,1,100.0,5.9,5.9,0,33.0,238.0,Teledyne T640X at 16.67 LPM - Broadband spectroscopy,Miami Fire Station,"1200 NW 20th St, Miami, FL 33142",Florida,Miami-Dade,Miami,"Miami-Fort Lauderdale-West Palm Beach, FL",2024-08-05,pm25
12,86,1016,88101,3,25.794222,-80.215556,NAD83,PM2.5 - Local Conditions,24-HR BLK AVG,PM25 24-hour 2012,2023-01-07,Micrograms/cubic meter (LC),Included,1,100.0,4.3,4.3,0,24.0,238.0,Teledyne T640X at 16.67 LPM - Broadband spectroscopy,Miami Fire Station,"1200 NW 20th St, Miami, FL 33142",Florida,Miami-Dade,Miami,"Miami-Fort Lauderdale-West Palm Beach, FL",2024-08-05,pm25
12,86,1016,88101,3,25.794222,-80.215556,NAD83,PM2.5 - Local Conditions,24-HR BLK AVG,PM25 24-hour 2012,2023-01-08,Micrograms/cubic meter (LC),Included,1,100.0,4.4,4.4,0,24.0,238.0,Teledyne T640X at 16.67 LPM - Broadband spectroscopy,Miami Fire Station,"1200 NW 20th St, Miami, FL 33142",Florida,Miami-Dade,Miami,"Miami-Fort Lauderdale-West Palm Beach, FL",2024-08-05,pm25
12,86,1016,88101,3,25.794222,-80.215556,NAD83,PM2.5 - Local Conditions,24-HR BLK AVG,PM25 24-hour 2012,2023-01-09,Micrograms/cubic meter (LC),Included,1,100.0,10.7,10.7,0,54.0,238.0,Teledyne T640X at 16.67 LPM - Broadband spectroscopy,Miami Fire Station,"1200 NW 20th St, Miami, FL 33142",Florida,Miami-Dade,Miami,"Miami-Fort Lauderdale-West Palm Beach, FL",2024-08-05,pm25
12,86,1016,88101,3,25.794222,-80.215556,NAD83,PM2.5 - Local Conditions,24-HR BLK AVG,PM25 24-hour 2012,2023-01-10,Micrograms/cubic meter (LC),Included,1,100.0,7.6,7.6,0,42.0,238.0,Teledyne T640X at 16.67 LPM - Broadband spectroscopy,Miami Fire Station,"1200 NW 20th St, Miami, FL 33142",Florida,Miami-Dade,Miami,"Miami-Fort Lauderdale-West Palm Beach, FL",2024-08-05,pm25
12,86,1016,88101,3,25.794222,-80.215556,NAD83,PM2.5 - Local Conditions,24-HR BLK AVG,PM25 24-hour 2012,2023-01-11,Micrograms/cubic meter (LC),Included,1,100.0,10.6,10.6,0,54.0,238.0,Teledyne T640X at 16.67 LPM - Broadband spectroscopy,Miami Fire Station,"1200 NW 20th St, Miami, FL 33142",Florida,Miami-Dade,Miami,"Miami-Fort Lauderdale-West Palm Beach, FL",2024-08-05,pm25
12,86,1016,88101,3,25.794222,-80.215556,NAD83,PM2.5 - Local Conditions,24-HR BLK AVG,PM25 24-hour 2012,2023-01-12,Micrograms/cubic meter (LC),Included,1,100.0,9.1,9.1,0,51.0,238.0,Teledyne T640X at 16.67 LPM - Broadband spectroscopy,Miami Fire Station,"1200 NW 20th St, Miami, FL 33142",Florida,Miami-Dade,Miami,"Miami-Fort Lauderdale-West Palm Beach, FL",2024-08-05,pm25
12,86,1016,88101,3,25.794222,-80.215556,NAD83,PM2.5 - Local Conditions,24-HR BLK AVG,PM25 24-hour 2012,2023-01-13,Micrograms/cubic meter (LC),Included,1,100.0,7.2,7.2,0,40.0,238.0,Teledyne T640X at 16.67 LPM - Broadband spectroscopy,Miami Fire Station,"1200 NW 20th St, Miami, FL 33142",Florida,Miami-Dade,Miami,"Miami-Fort Lauderdale-West Palm Beach, FL",2024-08-05,pm25
12,86,1016,88101,3,25.794222,-80.215556,NAD83,PM2.5 - Local Conditions,24-HR BLK AVG,PM25 24-hour 2012,2023-01-14,Micrograms/cubic meter (LC),Included,1,100.0,5.2,5.2,0,29.0,238.0,Teledyne T640X at 16.67 LPM - Broadband spectroscopy,Miami Fire Station,"1200 NW 20th St, Miami, FL 33142",Florida,Miami-Dade,Miami,"Miami-Fort Lauderdale-West Palm Beach, FL",2024-08-05,pm25
12,86,1016,88101,3,25.794222,-80.215556,NAD83,PM2.5 - Local Conditions,24-HR BLK AVG,PM25 24-hour 2012,2023-01-15,Micrograms/cubic meter (LC),Included,1,100.0,9.3,9.3,0,51.0,238.0,Teledyne T640X at 16.67 LPM - Broadband spectroscopy,Miami Fire Station,"1200 NW 20th St, Miami, FL 33142",Florida,Miami-Dade,Miami,"Miami-Fort Lauderdale-West Palm Beach, FL",2024-08-05,pm25
12,86,1016,88101,3,25.794222,-80.215556,NAD83,PM2.5 - Local Conditions,24-HR BLK AVG,PM25 24-hour 2012,2023-01-16,Micrograms/cubic meter (LC),Included,1,100.0,10.3,10.3,0,53.0,238.0,Teledyne T640X at 16.67 LPM - Broadband spectroscopy,Miami Fire Station,"1200 NW 20th St, Miami, FL 33142",Florida,Miami-Dade,Miami,"Miami-Fort Lauderdale-West Palm Beach, FL",2024-08-05,pm25
12,86,1016,88101,3,25.794222,-80.215556,NAD83,PM2.5 - Local Conditions,24-HR BLK AVG,PM25 24-hour 2012,2023-01-17,Micrograms/cubic meter (LC),Included,1,100.0,11.1,11.1,0,55.0,238.0,Teledyne T640X at 16.67 LPM - Broadband spectroscopy,Miami Fire Station,"1200 NW 20th St, Miami, FL 33142",Florida,Miami-Dade,Miami,"Miami-Fort Lauderdale-West Palm Beach, FL",2024-08-05,pm25
12,86,1016,88101,3,25.794222,-80.215556,NAD83,PM2.5 - Local Conditions,24-HR BLK AVG,PM25 24-hour 2012,2023-01-18,Micrograms/cubic meter (LC),Included,1,100.0,9.8,9.8,0,52.0,238.0,Teledyne T640X at 16.67 LPM - Broadband spectroscopy,Miami Fire Station,"1200 NW 20th St, Miami, FL 33142",Florida,Miami-Dade,Miami,"Miami-Fort Lauderdale-West Palm Beach, FL",2024-08-05,pm25
12,86,1016,88101,3,25.794222,-80.215556,NAD83,PM2.5 - Local Conditions,24-HR BLK AVG,PM25 24-hour 2012,2023-01-19,Micrograms/cubic meter (LC),Included,1,100.0,5.4,5.4,0,30.0,238.0,Teledyne T640X at 16.67 LPM - Broadband spectroscopy,Miami Fire Station,"1200 NW 20th St, Miami, FL 33142",Florida,Miami-Dade,Miami,"Miami-Fort Lauderdale-West Palm Beach, FL",2024-08-05,pm25
12,86,1016,88101,3,25.794222,-80.215556,NAD83,PM2.5 - Local Conditions,24-HR BLK AVG,PM25 24-hour 2012,2023-01-20,Micrograms/cubic meter (LC),Included,1,100.0,6.8,6.8,0,38.0,238.0,Teledyne T640X at 16.67 LPM - Broadband spectroscopy,Miami Fire Station,"1200 NW 20th St, Miami, FL 33142",Florida,Miami-Dade,Miami,"Miami-Fort Lauderdale-West Palm Beach, FL",2024-08-05,pm25
12,86,1016,88101,3,25.794222,-80.215556,NAD83,PM2.5 - Local Conditions,24-HR BLK AVG,PM25 24-hour 2012,2023-01-21,Micrograms/cubic meter (LC),Included,1,100.0,6.8,6.8,0,38.0,238.0,Teledyne T640X at 16.67 LPM - Broadband spectroscopy,Miami Fire Station,"1200 NW 20th St, Miami, FL 33142",Florida,Miami-Dade,Miami,"Miami-Fort Lauderdale-West Palm Beach, FL",2024-08-05,pm25
12,86,1016,88101,3,25.794222,-80.215556,NAD83,PM2.5 - Local Conditions,24-HR BLK AVG,PM25 24-hour 2012,2023-01-22,Micrograms/cubic meter (LC),Included,1,100.0,6.1,6.1,0,34.0,238.0,Teledyne T640X at 16.67 LPM - Broadband spectroscopy,Miami Fire Station,"1200 NW 20th St, Miami, FL 33142",Florida,Miami-Dade,Miami,"Miami-Fort Lauderdale-West Palm Beach, FL",2024-08-05,pm25
12,86,1016,88101,3,25.794222,-80.215556,NAD83,PM2.5 - Local Conditions,24-HR BLK AVG,PM25 24-hour 2012,2023-01-23,Micrograms/cubic meter (LC),Included,1,100.0,10.0,10.0,0,53.0,238.0,Teledyne T640X at 16.67 LPM - Broadband spectroscopy,Miami Fire Station,"1200 NW 20th St, Miami, FL 33142",Florida,Miami-Dade,Miami,"Miami-Fort Lauderdale-West Palm Beach, FL",2024-08-05,pm25
12,86,1016,88101,3,25.794222,-80.215556,NAD83,PM2.5 - Local Conditions,24-HR BLK AVG,PM25 24-hour 2012,2023-01-24,Micrograms/cubic meter (LC),Included,1,100.0,8.3,8.3,0,46.0,238.0,Teledyne T640X at 16.67 LPM - Broadband spectroscopy,Miami Fire Station,"1200 NW 20th St, Miami, FL 33142",Florida,Miami-Dade,Miami,"Miami-Fort Lauderdale-West Palm Beach, FL",2024-08-05,pm25
12,86,1016,88101,3,25.794222,-80.215556,NAD83,PM2.5 - Local Conditions,24-HR BLK AVG,PM25 24-hour 2012,2023-01-25,Micrograms/cubic meter (LC),Included,1,100.0,7.4,7.4,0,41.0,238.0,Teledyne T640X at 16.67 LPM - Broadband spectroscopy,Miami Fire Station,"1200 NW 20th St, Miami, FL 33142",Florida,Miami-Dade,Miami,"Miami-Fort Lauderdale-West Palm Beach, FL",2024-08-05,pm25
12,86,1016,88101,3,25.794222,-80.215556,NAD83,PM2.5 - Local Conditions,24-HR BLK AVG,PM25 24-hour 2012,2023-01-26,Micrograms/cubic meter (LC),Included,1,100.0,9.1,9.1,0,51.0,238.0,Teledyne T640X at 16.67 LPM - Broadband spectroscopy,Miami Fire Station,"1200 NW 20th St, Miami, FL 33142",Florida,Miami-Dade,Miami,"Miami-Fort Lauderdale-West Palm Beach, FL",2024-08-05,pm25
12,86,1016,88101,3,25.794222,-80.215556,NAD83,PM2.5 - Local Conditions,24-HR BLK AVG,PM25 24-hour 2012,2023-01-27,Micrograms/cubic meter (LC),Included,1,100.0,8.3,8.3,0,46.0,238.0,Teledyne T640X at 16.67 LPM - Broadband spectroscopy,Miami Fire Station,"1200 NW 20th St, Miami, FL 33142",Florida,Miami-Dade,Miami,"Miami-Fort Lauderdale-West Palm Beach, FL",2024-08-05,pm25
12,86,1016,88101,3,25.794222,-80.215556,NAD83,PM2.5 - Local Conditions,24-HR BLK AVG,PM25 24-hour 2012,2023-01-28,Micrograms/cubic meter (LC),Included,1,100.0,7.1,7.1,0,39.0,238.0,Teledyne T640X at 16.67 LPM - Broadband spectroscopy,Miami Fire Station,"1200 NW 20th St, Miami, FL 33142",Florida,Miami-Dade,Miami,"Miami-Fort Lauderdale-West Palm Beach, FL",2024-08-05,pm25
12,86,1016,88101,3,25.794222,-80.215556,NAD83,PM2.5 - Local Conditions,24-HR BLK AVG,PM25 24-hour 2012,2023-01-29,Micrograms/cubic meter (LC),Included,1,100.0,6.5,6.5,0,36.0,238.0,Teledyne T640X at 16.67 LPM - Broadband spectroscopy,Miami Fire Station,"1200 NW 20th St, Miami, FL 33142",Florida,Miami-Dade,Miami,"Miami-Fort Lauderdale-West Palm Beach, FL",2024-08-05,pm25
12,86,1016,88101,3,25.794222,-80.215556,NAD83,PM2.5 - Local Conditions,24-HR BLK AVG,PM25 24-hour 2012,2023-01-30,Micrograms/cubic meter (LC),Included,1,100.0,6.1,6.1,0,34.0,238.0,Teledyne T640X at 16.67 LPM - Broadband spectroscopy,Miami Fire Station,"1200 NW 20th St, Miami, FL 33142",Florida,Miami-Dade,Miami,"Miami-Fort Lauderdale-West Palm Beach, FL",2024-08-05,pm25
12,86,1016,88101,3,25.794222,-80.215556,NAD83,PM2.5 - Local Conditions,24-HR BLK AVG,PM25 24-hour 2012,2023-01-31,Micrograms/cubic meter (LC),Included,1,100.0,6.4,6.4,0,36.0,238.0,Teledyne T640X at 16.67 LPM - Broadband spectroscopy,Miami Fire Station,"1200 NW 20th St, Miami, FL 33142",Florida,Miami-Dade,Miami,"Miami-Fort Lauderdale-West Palm Beach, FL",2024-08-05,pm25
12,86,1016,88101,3,25.794222,-80.215556,NAD83,PM2.5 - Local Conditions,24-HR BLK AVG,PM25 24-hour 2012,2023-02-01,Micrograms/cubic meter (LC),Included,1,100.0,6.2,6.2,0,34.0,238.0,Teledyne T640X at 16.67 LPM - Broadband spectroscopy,Miami Fire Station,"1200 NW 20th St, Miami, FL 33142",Florida,Miami-Dade,Miami,"Miami-Fort Lauderdale-West Palm Beach, FL",2024-08-05,pm25
12,86,1016,88101,3,25.794222,-80.215556,NAD83,PM2.5 - Local Conditions,24-HR BLK AVG,PM25 24-hour 2012,2023-02-02,Micrograms/cubic meter (LC),Included,1,100.0,5.6,5.6,0,31.0,238.0,Teledyne T640X at 16.67 LPM - Broadband spectroscopy,Miami Fire Station,"1200 NW 20th St, Miami, FL 33142",Florida,Miami-Dade,Miami,"Miami-Fort Lauderdale-West Palm Beach, FL",2024-08-05,pm25
12,86,1016,88101,3,25.794222,-80.215556,NAD83,PM2.5 - Local Conditions,24-HR BLK AVG,PM25 24-hour 2012,2023-02-03,Micrograms/cubic meter (LC),Included,1,100.0,6.3,6.3,0,35.0,238.0,Teledyne T640X at 16.67 LPM - Broadband spectroscopy,Miami Fire Station,"1200 NW 20th St, Miami, FL 33142",Florida,Miami-Dade,Miami,"Miami-Fort Lauderdale-West Palm Beach, FL",2024-08-05,pm25
12,86,1016,88101,3,25.794222,-80.215556,NAD83,PM2.5 - Local Conditions,24-HR BLK AVG,PM25 24-hour 2012,2023-02-04,Micrograms/cubic meter (LC),Included,1,100.0,7.6,7.6,0,42.0,238.0,Teledyne T640X at 16.67 LPM - Broadband spectroscopy,Miami Fire Station,"1200 NW 20th St, Miami, FL 33142",Florida,Miami-Dade,Miami,"Miami-Fort Lauderdale-West Palm Beach, FL",2024-08-05,pm25
12,86,1016,88101,3,25.794222,-80.215556,NAD83,PM2.5 - Local Conditions,24-HR BLK AVG,PM25 24-hour 2012,2023-02-05,Micrograms/cubic meter (LC),Included,1,100.0,6.6,6.6,0,37.0,238.0,Teledyne T640X at 16.67 LPM - Broadband spectroscopy,Miami Fire Station,"1200 NW 20th St, Miami, FL 33142",Florida,Miami-Dade,Miami,"Miami-Fort Lauderdale-West Palm Beach, FL",2024-08-05,pm25
12,86,1016,88101,3,25.794222,-80.215556,NAD83,PM2.5 - Local Conditions,24-HR BLK AVG,PM25 24-hour 2012,2023-02-06,Micrograms/cubic meter (LC),Included,1,100.0,7.0,7.0,0,39.0,238.0,Teledyne T640X at 16.67 LPM - Broadband spectroscopy,Miami Fire Station,"1200 NW 20th St, Miami, FL 33142",Florida,Miami-Dade,Miami,"Miami-Fort Lauderdale-West Palm Beach, FL",2024-08-05,pm25
12,86,1016,88101,3,25.794222,-80.215556,NAD83,PM2.5 - Local Conditions,24-HR BLK AVG,PM25 24-hour 2012,2023-02-07,Micrograms/cubic meter (LC),Included,1,100.0,6.8,6.8,0,38.0,238.0,Teledyne T640X at 16.67 LPM - Broadband spectroscopy,Miami Fire Station,"1200 NW 20th St, Miami, FL 33142",Florida,Miami-Dade,Miami,"Miami-Fort Lauderdale-West Palm Beach, FL",2024-08-05,pm25
12,86,1016,88101,3,25.794222,-80.215556,NAD83,PM2.5 - Local Conditions,24-HR BLK AVG,PM25 24-hour 2012,2023-02-08,Micrograms/cubic meter (LC),Included,1,100.0,7.9,7.9,0,44.0,238.0,Teledyne T640X at 16.67 LPM - Broadband spectroscopy,Miami Fire Station,"1200 NW 20th St, Miami, FL 33142",Florida,Miami-Dade,Miami,"Miami-Fort Lauderdale-West Palm Beach, FL",2024-08-05,pm25
12,86,1016,88101,3,25.794222,-80.215556,NAD83,PM2.5 - Local Conditions,24-HR BLK AVG,PM25 24-hour 2012,2023-02-09,Micrograms/cubic meter (LC),Included,1,100.0,8.7,8.7,0,48.0,238.0,Teledyne T640X at 16.67 LPM - Broadband spectroscopy,Miami Fire Station,"1200 NW 20th St, Miami, FL 33142",Florida,Miami-Dade,Miami,"Miami-Fort Lauderdale-West Palm Beach, FL",2024-08-05,pm25
12,86,1016,88101,3,25.794222,-80.215556,NAD83,PM2.5 - Local Conditions,24-HR BLK AVG,PM25 24-hour 2012,2023-02-10,Micrograms/cubic meter (LC),Included,1,100.0,8.3,8.3,0,46.0,238.0,Teledyne T640X at 16.67 LPM - Broadband spectroscopy,Miami Fire Station,"1200 NW 20th St, Miami, FL 33142",Florida,Miami-Dade,Miami,"Miami-Fort Lauderdale-West Palm Beach, FL",2024-08-05,pm25
12,86,1016,88101,3,25.794222,-80.215556,NAD83,PM2.5 - Local Conditions,24-HR BLK AVG,PM25 24-hour 2012,2023-02-11,Micrograms/cubic meter (LC),Included,1,100.0,8.3,8.3,0,46.0,238.0,Teledyne T640X at 16.67 LPM - Broadband spectroscopy,Miami Fire Station,"1200 NW 20th St, Miami, FL 33142",Florida,Miami-Dade,Miami,"Miami-Fort Lauderdale-West Palm Beach, FL",2024-08-05,pm25
12,86,1016,88101,3,25.794222,-80.215556,NAD83,PM2.5 - Local Conditions,24-HR BLK AVG,PM25 24-hour 2012,2023-02-12,Micrograms/cubic meter (LC),Included,1,100.0,8.0,8.0,0,44.0,238.0,Teledyne T640X at 16.67 LPM - Broadband spectroscopy,Miami Fire Station,"1200 NW 20th St, Miami, FL 33142",Florida,Miami-Dade,Miami,"Miami-Fort Lauderdale-West Palm Beach, FL",2024-08-05,pm25
12,86,1016,88101,3,25.794222,-80.215556,NAD83,PM2.5 - Local Conditions,24-HR BLK AVG,PM25 24-hour 2012,2023-02-13,Micrograms/cubic meter (LC),Included,1,100.0,7.9,7.9,0,44.0,238.0,Teledyne T640X at 16.67 LPM - Broadband spectroscopy,Miami Fire Station,"1200 NW 20th St, Miami, FL 33142",Florida,Miami-Dade,Miami,"Miami-Fort Lauderdale-West Palm Beach, FL",2024-08-05,pm25
12,86,1016,88101,3,25.794222,-80.215556,NAD83,PM2.5 - Local Conditions,24-HR BLK AVG,PM25 24-hour 2012,2023-02-14,Micrograms/cubic meter (LC),Included,1,100.0,8.6,8.6,0,48.0,238.0,Teledyne T640X at 16.67 LPM - Broadband spectroscopy,Miami Fire Station,"1200 NW 20th St, Miami, FL 33142",Florida,Miami-Dade,Miami,"Miami-Fort Lauderdale-West Palm Beach, FL",2024-08-05,pm25
12,86,1016,88101,3,25.794222,-80.215556,NAD83,PM2.5 - Local Conditions,24-HR BLK AVG,PM25 24-hour 2012,2023-02-15,Micrograms/cubic meter (LC),Included,1,100.0,8.0,8.0,0,44.0,238.0,Teledyne T640X at 16.67 LPM - Broadband spectroscopy,Miami Fire Station,"1200 NW 20th St, Miami, FL 33142",Florida,Miami-Dade,Miami,"Miami-Fort Lauderdale-West Palm Beach, FL",2024-08-05,pm25
12,86,1016,88101,3,25.794222,-80.215556,NAD83,PM2.5 - Local Conditions,24-HR BLK AVG,PM25 24-hour 2012,2023-02-16,Micrograms/cubic meter (LC),Included,1,100.0,7.6,7.6,0,42.0,238.0,Teledyne T640X at 16.67 LPM - Broadband spectroscopy,Miami Fire Station,"1200 NW 20th St, Miami, FL 33142",Florida,Miami-Dade,Miami,"Miami-Fort Lauderdale-West Palm Beach, FL",2024-08-05,pm25
12,86,1016,88101,3,25.794222,-80.215556,NAD83,PM2.5 - Local Conditions,24-HR BLK AVG,PM25 24-hour 2012,2023-02-17,Micrograms/cubic meter (LC),Included,1,100.0,9.3,9.3,0,51.0,238.0,Teledyne T640X at 16.67 LPM - Broadband spectroscopy,Miami Fire Station,"1200 NW 20th St, Miami, FL 33142",Florida,Miami-Dade,Miami,"Miami-Fort Lauderdale-West Palm Beach, FL",2024-08-05,pm25
12,86,1016,88101,3,25.794222,-80.215556,NAD83,PM2.5 - Local Conditions,24-HR BLK AVG,PM25 24-hour 2012,2023-02-18,Micrograms/cubic meter (LC),Included,1,100.0,11.2,11.2,0,55.0,238.0,Teledyne T640X at 16.67 LPM - Broadband spectroscopy,Miami Fire Station,"1200 NW 20th St, Miami, FL 33142",Florida,Miami-Dade,Miami,"Miami-Fort Lauderdale-West Palm Beach, FL",2024-08-05,pm25
12,86,1016,88101,3,25.794222,-80.215556,NAD83,PM2.5 - Local Conditions,24-HR BLK AVG,PM25 24-hour 2012,2023-02-19,Micrograms/cubic meter (LC),Included,1,100.0,8.6,8.6,0,48.0,238.0,Teledyne T640X at 16.67 LPM - Broadband spectroscopy,Miami Fire Station,"1200 NW 20th St, Miami, FL 33142",Florida,Miami-Dade,Miami,"Miami-Fort Lauderdale-West Palm Beach, FL",2024-08-05,pm25
12,86,1016,88101,3,25.794222,-80.215556,NAD83,PM2.5 - Local Conditions,24-HR BLK AVG,PM25 24-hour 2012,2023-02-20,Micrograms/cubic meter (LC),Included,1,100.0,9.3,9.3,0,51.0,238.0,Teledyne T640X at 16.67 LPM - Broadband spectroscopy,Miami Fire Station,"1200 NW 20th St, Miami, FL 33142",Florida,Miami-Dade,Miami,"Miami-Fort Lauderdale-West Palm Beach, FL",2024-08-05,pm25
12,86,1016,88101,3,25.794222,-80.215556,NAD83,PM2.5 - Local Conditions,24-HR BLK AVG,PM25 24-hour 2012,2023-02-21,Micrograms/cubic meter (LC),Included,1,100.0,7.5,7.5,0,42.0,238.0,Teledyne T640X at 16.67 LPM - Broadband spectroscopy,Miami Fire Station,"1200 NW 20th St, Miami, FL 33142",Florida,Miami-Dade,Miami,"Miami-Fort Lauderdale-West Palm Beach, FL",2024-08-05,pm25
12,86,1016,88101,3,25.794222,-80.215556,NAD83,PM2.5 - Local Conditions,24-HR BLK AVG,PM25 24-hour 2012,2023-02-22,Micrograms/cubic meter (LC),Included,1,100.0,6.6,6.6,0,37.0,238.0,Teledyne T640X at 16.67 LPM - Broadband spectroscopy,Miami Fire Station,"1200 NW 20th St, Miami, FL 33142",Florida,Miami-Dade,Miami,"Miami-Fort Lauderdale-West Palm Beach, FL",2024-08-05,pm25
12,86,1016,88101,3,25.794222,-80.215556,NAD83,PM2.5 - Local Conditions,24-HR BLK AVG,PM25 24-hour 2012,2023-02-23,Micrograms/cubic meter (LC),Included,1,100.0,7.1,7.1,0,39.0,238.0,Teledyne T640X at 16.67 LPM - Broadband spectroscopy,Miami Fire Station,"1200 NW 20th St, Miami, FL 33142",Florida,Miami-Dade,Miami,"Miami-Fort Lauderdale-West Palm Beach, FL",2024-08-05,pm25
12,86,1016,88101,3,25.794222,-80.215556,NAD83,PM2.5 - Local Conditions,24-HR BLK AVG,PM25 24-hour 2012,2023-02-24,Micrograms/cubic meter (LC),Included,1,100.0,7.5,7.5,0,42.0,238.0,Teledyne T640X at 16.67 LPM - Broadband spectroscopy,Miami Fire Station,"1200 NW 20th St, Miami, FL 33142",Florida,Miami-Dade,Miami,"Miami-Fort Lauderdale-West Palm Beach, FL",2024-08-05,pm25
12,86,1016,88101,3,25.794222,-80.215556,NAD83,PM2.5 - Local Conditions,24-HR BLK AVG,PM25 24-hour 2012,2023-02-25,Micrograms/cubic meter (LC),Included,1,100.0,6.6,6.6,0,37.0,238.0,Teledyne T640X at 16.67 LPM - Broadband spectroscopy,Miami Fire Station,"1200 NW 20th St, Miami, FL 33142",Florida,Miami-Dade,Miami,"Miami-Fort Lauderdale-West Palm Beach, FL",2024-08-05,pm25
12,86,1016,88101,3,25.794222,-80.215556,NAD83,PM2.5 - Local Conditions,24-HR BLK AVG,PM25 24-hour 2012,2023-02-26,Micrograms/cubic meter (LC),Included,1,100.0,11.4,11.4,0,55.0,238.0,Teledyne T640X at 16.67 LPM - Broadband spectroscopy,Miami Fire Station,"1200 NW 20th St, Miami, FL 33142",Florida,Miami-Dade,Miami,"Miami-Fort Lauderdale-West Palm Beach, FL",2024-08-05,pm25
12,86,1016,88101,3,25.794222,-80.215556,NAD83,PM2.5 - Local Conditions,24-HR BLK AVG,PM25 24-hour 2012,2023-02-27,Micrograms/cubic meter (LC),Included,1,100.0,11.4,11.4,0,55.0,238.0,Teledyne T640X at 16.67 LPM - Broadband spectroscopy,Miami Fire Station,"1200 NW 20th St, Miami, FL 33142",Florida,Miami-Dade,Miami,"Miami-Fort Lauderdale-West Palm Beach, FL",2024-08-05,pm25
12,86,1016,88101,3,25.794222,-80.215556,NAD83,PM2.5 - Local Conditions,24-HR BLK AVG,PM25 24-hour 2012,2023-02-28,Micrograms/cubic meter (LC),Included,1,100.0,11.3,11.3,0,55.0,238.0,Teledyne T640X at 16.67 LPM - Broadband spectroscopy,Miami Fire Station,"1200 NW 20th St, Miami, FL 33142",Florida,Miami-Dade,Miami,"Miami-Fort Lauderdale-West Palm Beach, FL",2024-08-05,pm25
12,86,1016,88101,3,25.794222,-80.215556,NAD83,PM2.5 - Local Conditions,24-HR BLK AVG,PM25 24-hour 2012,2023-03-01,Micrograms/cubic meter (LC),Included,1,100.0,18.7,18.7,0,69.0,238.0,Teledyne T640X at 16.67 LPM - Broadband spectroscopy,Miami Fire Station,"1200 NW 20th St, Miami, FL 33142",Florida,Miami-Dade,Miami,"Miami-Fort Lauderdale-West Palm Beach, FL",2024-08-05,pm25
12,86,1016,88101,3,25.794222,-80.215556,NAD83,PM2.5 - Local Conditions,24-HR BLK AVG,PM25 24-hour 2012,2023-03-02,Micrograms/cubic meter (LC),Included,1,100.0,6.9,6.9,0,38.0,238.0,Teledyne T640X at 16.67 LPM - Broadband spectroscopy,Miami Fire Station,"1200 NW 20th St, Miami, FL 33142",Florida,Miami-Dade,Miami,"Miami-Fort Lauderdale-West Palm Beach, FL",2024-08-05,pm25
12,86,1016,88101,3,25.794222,-80.215556,NAD83,PM2.5 - Local Conditions,24-HR BLK AVG,PM25 24-hour 2012,2023-03-03,Micrograms/cubic meter (LC),Included,1,100.0,14.5,14.5,0,61.0,238.0,Teledyne T640X at 16.67 LPM - Broadband spectroscopy,Miami Fire Station,"1200 NW 20th St, Miami, FL 33142",Florida,Miami-Dade,Miami,"Miami-Fort Lauderdale-West Palm Beach, FL",2024-08-05,pm25
12,86,1016,88101,3,25.794222,-80.215556,NAD83,PM2.5 - Local Conditions,24-HR BLK AVG,PM25 24-hour 2012,2023-03-04,Micrograms/cubic meter (LC),Included,1,100.0,16.0,16.0,0,64.0,238.0,Teledyne T640X at 16.67 LPM - Broadband spectroscopy,Miami Fire Station,"1200 NW 20th St, Miami, FL 33142",Florida,Miami-Dade,Miami,"Miami-Fort Lauderdale-West Palm Beach, FL",2024-08-05,pm25
12,86,1016,88101,3,25.794222,-80.215556,NAD83,PM2.5 - Local Conditions,24-HR BLK AVG,PM25 24-hour 2012,2023-03-05,Micrograms/cubic meter (LC),Included,1,100.0,11.5,11.5,0,55.0,238.0,Teledyne T640X at 16.67 LPM - Broadband spectroscopy,Miami Fire Station,"1200 NW 20th St, Miami, FL 33142",Florida,Miami-Dade,Miami,"Miami-Fort Lauderdale-West Palm Beach, FL",2024-08-05,pm25
12,86,1016,88101,3,25.794222,-80.215556,NAD83,PM2.5 - Local Conditions,24-HR BLK AVG,PM25 24-hour 2012,2023-03-06,Micrograms/cubic meter (LC),Included,1,100.0,13.0,13.0,0,58.0,238.0,Teledyne T640X at 16.67 LPM - Broadband spectroscopy,Miami Fire Station,"1200 NW 20th St, Miami, FL 33142",Florida,Miami-Dade,Miami,"Miami-Fort Lauderdale-West Palm Beach, FL",2024-08-05,pm25
12,86,1016,88101,3,25.794222,-80.215556,NAD83,PM2.5 - Local Conditions,24-HR BLK AVG,PM25 24-hour 2012,2023-03-07,Micrograms/cubic meter (LC),Included,1,100.0,14.0,14.0,0,60.0,238.0,Teledyne T640X at 16.67 LPM - Broadband spectroscopy,Miami Fire Station,"1200 NW 20th St, Miami, FL 33142",Florida,Miami-Dade,Miami,"Miami-Fort Lauderdale-West Palm Beach, FL",2024-08-05,pm25
12,86,1016,88101,3,25.794222,-80.215556,NAD83,PM2.5 - Local Conditions,24-HR BLK AVG,PM25 24-hour 2012,2023-03-08,Micrograms/cubic meter (LC),Included,1,100.0,17.0,17.0,0,66.0,238.0,Teledyne T640X at 16.67 LPM - Broadband spectroscopy,Miami Fire Station,"1200 NW 20th St, Miami, FL 33142",Florida,Miami-Dade,Miami,"Miami-Fort Lauderdale-West Palm Beach, FL",2024-08-05,pm25
12,86,1016,88101,3,25.794222,-80.215556,NAD83,PM2.5 - Local Conditions,24-HR BLK AVG,PM25 24-hour 2012,2023-03-09,Micrograms/cubic meter (LC),Included,1,100.0,9.9,9.9,0,52.0,238.0,Teledyne T640X at 16.67 LPM - Broadband spectroscopy,Miami Fire Station,"1200 NW 20th St, Miami, FL 33142",Florida,Miami-Dade,Miami,"Miami-Fort Lauderdale-West Palm Beach, FL",2024-08-05,pm25
12,86,1016,88101,3,25.794222,-80.215556,NAD83,PM2.5 - Local Conditions,24-HR BLK AVG,PM25 24-hour 2012,2023-03-10,Micrograms/cubic meter (LC),Included,1,100.0,5.5,5.5,0,31.0,238.0,Teledyne T640X at 16.67 LPM - Broadband spectroscopy,Miami Fire Station,"1200 NW 20th St, Miami, FL 33142",Florida,Miami-Dade,Miami,"Miami-Fort Lauderdale-West Palm Beach, FL",2024-08-05,pm25
12,86,1016,88101,3,25.794222,-80.215556,NAD83,PM2.5 - Local Conditions,24-HR BLK AVG,PM25 24-hour 2012,2023-03-11,Micrograms/cubic meter (LC),Included,1,100.0,10.3,10.3,0,53.0,238.0,Teledyne T640X at 16.67 LPM - Broadband spectroscopy,Miami Fire Station,"1200 NW 20th St, Miami, FL 33142",Florida,Miami-Dade,Miami,"Miami-Fort Lauderdale-West Palm Beach, FL",2024-08-05,pm25
12,86,1016,88101,3,25.794222,-80.215556,NAD83,PM2.5 - Local Conditions,24-HR BLK AVG,PM25 24-hour 2012,2023-03-12,Micrograms/cubic meter (LC),Included,1,100.0,13.0,13.0,0,58.0,238.0,Teledyne T640X at 16.67 LPM - Broadband spectroscopy,Miami Fire Station,"1200 NW 20th St, Miami, FL 33142",Florida,Miami-Dade,Miami,"Miami-Fort Lauderdale-West Palm Beach, FL",2024-08-05,pm25
12,86,1016,88101,3,25.794222,-80.215556,NAD83,PM2.5 - Local Conditions,24-HR BLK AVG,PM25 24-hour 2012,2023-03-13,Micrograms/cubic meter (LC),Included,1,100.0,14.0,14.0,0,60.0,238.0,Teledyne T640X at 16.67 LPM - Broadband spectroscopy,Miami Fire Station,"1200 NW 20th St, Miami, FL 33142",Florida,Miami-Dade,Miami,"Miami-Fort Lauderdale-West Palm Beach, FL",2024-08-05,pm25
12,86,1016,88101,3,25.794222,-80.215556,NAD83,PM2.5 - Local Conditions,24-HR BLK AVG,PM25 24-hour 2012,2023-03-14,Micrograms/cubic meter (LC),Included,1,100.0,10.9,10.9,0,54.0,238.0,Teledyne T640X at 16.67 LPM - Broadband spectroscopy,Miami Fire Station,"1200 NW 20th St, Miami, FL 33142",Florida,Miami-Dade,Miami,"Miami-Fort Lauderdale-West Palm Beach, FL",2024-08-05,pm25
12,86,1016,88101,3,25.794222,-80.215556,NAD83,PM2.5 - Local Conditions,24-HR BLK AVG,PM25 24-hour 2012,2023-03-15,Micrograms/cubic meter (LC),Included,1,100.0,7.3,7.3,0,41.0,238.0,Teledyne T640X at 16.67 LPM - Broadband spectroscopy,Miami Fire Station,"1200 NW 20th St, Miami, FL 33142",Florida,Miami-Dade,Miami,"Miami-Fort Lauderdale-West Palm Beach, FL",2024-08-05,pm25
12,86,1016,88101,3,25.794222,-80.215556,NAD83,PM2.5 - Local Conditions,24-HR BLK AVG,PM25 24-hour 2012,2023-03-16,Micrograms/cubic meter (LC),Included,1,100.0,6.1,6.1,0,34.0,238.0,Teledyne T640X at 16.67 LPM - Broadband spectroscopy,Miami Fire Station,"1200 NW 20th St, Miami, FL 33142",Florida,Miami-Dade,Miami,"Miami-Fort Lauderdale-West Palm Beach, FL",2024-08-05,pm25
12,86,1016,88101,3,25.794222,-80.215556,NAD83,PM2.5 - Local Conditions,24-HR BLK AVG,PM25 24-hour 2012,2023-03-17,Micrograms/cubic meter (LC),Included,1,100.0,5.7,5.7,0,32.0,238.0,Teledyne T640X at 16.67 LPM - Broadband spectroscopy,Miami Fire Station,"1200 NW 20th St, Miami, FL 33142",Florida,Miami-Dade,Miami,"Miami-Fort Lauderdale-West Palm Beach, FL",2024-08-05,pm25
12,86,1016,88101,3,25.794222,-80.215556,NAD83,PM2.5 - Local Conditions,24-HR BLK AVG,PM25 24-hour 2012,2023-03-18,Micrograms/cubic meter (LC),Included,1,100.0,12.6,12.6,0,58.0,238.0,Teledyne T640X at 16.67 LPM - Broadband spectroscopy,Miami Fire Station,"1200 NW 20th St, Miami, FL 33142",Florida,Miami-Dade,Miami,"Miami-Fort Lauderdale-West Palm Beach, FL",2024-08-05,pm25
12,86,1016,88101,3,25.794222,-80.215556,NAD83,PM2.5 - Local Conditions,24-HR BLK AVG,PM25 24-hour 2012,2023-03-19,Micrograms/cubic meter (LC),Included,1,100.0,13.6,13.6,0,59.0,238.0,Teledyne T640X at 16.67 LPM - Broadband spectroscopy,Miami Fire Station,"1200 NW 20th St, Miami, FL 33142",Florida,Miami-Dade,Miami,"Miami-Fort Lauderdale-West Palm Beach, FL",2024-08-05,pm25
12,86,1016,88101,3,25.794222,-80.215556,NAD83,PM2.5 - Local Conditions,24-HR BLK AVG,PM25 24-hour 2012,2023-03-20,Micrograms/cubic meter (LC),Included,1,100.0,6.6,6.6,0,37.0,238.0,Teledyne T640X at 16.67 LPM - Broadband spectroscopy,Miami Fire Station,"1200 NW 20th St, Miami, FL 33142",Florida,Miami-Dade,Miami,"Miami-Fort Lauderdale-West Palm Beach, FL",2024-08-05,pm25
12,86,1016,88101,3,25.794222,-80.215556,NAD83,PM2.5 - Local Conditions,24-HR BLK AVG,PM25 24-hour 2012,2023-03-21,Micrograms/cubic meter (LC),Included,1,100.0,7.2,7.2,0,40.0,238.0,Teledyne T640X at 16.67 LPM - Broadband spectroscopy,Miami Fire Station,"1200 NW 20th St, Miami, FL 33142",Florida,Miami-Dade,Miami,"Miami-Fort Lauderdale-West Palm Beach, FL",2024-08-05,pm25
12,86,1016,88101,3,25.794222,-80.215556,NAD83,PM2.5 - Local Conditions,24-HR BLK AVG,PM25 24-hour 2012,2023-03-22,Micrograms/cubic meter (LC),Included,1,100.0,7.0,7.0,0,39.0,238.0,Teledyne T640X at 16.67 LPM - Broadband spectroscopy,Miami Fire Station,"1200 NW 20th St, Miami, FL 33142",Florida,Miami-Dade,Miami,"Miami-Fort Lauderdale-West Palm Beach, FL",2024-08-05,pm25
12,86,1016,88101,3,25.794222,-80.215556,NAD83,PM2.5 - Local Conditions,24-HR BLK AVG,PM25 24-hour 2012,2023-03-23,Micrograms/cubic meter (LC),Included,1,100.0,7.2,7.2,0,40.0,238.0,Teledyne T640X at 16.67 LPM - Broadband spectroscopy,Miami Fire Station,"1200 NW 20th St, Miami, FL 33142",Florida,Miami-Dade,Miami,"Miami-Fort Lauderdale-West Palm Beach, FL",2024-08-05,pm25
12,86,1016,88101,3,25.794222,-80.215556,NAD83,PM2.5 - Local Conditions,24-HR BLK AVG,PM25 24-hour 2012,2023-03-24,Micrograms/cubic meter (LC),Included,1,100.0,7.3,7.3,0,41.0,238.0,Teledyne T640X at 16.67 LPM - Broadband spectroscopy,Miami Fire Station,"1200 NW 20th St, Miami, FL 33142",Florida,Miami-Dade,Miami,"Miami-Fort Lauderdale-West Palm Beach, FL",2024-08-05,pm25
12,86,1016,88101,3,25.794222,-80.215556,NAD83,PM2.5 - Local Conditions,24-HR BLK AVG,PM25 24-hour 2012,2023-03-25,Micrograms/cubic meter (LC),Included,1,100.0,6.5,6.5,0,36.0,238.0,Teledyne T640X at 16.67 LPM - Broadband spectroscopy,Miami Fire Station,"1200 NW 20th St, Miami, FL 33142",Florida,Miami-Dade,Miami,"Miami-Fort Lauderdale-West Palm Beach, FL",2024-08-05,pm25
12,86,1016,88101,3,25.794222,-80.215556,NAD83,PM2.5 - Local Conditions,24-HR BLK AVG,PM25 24-hour 2012,2023-03-26,Micrograms/cubic meter (LC),Included,1,100.0,5.8,5.8,0,32.0,238.0,Teledyne T640X at 16.67 LPM - Broadband spectroscopy,Miami Fire Station,"1200 NW 20th St, Miami, FL 33142",Florida,Miami-Dade,Miami,"Miami-Fort Lauderdale-West Palm Beach, FL",2024-08-05,pm25
12,86,1016,88101,3,25.794222,-80.215556,NAD83,PM2.5 - Local Conditions,24-HR BLK AVG,PM25 24-hour 2012,2023-03-27,Micrograms/cubic meter (LC),Included,1,100.0,8.2,8.2,0,46.0,238.0,Teledyne T640X at 16.67 LPM - Broadband spectroscopy,Miami Fire Station,"1200 NW 20th St, Miami, FL 33142",Florida,Miami-Dade,Miami,"Miami-Fort Lauderdale-West Palm Beach, FL",2024-08-05,pm25
12,86,1016,88101,3,25.794222,-80.215556,NAD83,PM2.5 - Local Conditions,24-HR BLK AVG,PM25 24-hour 2012,2023-03-28,Micrograms/cubic meter (LC),Included,1,100.0,7.3,7.3,0,41.0,238.0,Teledyne T640X at 16.67 LPM - Broadband spectroscopy,Miami Fire Station,"1200 NW 20th St, Miami, FL 33142",Florida,Miami-Dade,Miami,"Miami-Fort Lauderdale-West Palm Beach, FL",2024-08-05,pm25
12,86,1016,88101,3,25.794222,-80.215556,NAD83,PM2.5 - Local Conditions,24-HR BLK AVG,PM25 24-hour 2012,2023-03-29,Micrograms/cubic meter (LC),Included,1,100.0,10.0,10.0,0,53.0,238.0,Teledyne T640X at 16.67 LPM - Broadband spectroscopy,Miami Fire Station,"1200 NW 20th St, Miami, FL 33142",Florida,Miami-Dade,Miami,"Miami-Fort Lauderdale-West Palm Beach, FL",2024-08-05,pm25
12,86,1016,88101,3,25.794222,-80.215556,NAD83,PM2.5 - Local Conditions,24-HR BLK AVG,PM25 24-hour 2012,2023-03-30,Micrograms/cubic meter (LC),Included,1,100.0,9.3,9.3,0,51.0,238.0,Teledyne T640X at 16.67 LPM - Broadband spectroscopy,Miami Fire Station,"1200 NW 20th St, Miami, FL 33142",Florida,Miami-Dade,Miami,"Miami-Fort Lauderdale-West Palm Beach, FL",2024-08-05,pm25
12,86,1016,88101,3,25.794222,-80.215556,NAD83,PM2.5 - Local Conditions,24-HR BLK AVG,PM25 24-hour 2012,2023-03-31,Micrograms/cubic meter (LC),Included,1,100.0,7.9,7.9,0,44.0,238.0,Teledyne T640X at 16.67 LPM - Broadband spectroscopy,Miami Fire Station,"1200 NW 20th St, Miami, FL 33142",Florida,Miami-Dade,Miami,"Miami-Fort Lauderdale-West Palm Beach, FL",2024-08-05,pm25
12,86,1016,88101,3,25.794222,-80.215556,NAD83,PM2.5 - Local Conditions,24-HR BLK AVG,PM25 24-hour 2012,2023-04-01,Micrograms/cubic meter (LC),Included,1,100.0,8.3,8.3,0,46.0,238.0,Teledyne T640X at 16.67 LPM - Broadband spectroscopy,Miami Fire Station,"1200 NW 20th St, Miami, FL 33142",Florida,Miami-Dade,Miami,"Miami-Fort Lauderdale-West Palm Beach, FL",2024-08-05,pm25
12,86,1016,88101,3,25.794222,-80.215556,NAD83,PM2.5 - Local Conditions,24-HR BLK AVG,PM25 24-hour 2012,2023-04-02,Micrograms/cubic meter (LC),Included,1,100.0,7.5,7.5,0,42.0,238.0,Teledyne T640X at 16.67 LPM - Broadband spectroscopy,Miami Fire Station,"1200 NW 20th St, Miami, FL 33142",Florida,Miami-Dade,Miami,"Miami-Fort Lauderdale-West Palm Beach, FL",2024-08-05,pm25
12,86,1016,88101,3,25.794222,-80.215556,NAD83,PM2.5 - Local Conditions,24-HR BLK AVG,PM25 24-hour 2012,2023-04-03,Micrograms/cubic meter (LC),Included,1,100.0,6.8,6.8,0,38.0,238.0,Teledyne T640X at 16.67 LPM - Broadband spectroscopy,Miami Fire Station,"1200 NW 20th St, Miami, FL 33142",Florida,Miami-Dade,Miami,"Miami-Fort Lauderdale-West Palm Beach, FL",2024-08-05,pm25
12,86,1016,88101,3,25.794222,-80.215556,NAD83,PM2.5 - Local Conditions,24-HR BLK AVG,PM25 24-hour 2012,2023-04-04,Micrograms/cubic meter (LC),Included,1,100.0,6.4,6.4,0,36.0,238.0,Teledyne T640X at 16.67 LPM - Broadband spectroscopy,Miami Fire Station,"1200 NW 20th St, Miami, FL 33142",Florida,Miami-Dade,Miami,"Miami-Fort Lauderdale-West Palm Beach, FL",2024-08-05,pm25
12,86,1016,88101,3,25.794222,-80.215556,NAD83,PM2.5 - Local Conditions,24-HR BLK AVG,PM25 24-hour 2012,2023-04-05,Micrograms/cubic meter (LC),Included,1,100.0,6.9,6.9,0,38.0,238.0,Teledyne T640X at 16.67 LPM - Broadband spectroscopy,Miami Fire Station,"1200 NW 20th St, Miami, FL 33142",Florida,Miami-Dade,Miami,"Miami-Fort Lauderdale-West Palm Beach, FL",2024-08-05,pm25
12,86,1016,88101,3,25.794222,-80.215556,NAD83,PM2.5 - Local Conditions,24-HR BLK AVG,PM25 24-hour 2012,2023-04-06,Micrograms/cubic meter (LC),Included,1,100.0,6.7,6.7,0,37.0,238.0,Teledyne T640X at 16.67 LPM - Broadband spectroscopy,Miami Fire Station,"1200 NW 20th St, Miami, FL 33142",Florida,Miami-Dade,Miami,"Miami-Fort Lauderdale-West Palm Beach, FL",2024-08-05,pm25
12,86,1016,88101,3,25.794222,-80.215556,NAD83,PM2.5 - Local Conditions,24-HR BLK AVG,PM25 24-hour 2012,2023-04-07,Micrograms/cubic meter (LC),Included,1,100.0,7.5,7.5,0,42.0,238.0,Teledyne T640X at 16.67 LPM - Broadband spectroscopy,Miami Fire Station,"1200 NW 20th St, Miami, FL 33142",Florida,Miami-Dade,Miami,"Miami-Fort Lauderdale-West Palm Beach, FL",2024-08-05,pm25
12,86,1016,88101,3,25.794222,-80.215556,NAD83,PM2.5 - Local Conditions,24-HR BLK AVG,PM25 24-hour 2012,2023-04-08,Micrograms/cubic meter (LC),Included,1,100.0,7.0,7.0,0,39.0,238.0,Teledyne T640X at 16.67 LPM - Broadband spectroscopy,Miami Fire Station,"1200 NW 20th St, Miami, FL 33142",Florida,Miami-Dade,Miami,"Miami-Fort Lauderdale-West Palm Beach, FL",2024-08-05,pm25
12,86,1016,88101,3,25.794222,-80.215556,NAD83,PM2.5 - Local Conditions,24-HR BLK AVG,PM25 24-hour 2012,2023-04-09,Micrograms/cubic meter (LC),Included,1,100.0,7.3,7.3,0,41.0,238.0,Teledyne T640X at 16.67 LPM - Broadband spectroscopy,Miami Fire Station,"1200 NW 20th St, Miami, FL 33142",Florida,Miami-Dade,Miami,"Miami-Fort Lauderdale-West Palm Beach, FL",2024-08-05,pm25
12,86,1016,88101,3,25.794222,-80.215556,NAD83,PM2.5 - Local Conditions,24-HR BLK AVG,PM25 24-hour 2012,2023-04-12,Micrograms/cubic meter (LC),Included,1,100.0,8.3,8.3,0,46.0,238.0,Teledyne T640X at 16.67 LPM - Broadband spectroscopy,Miami Fire Station,"1200 NW 20th St, Miami, FL 33142",Florida,Miami-Dade,Miami,"Miami-Fort Lauderdale-West Palm Beach, FL",2024-08-05,pm25
12,86,1016,88101,3,25.794222,-80.215556,NAD83,PM2.5 - Local Conditions,24-HR BLK AVG,PM25 24-hour 2012,2023-04-13,Micrograms/cubic meter (LC),Included,1,100.0,8.1,8.1,0,45.0,238.0,Teledyne T640X at 16.67 LPM - Broadband spectroscopy,Miami Fire Station,"1200 NW 20th St, Miami, FL 33142",Florida,Miami-Dade,Miami,"Miami-Fort Lauderdale-West Palm Beach, FL",2024-08-05,pm25
12,86,1016,88101,3,25.794222,-80.215556,NAD83,PM2.5 - Local Conditions,24-HR BLK AVG,PM25 24-hour 2012,2023-04-14,Micrograms/cubic meter (LC),Included,1,100.0,8.2,8.2,0,46.0,238.0,Teledyne T640X at 16.67 LPM - Broadband spectroscopy,Miami Fire Station,"1200 NW 20th St, Miami, FL 33142",Florida,Miami-Dade,Miami,"Miami-Fort Lauderdale-West Palm Beach, FL",2024-08-05,pm25
12,86,1016,88101,3,25.794222,-80.215556,NAD83,PM2.5 - Local Conditions,24-HR BLK AVG,PM25 24-hour 2012,2023-04-15,Micrograms/cubic meter (LC),Included,1,100.0,8.5,8.5,0,47.0,238.0,Teledyne T640X at 16.67 LPM - Broadband spectroscopy,Miami Fire Station,"1200 NW 20th St, Miami, FL 33142",Florida,Miami-Dade,Miami,"Miami-Fort Lauderdale-West Palm Beach, FL",2024-08-05,pm25
12,86,1016,88101,3,25.794222,-80.215556,NAD83,PM2.5 - Local Conditions,24-HR BLK AVG,PM25 24-hour 2012,2023-04-16,Micrograms/cubic meter (LC),Included,1,100.0,6.4,6.4,0,36.0,238.0,Teledyne T640X at 16.67 LPM - Broadband spectroscopy,Miami Fire Station,"1200 NW 20th St, Miami, FL 33142",Florida,Miami-Dade,Miami,"Miami-Fort Lauderdale-West Palm Beach, FL",2024-08-05,pm25
12,86,1016,88101,3,25.794222,-80.215556,NAD83,PM2.5 - Local Conditions,24-HR BLK AVG,PM25 24-hour 2012,2023-04-19,Micrograms/cubic meter (LC),Included,1,100.0,7.7,7.7,0,43.0,238.0,Teledyne T640X at 16.67 LPM - Broadband spectroscopy,Miami Fire Station,"1200 NW 20th St, Miami, FL 33142",Florida,Miami-Dade,Miami,"Miami-Fort Lauderdale-West Palm Beach, FL",2024-08-05,pm25
12,86,1016,88101,3,25.794222,-80.215556,NAD83,PM2.5 - Local Conditions,24-HR BLK AVG,PM25 24-hour 2012,2023-04-20,Micrograms/cubic meter (LC),Included,1,100.0,8.3,8.3,0,46.0,238.0,Teledyne T640X at 16.67 LPM - Broadband spectroscopy,Miami Fire Station,"1200 NW 20th St, Miami, FL 33142",Florida,Miami-Dade,Miami,"Miami-Fort Lauderdale-West Palm Beach, FL",2024-08-05,pm25
12,86,1016,88101,3,25.794222,-80.215556,NAD83,PM2.5 - Local Conditions,24-HR BLK AVG,PM25 24-hour 2012,2023-04-21,Micrograms/cubic meter (LC),Included,1,100.0,7.9,7.9,0,44.0,238.0,Teledyne T640X at 16.67 LPM - Broadband spectroscopy,Miami Fire Station,"1200 NW 20th St, Miami, FL 33142",Florida,Miami-Dade,Miami,"Miami-Fort Lauderdale-West Palm Beach, FL",2024-08-05,pm25
12,86,1016,88101,3,25.794222,-80.215556,NAD83,PM2.5 - Local Conditions,24-HR BLK AVG,PM25 24-hour 2012,2023-04-22,Micrograms/cubic meter (LC),Included,1,100.0,7.2,7.2,0,40.0,238.0,Teledyne T640X at 16.67 LPM - Broadband spectroscopy,Miami Fire Station,"1200 NW 20th St, Miami, FL 33142",Florida,Miami-Dade,Miami,"Miami-Fort Lauderdale-West Palm Beach, FL",2024-08-05,pm25
12,86,1016,88101,3,25.794222,-80.215556,NAD83,PM2.5 - Local Conditions,24-HR BLK AVG,PM25 24-hour 2012,2023-04-23,Micrograms/cubic meter (LC),Included,1,100.0,9.2,9.2,0,51.0,238.0,Teledyne T640X at 16.67 LPM - Broadband spectroscopy,Miami Fire Station,"1200 NW 20th St, Miami, FL 33142",Florida,Miami-Dade,Miami,"Miami-Fort Lauderdale-West Palm Beach, FL",2024-08-05,pm25
12,86,1016,88101,3,25.794222,-80.215556,NAD83,PM2.5 - Local Conditions,24-HR BLK AVG,PM25 24-hour 2012,2023-04-24,Micrograms/cubic meter (LC),Included,1,100.0,6.3,6.3,0,35.0,238.0,Teledyne T640X at 16.67 LPM - Broadband spectroscopy,Miami Fire Station,"1200 NW 20th St, Miami, FL 33142",Florida,Miami-Dade,Miami,"Miami-Fort Lauderdale-West Palm Beach, FL",2024-08-05,pm25
12,86,1016,88101,3,25.794222,-80.215556,NAD83,PM2.5 - Local Conditions,24-HR BLK AVG,PM25 24-hour 2012,2023-04-25,Micrograms/cubic meter (LC),Included,1,100.0,6.8,6.8,0,38.0,238.0,Teledyne T640X at 16.67 LPM - Broadband spectroscopy,Miami Fire Station,"1200 NW 20th St, Miami, FL 33142",Florida,Miami-Dade,Miami,"Miami-Fort Lauderdale-West Palm Beach, FL",2024-08-05,pm25
12,86,1016,88101,3,25.794222,-80.215556,NAD83,PM2.5 - Local Conditions,24-HR BLK AVG,PM25 24-hour 2012,2023-04-26,Micrograms/cubic meter (LC),Included,1,100.0,7.1,7.1,0,39.0,238.0,Teledyne T640X at 16.67 LPM - Broadband spectroscopy,Miami Fire Station,"1200 NW 20th St, Miami, FL 33142",Florida,Miami-Dade,Miami,"Miami-Fort Lauderdale-West Palm Beach, FL",2024-08-05,pm25
12,86,1016,88101,3,25.794222,-80.215556,NAD83,PM2.5 - Local Conditions,24-HR BLK AVG,PM25 24-hour 2012,2023-04-27,Micrograms/cubic meter (LC),Included,1,100.0,6.5,6.5,0,36.0,238.0,Teledyne T640X at 16.67 LPM - Broadband spectroscopy,Miami Fire Station,"1200 NW 20th St, Miami, FL 33142",Florida,Miami-Dade,Miami,"Miami-Fort Lauderdale-West Palm Beach, FL",2024-08-05,pm25
12,86,1016,88101,3,25.794222,-80.215556,NAD83,PM2.5 - Local Conditions,24-HR BLK AVG,PM25 24-hour 2012,2023-04-28,Micrograms/cubic meter (LC),Included,1,100.0,9.1,9.1,0,51.0,238.0,Teledyne T640X at 16.67 LPM - Broadband spectroscopy,Miami Fire Station,"1200 NW 20th St, Miami, FL 33142",Florida,Miami-Dade,Miami,"Miami-Fort Lauderdale-West Palm Beach, FL",2024-08-05,pm25
12,86,1016,88101,3,25.794222,-80.215556,NAD83,PM2.5 - Local Conditions,24-HR BLK AVG,PM25 24-hour 2012,2023-04-29,Micrograms/cubic meter (LC),Included,1,100.0,8.5,8.5,0,47.0,238.0,Teledyne T640X at 16.67 LPM - Broadband spectroscopy,Miami Fire Station,"1200 NW 20th St, Miami, FL 33142",Florida,Miami-Dade,Miami,"Miami-Fort Lauderdale-West Palm Beach, FL",2024-08-05,pm25
12,86,1016,88101,3,25.794222,-80.215556,NAD83,PM2.5 - Local Conditions,24-HR BLK AVG,PM25 24-hour 2012,2023-04-30,Micrograms/cubic meter (LC),Included,1,100.0,8.7,8.7,0,48.0,238.0,Teledyne T640X at 16.67 LPM - Broadband spectroscopy,Miami Fire Station,"1200 NW 20th St, Miami, FL 33142",Florida,Miami-Dade,Miami,"Miami-Fort Lauderdale-West Palm Beach, FL",2024-08-05,pm25
12,86,1016,88101,3,25.794222,-80.215556,NAD83,PM2.5 - Local Conditions,24-HR BLK AVG,PM25 24-hour 2012,2023-05-01,Micrograms/cubic meter (LC),Included,1,100.0,8.8,8.8,0,49.0,238.0,Teledyne T640X at 16.67 LPM - Broadband spectroscopy,Miami Fire Station,"1200 NW 20th St, Miami, FL 33142",Florida,Miami-Dade,Miami,"Miami-Fort Lauderdale-West Palm Beach, FL",2024-08-05,pm25
12,86,1016,88101,3,25.794222,-80.215556,NAD83,PM2.5 - Local Conditions,24-HR BLK AVG,PM25 24-hour 2012,2023-05-02,Micrograms/cubic meter (LC),Included,1,100.0,8.3,8.3,0,46.0,238.0,Teledyne T640X at 16.67 LPM - Broadband spectroscopy,Miami Fire Station,"1200 NW 20th St, Miami, FL 33142",Florida,Miami-Dade,Miami,"Miami-Fort Lauderdale-West Palm Beach, FL",2024-08-05,pm25
12,86,1016,88101,3,25.794222,-80.215556,NAD83,PM2.5 - Local Conditions,24-HR BLK AVG,PM25 24-hour 2012,2023-05-03,Micrograms/cubic meter (LC),Included,1,100.0,9.8,9.8,0,52.0,238.0,Teledyne T640X at 16.67 LPM - Broadband spectroscopy,Miami Fire Station,"1200 NW 20th St, Miami, FL 33142",Florida,Miami-Dade,Miami,"Miami-Fort Lauderdale-West Palm Beach, FL",2024-08-05,pm25
12,86,1016,88101,3,25.794222,-80.215556,NAD83,PM2.5 - Local Conditions,24-HR BLK AVG,PM25 24-hour 2012,2023-05-04,Micrograms/cubic meter (LC),Included,1,100.0,9.7,9.7,0,52.0,238.0,Teledyne T640X at 16.67 LPM - Broadband spectroscopy,Miami Fire Station,"1200 NW 20th St, Miami, FL 33142",Florida,Miami-Dade,Miami,"Miami-Fort Lauderdale-West Palm Beach, FL",2024-08-05,pm25
12,86,1016,88101,3,25.794222,-80.215556,NAD83,PM2.5 - Local Conditions,24-HR BLK AVG,PM25 24-hour 2012,2023-05-05,Micrograms/cubic meter (LC),Included,1,100.0,9.6,9.6,0,52.0,238.0,Teledyne T640X at 16.67 LPM - Broadband spectroscopy,Miami Fire Station,"1200 NW 20th St, Miami, FL 33142",Florida,Miami-Dade,Miami,"Miami-Fort Lauderdale-West Palm Beach, FL",2024-08-05,pm25
12,86,1016,88101,3,25.794222,-80.215556,NAD83,PM2.5 - Local Conditions,24-HR BLK AVG,PM25 24-hour 2012,2023-05-06,Micrograms/cubic meter (LC),Included,1,100.0,9.0,9.0,0,50.0,238.0,Teledyne T640X at 16.67 LPM - Broadband spectroscopy,Miami Fire Station,"1200 NW 20th St, Miami, FL 33142",Florida,Miami-Dade,Miami,"Miami-Fort Lauderdale-West Palm Beach, FL",2024-08-05,pm25
12,86,1016,88101,3,25.794222,-80.215556,NAD83,PM2.5 - Local Conditions,24-HR BLK AVG,PM25 24-hour 2012,2023-05-07,Micrograms/cubic meter (LC),Included,1,100.0,7.1,7.1,0,39.0,238.0,Teledyne T640X at 16.67 LPM - Broadband spectroscopy,Miami Fire Station,"1200 NW 20th St, Miami, FL 33142",Florida,Miami-Dade,Miami,"Miami-Fort Lauderdale-West Palm Beach, FL",2024-08-05,pm25
12,86,1016,88101,3,25.794222,-80.215556,NAD83,PM2.5 - Local Conditions,24-HR BLK AVG,PM25 24-hour 2012,2023-05-08,Micrograms/cubic meter (LC),Included,1,100.0,5.8,5.8,0,32.0,238.0,Teledyne T640X at 16.67 LPM - Broadband spectroscopy,Miami Fire Station,"1200 NW 20th St, Miami, FL 33142",Florida,Miami-Dade,Miami,"Miami-Fort Lauderdale-West Palm Beach, FL",2024-08-05,pm25
12,86,1016,88101,3,25.794222,-80.215556,NAD83,PM2.5 - Local Conditions,24-HR BLK AVG,PM25 24-hour 2012,2023-05-09,Micrograms/cubic meter (LC),Included,1,100.0,6.2,6.2,0,34.0,238.0,Teledyne T640X at 16.67 LPM - Broadband spectroscopy,Miami Fire Station,"1200 NW 20th St, Miami, FL 33142",Florida,Miami-Dade,Miami,"Miami-Fort Lauderdale-West Palm Beach, FL",2024-08-05,pm25
12,86,1016,88101,3,25.794222,-80.215556,NAD83,PM2.5 - Local Conditions,24-HR BLK AVG,PM25 24-hour 2012,2023-05-10,Micrograms/cubic meter (LC),Included,1,100.0,7.7,7.7,0,43.0,238.0,Teledyne T640X at 16.67 LPM - Broadband spectroscopy,Miami Fire Station,"1200 NW 20th St, Miami, FL 33142",Florida,Miami-Dade,Miami,"Miami-Fort Lauderdale-West Palm Beach, FL",2024-08-05,pm25
12,86,1016,88101,3,25.794222,-80.215556,NAD83,PM2.5 - Local Conditions,24-HR BLK AVG,PM25 24-hour 2012,2023-05-11,Micrograms/cubic meter (LC),Included,1,100.0,8.2,8.2,0,46.0,238.0,Teledyne T640X at 16.67 LPM - Broadband spectroscopy,Miami Fire Station,"1200 NW 20th St, Miami, FL 33142",Florida,Miami-Dade,Miami,"Miami-Fort Lauderdale-West Palm Beach, FL",2024-08-05,pm25
12,86,1016,88101,3,25.794222,-80.215556,NAD83,PM2.5 - Local Conditions,24-HR BLK AVG,PM25 24-hour 2012,2023-05-12,Micrograms/cubic meter (LC),Included,1,100.0,9.2,9.2,0,51.0,238.0,Teledyne T640X at 16.67 LPM - Broadband spectroscopy,Miami Fire Station,"1200 NW 20th St, Miami, FL 33142",Florida,Miami-Dade,Miami,"Miami-Fort Lauderdale-West Palm Beach, FL",2024-08-05,pm25
12,86,1016,88101,3,25.794222,-80.215556,NAD83,PM2.5 - Local Conditions,24-HR BLK AVG,PM25 24-hour 2012,2023-05-13,Micrograms/cubic meter (LC),Included,1,100.0,10.9,10.9,0,54.0,238.0,Teledyne T640X at 16.67 LPM - Broadband spectroscopy,Miami Fire Station,"1200 NW 20th St, Miami, FL 33142",Florida,Miami-Dade,Miami,"Miami-Fort Lauderdale-West Palm Beach, FL",2024-08-05,pm25
12,86,1016,88101,3,25.794222,-80.215556,NAD83,PM2.5 - Local Conditions,24-HR BLK AVG,PM25 24-hour 2012,2023-05-14,Micrograms/cubic meter (LC),Included,1,100.0,10.6,10.6,0,54.0,238.0,Teledyne T640X at 16.67 LPM - Broadband spectroscopy,Miami Fire Station,"1200 NW 20th St, Miami, FL 33142",Florida,Miami-Dade,Miami,"Miami-Fort Lauderdale-West Palm Beach, FL",2024-08-05,pm25
12,86,1016,88101,3,25.794222,-80.215556,NAD83,PM2.5 - Local Conditions,24-HR BLK AVG,PM25 24-hour 2012,2023-05-15,Micrograms/cubic meter (LC),Included,1,100.0,8.2,8.2,0,46.0,238.0,Teledyne T640X at 16.67 LPM - Broadband spectroscopy,Miami Fire Station,"1200 NW 20th St, Miami, FL 33142",Florida,Miami-Dade,Miami,"Miami-Fort Lauderdale-West Palm Beach, FL",2024-08-05,pm25
12,86,1016,88101,3,25.794222,-80.215556,NAD83,PM2.5 - Local Conditions,24-HR BLK AVG,PM25 24-hour 2012,2023-05-16,Micrograms/cubic meter (LC),Included,1,100.0,10.3,10.3,0,53.0,238.0,Teledyne T640X at 16.67 LPM - Broadband spectroscopy,Miami Fire Station,"1200 NW 20th St, Miami, FL 33142",Florida,Miami-Dade,Miami,"Miami-Fort Lauderdale-West Palm Beach, FL",2024-08-05,pm25
12,86,1016,88101,3,25.794222,-80.215556,NAD83,PM2.5 - Local Conditions,24-HR BLK AVG,PM25 24-hour 2012,2023-05-17,Micrograms/cubic meter (LC),Included,1,100.0,7.8,7.8,0,43.0,238.0,Teledyne T640X at 16.67 LPM - Broadband spectroscopy,Miami Fire Station,"1200 NW 20th St, Miami, FL 33142",Florida,Miami-Dade,Miami,"Miami-Fort Lauderdale-West Palm Beach, FL",2024-08-05,pm25
12,86,1016,88101,3,25.794222,-80.215556,NAD83,PM2.5 - Local Conditions,24-HR BLK AVG,PM25 24-hour 2012,2023-05-18,Micrograms/cubic meter (LC),Included,1,100.0,9.9,9.9,0,52.0,238.0,Teledyne T640X at 16.67 LPM - Broadband spectroscopy,Miami Fire Station,"1200 NW 20th St, Miami, FL 33142",Florida,Miami-Dade,Miami,"Miami-Fort Lauderdale-West Palm Beach, FL",2024-08-05,pm25
12,86,1016,88101,3,25.794222,-80.215556,NAD83,PM2.5 - Local Conditions,24-HR BLK AVG,PM25 24-hour 2012,2023-05-19,Micrograms/cubic meter (LC),Included,1,100.0,7.7,7.7,0,43.0,238.0,Teledyne T640X at 16.67 LPM - Broadband spectroscopy,Miami Fire Station,"1200 NW 20th St, Miami, FL 33142",Florida,Miami-Dade,Miami,"Miami-Fort Lauderdale-West Palm Beach, FL",2024-08-05,pm25
12,86,1016,88101,3,25.794222,-80.215556,NAD83,PM2.5 - Local Conditions,24-HR BLK AVG,PM25 24-hour 2012,2023-05-20,Micrograms/cubic meter (LC),Included,1,100.0,5.6,5.6,0,31.0,238.0,Teledyne T640X at 16.67 LPM - Broadband spectroscopy,Miami Fire Station,"1200 NW 20th St, Miami, FL 33142",Florida,Miami-Dade,Miami,"Miami-Fort Lauderdale-West Palm Beach, FL",2024-08-05,pm25
12,86,1016,88101,3,25.794222,-80.215556,NAD83,PM2.5 - Local Conditions,24-HR BLK AVG,PM25 24-hour 2012,2023-05-21,Micrograms/cubic meter (LC),Included,1,100.0,5.8,5.8,0,32.0,238.0,Teledyne T640X at 16.67 LPM - Broadband spectroscopy,Miami Fire Station,"1200 NW 20th St, Miami, FL 33142",Florida,Miami-Dade,Miami,"Miami-Fort Lauderdale-West Palm Beach, FL",2024-08-05,pm25
12,86,1016,88101,3,25.794222,-80.215556,NAD83,PM2.5 - Local Conditions,24-HR BLK AVG,PM25 24-hour 2012,2023-05-22,Micrograms/cubic meter (LC),Included,1,100.0,6.2,6.2,0,34.0,238.0,Teledyne T640X at 16.67 LPM - Broadband spectroscopy,Miami Fire Station,"1200 NW 20th St, Miami, FL 33142",Florida,Miami-Dade,Miami,"Miami-Fort Lauderdale-West Palm Beach, FL",2024-08-05,pm25
12,86,1016,88101,3,25.794222,-80.215556,NAD83,PM2.5 - Local Conditions,24-HR BLK AVG,PM25 24-hour 2012,2023-05-23,Micrograms/cubic meter (LC),Included,1,100.0,6.9,6.9,0,38.0,238.0,Teledyne T640X at 16.67 LPM - Broadband spectroscopy,Miami Fire Station,"1200 NW 20th St, Miami, FL 33142",Florida,Miami-Dade,Miami,"Miami-Fort Lauderdale-West Palm Beach, FL",2024-08-05,pm25
12,86,1016,88101,3,25.794222,-80.215556,NAD83,PM2.5 - Local Conditions,24-HR BLK AVG,PM25 24-hour 2012,2023-05-24,Micrograms/cubic meter (LC),Included,1,100.0,5.8,5.8,0,32.0,238.0,Teledyne T640X at 16.67 LPM - Broadband spectroscopy,Miami Fire Station,"1200 NW 20th St, Miami, FL 33142",Florida,Miami-Dade,Miami,"Miami-Fort Lauderdale-West Palm Beach, FL",2024-08-05,pm25
12,86,1016,88101,3,25.794222,-80.215556,NAD83,PM2.5 - Local Conditions,24-HR BLK AVG,PM25 24-hour 2012,2023-05-25,Micrograms/cubic meter (LC),Included,1,100.0,7.5,7.5,0,42.0,238.0,Teledyne T640X at 16.67 LPM - Broadband spectroscopy,Miami Fire Station,"1200 NW 20th St, Miami, FL 33142",Florida,Miami-Dade,Miami,"Miami-Fort Lauderdale-West Palm Beach, FL",2024-08-05,pm25
12,86,1016,88101,3,25.794222,-80.215556,NAD83,PM2.5 - Local Conditions,24-HR BLK AVG,PM25 24-hour 2012,2023-05-26,Micrograms/cubic meter (LC),Included,1,100.0,6.9,6.9,0,38.0,238.0,Teledyne T640X at 16.67 LPM - Broadband spectroscopy,Miami Fire Station,"1200 NW 20th St, Miami, FL 33142",Florida,Miami-Dade,Miami,"Miami-Fort Lauderdale-West Palm Beach, FL",2024-08-05,pm25
12,86,1016,88101,3,25.794222,-80.215556,NAD83,PM2.5 - Local Conditions,24-HR BLK AVG,PM25 24-hour 2012,2023-05-27,Micrograms/cubic meter (LC),Included,1,100.0,6.7,6.7,0,37.0,238.0,Teledyne T640X at 16.67 LPM - Broadband spectroscopy,Miami Fire Station,"1200 NW 20th St, Miami, FL 33142",Florida,Miami-Dade,Miami,"Miami-Fort Lauderdale-West Palm Beach, FL",2024-08-05,pm25
12,86,1016,88101,3,25.794222,-80.215556,NAD83,PM2.5 - Local Conditions,24-HR BLK AVG,PM25 24-hour 2012,2023-05-28,Micrograms/cubic meter (LC),Included,1,100.0,5.9,5.9,0,33.0,238.0,Teledyne T640X at 16.67 LPM - Broadband spectroscopy,Miami Fire Station,"1200 NW 20th St, Miami, FL 33142",Florida,Miami-Dade,Miami,"Miami-Fort Lauderdale-West Palm Beach, FL",2024-08-05,pm25
12,86,1016,88101,3,25.794222,-80.215556,NAD83,PM2.5 - Local Conditions,24-HR BLK AVG,PM25 24-hour 2012,2023-05-29,Micrograms/cubic meter (LC),Included,1,100.0,7.8,7.8,0,43.0,238.0,Teledyne T640X at 16.67 LPM - Broadband spectroscopy,Miami Fire Station,"1200 NW 20th St, Miami, FL 33142",Florida,Miami-Dade,Miami,"Miami-Fort Lauderdale-West Palm Beach, FL",2024-08-05,pm25
12,86,1016,88101,3,25.794222,-80.215556,NAD83,PM2.5 - Local Conditions,24-HR BLK AVG,PM25 24-hour 2012,2023-05-30,Micrograms/cubic meter (LC),Included,1,100.0,11.1,11.1,0,55.0,238.0,Teledyne T640X at 16.67 LPM - Broadband spectroscopy,Miami Fire Station,"1200 NW 20th St, Miami, FL 33142",Florida,Miami-Dade,Miami,"Miami-Fort Lauderdale-West Palm Beach, FL",2024-08-05,pm25
12,86,1016,88101,3,25.794222,-80.215556,NAD83,PM2.5 - Local Conditions,24-HR BLK AVG,PM25 24-hour 2012,2023-05-31,Micrograms/cubic meter (LC),Included,1,100.0,7.0,7.0,0,39.0,238.0,Teledyne T640X at 16.67 LPM - Broadband spectroscopy,Miami Fire Station,"1200 NW 20th St, Miami, FL 33142",Florida,Miami-Dade,Miami,"Miami-Fort Lauderdale-West Palm Beach, FL",2024-08-05,pm25
12,86,1016,88101,3,25.794222,-80.215556,NAD83,PM2.5 - Local Conditions,24-HR BLK AVG,PM25 24-hour 2012,2023-06-01,Micrograms/cubic meter (LC),Included,1,100.0,7.9,7.9,0,44.0,238.0,Teledyne T640X at 16.67 LPM - Broadband spectroscopy,Miami Fire Station,"1200 NW 20th St, Miami, FL 33142",Florida,Miami-Dade,Miami,"Miami-Fort Lauderdale-West Palm Beach, FL",2024-08-05,pm25
12,86,1016,88101,3,25.794222,-80.215556,NAD83,PM2.5 - Local Conditions,24-HR BLK AVG,PM25 24-hour 2012,2023-06-02,Micrograms/cubic meter (LC),Included,1,100.0,9.7,9.7,0,52.0,238.0,Teledyne T640X at 16.67 LPM - Broadband spectroscopy,Miami Fire Station,"1200 NW 20th St, Miami, FL 33142",Florida,Miami-Dade,Miami,"Miami-Fort Lauderdale-West Palm Beach, FL",2024-08-05,pm25
12,86,1016,88101,3,25.794222,-80.215556,NAD83,PM2.5 - Local Conditions,24-HR BLK AVG,PM25 24-hour 2012,2023-06-03,Micrograms/cubic meter (LC),Included,1,100.0,9.2,9.2,0,51.0,238.0,Teledyne T640X at 16.67 LPM - Broadband spectroscopy,Miami Fire Station,"1200 NW 20th St, Miami, FL 33142",Florida,Miami-Dade,Miami,"Miami-Fort Lauderdale-West Palm Beach, FL",2024-08-05,pm25
12,86,1016,88101,3,25.794222,-80.215556,NAD83,PM2.5 - Local Conditions,24-HR BLK AVG,PM25 24-hour 2012,2023-06-04,Micrograms/cubic meter (LC),Included,1,100.0,5.2,5.2,0,29.0,238.0,Teledyne T640X at 16.67 LPM - Broadband spectroscopy,Miami Fire Station,"1200 NW 20th St, Miami, FL 33142",Florida,Miami-Dade,Miami,"Miami-Fort Lauderdale-West Palm Beach, FL",2024-08-05,pm25
12,86,1016,88101,3,25.794222,-80.215556,NAD83,PM2.5 - Local Conditions,24-HR BLK AVG,PM25 24-hour 2012,2023-06-05,Micrograms/cubic meter (LC),Included,1,100.0,6.1,6.1,0,34.0,238.0,Teledyne T640X at 16.67 LPM - Broadband spectroscopy,Miami Fire Station,"1200 NW 20th St, Miami, FL 33142",Florida,Miami-Dade,Miami,"Miami-Fort Lauderdale-West Palm Beach, FL",2024-08-05,pm25
12,86,1016,88101,3,25.794222,-80.215556,NAD83,PM2.5 - Local Conditions,24-HR BLK AVG,PM25 24-hour 2012,2023-06-06,Micrograms/cubic meter (LC),Included,1,100.0,7.4,7.4,0,41.0,238.0,Teledyne T640X at 16.67 LPM - Broadband spectroscopy,Miami Fire Station,"1200 NW 20th St, Miami, FL 33142",Florida,Miami-Dade,Miami,"Miami-Fort Lauderdale-West Palm Beach, FL",2024-08-05,pm25
12,86,1016,88101,3,25.794222,-80.215556,NAD83,PM2.5 - Local Conditions,24-HR BLK AVG,PM25 24-hour 2012,2023-06-07,Micrograms/cubic meter (LC),Included,1,100.0,9.3,9.3,0,51.0,238.0,Teledyne T640X at 16.67 LPM - Broadband spectroscopy,Miami Fire Station,"1200 NW 20th St, Miami, FL 33142",Florida,Miami-Dade,Miami,"Miami-Fort Lauderdale-West Palm Beach, FL",2024-08-05,pm25
12,86,1016,88101,3,25.794222,-80.215556,NAD83,PM2.5 - Local Conditions,24-HR BLK AVG,PM25 24-hour 2012,2023-06-08,Micrograms/cubic meter (LC),Included,1,100.0,9.1,9.1,0,51.0,238.0,Teledyne T640X at 16.67 LPM - Broadband spectroscopy,Miami Fire Station,"1200 NW 20th St, Miami, FL 33142",Florida,Miami-Dade,Miami,"Miami-Fort Lauderdale-West Palm Beach, FL",2024-08-05,pm25
12,86,1016,88101,3,25.794222,-80.215556,NAD83,PM2.5 - Local Conditions,24-HR BLK AVG,PM25 24-hour 2012,2023-06-09,Micrograms/cubic meter (LC),Included,1,100.0,8.0,8.0,0,44.0,238.0,Teledyne T640X at 16.67 LPM - Broadband spectroscopy,Miami Fire Station,"1200 NW 20th St, Miami, FL 33142",Florida,Miami-Dade,Miami,"Miami-Fort Lauderdale-West Palm Beach, FL",2024-08-05,pm25
12,86,1016,88101,3,25.794222,-80.215556,NAD83,PM2.5 - Local Conditions,24-HR BLK AVG,PM25 24-hour 2012,2023-06-10,Micrograms/cubic meter (LC),Included,1,100.0,6.3,6.3,0,35.0,238.0,Teledyne T640X at 16.67 LPM - Broadband spectroscopy,Miami Fire Station,"1200 NW 20th St, Miami, FL 33142",Florida,Miami-Dade,Miami,"Miami-Fort Lauderdale-West Palm Beach, FL",2024-08-05,pm25
12,86,1016,88101,3,25.794222,-80.215556,NAD83,PM2.5 - Local Conditions,24-HR BLK AVG,PM25 24-hour 2012,2023-06-11,Micrograms/cubic meter (LC),Included,1,100.0,6.8,6.8,0,38.0,238.0,Teledyne T640X at 16.67 LPM - Broadband spectroscopy,Miami Fire Station,"1200 NW 20th St, Miami, FL 33142",Florida,Miami-Dade,Miami,"Miami-Fort Lauderdale-West Palm Beach, FL",2024-08-05,pm25
12,86,1016,88101,3,25.794222,-80.215556,NAD83,PM2.5 - Local Conditions,24-HR BLK AVG,PM25 24-hour 2012,2023-06-12,Micrograms/cubic meter (LC),Included,1,100.0,6.3,6.3,0,35.0,238.0,Teledyne T640X at 16.67 LPM - Broadband spectroscopy,Miami Fire Station,"1200 NW 20th St, Miami, FL 33142",Florida,Miami-Dade,Miami,"Miami-Fort Lauderdale-West Palm Beach, FL",2024-08-05,pm25
12,86,1016,88101,3,25.794222,-80.215556,NAD83,PM2.5 - Local Conditions,24-HR BLK AVG,PM25 24-hour 2012,2023-06-13,Micrograms/cubic meter (LC),Included,1,100.0,6.6,6.6,0,37.0,238.0,Teledyne T640X at 16.67 LPM - Broadband spectroscopy,Miami Fire Station,"1200 NW 20th St, Miami, FL 33142",Florida,Miami-Dade,Miami,"Miami-Fort Lauderdale-West Palm Beach, FL",2024-08-05,pm25
12,86,1016,88101,3,25.794222,-80.215556,NAD83,PM2.5 - Local Conditions,24-HR BLK AVG,PM25 24-hour 2012,2023-06-14,Micrograms/cubic meter (LC),Included,1,100.0,7.4,7.4,0,41.0,238.0,Teledyne T640X at 16.67 LPM - Broadband spectroscopy,Miami Fire Station,"1200 NW 20th St, Miami, FL 33142",Florida,Miami-Dade,Miami,"Miami-Fort Lauderdale-West Palm Beach, FL",2024-08-05,pm25
12,86,1016,88101,3,25.794222,-80.215556,NAD83,PM2.5 - Local Conditions,24-HR BLK AVG,PM25 24-hour 2012,2023-06-15,Micrograms/cubic meter (LC),Included,1,100.0,9.7,9.7,0,52.0,238.0,Teledyne T640X at 16.67 LPM - Broadband spectroscopy,Miami Fire Station,"1200 NW 20th St, Miami, FL 33142",Florida,Miami-Dade,Miami,"Miami-Fort Lauderdale-West Palm Beach, FL",2024-08-05,pm25
12,86,1016,88101,3,25.794222,-80.215556,NAD83,PM2.5 - Local Conditions,24-HR BLK AVG,PM25 24-hour 2012,2023-06-16,Micrograms/cubic meter (LC),Included,1,100.0,8.7,8.7,0,48.0,238.0,Teledyne T640X at 16.67 LPM - Broadband spectroscopy,Miami Fire Station,"1200 NW 20th St, Miami, FL 33142",Florida,Miami-Dade,Miami,"Miami-Fort Lauderdale-West Palm Beach, FL",2024-08-05,pm25
12,86,1016,88101,3,25.794222,-80.215556,NAD83,PM2.5 - Local Conditions,24-HR BLK AVG,PM25 24-hour 2012,2023-06-17,Micrograms/cubic meter (LC),Included,1,100.0,8.9,8.9,0,49.0,238.0,Teledyne T640X at 16.67 LPM - Broadband spectroscopy,Miami Fire Station,"1200 NW 20th St, Miami, FL 33142",Florida,Miami-Dade,Miami,"Miami-Fort Lauderdale-West Palm Beach, FL",2024-08-05,pm25
12,86,1016,88101,3,25.794222,-80.215556,NAD83,PM2.5 - Local Conditions,24-HR BLK AVG,PM25 24-hour 2012,2023-06-18,Micrograms/cubic meter (LC),Included,1,100.0,8.1,8.1,0,45.0,238.0,Teledyne T640X at 16.67 LPM - Broadband spectroscopy,Miami Fire Station,"1200 NW 20th St, Miami, FL 33142",Florida,Miami-Dade,Miami,"Miami-Fort Lauderdale-West Palm Beach, FL",2024-08-05,pm25
12,86,1016,88101,3,25.794222,-80.215556,NAD83,PM2.5 - Local Conditions,24-HR BLK AVG,PM25 24-hour 2012,2023-06-19,Micrograms/cubic meter (LC),Included,1,100.0,8.7,8.7,0,48.0,238.0,Teledyne T640X at 16.67 LPM - Broadband spectroscopy,Miami Fire Station,"1200 NW 20th St, Miami, FL 33142",Florida,Miami-Dade,Miami,"Miami-Fort Lauderdale-West Palm Beach, FL",2024-08-05,pm25
12,86,1016,88101,3,25.794222,-80.215556,NAD83,PM2.5 - Local Conditions,24-HR BLK AVG,PM25 24-hour 2012,2023-06-20,Micrograms/cubic meter (LC),Included,1,100.0,8.7,8.7,0,48.0,238.0,Teledyne T640X at 16.67 LPM - Broadband spectroscopy,Miami Fire Station,"1200 NW 20th St, Miami, FL 33142",Florida,Miami-Dade,Miami,"Miami-Fort Lauderdale-West Palm Beach, FL",2024-08-05,pm25
12,86,1016,88101,3,25.794222,-80.215556,NAD83,PM2.5 - Local Conditions,24-HR BLK AVG,PM25 24-hour 2012,2023-06-21,Micrograms/cubic meter (LC),Included,1,100.0,7.1,7.1,0,39.0,238.0,Teledyne T640X at 16.67 LPM - Broadband spectroscopy,Miami Fire Station,"1200 NW 20th St, Miami, FL 33142",Florida,Miami-Dade,Miami,"Miami-Fort Lauderdale-West Palm Beach, FL",2024-08-05,pm25
12,86,1016,88101,3,25.794222,-80.215556,NAD83,PM2.5 - Local Conditions,24-HR BLK AVG,PM25 24-hour 2012,2023-06-22,Micrograms/cubic meter (LC),Included,1,100.0,7.6,7.6,0,42.0,238.0,Teledyne T640X at 16.67 LPM - Broadband spectroscopy,Miami Fire Station,"1200 NW 20th St, Miami, FL 33142",Florida,Miami-Dade,Miami,"Miami-Fort Lauderdale-West Palm Beach, FL",2024-08-05,pm25
12,86,1016,88101,3,25.794222,-80.215556,NAD83,PM2.5 - Local Conditions,24-HR BLK AVG,PM25 24-hour 2012,2023-06-23,Micrograms/cubic meter (LC),Included,1,100.0,11.2,11.2,0,55.0,238.0,Teledyne T640X at 16.67 LPM - Broadband spectroscopy,Miami Fire Station,"1200 NW 20th St, Miami, FL 33142",Florida,Miami-Dade,Miami,"Miami-Fort Lauderdale-West Palm Beach, FL",2024-08-05,pm25
12,86,1016,88101,3,25.794222,-80.215556,NAD83,PM2.5 - Local Conditions,24-HR BLK AVG,PM25 24-hour 2012,2023-06-24,Micrograms/cubic meter (LC),Included,1,100.0,14.7,14.7,0,61.0,238.0,Teledyne T640X at 16.67 LPM - Broadband spectroscopy,Miami Fire Station,"1200 NW 20th St, Miami, FL 33142",Florida,Miami-Dade,Miami,"Miami-Fort Lauderdale-West Palm Beach, FL",2024-08-05,pm25
12,86,1016,88101,3,25.794222,-80.215556,NAD83,PM2.5 - Local Conditions,24-HR BLK AVG,PM25 24-hour 2012,2023-06-25,Micrograms/cubic meter (LC),Included,1,100.0,8.2,8.2,0,46.0,238.0,Teledyne T640X at 16.67 LPM - Broadband spectroscopy,Miami Fire Station,"1200 NW 20th St, Miami, FL 33142",Florida,Miami-Dade,Miami,"Miami-Fort Lauderdale-West Palm Beach, FL",2024-08-05,pm25
12,86,1016,88101,3,25.794222,-80.215556,NAD83,PM2.5 - Local Conditions,24-HR BLK AVG,PM25 24-hour 2012,2023-06-26,Micrograms/cubic meter (LC),Included,1,100.0,7.2,7.2,0,40.0,238.0,Teledyne T640X at 16.67 LPM - Broadband spectroscopy,Miami Fire Station,"1200 NW 20th St, Miami, FL 33142",Florida,Miami-Dade,Miami,"Miami-Fort Lauderdale-West Palm Beach, FL",2024-08-05,pm25
12,86,1016,88101,3,25.794222,-80.215556,NAD83,PM2.5 - Local Conditions,24-HR BLK AVG,PM25 24-hour 2012,2023-06-27,Micrograms/cubic meter (LC),Included,1,100.0,6.8,6.8,0,38.0,238.0,Teledyne T640X at 16.67 LPM - Broadband spectroscopy,Miami Fire Station,"1200 NW 20th St, Miami, FL 33142",Florida,Miami-Dade,Miami,"Miami-Fort Lauderdale-West Palm Beach, FL",2024-08-05,pm25
12,86,1016,88101,3,25.794222,-80.215556,NAD83,PM2.5 - Local Conditions,24-HR BLK AVG,PM25 24-hour 2012,2023-06-28,Micrograms/cubic meter (LC),Included,1,100.0,9.2,9.2,0,51.0,238.0,Teledyne T640X at 16.67 LPM - Broadband spectroscopy,Miami Fire Station,"1200 NW 20th St, Miami, FL 33142",Florida,Miami-Dade,Miami,"Miami-Fort Lauderdale-West Palm Beach, FL",2024-08-05,pm25
12,86,1016,88101,3,25.794222,-80.215556,NAD83,PM2.5 - Local Conditions,24-HR BLK AVG,PM25 24-hour 2012,2023-06-29,Micrograms/cubic meter (LC),Included,1,100.0,8.7,8.7,0,48.0,238.0,Teledyne T640X at 16.67 LPM - Broadband spectroscopy,Miami Fire Station,"1200 NW 20th St, Miami, FL 33142",Florida,Miami-Dade,Miami,"Miami-Fort Lauderdale-West Palm Beach, FL",2024-08-05,pm25
12,86,1016,88101,3,25.794222,-80.215556,NAD83,PM2.5 - Local Conditions,24-HR BLK AVG,PM25 24-hour 2012,2023-06-30,Micrograms/cubic meter (LC),Included,1,100.0,7.8,7.8,0,43.0,238.0,Teledyne T640X at 16.67 LPM - Broadband spectroscopy,Miami Fire Station,"1200 NW 20th St, Miami, FL 33142",Florida,Miami-Dade,Miami,"Miami-Fort Lauderdale-West Palm Beach, FL",2024-08-05,pm25
12,86,1016,88101,3,25.794222,-80.215556,NAD83,PM2.5 - Local Conditions,24-HR BLK AVG,PM25 24-hour 2012,2023-07-01,Micrograms/cubic meter (LC),Included,1,100.0,6.1,6.1,0,34.0,238.0,Teledyne T640X at 16.67 LPM - Broadband spectroscopy,Miami Fire Station,"1200 NW 20th St, Miami, FL 33142",Florida,Miami-Dade,Miami,"Miami-Fort Lauderdale-West Palm Beach, FL",2024-08-05,pm25
12,86,1016,88101,3,25.794222,-80.215556,NAD83,PM2.5 - Local Conditions,24-HR BLK AVG,PM25 24-hour 2012,2023-07-02,Micrograms/cubic meter (LC),Included,1,100.0,6.5,6.5,0,36.0,238.0,Teledyne T640X at 16.67 LPM - Broadband spectroscopy,Miami Fire Station,"1200 NW 20th St, Miami, FL 33142",Florida,Miami-Dade,Miami,"Miami-Fort Lauderdale-West Palm Beach, FL",2024-08-05,pm25
12,86,1016,88101,3,25.794222,-80.215556,NAD83,PM2.5 - Local Conditions,24-HR BLK AVG,PM25 24-hour 2012,2023-07-03,Micrograms/cubic meter (LC),Included,1,100.0,6.9,6.9,0,38.0,238.0,Teledyne T640X at 16.67 LPM - Broadband spectroscopy,Miami Fire Station,"1200 NW 20th St, Miami, FL 33142",Florida,Miami-Dade,Miami,"Miami-Fort Lauderdale-West Palm Beach, FL",2024-08-05,pm25
12,86,1016,88101,3,25.794222,-80.215556,NAD83,PM2.5 - Local Conditions,24-HR BLK AVG,PM25 24-hour 2012,2023-07-04,Micrograms/cubic meter (LC),Included,1,100.0,6.1,6.1,0,34.0,238.0,Teledyne T640X at 16.67 LPM - Broadband spectroscopy,Miami Fire Station,"1200 NW 20th St, Miami, FL 33142",Florida,Miami-Dade,Miami,"Miami-Fort Lauderdale-West Palm Beach, FL",2024-08-05,pm25
12,86,1016,88101,3,25.794222,-80.215556,NAD83,PM2.5 - Local Conditions,24-HR BLK AVG,PM25 24-hour 2012,2023-07-05,Micrograms/cubic meter (LC),Included,1,100.0,12.9,12.9,0,58.0,238.0,Teledyne T640X at 16.67 LPM - Broadband spectroscopy,Miami Fire Station,"1200 NW 20th St, Miami, FL 33142",Florida,Miami-Dade,Miami,"Miami-Fort Lauderdale-West Palm Beach, FL",2024-08-05,pm25
12,86,1016,88101,3,25.794222,-80.215556,NAD83,PM2.5 - Local Conditions,24-HR BLK AVG,PM25 24-hour 2012,2023-07-06,Micrograms/cubic meter (LC),Included,1,100.0,14.1,14.1,0,60.0,238.0,Teledyne T640X at 16.67 LPM - Broadband spectroscopy,Miami Fire Station,"1200 NW 20th St, Miami, FL 33142",Florida,Miami-Dade,Miami,"Miami-Fort Lauderdale-West Palm Beach, FL",2024-08-05,pm25
12,86,1016,88101,3,25.794222,-80.215556,NAD83,PM2.5 - Local Conditions,24-HR BLK AVG,PM25 24-hour 2012,2023-07-07,Micrograms/cubic meter (LC),Included,1,100.0,10.2,10.2,0,53.0,238.0,Teledyne T640X at 16.67 LPM - Broadband spectroscopy,Miami Fire Station,"1200 NW 20th St, Miami, FL 33142",Florida,Miami-Dade,Miami,"Miami-Fort Lauderdale-West Palm Beach, FL",2024-08-05,pm25
12,86,1016,88101,3,25.794222,-80.215556,NAD83,PM2.5 - Local Conditions,24-HR BLK AVG,PM25 24-hour 2012,2023-07-08,Micrograms/cubic meter (LC),Included,1,100.0,10.9,10.9,0,54.0,238.0,Teledyne T640X at 16.67 LPM - Broadband spectroscopy,Miami Fire Station,"1200 NW 20th St, Miami, FL 33142",Florida,Miami-Dade,Miami,"Miami-Fort Lauderdale-West Palm Beach, FL",2024-08-05,pm25
12,86,1016,88101,3,25.794222,-80.215556,NAD83,PM2.5 - Local Conditions,24-HR BLK AVG,PM25 24-hour 2012,2023-07-09,Micrograms/cubic meter (LC),Included,1,100.0,13.2,13.2,0,59.0,238.0,Teledyne T640X at 16.67 LPM - Broadband spectroscopy,Miami Fire Station,"1200 NW 20th St, Miami, FL 33142",Florida,Miami-Dade,Miami,"Miami-Fort Lauderdale-West Palm Beach, FL",2024-08-05,pm25
12,86,1016,88101,3,25.794222,-80.215556,NAD83,PM2.5 - Local Conditions,24-HR BLK AVG,PM25 24-hour 2012,2023-07-10,Micrograms/cubic meter (LC),Included,1,100.0,18.2,18.2,0,68.0,238.0,Teledyne T640X at 16.67 LPM - Broadband spectroscopy,Miami Fire Station,"1200 NW 20th St, Miami, FL 33142",Florida,Miami-Dade,Miami,"Miami-Fort Lauderdale-West Palm Beach, FL",2024-08-05,pm25
12,86,1016,88101,3,25.794222,-80.215556,NAD83,PM2.5 - Local Conditions,24-HR BLK AVG,PM25 24-hour 2012,2023-07-11,Micrograms/cubic meter (LC),Included,1,100.0,17.5,17.5,0,67.0,238.0,Teledyne T640X at 16.67 LPM - Broadband spectroscopy,Miami Fire Station,"1200 NW 20th St, Miami, FL 33142",Florida,Miami-Dade,Miami,"Miami-Fort Lauderdale-West Palm Beach, FL",2024-08-05,pm25
12,86,1016,88101,3,25.794222,-80.215556,NAD83,PM2.5 - Local Conditions,24-HR BLK AVG,PM25 24-hour 2012,2023-07-12,Micrograms/cubic meter (LC),Included,1,100.0,10.9,10.9,0,54.0,238.0,Teledyne T640X at 16.67 LPM - Broadband spectroscopy,Miami Fire Station,"1200 NW 20th St, Miami, FL 33142",Florida,Miami-Dade,Miami,"Miami-Fort Lauderdale-West Palm Beach, FL",2024-08-05,pm25
12,86,1016,88101,3,25.794222,-80.215556,NAD83,PM2.5 - Local Conditions,24-HR BLK AVG,PM25 24-hour 2012,2023-07-13,Micrograms/cubic meter (LC),Included,1,100.0,11.2,11.2,0,55.0,238.0,Teledyne T640X at 16.67 LPM - Broadband spectroscopy,Miami Fire Station,"1200 NW 20th St, Miami, FL 33142",Florida,Miami-Dade,Miami,"Miami-Fort Lauderdale-West Palm Beach, FL",2024-08-05,pm25
12,86,1016,88101,3,25.794222,-80.215556,NAD83,PM2.5 - Local Conditions,24-HR BLK AVG,PM25 24-hour 2012,2023-07-14,Micrograms/cubic meter (LC),Included,1,100.0,10.6,10.6,0,54.0,238.0,Teledyne T640X at 16.67 LPM - Broadband spectroscopy,Miami Fire Station,"1200 NW 20th St, Miami, FL 33142",Florida,Miami-Dade,Miami,"Miami-Fort Lauderdale-West Palm Beach, FL",2024-08-05,pm25
12,86,1016,88101,3,25.794222,-80.215556,NAD83,PM2.5 - Local Conditions,24-HR BLK AVG,PM25 24-hour 2012,2023-07-15,Micrograms/cubic meter (LC),Included,1,100.0,8.1,8.1,0,45.0,238.0,Teledyne T640X at 16.67 LPM - Broadband spectroscopy,Miami Fire Station,"1200 NW 20th St, Miami, FL 33142",Florida,Miami-Dade,Miami,"Miami-Fort Lauderdale-West Palm Beach, FL",2024-08-05,pm25
12,86,1016,88101,3,25.794222,-80.215556,NAD83,PM2.5 - Local Conditions,24-HR BLK AVG,PM25 24-hour 2012,2023-07-16,Micrograms/cubic meter (LC),Included,1,100.0,11.1,11.1,0,55.0,238.0,Teledyne T640X at 16.67 LPM - Broadband spectroscopy,Miami Fire Station,"1200 NW 20th St, Miami, FL 33142",Florida,Miami-Dade,Miami,"Miami-Fort Lauderdale-West Palm Beach, FL",2024-08-05,pm25
12,86,1016,88101,3,25.794222,-80.215556,NAD83,PM2.5 - Local Conditions,24-HR BLK AVG,PM25 24-hour 2012,2023-07-17,Micrograms/cubic meter (LC),Included,1,100.0,11.5,11.5,0,55.0,238.0,Teledyne T640X at 16.67 LPM - Broadband spectroscopy,Miami Fire Station,"1200 NW 20th St, Miami, FL 33142",Florida,Miami-Dade,Miami,"Miami-Fort Lauderdale-West Palm Beach, FL",2024-08-05,pm25
12,86,1016,88101,3,25.794222,-80.215556,NAD83,PM2.5 - Local Conditions,24-HR BLK AVG,PM25 24-hour 2012,2023-07-18,Micrograms/cubic meter (LC),Included,1,100.0,9.6,9.6,0,52.0,238.0,Teledyne T640X at 16.67 LPM - Broadband spectroscopy,Miami Fire Station,"1200 NW 20th St, Miami, FL 33142",Florida,Miami-Dade,Miami,"Miami-Fort Lauderdale-West Palm Beach, FL",2024-08-05,pm25
12,86,1016,88101,3,25.794222,-80.215556,NAD83,PM2.5 - Local Conditions,24-HR BLK AVG,PM25 24-hour 2012,2023-07-19,Micrograms/cubic meter (LC),Included,1,100.0,6.9,6.9,0,38.0,238.0,Teledyne T640X at 16.67 LPM - Broadband spectroscopy,Miami Fire Station,"1200 NW 20th St, Miami, FL 33142",Florida,Miami-Dade,Miami,"Miami-Fort Lauderdale-West Palm Beach, FL",2024-08-05,pm25
12,86,1016,88101,3,25.794222,-80.215556,NAD83,PM2.5 - Local Conditions,24-HR BLK AVG,PM25 24-hour 2012,2023-07-20,Micrograms/cubic meter (LC),Included,1,100.0,22.6,22.6,0,76.0,238.0,Teledyne T640X at 16.67 LPM - Broadband spectroscopy,Miami Fire Station,"1200 NW 20th St, Miami, FL 33142",Florida,Miami-Dade,Miami,"Miami-Fort Lauderdale-West Palm Beach, FL",2024-08-05,pm25
12,86,1016,88101,3,25.794222,-80.215556,NAD83,PM2.5 - Local Conditions,24-HR BLK AVG,PM25 24-hour 2012,2023-07-21,Micrograms/cubic meter (LC),Included,1,100.0,14.9,14.9,0,62.0,238.0,Teledyne T640X at 16.67 LPM - Broadband spectroscopy,Miami Fire Station,"1200 NW 20th St, Miami, FL 33142",Florida,Miami-Dade,Miami,"Miami-Fort Lauderdale-West Palm Beach, FL",2024-08-05,pm25
12,86,1016,88101,3,25.794222,-80.215556,NAD83,PM2.5 - Local Conditions,24-HR BLK AVG,PM25 24-hour 2012,2023-07-22,Micrograms/cubic meter (LC),Included,1,100.0,14.4,14.4,0,61.0,238.0,Teledyne T640X at 16.67 LPM - Broadband spectroscopy,Miami Fire Station,"1200 NW 20th St, Miami, FL 33142",Florida,Miami-Dade,Miami,"Miami-Fort Lauderdale-West Palm Beach, FL",2024-08-05,pm25
12,86,1016,88101,3,25.794222,-80.215556,NAD83,PM2.5 - Local Conditions,24-HR BLK AVG,PM25 24-hour 2012,2023-07-23,Micrograms/cubic meter (LC),Included,1,100.0,16.7,16.7,0,65.0,238.0,Teledyne T640X at 16.67 LPM - Broadband spectroscopy,Miami Fire Station,"1200 NW 20th St, Miami, FL 33142",Florida,Miami-Dade,Miami,"Miami-Fort Lauderdale-West Palm Beach, FL",2024-08-05,pm25
12,86,1016,88101,3,25.794222,-80.215556,NAD83,PM2.5 - Local Conditions,24-HR BLK AVG,PM25 24-hour 2012,2023-07-24,Micrograms/cubic meter (LC),Included,1,100.0,21.0,21.0,0,73.0,238.0,Teledyne T640X at 16.67 LPM - Broadband spectroscopy,Miami Fire Station,"1200 NW 20th St, Miami, FL 33142",Florida,Miami-Dade,Miami,"Miami-Fort Lauderdale-West Palm Beach, FL",2024-08-05,pm25
12,86,1016,88101,3,25.794222,-80.215556,NAD83,PM2.5 - Local Conditions,24-HR BLK AVG,PM25 24-hour 2012,2023-07-25,Micrograms/cubic meter (LC),Included,1,100.0,20.5,20.5,0,72.0,238.0,Teledyne T640X at 16.67 LPM - Broadband spectroscopy,Miami Fire Station,"1200 NW 20th St, Miami, FL 33142",Florida,Miami-Dade,Miami,"Miami-Fort Lauderdale-West Palm Beach, FL",2024-08-05,pm25
12,86,1016,88101,3,25.794222,-80.215556,NAD83,PM2.5 - Local Conditions,24-HR BLK AVG,PM25 24-hour 2012,2023-07-26,Micrograms/cubic meter (LC),Included,1,100.0,11.9,11.9,0,56.0,238.0,Teledyne T640X at 16.67 LPM - Broadband spectroscopy,Miami Fire Station,"1200 NW 20th St, Miami, FL 33142",Florida,Miami-Dade,Miami,"Miami-Fort Lauderdale-West Palm Beach, FL",2024-08-05,pm25
12,86,1016,88101,3,25.794222,-80.215556,NAD83,PM2.5 - Local Conditions,24-HR BLK AVG,PM25 24-hour 2012,2023-07-27,Micrograms/cubic meter (LC),Included,1,100.0,6.6,6.6,0,37.0,238.0,Teledyne T640X at 16.67 LPM - Broadband spectroscopy,Miami Fire Station,"1200 NW 20th St, Miami, FL 33142",Florida,Miami-Dade,Miami,"Miami-Fort Lauderdale-West Palm Beach, FL",2024-08-05,pm25
12,86,1016,88101,3,25.794222,-80.215556,NAD83,PM2.5 - Local Conditions,24-HR BLK AVG,PM25 24-hour 2012,2023-07-28,Micrograms/cubic meter (LC),Included,1,100.0,8.7,8.7,0,48.0,238.0,Teledyne T640X at 16.67 LPM - Broadband spectroscopy,Miami Fire Station,"1200 NW 20th St, Miami, FL 33142",Florida,Miami-Dade,Miami,"Miami-Fort Lauderdale-West Palm Beach, FL",2024-08-05,pm25
12,86,1016,88101,3,25.794222,-80.215556,NAD83,PM2.5 - Local Conditions,24-HR BLK AVG,PM25 24-hour 2012,2023-07-29,Micrograms/cubic meter (LC),Included,1,100.0,7.6,7.6,0,42.0,238.0,Teledyne T640X at 16.67 LPM - Broadband spectroscopy,Miami Fire Station,"1200 NW 20th St, Miami, FL 33142",Florida,Miami-Dade,Miami,"Miami-Fort Lauderdale-West Palm Beach, FL",2024-08-05,pm25
12,86,1016,88101,3,25.794222,-80.215556,NAD83,PM2.5 - Local Conditions,24-HR BLK AVG,PM25 24-hour 2012,2023-07-30,Micrograms/cubic meter (LC),Included,1,100.0,5.9,5.9,0,33.0,238.0,Teledyne T640X at 16.67 LPM - Broadband spectroscopy,Miami Fire Station,"1200 NW 20th St, Miami, FL 33142",Florida,Miami-Dade,Miami,"Miami-Fort Lauderdale-West Palm Beach, FL",2024-08-05,pm25
12,86,1016,88101,3,25.794222,-80.215556,NAD83,PM2.5 - Local Conditions,24-HR BLK AVG,PM25 24-hour 2012,2023-07-31,Micrograms/cubic meter (LC),Included,1,100.0,6.0,6.0,0,33.0,238.0,Teledyne T640X at 16.67 LPM - Broadband spectroscopy,Miami Fire Station,"1200 NW 20th St, Miami, FL 33142",Florida,Miami-Dade,Miami,"Miami-Fort Lauderdale-West Palm Beach, FL",2024-08-05,pm25
12,86,1016,88101,3,25.794222,-80.215556,NAD83,PM2.5 - Local Conditions,24-HR BLK AVG,PM25 24-hour 2012,2023-08-01,Micrograms/cubic meter (LC),Included,1,100.0,7.1,7.1,0,39.0,238.0,Teledyne T640X at 16.67 LPM - Broadband spectroscopy,Miami Fire Station,"1200 NW 20th St, Miami, FL 33142",Florida,Miami-Dade,Miami,"Miami-Fort Lauderdale-West Palm Beach, FL",2024-08-05,pm25
12,86,1016,88101,3,25.794222,-80.215556,NAD83,PM2.5 - Local Conditions,24-HR BLK AVG,PM25 24-hour 2012,2023-08-02,Micrograms/cubic meter (LC),Included,1,100.0,7.5,7.5,0,42.0,238.0,Teledyne T640X at 16.67 LPM - Broadband spectroscopy,Miami Fire Station,"1200 NW 20th St, Miami, FL 33142",Florida,Miami-Dade,Miami,"Miami-Fort Lauderdale-West Palm Beach, FL",2024-08-05,pm25
12,86,1016,88101,3,25.794222,-80.215556,NAD83,PM2.5 - Local Conditions,24-HR BLK AVG,PM25 24-hour 2012,2023-08-03,Micrograms/cubic meter (LC),Included,1,100.0,7.5,7.5,0,42.0,238.0,Teledyne T640X at 16.67 LPM - Broadband spectroscopy,Miami Fire Station,"1200 NW 20th St, Miami, FL 33142",Florida,Miami-Dade,Miami,"Miami-Fort Lauderdale-West Palm Beach, FL",2024-08-05,pm25
12,86,1016,88101,3,25.794222,-80.215556,NAD83,PM2.5 - Local Conditions,24-HR BLK AVG,PM25 24-hour 2012,2023-08-04,Micrograms/cubic meter (LC),Included,1,100.0,7.8,7.8,0,43.0,238.0,Teledyne T640X at 16.67 LPM - Broadband spectroscopy,Miami Fire Station,"1200 NW 20th St, Miami, FL 33142",Florida,Miami-Dade,Miami,"Miami-Fort Lauderdale-West Palm Beach, FL",2024-08-05,pm25
12,86,1016,88101,3,25.794222,-80.215556,NAD83,PM2.5 - Local Conditions,24-HR BLK AVG,PM25 24-hour 2012,2023-08-05,Micrograms/cubic meter (LC),Included,1,100.0,7.0,7.0,0,39.0,238.0,Teledyne T640X at 16.67 LPM - Broadband spectroscopy,Miami Fire Station,"1200 NW 20th St, Miami, FL 33142",Florida,Miami-Dade,Miami,"Miami-Fort Lauderdale-West Palm Beach, FL",2024-08-05,pm25
12,86,1016,88101,3,25.794222,-80.215556,NAD83,PM2.5 - Local Conditions,24-HR BLK AVG,PM25 24-hour 2012,2023-08-06,Micrograms/cubic meter (LC),Included,1,100.0,5.7,5.7,0,32.0,238.0,Teledyne T640X at 16.67 LPM - Broadband spectroscopy,Miami Fire Station,"1200 NW 20th St, Miami, FL 33142",Florida,Miami-Dade,Miami,"Miami-Fort Lauderdale-West Palm Beach, FL",2024-08-05,pm25
12,86,1016,88101,3,25.794222,-80.215556,NAD83,PM2.5 - Local Conditions,24-HR BLK AVG,PM25 24-hour 2012,2023-08-07,Micrograms/cubic meter (LC),Included,1,100.0,11.9,11.9,0,56.0,238.0,Teledyne T640X at 16.67 LPM - Broadband spectroscopy,Miami Fire Station,"1200 NW 20th St, Miami, FL 33142",Florida,Miami-Dade,Miami,"Miami-Fort Lauderdale-West Palm Beach, FL",2024-08-05,pm25
12,86,1016,88101,3,25.794222,-80.215556,NAD83,PM2.5 - Local Conditions,24-HR BLK AVG,PM25 24-hour 2012,2023-08-08,Micrograms/cubic meter (LC),Included,1,100.0,12.8,12.8,0,58.0,238.0,Teledyne T640X at 16.67 LPM - Broadband spectroscopy,Miami Fire Station,"1200 NW 20th St, Miami, FL 33142",Florida,Miami-Dade,Miami,"Miami-Fort Lauderdale-West Palm Beach, FL",2024-08-05,pm25
12,86,1016,88101,3,25.794222,-80.215556,NAD83,PM2.5 - Local Conditions,24-HR BLK AVG,PM25 24-hour 2012,2023-08-09,Micrograms/cubic meter (LC),Included,1,100.0,14.6,14.6,0,61.0,238.0,Teledyne T640X at 16.67 LPM - Broadband spectroscopy,Miami Fire Station,"1200 NW 20th St, Miami, FL 33142",Florida,Miami-Dade,Miami,"Miami-Fort Lauderdale-West Palm Beach, FL",2024-08-05,pm25
12,86,1016,88101,3,25.794222,-80.215556,NAD83,PM2.5 - Local Conditions,24-HR BLK AVG,PM25 24-hour 2012,2023-08-10,Micrograms/cubic meter (LC),Included,1,100.0,12.5,12.5,0,57.0,238.0,Teledyne T640X at 16.67 LPM - Broadband spectroscopy,Miami Fire Station,"1200 NW 20th St, Miami, FL 33142",Florida,Miami-Dade,Miami,"Miami-Fort Lauderdale-West Palm Beach, FL",2024-08-05,pm25
12,86,1016,88101,3,25.794222,-80.215556,NAD83,PM2.5 - Local Conditions,24-HR BLK AVG,PM25 24-hour 2012,2023-08-11,Micrograms/cubic meter (LC),Included,1,100.0,10.3,10.3,0,53.0,238.0,Teledyne T640X at 16.67 LPM - Broadband spectroscopy,Miami Fire Station,"1200 NW 20th St, Miami, FL 33142",Florida,Miami-Dade,Miami,"Miami-Fort Lauderdale-West Palm Beach, FL",2024-08-05,pm25
12,86,1016,88101,3,25.794222,-80.215556,NAD83,PM2.5 - Local Conditions,24-HR BLK AVG,PM25 24-hour 2012,2023-08-12,Micrograms/cubic meter (LC),Included,1,100.0,5.1,5.1,0,28.0,238.0,Teledyne T640X at 16.67 LPM - Broadband spectroscopy,Miami Fire Station,"1200 NW 20th St, Miami, FL 33142",Florida,Miami-Dade,Miami,"Miami-Fort Lauderdale-West Palm Beach, FL",2024-08-05,pm25
12,86,1016,88101,3,25.794222,-80.215556,NAD83,PM2.5 - Local Conditions,24-HR BLK AVG,PM25 24-hour 2012,2023-08-13,Micrograms/cubic meter (LC),Included,1,100.0,8.6,8.6,0,48.0,238.0,Teledyne T640X at 16.67 LPM - Broadband spectroscopy,Miami Fire Station,"1200 NW 20th St, Miami, FL 33142",Florida,Miami-Dade,Miami,"Miami-Fort Lauderdale-West Palm Beach, FL",2024-08-05,pm25
12,86,1016,88101,3,25.794222,-80.215556,NAD83,PM2.5 - Local Conditions,24-HR BLK AVG,PM25 24-hour 2012,2023-08-14,Micrograms/cubic meter (LC),Included,1,100.0,12.9,12.9,0,58.0,238.0,Teledyne T640X at 16.67 LPM - Broadband spectroscopy,Miami Fire Station,"1200 NW 20th St, Miami, FL 33142",Florida,Miami-Dade,Miami,"Miami-Fort Lauderdale-West Palm Beach, FL",2024-08-05,pm25
12,86,1016,88101,3,25.794222,-80.215556,NAD83,PM2.5 - Local Conditions,24-HR BLK AVG,PM25 24-hour 2012,2023-08-15,Micrograms/cubic meter (LC),Included,1,100.0,7.8,7.8,0,43.0,238.0,Teledyne T640X at 16.67 LPM - Broadband spectroscopy,Miami Fire Station,"1200 NW 20th St, Miami, FL 33142",Florida,Miami-Dade,Miami,"Miami-Fort Lauderdale-West Palm Beach, FL",2024-08-05,pm25
12,86,1016,88101,3,25.794222,-80.215556,NAD83,PM2.5 - Local Conditions,24-HR BLK AVG,PM25 24-hour 2012,2023-08-16,Micrograms/cubic meter (LC),Included,1,100.0,6.1,6.1,0,34.0,238.0,Teledyne T640X at 16.67 LPM - Broadband spectroscopy,Miami Fire Station,"1200 NW 20th St, Miami, FL 33142",Florida,Miami-Dade,Miami,"Miami-Fort Lauderdale-West Palm Beach, FL",2024-08-05,pm25
12,86,1016,88101,3,25.794222,-80.215556,NAD83,PM2.5 - Local Conditions,24-HR BLK AVG,PM25 24-hour 2012,2023-08-17,Micrograms/cubic meter (LC),Included,1,100.0,8.1,8.1,0,45.0,238.0,Teledyne T640X at 16.67 LPM - Broadband spectroscopy,Miami Fire Station,"1200 NW 20th St, Miami, FL 33142",Florida,Miami-Dade,Miami,"Miami-Fort Lauderdale-West Palm Beach, FL",2024-08-05,pm25
12,86,1016,88101,3,25.794222,-80.215556,NAD83,PM2.5 - Local Conditions,24-HR BLK AVG,PM25 24-hour 2012,2023-08-18,Micrograms/cubic meter (LC),Included,1,100.0,11.8,11.8,0,56.0,238.0,Teledyne T640X at 16.67 LPM - Broadband spectroscopy,Miami Fire Station,"1200 NW 20th St, Miami, FL 33142",Florida,Miami-Dade,Miami,"Miami-Fort Lauderdale-West Palm Beach, FL",2024-08-05,pm25
12,86,1016,88101,3,25.794222,-80.215556,NAD83,PM2.5 - Local Conditions,24-HR BLK AVG,PM25 24-hour 2012,2023-08-19,Micrograms/cubic meter (LC),Included,1,100.0,8.6,8.6,0,48.0,238.0,Teledyne T640X at 16.67 LPM - Broadband spectroscopy,Miami Fire Station,"1200 NW 20th St, Miami, FL 33142",Florida,Miami-Dade,Miami,"Miami-Fort Lauderdale-West Palm Beach, FL",2024-08-05,pm25
12,86,1016,88101,3,25.794222,-80.215556,NAD83,PM2.5 - Local Conditions,24-HR BLK AVG,PM25 24-hour 2012,2023-08-20,Micrograms/cubic meter (LC),Included,1,100.0,14.0,14.0,0,60.0,238.0,Teledyne T640X at 16.67 LPM - Broadband spectroscopy,Miami Fire Station,"1200 NW 20th St, Miami, FL 33142",Florida,Miami-Dade,Miami,"Miami-Fort Lauderdale-West Palm Beach, FL",2024-08-05,pm25
12,86,1016,88101,3,25.794222,-80.215556,NAD83,PM2.5 - Local Conditions,24-HR BLK AVG,PM25 24-hour 2012,2023-08-21,Micrograms/cubic meter (LC),Included,1,100.0,9.0,9.0,0,50.0,238.0,Teledyne T640X at 16.67 LPM - Broadband spectroscopy,Miami Fire Station,"1200 NW 20th St, Miami, FL 33142",Florida,Miami-Dade,Miami,"Miami-Fort Lauderdale-West Palm Beach, FL",2024-08-05,pm25
12,86,1016,88101,3,25.794222,-80.215556,NAD83,PM2.5 - Local Conditions,24-HR BLK AVG,PM25 24-hour 2012,2023-08-22,Micrograms/cubic meter (LC),Included,1,100.0,17.0,17.0,0,66.0,238.0,Teledyne T640X at 16.67 LPM - Broadband spectroscopy,Miami Fire Station,"1200 NW 20th St, Miami, FL 33142",Florida,Miami-Dade,Miami,"Miami-Fort Lauderdale-West Palm Beach, FL",2024-08-05,pm25
12,86,1016,88101,3,25.794222,-80.215556,NAD83,PM2.5 - Local Conditions,24-HR BLK AVG,PM25 24-hour 2012,2023-08-23,Micrograms/cubic meter (LC),Included,1,100.0,13.5,13.5,0,59.0,238.0,Teledyne T640X at 16.67 LPM - Broadband spectroscopy,Miami Fire Station,"1200 NW 20th St, Miami, FL 33142",Florida,Miami-Dade,Miami,"Miami-Fort Lauderdale-West Palm Beach, FL",2024-08-05,pm25
12,86,1016,88101,3,25.794222,-80.215556,NAD83,PM2.5 - Local Conditions,24-HR BLK AVG,PM25 24-hour 2012,2023-08-24,Micrograms/cubic meter (LC),Included,1,100.0,11.4,11.4,0,55.0,238.0,Teledyne T640X at 16.67 LPM - Broadband spectroscopy,Miami Fire Station,"1200 NW 20th St, Miami, FL 33142",Florida,Miami-Dade,Miami,"Miami-Fort Lauderdale-West Palm Beach, FL",2024-08-05,pm25
12,86,1016,88101,3,25.794222,-80.215556,NAD83,PM2.5 - Local Conditions,24-HR BLK AVG,PM25 24-hour 2012,2023-08-25,Micrograms/cubic meter (LC),Included,1,100.0,11.0,11.0,0,55.0,238.0,Teledyne T640X at 16.67 LPM - Broadband spectroscopy,Miami Fire Station,"1200 NW 20th St, Miami, FL 33142",Florida,Miami-Dade,Miami,"Miami-Fort Lauderdale-West Palm Beach, FL",2024-08-05,pm25
12,86,1016,88101,3,25.794222,-80.215556,NAD83,PM2.5 - Local Conditions,24-HR BLK AVG,PM25 24-hour 2012,2023-08-26,Micrograms/cubic meter (LC),Included,1,100.0,6.9,6.9,0,38.0,238.0,Teledyne T640X at 16.67 LPM - Broadband spectroscopy,Miami Fire Station,"1200 NW 20th St, Miami, FL 33142",Florida,Miami-Dade,Miami,"Miami-Fort Lauderdale-West Palm Beach, FL",2024-08-05,pm25
12,86,1016,88101,3,25.794222,-80.215556,NAD83,PM2.5 - Local Conditions,24-HR BLK AVG,PM25 24-hour 2012,2023-08-27,Micrograms/cubic meter (LC),Included,1,100.0,5.5,5.5,0,31.0,238.0,Teledyne T640X at 16.67 LPM - Broadband spectroscopy,Miami Fire Station,"1200 NW 20th St, Miami, FL 33142",Florida,Miami-Dade,Miami,"Miami-Fort Lauderdale-West Palm Beach, FL",2024-08-05,pm25
12,86,1016,88101,3,25.794222,-80.215556,NAD83,PM2.5 - Local Conditions,24-HR BLK AVG,PM25 24-hour 2012,2023-08-28,Micrograms/cubic meter (LC),Included,1,100.0,6.3,6.3,0,35.0,238.0,Teledyne T640X at 16.67 LPM - Broadband spectroscopy,Miami Fire Station,"1200 NW 20th St, Miami, FL 33142",Florida,Miami-Dade,Miami,"Miami-Fort Lauderdale-West Palm Beach, FL",2024-08-05,pm25
12,86,1016,88101,3,25.794222,-80.215556,NAD83,PM2.5 - Local Conditions,24-HR BLK AVG,PM25 24-hour 2012,2023-08-29,Micrograms/cubic meter (LC),Included,1,100.0,6.4,6.4,0,36.0,238.0,Teledyne T640X at 16.67 LPM - Broadband spectroscopy,Miami Fire Station,"1200 NW 20th St, Miami, FL 33142",Florida,Miami-Dade,Miami,"Miami-Fort Lauderdale-West Palm Beach, FL",2024-08-05,pm25
12,86,1016,88101,3,25.794222,-80.215556,NAD83,PM2.5 - Local Conditions,24-HR BLK AVG,PM25 24-hour 2012,2023-08-30,Micrograms/cubic meter (LC),Included,1,100.0,9.7,9.7,0,52.0,238.0,Teledyne T640X at 16.67 LPM - Broadband spectroscopy,Miami Fire Station,"1200 NW 20th St, Miami, FL 33142",Florida,Miami-Dade,Miami,"Miami-Fort Lauderdale-West Palm Beach, FL",2024-08-05,pm25
12,86,1016,88101,3,25.794222,-80.215556,NAD83,PM2.5 - Local Conditions,24-HR BLK AVG,PM25 24-hour 2012,2023-08-31,Micrograms/cubic meter (LC),Included,1,100.0,9.8,9.8,0,52.0,238.0,Teledyne T640X at 16.67 LPM - Broadband spectroscopy,Miami Fire Station,"1200 NW 20th St, Miami, FL 33142",Florida,Miami-Dade,Miami,"Miami-Fort Lauderdale-West Palm Beach, FL",2024-08-05,pm25
12,86,1016,88101,3,25.794222,-80.215556,NAD83,PM2.5 - Local Conditions,24-HR BLK AVG,PM25 24-hour 2012,2023-09-01,Micrograms/cubic meter (LC),Included,1,100.0,9.7,9.7,0,52.0,238.0,Teledyne T640X at 16.67 LPM - Broadband spectroscopy,Miami Fire Station,"1200 NW 20th St, Miami, FL 33142",Florida,Miami-Dade,Miami,"Miami-Fort Lauderdale-West Palm Beach, FL",2024-08-05,pm25
12,86,1016,88101,3,25.794222,-80.215556,NAD83,PM2.5 - Local Conditions,24-HR BLK AVG,PM25 24-hour 2012,2023-09-02,Micrograms/cubic meter (LC),Included,1,100.0,6.3,6.3,0,35.0,238.0,Teledyne T640X at 16.67 LPM - Broadband spectroscopy,Miami Fire Station,"1200 NW 20th St, Miami, FL 33142",Florida,Miami-Dade,Miami,"Miami-Fort Lauderdale-West Palm Beach, FL",2024-08-05,pm25
12,86,1016,88101,3,25.794222,-80.215556,NAD83,PM2.5 - Local Conditions,24-HR BLK AVG,PM25 24-hour 2012,2023-09-03,Micrograms/cubic meter (LC),Included,1,100.0,8.1,8.1,0,45.0,238.0,Teledyne T640X at 16.67 LPM - Broadband spectroscopy,Miami Fire Station,"1200 NW 20th St, Miami, FL 33142",Florida,Miami-Dade,Miami,"Miami-Fort Lauderdale-West Palm Beach, FL",2024-08-05,pm25
12,86,1016,88101,3,25.794222,-80.215556,NAD83,PM2.5 - Local Conditions,24-HR BLK AVG,PM25 24-hour 2012,2023-09-04,Micrograms/cubic meter (LC),Included,1,100.0,6.4,6.4,0,36.0,238.0,Teledyne T640X at 16.67 LPM - Broadband spectroscopy,Miami Fire Station,"1200 NW 20th St, Miami, FL 33142",Florida,Miami-Dade,Miami,"Miami-Fort Lauderdale-West Palm Beach, FL",2024-08-05,pm25
12,86,1016,88101,3,25.794222,-80.215556,NAD83,PM2.5 - Local Conditions,24-HR BLK AVG,PM25 24-hour 2012,2023-09-05,Micrograms/cubic meter (LC),Included,1,100.0,7.3,7.3,0,41.0,238.0,Teledyne T640X at 16.67 LPM - Broadband spectroscopy,Miami Fire Station,"1200 NW 20th St, Miami, FL 33142",Florida,Miami-Dade,Miami,"Miami-Fort Lauderdale-West Palm Beach, FL",2024-08-05,pm25
12,86,1016,88101,3,25.794222,-80.215556,NAD83,PM2.5 - Local Conditions,24-HR BLK AVG,PM25 24-hour 2012,2023-09-06,Micrograms/cubic meter (LC),Included,1,100.0,10.4,10.4,0,53.0,238.0,Teledyne T640X at 16.67 LPM - Broadband spectroscopy,Miami Fire Station,"1200 NW 20th St, Miami, FL 33142",Florida,Miami-Dade,Miami,"Miami-Fort Lauderdale-West Palm Beach, FL",2024-08-05,pm25
12,86,1016,88101,3,25.794222,-80.215556,NAD83,PM2.5 - Local Conditions,24-HR BLK AVG,PM25 24-hour 2012,2023-09-07,Micrograms/cubic meter (LC),Included,1,100.0,10.4,10.4,0,53.0,238.0,Teledyne T640X at 16.67 LPM - Broadband spectroscopy,Miami Fire Station,"1200 NW 20th St, Miami, FL 33142",Florida,Miami-Dade,Miami,"Miami-Fort Lauderdale-West Palm Beach, FL",2024-08-05,pm25
12,86,1016,88101,3,25.794222,-80.215556,NAD83,PM2.5 - Local Conditions,24-HR BLK AVG,PM25 24-hour 2012,2023-09-08,Micrograms/cubic meter (LC),Included,1,100.0,8.4,8.4,0,47.0,238.0,Teledyne T640X at 16.67 LPM - Broadband spectroscopy,Miami Fire Station,"1200 NW 20th St, Miami, FL 33142",Florida,Miami-Dade,Miami,"Miami-Fort Lauderdale-West Palm Beach, FL",2024-08-05,pm25
12,86,1016,88101,3,25.794222,-80.215556,NAD83,PM2.5 - Local Conditions,24-HR BLK AVG,PM25 24-hour 2012,2023-09-09,Micrograms/cubic meter (LC),Included,1,100.0,6.8,6.8,0,38.0,238.0,Teledyne T640X at 16.67 LPM - Broadband spectroscopy,Miami Fire Station,"1200 NW 20th St, Miami, FL 33142",Florida,Miami-Dade,Miami,"Miami-Fort Lauderdale-West Palm Beach, FL",2024-08-05,pm25
12,86,1016,88101,3,25.794222,-80.215556,NAD83,PM2.5 - Local Conditions,24-HR BLK AVG,PM25 24-hour 2012,2023-09-10,Micrograms/cubic meter (LC),Included,1,100.0,6.3,6.3,0,35.0,238.0,Teledyne T640X at 16.67 LPM - Broadband spectroscopy,Miami Fire Station,"1200 NW 20th St, Miami, FL 33142",Florida,Miami-Dade,Miami,"Miami-Fort Lauderdale-West Palm Beach, FL",2024-08-05,pm25
12,86,1016,88101,3,25.794222,-80.215556,NAD83,PM2.5 - Local Conditions,24-HR BLK AVG,PM25 24-hour 2012,2023-09-11,Micrograms/cubic meter (LC),Included,1,100.0,9.1,9.1,0,51.0,238.0,Teledyne T640X at 16.67 LPM - Broadband spectroscopy,Miami Fire Station,"1200 NW 20th St, Miami, FL 33142",Florida,Miami-Dade,Miami,"Miami-Fort Lauderdale-West Palm Beach, FL",2024-08-05,pm25
12,86,1016,88101,3,25.794222,-80.215556,NAD83,PM2.5 - Local Conditions,24-HR BLK AVG,PM25 24-hour 2012,2023-09-12,Micrograms/cubic meter (LC),Included,1,100.0,7.1,7.1,0,39.0,238.0,Teledyne T640X at 16.67 LPM - Broadband spectroscopy,Miami Fire Station,"1200 NW 20th St, Miami, FL 33142",Florida,Miami-Dade,Miami,"Miami-Fort Lauderdale-West Palm Beach, FL",2024-08-05,pm25
12,86,1016,88101,3,25.794222,-80.215556,NAD83,PM2.5 - Local Conditions,24-HR BLK AVG,PM25 24-hour 2012,2023-09-13,Micrograms/cubic meter (LC),Included,1,100.0,7.2,7.2,0,40.0,238.0,Teledyne T640X at 16.67 LPM - Broadband spectroscopy,Miami Fire Station,"1200 NW 20th St, Miami, FL 33142",Florida,Miami-Dade,Miami,"Miami-Fort Lauderdale-West Palm Beach, FL",2024-08-05,pm25
12,86,1016,88101,3,25.794222,-80.215556,NAD83,PM2.5 - Local Conditions,24-HR BLK AVG,PM25 24-hour 2012,2023-09-14,Micrograms/cubic meter (LC),Included,1,100.0,7.5,7.5,0,42.0,238.0,Teledyne T640X at 16.67 LPM - Broadband spectroscopy,Miami Fire Station,"1200 NW 20th St, Miami, FL 33142",Florida,Miami-Dade,Miami,"Miami-Fort Lauderdale-West Palm Beach, FL",2024-08-05,pm25
12,86,1016,88101,3,25.794222,-80.215556,NAD83,PM2.5 - Local Conditions,24-HR BLK AVG,PM25 24-hour 2012,2023-09-15,Micrograms/cubic meter (LC),Included,1,100.0,6.5,6.5,0,36.0,238.0,Teledyne T640X at 16.67 LPM - Broadband spectroscopy,Miami Fire Station,"1200 NW 20th St, Miami, FL 33142",Florida,Miami-Dade,Miami,"Miami-Fort Lauderdale-West Palm Beach, FL",2024-08-05,pm25
12,86,1016,88101,3,25.794222,-80.215556,NAD83,PM2.5 - Local Conditions,24-HR BLK AVG,PM25 24-hour 2012,2023-09-16,Micrograms/cubic meter (LC),Included,1,100.0,6.6,6.6,0,37.0,238.0,Teledyne T640X at 16.67 LPM - Broadband spectroscopy,Miami Fire Station,"1200 NW 20th St, Miami, FL 33142",Florida,Miami-Dade,Miami,"Miami-Fort Lauderdale-West Palm Beach, FL",2024-08-05,pm25
12,86,1016,88101,3,25.794222,-80.215556,NAD83,PM2.5 - Local Conditions,24-HR BLK AVG,PM25 24-hour 2012,2023-09-17,Micrograms/cubic meter (LC),Included,1,100.0,5.3,5.3,0,29.0,238.0,Teledyne T640X at 16.67 LPM - Broadband spectroscopy,Miami Fire Station,"1200 NW 20th St, Miami, FL 33142",Florida,Miami-Dade,Miami,"Miami-Fort Lauderdale-West Palm Beach, FL",2024-08-05,pm25
12,86,1016,88101,3,25.794222,-80.215556,NAD83,PM2.5 - Local Conditions,24-HR BLK AVG,PM25 24-hour 2012,2023-09-18,Micrograms/cubic meter (LC),Included,1,100.0,7.6,7.6,0,42.0,238.0,Teledyne T640X at 16.67 LPM - Broadband spectroscopy,Miami Fire Station,"1200 NW 20th St, Miami, FL 33142",Florida,Miami-Dade,Miami,"Miami-Fort Lauderdale-West Palm Beach, FL",2024-08-05,pm25
12,86,1016,88101,3,25.794222,-80.215556,NAD83,PM2.5 - Local Conditions,24-HR BLK AVG,PM25 24-hour 2012,2023-09-19,Micrograms/cubic meter (LC),Included,1,100.0,8.4,8.4,0,47.0,238.0,Teledyne T640X at 16.67 LPM - Broadband spectroscopy,Miami Fire Station,"1200 NW 20th St, Miami, FL 33142",Florida,Miami-Dade,Miami,"Miami-Fort Lauderdale-West Palm Beach, FL",2024-08-05,pm25
12,86,1016,88101,3,25.794222,-80.215556,NAD83,PM2.5 - Local Conditions,24-HR BLK AVG,PM25 24-hour 2012,2023-09-20,Micrograms/cubic meter (LC),Included,1,100.0,6.1,6.1,0,34.0,238.0,Teledyne T640X at 16.67 LPM - Broadband spectroscopy,Miami Fire Station,"1200 NW 20th St, Miami, FL 33142",Florida,Miami-Dade,Miami,"Miami-Fort Lauderdale-West Palm Beach, FL",2024-08-05,pm25
12,86,1016,88101,3,25.794222,-80.215556,NAD83,PM2.5 - Local Conditions,24-HR BLK AVG,PM25 24-hour 2012,2023-09-21,Micrograms/cubic meter (LC),Included,1,100.0,5.4,5.4,0,30.0,238.0,Teledyne T640X at 16.67 LPM - Broadband spectroscopy,Miami Fire Station,"1200 NW 20th St, Miami, FL 33142",Florida,Miami-Dade,Miami,"Miami-Fort Lauderdale-West Palm Beach, FL",2024-08-05,pm25
12,86,1016,88101,3,25.794222,-80.215556,NAD83,PM2.5 - Local Conditions,24-HR BLK AVG,PM25 24-hour 2012,2023-09-22,Micrograms/cubic meter (LC),Included,1,100.0,5.4,5.4,0,30.0,238.0,Teledyne T640X at 16.67 LPM - Broadband spectroscopy,Miami Fire Station,"1200 NW 20th St, Miami, FL 33142",Florida,Miami-Dade,Miami,"Miami-Fort Lauderdale-West Palm Beach, FL",2024-08-05,pm25
12,86,1016,88101,3,25.794222,-80.215556,NAD83,PM2.5 - Local Conditions,24-HR BLK AVG,PM25 24-hour 2012,2023-09-23,Micrograms/cubic meter (LC),Included,1,100.0,6.7,6.7,0,37.0,238.0,Teledyne T640X at 16.67 LPM - Broadband spectroscopy,Miami Fire Station,"1200 NW 20th St, Miami, FL 33142",Florida,Miami-Dade,Miami,"Miami-Fort Lauderdale-West Palm Beach, FL",2024-08-05,pm25
12,86,1016,88101,3,25.794222,-80.215556,NAD83,PM2.5 - Local Conditions,24-HR BLK AVG,PM25 24-hour 2012,2023-09-24,Micrograms/cubic meter (LC),Included,1,100.0,4.2,4.2,0,23.0,238.0,Teledyne T640X at 16.67 LPM - Broadband spectroscopy,Miami Fire Station,"1200 NW 20th St, Miami, FL 33142",Florida,Miami-Dade,Miami,"Miami-Fort Lauderdale-West Palm Beach, FL",2024-08-05,pm25
12,86,1016,88101,3,25.794222,-80.215556,NAD83,PM2.5 - Local Conditions,24-HR BLK AVG,PM25 24-hour 2012,2023-09-25,Micrograms/cubic meter (LC),Included,1,100.0,6.3,6.3,0,35.0,238.0,Teledyne T640X at 16.67 LPM - Broadband spectroscopy,Miami Fire Station,"1200 NW 20th St, Miami, FL 33142",Florida,Miami-Dade,Miami,"Miami-Fort Lauderdale-West Palm Beach, FL",2024-08-05,pm25
12,86,1016,88101,3,25.794222,-80.215556,NAD83,PM2.5 - Local Conditions,24-HR BLK AVG,PM25 24-hour 2012,2023-09-26,Micrograms/cubic meter (LC),Included,1,100.0,6.0,6.0,0,33.0,238.0,Teledyne T640X at 16.67 LPM - Broadband spectroscopy,Miami Fire Station,"1200 NW 20th St, Miami, FL 33142",Florida,Miami-Dade,Miami,"Miami-Fort Lauderdale-West Palm Beach, FL",2024-08-05,pm25
12,86,1016,88101,3,25.794222,-80.215556,NAD83,PM2.5 - Local Conditions,24-HR BLK AVG,PM25 24-hour 2012,2023-09-27,Micrograms/cubic meter (LC),Included,1,100.0,4.3,4.3,0,24.0,238.0,Teledyne T640X at 16.67 LPM - Broadband spectroscopy,Miami Fire Station,"1200 NW 20th St, Miami, FL 33142",Florida,Miami-Dade,Miami,"Miami-Fort Lauderdale-West Palm Beach, FL",2024-08-05,pm25
12,86,1016,88101,3,25.794222,-80.215556,NAD83,PM2.5 - Local Conditions,24-HR BLK AVG,PM25 24-hour 2012,2023-09-28,Micrograms/cubic meter (LC),Included,1,100.0,3.7,3.7,0,21.0,238.0,Teledyne T640X at 16.67 LPM - Broadband spectroscopy,Miami Fire Station,"1200 NW 20th St, Miami, FL 33142",Florida,Miami-Dade,Miami,"Miami-Fort Lauderdale-West Palm Beach, FL",2024-08-05,pm25
12,86,1016,88101,3,25.794222,-80.215556,NAD83,PM2.5 - Local Conditions,24-HR BLK AVG,PM25 24-hour 2012,2023-09-29,Micrograms/cubic meter (LC),Included,1,100.0,5.0,5.0,0,28.0,238.0,Teledyne T640X at 16.67 LPM - Broadband spectroscopy,Miami Fire Station,"1200 NW 20th St, Miami, FL 33142",Florida,Miami-Dade,Miami,"Miami-Fort Lauderdale-West Palm Beach, FL",2024-08-05,pm25
12,86,1016,88101,3,25.794222,-80.215556,NAD83,PM2.5 - Local Conditions,24-HR BLK AVG,PM25 24-hour 2012,2023-09-30,Micrograms/cubic meter (LC),Included,1,100.0,6.0,6.0,0,33.0,238.0,Teledyne T640X at 16.67 LPM - Broadband spectroscopy,Miami Fire Station,"1200 NW 20th St, Miami, FL 33142",Florida,Miami-Dade,Miami,"Miami-Fort Lauderdale-West Palm Beach, FL",2024-08-05,pm25
12,86,1016,88101,3,25.794222,-80.215556,NAD83,PM2.5 - Local Conditions,24-HR BLK AVG,PM25 24-hour 2012,2023-10-01,Micrograms/cubic meter (LC),Included,1,100.0,4.4,4.4,0,24.0,238.0,Teledyne T640X at 16.67 LPM - Broadband spectroscopy,Miami Fire Station,"1200 NW 20th St, Miami, FL 33142",Florida,Miami-Dade,Miami,"Miami-Fort Lauderdale-West Palm Beach, FL",2024-08-05,pm25
12,86,1016,88101,3,25.794222,-80.215556,NAD83,PM2.5 - Local Conditions,24-HR BLK AVG,PM25 24-hour 2012,2023-10-02,Micrograms/cubic meter (LC),Included,1,100.0,11.3,11.3,0,55.0,238.0,Teledyne T640X at 16.67 LPM - Broadband spectroscopy,Miami Fire Station,"1200 NW 20th St, Miami, FL 33142",Florida,Miami-Dade,Miami,"Miami-Fort Lauderdale-West Palm Beach, FL",2024-08-05,pm25
12,86,1016,88101,3,25.794222,-80.215556,NAD83,PM2.5 - Local Conditions,24-HR BLK AVG,PM25 24-hour 2012,2023-10-03,Micrograms/cubic meter (LC),Included,1,100.0,22.3,22.3,0,76.0,238.0,Teledyne T640X at 16.67 LPM - Broadband spectroscopy,Miami Fire Station,"1200 NW 20th St, Miami, FL 33142",Florida,Miami-Dade,Miami,"Miami-Fort Lauderdale-West Palm Beach, FL",2024-08-05,pm25
12,86,1016,88101,3,25.794222,-80.215556,NAD83,PM2.5 - Local Conditions,24-HR BLK AVG,PM25 24-hour 2012,2023-10-04,Micrograms/cubic meter (LC),Included,1,100.0,5.6,5.6,0,31.0,238.0,Teledyne T640X at 16.67 LPM - Broadband spectroscopy,Miami Fire Station,"1200 NW 20th St, Miami, FL 33142",Florida,Miami-Dade,Miami,"Miami-Fort Lauderdale-West Palm Beach, FL",2024-08-05,pm25
12,86,1016,88101,3,25.794222,-80.215556,NAD83,PM2.5 - Local Conditions,24-HR BLK AVG,PM25 24-hour 2012,2023-10-05,Micrograms/cubic meter (LC),Included,1,100.0,6.4,6.4,0,36.0,238.0,Teledyne T640X at 16.67 LPM - Broadband spectroscopy,Miami Fire Station,"1200 NW 20th St, Miami, FL 33142",Florida,Miami-Dade,Miami,"Miami-Fort Lauderdale-West Palm Beach, FL",2024-08-05,pm25
12,86,1016,88101,3,25.794222,-80.215556,NAD83,PM2.5 - Local Conditions,24-HR BLK AVG,PM25 24-hour 2012,2023-10-06,Micrograms/cubic meter (LC),Included,1,100.0,6.4,6.4,0,36.0,238.0,Teledyne T640X at 16.67 LPM - Broadband spectroscopy,Miami Fire Station,"1200 NW 20th St, Miami, FL 33142",Florida,Miami-Dade,Miami,"Miami-Fort Lauderdale-West Palm Beach, FL",2024-08-05,pm25
12,86,1016,88101,3,25.794222,-80.215556,NAD83,PM2.5 - Local Conditions,24-HR BLK AVG,PM25 24-hour 2012,2023-10-07,Micrograms/cubic meter (LC),Included,1,100.0,5.6,5.6,0,31.0,238.0,Teledyne T640X at 16.67 LPM - Broadband spectroscopy,Miami Fire Station,"1200 NW 20th St, Miami, FL 33142",Florida,Miami-Dade,Miami,"Miami-Fort Lauderdale-West Palm Beach, FL",2024-08-05,pm25
12,86,1016,88101,3,25.794222,-80.215556,NAD83,PM2.5 - Local Conditions,24-HR BLK AVG,PM25 24-hour 2012,2023-10-08,Micrograms/cubic meter (LC),Included,1,100.0,6.4,6.4,0,36.0,238.0,Teledyne T640X at 16.67 LPM - Broadband spectroscopy,Miami Fire Station,"1200 NW 20th St, Miami, FL 33142",Florida,Miami-Dade,Miami,"Miami-Fort Lauderdale-West Palm Beach, FL",2024-08-05,pm25
12,86,1016,88101,3,25.794222,-80.215556,NAD83,PM2.5 - Local Conditions,24-HR BLK AVG,PM25 24-hour 2012,2023-10-09,Micrograms/cubic meter (LC),Included,1,100.0,7.8,7.8,0,43.0,238.0,Teledyne T640X at 16.67 LPM - Broadband spectroscopy,Miami Fire Station,"1200 NW 20th St, Miami, FL 33142",Florida,Miami-Dade,Miami,"Miami-Fort Lauderdale-West Palm Beach, FL",2024-08-05,pm25
12,86,1016,88101,3,25.794222,-80.215556,NAD83,PM2.5 - Local Conditions,24-HR BLK AVG,PM25 24-hour 2012,2023-10-10,Micrograms/cubic meter (LC),Included,1,100.0,8.3,8.3,0,46.0,238.0,Teledyne T640X at 16.67 LPM - Broadband spectroscopy,Miami Fire Station,"1200 NW 20th St, Miami, FL 33142",Florida,Miami-Dade,Miami,"Miami-Fort Lauderdale-West Palm Beach, FL",2024-08-05,pm25
12,86,1016,88101,3,25.794222,-80.215556,NAD83,PM2.5 - Local Conditions,24-HR BLK AVG,PM25 24-hour 2012,2023-10-11,Micrograms/cubic meter (LC),Included,1,100.0,7.4,7.4,0,41.0,238.0,Teledyne T640X at 16.67 LPM - Broadband spectroscopy,Miami Fire Station,"1200 NW 20th St, Miami, FL 33142",Florida,Miami-Dade,Miami,"Miami-Fort Lauderdale-West Palm Beach, FL",2024-08-05,pm25
12,86,1016,88101,3,25.794222,-80.215556,NAD83,PM2.5 - Local Conditions,24-HR BLK AVG,PM25 24-hour 2012,2023-10-12,Micrograms/cubic meter (LC),Included,1,100.0,8.8,8.8,0,49.0,238.0,Teledyne T640X at 16.67 LPM - Broadband spectroscopy,Miami Fire Station,"1200 NW 20th St, Miami, FL 33142",Florida,Miami-Dade,Miami,"Miami-Fort Lauderdale-West Palm Beach, FL",2024-08-05,pm25
12,86,1016,88101,3,25.794222,-80.215556,NAD83,PM2.5 - Local Conditions,24-HR BLK AVG,PM25 24-hour 2012,2023-10-13,Micrograms/cubic meter (LC),Included,1,100.0,7.9,7.9,0,44.0,238.0,Teledyne T640X at 16.67 LPM - Broadband spectroscopy,Miami Fire Station,"1200 NW 20th St, Miami, FL 33142",Florida,Miami-Dade,Miami,"Miami-Fort Lauderdale-West Palm Beach, FL",2024-08-05,pm25
12,86,1016,88101,3,25.794222,-80.215556,NAD83,PM2.5 - Local Conditions,24-HR BLK AVG,PM25 24-hour 2012,2023-10-14,Micrograms/cubic meter (LC),Included,1,100.0,5.7,5.7,0,32.0,238.0,Teledyne T640X at 16.67 LPM - Broadband spectroscopy,Miami Fire Station,"1200 NW 20th St, Miami, FL 33142",Florida,Miami-Dade,Miami,"Miami-Fort Lauderdale-West Palm Beach, FL",2024-08-05,pm25
12,86,1016,88101,3,25.794222,-80.215556,NAD83,PM2.5 - Local Conditions,24-HR BLK AVG,PM25 24-hour 2012,2023-10-15,Micrograms/cubic meter (LC),Included,1,100.0,5.6,5.6,0,31.0,238.0,Teledyne T640X at 16.67 LPM - Broadband spectroscopy,Miami Fire Station,"1200 NW 20th St, Miami, FL 33142",Florida,Miami-Dade,Miami,"Miami-Fort Lauderdale-West Palm Beach, FL",2024-08-05,pm25
12,86,1016,88101,3,25.794222,-80.215556,NAD83,PM2.5 - Local Conditions,24-HR BLK AVG,PM25 24-hour 2012,2023-10-16,Micrograms/cubic meter (LC),Included,1,100.0,5.4,5.4,0,30.0,238.0,Teledyne T640X at 16.67 LPM - Broadband spectroscopy,Miami Fire Station,"1200 NW 20th St, Miami, FL 33142",Florida,Miami-Dade,Miami,"Miami-Fort Lauderdale-West Palm Beach, FL",2024-08-05,pm25
12,86,1016,88101,3,25.794222,-80.215556,NAD83,PM2.5 - Local Conditions,24-HR BLK AVG,PM25 24-hour 2012,2023-10-17,Micrograms/cubic meter (LC),Included,1,100.0,7.1,7.1,0,39.0,238.0,Teledyne T640X at 16.67 LPM - Broadband spectroscopy,Miami Fire Station,"1200 NW 20th St, Miami, FL 33142",Florida,Miami-Dade,Miami,"Miami-Fort Lauderdale-West Palm Beach, FL",2024-08-05,pm25
12,86,1016,88101,3,25.794222,-80.215556,NAD83,PM2.5 - Local Conditions,24-HR BLK AVG,PM25 24-hour 2012,2023-10-18,Micrograms/cubic meter (LC),Included,1,100.0,5.2,5.2,0,29.0,238.0,Teledyne T640X at 16.67 LPM - Broadband spectroscopy,Miami Fire Station,"1200 NW 20th St, Miami, FL 33142",Florida,Miami-Dade,Miami,"Miami-Fort Lauderdale-West Palm Beach, FL",2024-08-05,pm25
12,86,1016,88101,3,25.794222,-80.215556,NAD83,PM2.5 - Local Conditions,24-HR BLK AVG,PM25 24-hour 2012,2023-10-19,Micrograms/cubic meter (LC),Included,1,100.0,5.5,5.5,0,31.0,238.0,Teledyne T640X at 16.67 LPM - Broadband spectroscopy,Miami Fire Station,"1200 NW 20th St, Miami, FL 33142",Florida,Miami-Dade,Miami,"Miami-Fort Lauderdale-West Palm Beach, FL",2024-08-05,pm25
12,86,1016,88101,3,25.794222,-80.215556,NAD83,PM2.5 - Local Conditions,24-HR BLK AVG,PM25 24-hour 2012,2023-10-20,Micrograms/cubic meter (LC),Included,1,100.0,5.4,5.4,0,30.0,238.0,Teledyne T640X at 16.67 LPM - Broadband spectroscopy,Miami Fire Station,"1200 NW 20th St, Miami, FL 33142",Florida,Miami-Dade,Miami,"Miami-Fort Lauderdale-West Palm Beach, FL",2024-08-05,pm25
12,86,1016,88101,3,25.794222,-80.215556,NAD83,PM2.5 - Local Conditions,24-HR BLK AVG,PM25 24-hour 2012,2023-10-21,Micrograms/cubic meter (LC),Included,1,100.0,6.0,6.0,0,33.0,238.0,Teledyne T640X at 16.67 LPM - Broadband spectroscopy,Miami Fire Station,"1200 NW 20th St, Miami, FL 33142",Florida,Miami-Dade,Miami,"Miami-Fort Lauderdale-West Palm Beach, FL",2024-08-05,pm25
12,86,1016,88101,3,25.794222,-80.215556,NAD83,PM2.5 - Local Conditions,24-HR BLK AVG,PM25 24-hour 2012,2023-10-22,Micrograms/cubic meter (LC),Included,1,100.0,9.8,9.8,0,52.0,238.0,Teledyne T640X at 16.67 LPM - Broadband spectroscopy,Miami Fire Station,"1200 NW 20th St, Miami, FL 33142",Florida,Miami-Dade,Miami,"Miami-Fort Lauderdale-West Palm Beach, FL",2024-08-05,pm25
12,86,1016,88101,3,25.794222,-80.215556,NAD83,PM2.5 - Local Conditions,24-HR BLK AVG,PM25 24-hour 2012,2023-10-23,Micrograms/cubic meter (LC),Included,1,100.0,10.7,10.7,0,54.0,238.0,Teledyne T640X at 16.67 LPM - Broadband spectroscopy,Miami Fire Station,"1200 NW 20th St, Miami, FL 33142",Florida,Miami-Dade,Miami,"Miami-Fort Lauderdale-West Palm Beach, FL",2024-08-05,pm25
12,86,1016,88101,3,25.794222,-80.215556,NAD83,PM2.5 - Local Conditions,24-HR BLK AVG,PM25 24-hour 2012,2023-10-24,Micrograms/cubic meter (LC),Included,1,100.0,8.6,8.6,0,48.0,238.0,Teledyne T640X at 16.67 LPM - Broadband spectroscopy,Miami Fire Station,"1200 NW 20th St, Miami, FL 33142",Florida,Miami-Dade,Miami,"Miami-Fort Lauderdale-West Palm Beach, FL",2024-08-05,pm25
12,86,1016,88101,3,25.794222,-80.215556,NAD83,PM2.5 - Local Conditions,24-HR BLK AVG,PM25 24-hour 2012,2023-10-25,Micrograms/cubic meter (LC),Included,1,100.0,7.1,7.1,0,39.0,238.0,Teledyne T640X at 16.67 LPM - Broadband spectroscopy,Miami Fire Station,"1200 NW 20th St, Miami, FL 33142",Florida,Miami-Dade,Miami,"Miami-Fort Lauderdale-West Palm Beach, FL",2024-08-05,pm25
12,86,1016,88101,3,25.794222,-80.215556,NAD83,PM2.5 - Local Conditions,24-HR BLK AVG,PM25 24-hour 2012,2023-10-26,Micrograms/cubic meter (LC),Included,1,100.0,8.6,8.6,0,48.0,238.0,Teledyne T640X at 16.67 LPM - Broadband spectroscopy,Miami Fire Station,"1200 NW 20th St, Miami, FL 33142",Florida,Miami-Dade,Miami,"Miami-Fort Lauderdale-West Palm Beach, FL",2024-08-05,pm25
12,86,1016,88101,3,25.794222,-80.215556,NAD83,PM2.5 - Local Conditions,24-HR BLK AVG,PM25 24-hour 2012,2023-10-27,Micrograms/cubic meter (LC),Included,1,100.0,8.1,8.1,0,45.0,238.0,Teledyne T640X at 16.67 LPM - Broadband spectroscopy,Miami Fire Station,"1200 NW 20th St, Miami, FL 33142",Florida,Miami-Dade,Miami,"Miami-Fort Lauderdale-West Palm Beach, FL",2024-08-05,pm25
12,86,1016,88101,3,25.794222,-80.215556,NAD83,PM2.5 - Local Conditions,24-HR BLK AVG,PM25 24-hour 2012,2023-10-28,Micrograms/cubic meter (LC),Included,1,100.0,9.0,9.0,0,50.0,238.0,Teledyne T640X at 16.67 LPM - Broadband spectroscopy,Miami Fire Station,"1200 NW 20th St, Miami, FL 33142",Florida,Miami-Dade,Miami,"Miami-Fort Lauderdale-West Palm Beach, FL",2024-08-05,pm25
12,86,1016,88101,3,25.794222,-80.215556,NAD83,PM2.5 - Local Conditions,24-HR BLK AVG,PM25 24-hour 2012,2023-10-29,Micrograms/cubic meter (LC),Included,1,100.0,8.1,8.1,0,45.0,238.0,Teledyne T640X at 16.67 LPM - Broadband spectroscopy,Miami Fire Station,"1200 NW 20th St, Miami, FL 33142",Florida,Miami-Dade,Miami,"Miami-Fort Lauderdale-West Palm Beach, FL",2024-08-05,pm25
12,86,1016,88101,3,25.794222,-80.215556,NAD83,PM2.5 - Local Conditions,24-HR BLK AVG,PM25 24-hour 2012,2023-10-30,Micrograms/cubic meter (LC),Included,1,100.0,7.9,7.9,0,44.0,238.0,Teledyne T640X at 16.67 LPM - Broadband spectroscopy,Miami Fire Station,"1200 NW 20th St, Miami, FL 33142",Florida,Miami-Dade,Miami,"Miami-Fort Lauderdale-West Palm Beach, FL",2024-08-05,pm25
12,86,1016,88101,3,25.794222,-80.215556,NAD83,PM2.5 - Local Conditions,24-HR BLK AVG,PM25 24-hour 2012,2023-10-31,Micrograms/cubic meter (LC),Included,1,100.0,7.5,7.5,0,42.0,238.0,Teledyne T640X at 16.67 LPM - Broadband spectroscopy,Miami Fire Station,"1200 NW 20th St, Miami, FL 33142",Florida,Miami-Dade,Miami,"Miami-Fort Lauderdale-West Palm Beach, FL",2024-08-05,pm25
12,86,1016,88101,3,25.794222,-80.215556,NAD83,PM2.5 - Local Conditions,24-HR BLK AVG,PM25 24-hour 2012,2023-11-01,Micrograms/cubic meter (LC),Included,1,100.0,9.1,9.1,0,51.0,238.0,Teledyne T640X at 16.67 LPM - Broadband spectroscopy,Miami Fire Station,"1200 NW 20th St, Miami, FL 33142",Florida,Miami-Dade,Miami,"Miami-Fort Lauderdale-West Palm Beach, FL",2024-08-05,pm25
12,86,1016,88101,3,25.794222,-80.215556,NAD83,PM2.5 - Local Conditions,24-HR BLK AVG,PM25 24-hour 2012,2023-11-02,Micrograms/cubic meter (LC),Included,1,100.0,9.3,9.3,0,51.0,238.0,Teledyne T640X at 16.67 LPM - Broadband spectroscopy,Miami Fire Station,"1200 NW 20th St, Miami, FL 33142",Florida,Miami-Dade,Miami,"Miami-Fort Lauderdale-West Palm Beach, FL",2024-08-05,pm25
12,86,1016,88101,3,25.794222,-80.215556,NAD83,PM2.5 - Local Conditions,24-HR BLK AVG,PM25 24-hour 2012,2023-11-03,Micrograms/cubic meter (LC),Included,1,100.0,8.9,8.9,0,49.0,238.0,Teledyne T640X at 16.67 LPM - Broadband spectroscopy,Miami Fire Station,"1200 NW 20th St, Miami, FL 33142",Florida,Miami-Dade,Miami,"Miami-Fort Lauderdale-West Palm Beach, FL",2024-08-05,pm25
12,86,1016,88101,3,25.794222,-80.215556,NAD83,PM2.5 - Local Conditions,24-HR BLK AVG,PM25 24-hour 2012,2023-11-04,Micrograms/cubic meter (LC),Included,1,100.0,5.3,5.3,0,29.0,238.0,Teledyne T640X at 16.67 LPM - Broadband spectroscopy,Miami Fire Station,"1200 NW 20th St, Miami, FL 33142",Florida,Miami-Dade,Miami,"Miami-Fort Lauderdale-West Palm Beach, FL",2024-08-05,pm25
12,86,1016,88101,3,25.794222,-80.215556,NAD83,PM2.5 - Local Conditions,24-HR BLK AVG,PM25 24-hour 2012,2023-11-05,Micrograms/cubic meter (LC),Included,1,100.0,7.1,7.1,0,39.0,238.0,Teledyne T640X at 16.67 LPM - Broadband spectroscopy,Miami Fire Station,"1200 NW 20th St, Miami, FL 33142",Florida,Miami-Dade,Miami,"Miami-Fort Lauderdale-West Palm Beach, FL",2024-08-05,pm25
12,86,1016,88101,3,25.794222,-80.215556,NAD83,PM2.5 - Local Conditions,24-HR BLK AVG,PM25 24-hour 2012,2023-11-06,Micrograms/cubic meter (LC),Included,1,100.0,7.3,7.3,0,41.0,238.0,Teledyne T640X at 16.67 LPM - Broadband spectroscopy,Miami Fire Station,"1200 NW 20th St, Miami, FL 33142",Florida,Miami-Dade,Miami,"Miami-Fort Lauderdale-West Palm Beach, FL",2024-08-05,pm25
12,86,1016,88101,3,25.794222,-80.215556,NAD83,PM2.5 - Local Conditions,24-HR BLK AVG,PM25 24-hour 2012,2023-11-07,Micrograms/cubic meter (LC),Included,1,100.0,6.7,6.7,0,37.0,238.0,Teledyne T640X at 16.67 LPM - Broadband spectroscopy,Miami Fire Station,"1200 NW 20th St, Miami, FL 33142",Florida,Miami-Dade,Miami,"Miami-Fort Lauderdale-West Palm Beach, FL",2024-08-05,pm25
12,86,1016,88101,3,25.794222,-80.215556,NAD83,PM2.5 - Local Conditions,24-HR BLK AVG,PM25 24-hour 2012,2023-11-08,Micrograms/cubic meter (LC),Included,1,100.0,5.4,5.4,0,30.0,238.0,Teledyne T640X at 16.67 LPM - Broadband spectroscopy,Miami Fire Station,"1200 NW 20th St, Miami, FL 33142",Florida,Miami-Dade,Miami,"Miami-Fort Lauderdale-West Palm Beach, FL",2024-08-05,pm25
12,86,1016,88101,3,25.794222,-80.215556,NAD83,PM2.5 - Local Conditions,24-HR BLK AVG,PM25 24-hour 2012,2023-11-09,Micrograms/cubic meter (LC),Included,1,100.0,5.8,5.8,0,32.0,238.0,Teledyne T640X at 16.67 LPM - Broadband spectroscopy,Miami Fire Station,"1200 NW 20th St, Miami, FL 33142",Florida,Miami-Dade,Miami,"Miami-Fort Lauderdale-West Palm Beach, FL",2024-08-05,pm25
12,86,1016,88101,3,25.794222,-80.215556,NAD83,PM2.5 - Local Conditions,24-HR BLK AVG,PM25 24-hour 2012,2023-11-10,Micrograms/cubic meter (LC),Included,1,100.0,6.3,6.3,0,35.0,238.0,Teledyne T640X at 16.67 LPM - Broadband spectroscopy,Miami Fire Station,"1200 NW 20th St, Miami, FL 33142",Florida,Miami-Dade,Miami,"Miami-Fort Lauderdale-West Palm Beach, FL",2024-08-05,pm25
12,86,1016,88101,3,25.794222,-80.215556,NAD83,PM2.5 - Local Conditions,24-HR BLK AVG,PM25 24-hour 2012,2023-11-11,Micrograms/cubic meter (LC),Included,1,100.0,6.0,6.0,0,33.0,238.0,Teledyne T640X at 16.67 LPM - Broadband spectroscopy,Miami Fire Station,"1200 NW 20th St, Miami, FL 33142",Florida,Miami-Dade,Miami,"Miami-Fort Lauderdale-West Palm Beach, FL",2024-08-05,pm25
12,86,1016,88101,3,25.794222,-80.215556,NAD83,PM2.5 - Local Conditions,24-HR BLK AVG,PM25 24-hour 2012,2023-11-12,Micrograms/cubic meter (LC),Included,1,100.0,5.6,5.6,0,31.0,238.0,Teledyne T640X at 16.67 LPM - Broadband spectroscopy,Miami Fire Station,"1200 NW 20th St, Miami, FL 33142",Florida,Miami-Dade,Miami,"Miami-Fort Lauderdale-West Palm Beach, FL",2024-08-05,pm25
12,86,1016,88101,3,25.794222,-80.215556,NAD83,PM2.5 - Local Conditions,24-HR BLK AVG,PM25 24-hour 2012,2023-11-13,Micrograms/cubic meter (LC),Included,1,100.0,5.0,5.0,0,28.0,238.0,Teledyne T640X at 16.67 LPM - Broadband spectroscopy,Miami Fire Station,"1200 NW 20th St, Miami, FL 33142",Florida,Miami-Dade,Miami,"Miami-Fort Lauderdale-West Palm Beach, FL",2024-08-05,pm25
12,86,1016,88101,3,25.794222,-80.215556,NAD83,PM2.5 - Local Conditions,24-HR BLK AVG,PM25 24-hour 2012,2023-11-14,Micrograms/cubic meter (LC),Included,1,100.0,6.0,6.0,0,33.0,238.0,Teledyne T640X at 16.67 LPM - Broadband spectroscopy,Miami Fire Station,"1200 NW 20th St, Miami, FL 33142",Florida,Miami-Dade,Miami,"Miami-Fort Lauderdale-West Palm Beach, FL",2024-08-05,pm25
12,86,1016,88101,3,25.794222,-80.215556,NAD83,PM2.5 - Local Conditions,24-HR BLK AVG,PM25 24-hour 2012,2023-11-15,Micrograms/cubic meter (LC),Included,1,100.0,10.5,10.5,0,54.0,238.0,Teledyne T640X at 16.67 LPM - Broadband spectroscopy,Miami Fire Station,"1200 NW 20th St, Miami, FL 33142",Florida,Miami-Dade,Miami,"Miami-Fort Lauderdale-West Palm Beach, FL",2024-08-05,pm25
12,86,1016,88101,3,25.794222,-80.215556,NAD83,PM2.5 - Local Conditions,24-HR BLK AVG,PM25 24-hour 2012,2023-11-16,Micrograms/cubic meter (LC),Included,1,100.0,10.4,10.4,0,53.0,238.0,Teledyne T640X at 16.67 LPM - Broadband spectroscopy,Miami Fire Station,"1200 NW 20th St, Miami, FL 33142",Florida,Miami-Dade,Miami,"Miami-Fort Lauderdale-West Palm Beach, FL",2024-08-05,pm25
12,86,1016,88101,3,25.794222,-80.215556,NAD83,PM2.5 - Local Conditions,24-HR BLK AVG,PM25 24-hour 2012,2023-11-21,Micrograms/cubic meter (LC),Included,1,100.0,8.6,8.6,0,48.0,238.0,Teledyne T640X at 16.67 LPM - Broadband spectroscopy,Miami Fire Station,"1200 NW 20th St, Miami, FL 33142",Florida,Miami-Dade,Miami,"Miami-Fort Lauderdale-West Palm Beach, FL",2024-08-05,pm25
12,86,1016,88101,3,25.794222,-80.215556,NAD83,PM2.5 - Local Conditions,24-HR BLK AVG,PM25 24-hour 2012,2023-11-22,Micrograms/cubic meter (LC),Included,1,100.0,8.3,8.3,0,46.0,238.0,Teledyne T640X at 16.67 LPM - Broadband spectroscopy,Miami Fire Station,"1200 NW 20th St, Miami, FL 33142",Florida,Miami-Dade,Miami,"Miami-Fort Lauderdale-West Palm Beach, FL",2024-08-05,pm25
12,86,1016,88101,3,25.794222,-80.215556,NAD83,PM2.5 - Local Conditions,24-HR BLK AVG,PM25 24-hour 2012,2023-11-23,Micrograms/cubic meter (LC),Included,1,100.0,8.9,8.9,0,49.0,238.0,Teledyne T640X at 16.67 LPM - Broadband spectroscopy,Miami Fire Station,"1200 NW 20th St, Miami, FL 33142",Florida,Miami-Dade,Miami,"Miami-Fort Lauderdale-West Palm Beach, FL",2024-08-05,pm25
12,86,1016,88101,3,25.794222,-80.215556,NAD83,PM2.5 - Local Conditions,24-HR BLK AVG,PM25 24-hour 2012,2023-11-24,Micrograms/cubic meter (LC),Included,1,100.0,7.4,7.4,0,41.0,238.0,Teledyne T640X at 16.67 LPM - Broadband spectroscopy,Miami Fire Station,"1200 NW 20th St, Miami, FL 33142",Florida,Miami-Dade,Miami,"Miami-Fort Lauderdale-West Palm Beach, FL",2024-08-05,pm25
12,86,1016,88101,3,25.794222,-80.215556,NAD83,PM2.5 - Local Conditions,24-HR BLK AVG,PM25 24-hour 2012,2023-11-25,Micrograms/cubic meter (LC),Included,1,100.0,6.1,6.1,0,34.0,238.0,Teledyne T640X at 16.67 LPM - Broadband spectroscopy,Miami Fire Station,"1200 NW 20th St, Miami, FL 33142",Florida,Miami-Dade,Miami,"Miami-Fort Lauderdale-West Palm Beach, FL",2024-08-05,pm25
12,86,1016,88101,3,25.794222,-80.215556,NAD83,PM2.5 - Local Conditions,24-HR BLK AVG,PM25 24-hour 2012,2023-11-26,Micrograms/cubic meter (LC),Included,1,100.0,5.3,5.3,0,29.0,238.0,Teledyne T640X at 16.67 LPM - Broadband spectroscopy,Miami Fire Station,"1200 NW 20th St, Miami, FL 33142",Florida,Miami-Dade,Miami,"Miami-Fort Lauderdale-West Palm Beach, FL",2024-08-05,pm25
12,86,1016,88101,3,25.794222,-80.215556,NAD83,PM2.5 - Local Conditions,24-HR BLK AVG,PM25 24-hour 2012,2023-11-27,Micrograms/cubic meter (LC),Included,1,100.0,6.2,6.2,0,34.0,238.0,Teledyne T640X at 16.67 LPM - Broadband spectroscopy,Miami Fire Station,"1200 NW 20th St, Miami, FL 33142",Florida,Miami-Dade,Miami,"Miami-Fort Lauderdale-West Palm Beach, FL",2024-08-05,pm25
12,86,1016,88101,3,25.794222,-80.215556,NAD83,PM2.5 - Local Conditions,24-HR BLK AVG,PM25 24-hour 2012,2023-11-28,Micrograms/cubic meter (LC),Included,1,100.0,9.4,9.4,0,52.0,238.0,Teledyne T640X at 16.67 LPM - Broadband spectroscopy,Miami Fire Station,"1200 NW 20th St, Miami, FL 33142",Florida,Miami-Dade,Miami,"Miami-Fort Lauderdale-West Palm Beach, FL",2024-08-05,pm25
12,86,1016,88101,3,25.794222,-80.215556,NAD83,PM2.5 - Local Conditions,24-HR BLK AVG,PM25 24-hour 2012,2023-11-29,Micrograms/cubic meter (LC),Included,1,100.0,7.5,7.5,0,42.0,238.0,Teledyne T640X at 16.67 LPM - Broadband spectroscopy,Miami Fire Station,"1200 NW 20th St, Miami, FL 33142",Florida,Miami-Dade,Miami,"Miami-Fort Lauderdale-West Palm Beach, FL",2024-08-05,pm25
12,86,1016,88101,3,25.794222,-80.215556,NAD83,PM2.5 - Local Conditions,24-HR BLK AVG,PM25 24-hour 2012,2023-11-30,Micrograms/cubic meter (LC),Included,1,100.0,7.7,7.7,0,43.0,238.0,Teledyne T640X at 16.67 LPM - Broadband spectroscopy,Miami Fire Station,"1200 NW 20th St, Miami, FL 33142",Florida,Miami-Dade,Miami,"Miami-Fort Lauderdale-West Palm Beach, FL",2024-08-05,pm25
12,86,1016,88101,3,25.794222,-80.215556,NAD83,PM2.5 - Local Conditions,24-HR BLK AVG,PM25 24-hour 2012,2023-12-01,Micrograms/cubic meter (LC),,1,100.0,8.1,8.1,0,45.0,638.0,Teledyne T640X at 16.67 LPM w/Network Data Alignment enabled - Broadband spectroscopy,Miami Fire Station,"1200 NW 20th St, Miami, FL 33142",Florida,Miami-Dade,Miami,"Miami-Fort Lauderdale-West Palm Beach, FL",2024-08-05,pm25
12,86,1016,88101,3,25.794222,-80.215556,NAD83,PM2.5 - Local Conditions,24-HR BLK AVG,PM25 24-hour 2012,2023-12-02,Micrograms/cubic meter (LC),,1,100.0,5.7,5.7,0,32.0,638.0,Teledyne T640X at 16.67 LPM w/Network Data Alignment enabled - Broadband spectroscopy,Miami Fire Station,"1200 NW 20th St, Miami, FL 33142",Florida,Miami-Dade,Miami,"Miami-Fort Lauderdale-West Palm Beach, FL",2024-08-05,pm25
12,86,1016,88101,3,25.794222,-80.215556,NAD83,PM2.5 - Local Conditions,24-HR BLK AVG,PM25 24-hour 2012,2023-12-03,Micrograms/cubic meter (LC),,1,100.0,7.5,7.5,0,42.0,638.0,Teledyne T640X at 16.67 LPM w/Network Data Alignment enabled - Broadband spectroscopy,Miami Fire Station,"1200 NW 20th St, Miami, FL 33142",Florida,Miami-Dade,Miami,"Miami-Fort Lauderdale-West Palm Beach, FL",2024-08-05,pm25
12,86,1016,88101,3,25.794222,-80.215556,NAD83,PM2.5 - Local Conditions,24-HR BLK AVG,PM25 24-hour 2012,2023-12-04,Micrograms/cubic meter (LC),,1,100.0,8.7,8.7,0,48.0,638.0,Teledyne T640X at 16.67 LPM w/Network Data Alignment enabled - Broadband spectroscopy,Miami Fire Station,"1200 NW 20th St, Miami, FL 33142",Florida,Miami-Dade,Miami,"Miami-Fort Lauderdale-West Palm Beach, FL",2024-08-05,pm25
12,86,1016,88101,3,25.794222,-80.215556,NAD83,PM2.5 - Local Conditions,24-HR BLK AVG,PM25 24-hour 2012,2023-12-05,Micrograms/cubic meter (LC),,1,100.0,12.6,12.6,0,58.0,638.0,Teledyne T640X at 16.67 LPM w/Network Data Alignment enabled - Broadband spectroscopy,Miami Fire Station,"1200 NW 20th St, Miami, FL 33142",Florida,Miami-Dade,Miami,"Miami-Fort Lauderdale-West Palm Beach, FL",2024-08-05,pm25
12,86,1016,88101,3,25.794222,-80.215556,NAD83,PM2.5 - Local Conditions,24-HR BLK AVG,PM25 24-hour 2012,2023-12-06,Micrograms/cubic meter (LC),,1,100.0,7.9,7.9,0,44.0,638.0,Teledyne T640X at 16.67 LPM w/Network Data Alignment enabled - Broadband spectroscopy,Miami Fire Station,"1200 NW 20th St, Miami, FL 33142",Florida,Miami-Dade,Miami,"Miami-Fort Lauderdale-West Palm Beach, FL",2024-08-05,pm25
12,86,1016,88101,3,25.794222,-80.215556,NAD83,PM2.5 - Local Conditions,24-HR BLK AVG,PM25 24-hour 2012,2023-12-07,Micrograms/cubic meter (LC),,1,100.0,6.3,6.3,0,35.0,638.0,Teledyne T640X at 16.67 LPM w/Network Data Alignment enabled - Broadband spectroscopy,Miami Fire Station,"1200 NW 20th St, Miami, FL 33142",Florida,Miami-Dade,Miami,"Miami-Fort Lauderdale-West Palm Beach, FL",2024-08-05,pm25
12,86,1016,88101,3,25.794222,-80.215556,NAD83,PM2.5 - Local Conditions,24-HR BLK AVG,PM25 24-hour 2012,2023-12-08,Micrograms/cubic meter (LC),,1,100.0,7.1,7.1,0,39.0,638.0,Teledyne T640X at 16.67 LPM w/Network Data Alignment enabled - Broadband spectroscopy,Miami Fire Station,"1200 NW 20th St, Miami, FL 33142",Florida,Miami-Dade,Miami,"Miami-Fort Lauderdale-West Palm Beach, FL",2024-08-05,pm25
12,86,1016,88101,3,25.794222,-80.215556,NAD83,PM2.5 - Local Conditions,24-HR BLK AVG,PM25 24-hour 2012,2023-12-09,Micrograms/cubic meter (LC),,1,100.0,7.1,7.1,0,39.0,638.0,Teledyne T640X at 16.67 LPM w/Network Data Alignment enabled - Broadband spectroscopy,Miami Fire Station,"1200 NW 20th St, Miami, FL 33142",Florida,Miami-Dade,Miami,"Miami-Fort Lauderdale-West Palm Beach, FL",2024-08-05,pm25
12,86,1016,88101,3,25.794222,-80.215556,NAD83,PM2.5 - Local Conditions,24-HR BLK AVG,PM25 24-hour 2012,2023-12-10,Micrograms/cubic meter (LC),,1,100.0,6.4,6.4,0,36.0,638.0,Teledyne T640X at 16.67 LPM w/Network Data Alignment enabled - Broadband spectroscopy,Miami Fire Station,"1200 NW 20th St, Miami, FL 33142",Florida,Miami-Dade,Miami,"Miami-Fort Lauderdale-West Palm Beach, FL",2024-08-05,pm25
12,86,1016,88101,3,25.794222,-80.215556,NAD83,PM2.5 - Local Conditions,24-HR BLK AVG,PM25 24-hour 2012,2023-12-11,Micrograms/cubic meter (LC),,1,100.0,5.9,5.9,0,33.0,638.0,Teledyne T640X at 16.67 LPM w/Network Data Alignment enabled - Broadband spectroscopy,Miami Fire Station,"1200 NW 20th St, Miami, FL 33142",Florida,Miami-Dade,Miami,"Miami-Fort Lauderdale-West Palm Beach, FL",2024-08-05,pm25
12,86,1016,88101,3,25.794222,-80.215556,NAD83,PM2.5 - Local Conditions,24-HR BLK AVG,PM25 24-hour 2012,2023-12-12,Micrograms/cubic meter (LC),,1,100.0,6.5,6.5,0,36.0,638.0,Teledyne T640X at 16.67 LPM w/Network Data Alignment enabled - Broadband spectroscopy,Miami Fire Station,"1200 NW 20th St, Miami, FL 33142",Florida,Miami-Dade,Miami,"Miami-Fort Lauderdale-West Palm Beach, FL",2024-08-05,pm25
12,86,1016,88101,3,25.794222,-80.215556,NAD83,PM2.5 - Local Conditions,24-HR BLK AVG,PM25 24-hour 2012,2023-12-13,Micrograms/cubic meter (LC),,1,100.0,7.2,7.2,0,40.0,638.0,Teledyne T640X at 16.67 LPM w/Network Data Alignment enabled - Broadband spectroscopy,Miami Fire Station,"1200 NW 20th St, Miami, FL 33142",Florida,Miami-Dade,Miami,"Miami-Fort Lauderdale-West Palm Beach, FL",2024-08-05,pm25
12,86,1016,88101,3,25.794222,-80.215556,NAD83,PM2.5 - Local Conditions,24-HR BLK AVG,PM25 24-hour 2012,2023-12-14,Micrograms/cubic meter (LC),,1,100.0,7.2,7.2,0,40.0,638.0,Teledyne T640X at 16.67 LPM w/Network Data Alignment enabled - Broadband spectroscopy,Miami Fire Station,"1200 NW 20th St, Miami, FL 33142",Florida,Miami-Dade,Miami,"Miami-Fort Lauderdale-West Palm Beach, FL",2024-08-05,pm25
12,86,1016,88101,3,25.794222,-80.215556,NAD83,PM2.5 - Local Conditions,24-HR BLK AVG,PM25 24-hour 2012,2023-12-15,Micrograms/cubic meter (LC),,1,100.0,10.1,10.1,0,53.0,638.0,Teledyne T640X at 16.67 LPM w/Network Data Alignment enabled - Broadband spectroscopy,Miami Fire Station,"1200 NW 20th St, Miami, FL 33142",Florida,Miami-Dade,Miami,"Miami-Fort Lauderdale-West Palm Beach, FL",2024-08-05,pm25
12,86,1016,88101,3,25.794222,-80.215556,NAD83,PM2.5 - Local Conditions,24-HR BLK AVG,PM25 24-hour 2012,2023-12-16,Micrograms/cubic meter (LC),,1,100.0,8.6,8.6,0,48.0,638.0,Teledyne T640X at 16.67 LPM w/Network Data Alignment enabled - Broadband spectroscopy,Miami Fire Station,"1200 NW 20th St, Miami, FL 33142",Florida,Miami-Dade,Miami,"Miami-Fort Lauderdale-West Palm Beach, FL",2024-08-05,pm25
12,86,1016,88101,3,25.794222,-80.215556,NAD83,PM2.5 - Local Conditions,24-HR BLK AVG,PM25 24-hour 2012,2023-12-17,Micrograms/cubic meter (LC),,1,100.0,5.6,5.6,0,31.0,638.0,Teledyne T640X at 16.67 LPM w/Network Data Alignment enabled - Broadband spectroscopy,Miami Fire Station,"1200 NW 20th St, Miami, FL 33142",Florida,Miami-Dade,Miami,"Miami-Fort Lauderdale-West Palm Beach, FL",2024-08-05,pm25
12,86,1016,88101,3,25.794222,-80.215556,NAD83,PM2.5 - Local Conditions,24-HR BLK AVG,PM25 24-hour 2012,2023-12-18,Micrograms/cubic meter (LC),,1,100.0,5.3,5.3,0,29.0,638.0,Teledyne T640X at 16.67 LPM w/Network Data Alignment enabled - Broadband spectroscopy,Miami Fire Station,"1200 NW 20th St, Miami, FL 33142",Florida,Miami-Dade,Miami,"Miami-Fort Lauderdale-West Palm Beach, FL",2024-08-05,pm25
12,86,1016,88101,3,25.794222,-80.215556,NAD83,PM2.5 - Local Conditions,24-HR BLK AVG,PM25 24-hour 2012,2023-12-19,Micrograms/cubic meter (LC),,1,100.0,6.8,6.8,0,38.0,638.0,Teledyne T640X at 16.67 LPM w/Network Data Alignment enabled - Broadband spectroscopy,Miami Fire Station,"1200 NW 20th St, Miami, FL 33142",Florida,Miami-Dade,Miami,"Miami-Fort Lauderdale-West Palm Beach, FL",2024-08-05,pm25
12,86,1016,88101,3,25.794222,-80.215556,NAD83,PM2.5 - Local Conditions,24-HR BLK AVG,PM25 24-hour 2012,2023-12-20,Micrograms/cubic meter (LC),,1,100.0,6.5,6.5,0,36.0,638.0,Teledyne T640X at 16.67 LPM w/Network Data Alignment enabled - Broadband spectroscopy,Miami Fire Station,"1200 NW 20th St, Miami, FL 33142",Florida,Miami-Dade,Miami,"Miami-Fort Lauderdale-West Palm Beach, FL",2024-08-05,pm25
12,86,1016,88101,3,25.794222,-80.215556,NAD83,PM2.5 - Local Conditions,24-HR BLK AVG,PM25 24-hour 2012,2023-12-21,Micrograms/cubic meter (LC),,1,100.0,5.5,5.5,0,31.0,638.0,Teledyne T640X at 16.67 LPM w/Network Data Alignment enabled - Broadband spectroscopy,Miami Fire Station,"1200 NW 20th St, Miami, FL 33142",Florida,Miami-Dade,Miami,"Miami-Fort Lauderdale-West Palm Beach, FL",2024-08-05,pm25
12,86,1016,88101,3,25.794222,-80.215556,NAD83,PM2.5 - Local Conditions,24-HR BLK AVG,PM25 24-hour 2012,2023-12-22,Micrograms/cubic meter (LC),,1,100.0,4.8,4.8,0,27.0,638.0,Teledyne T640X at 16.67 LPM w/Network Data Alignment enabled - Broadband spectroscopy,Miami Fire Station,"1200 NW 20th St, Miami, FL 33142",Florida,Miami-Dade,Miami,"Miami-Fort Lauderdale-West Palm Beach, FL",2024-08-05,pm25
12,86,1016,88101,3,25.794222,-80.215556,NAD83,PM2.5 - Local Conditions,24-HR BLK AVG,PM25 24-hour 2012,2023-12-23,Micrograms/cubic meter (LC),,1,100.0,5.0,5.0,0,28.0,638.0,Teledyne T640X at 16.67 LPM w/Network Data Alignment enabled - Broadband spectroscopy,Miami Fire Station,"1200 NW 20th St, Miami, FL 33142",Florida,Miami-Dade,Miami,"Miami-Fort Lauderdale-West Palm Beach, FL",2024-08-05,pm25
12,86,1016,88101,3,25.794222,-80.215556,NAD83,PM2.5 - Local Conditions,24-HR BLK AVG,PM25 24-hour 2012,2023-12-24,Micrograms/cubic meter (LC),,1,100.0,4.6,4.6,0,26.0,638.0,Teledyne T640X at 16.67 LPM w/Network Data Alignment enabled - Broadband spectroscopy,Miami Fire Station,"1200 NW 20th St, Miami, FL 33142",Florida,Miami-Dade,Miami,"Miami-Fort Lauderdale-West Palm Beach, FL",2024-08-05,pm25
12,86,1016,88101,3,25.794222,-80.215556,NAD83,PM2.5 - Local Conditions,24-HR BLK AVG,PM25 24-hour 2012,2023-12-25,Micrograms/cubic meter (LC),,1,100.0,6.2,6.2,0,34.0,638.0,Teledyne T640X at 16.67 LPM w/Network Data Alignment enabled - Broadband spectroscopy,Miami Fire Station,"1200 NW 20th St, Miami, FL 33142",Florida,Miami-Dade,Miami,"Miami-Fort Lauderdale-West Palm Beach, FL",2024-08-05,pm25
12,86,1016,88101,3,25.794222,-80.215556,NAD83,PM2.5 - Local Conditions,24-HR BLK AVG,PM25 24-hour 2012,2023-12-26,Micrograms/cubic meter (LC),,1,100.0,5.0,5.0,0,28.0,638.0,Teledyne T640X at 16.67 LPM w/Network Data Alignment enabled - Broadband spectroscopy,Miami Fire Station,"1200 NW 20th St, Miami, FL 33142",Florida,Miami-Dade,Miami,"Miami-Fort Lauderdale-West Palm Beach, FL",2024-08-05,pm25
12,86,1016,88101,3,25.794222,-80.215556,NAD83,PM2.5 - Local Conditions,24-HR BLK AVG,PM25 24-hour 2012,2023-12-27,Micrograms/cubic meter (LC),,1,100.0,5.6,5.6,0,31.0,638.0,Teledyne T640X at 16.67 LPM w/Network Data Alignment enabled - Broadband spectroscopy,Miami Fire Station,"1200 NW 20th St, Miami, FL 33142",Florida,Miami-Dade,Miami,"Miami-Fort Lauderdale-West Palm Beach, FL",2024-08-05,pm25
12,86,1016,88101,3,25.794222,-80.215556,NAD83,PM2.5 - Local Conditions,24-HR BLK AVG,PM25 24-hour 2012,2023-12-28,Micrograms/cubic meter (LC),,1,100.0,5.8,5.8,0,32.0,638.0,Teledyne T640X at 16.67 LPM w/Network Data Alignment enabled - Broadband spectroscopy,Miami Fire Station,"1200 NW 20th St, Miami, FL 33142",Florida,Miami-Dade,Miami,"Miami-Fort Lauderdale-West Palm Beach, FL",2024-08-05,pm25
12,86,1016,88101,3,25.794222,-80.215556,NAD83,PM2.5 - Local Conditions,24-HR BLK AVG,PM25 24-hour 2012,2023-12-29,Micrograms/cubic meter (LC),,1,100.0,4.8,4.8,0,27.0,638.0,Teledyne T640X at 16.67 LPM w/Network Data Alignment enabled - Broadband spectroscopy,Miami Fire Station,"1200 NW 20th St, Miami, FL 33142",Florida,Miami-Dade,Miami,"Miami-Fort Lauderdale-West Palm Beach, FL",2024-08-05,pm25
12,86,1016,88101,3,25.794222,-80.215556,NAD83,PM2.5 - Local Conditions,24-HR BLK AVG,PM25 24-hour 2012,2023-12-30,Micrograms/cubic meter (LC),,1,100.0,7.0,7.0,0,39.0,638.0,Teledyne T640X at 16.67 LPM w/Network Data Alignment enabled - Broadband spectroscopy,Miami Fire Station,"1200 NW 20th St, Miami, FL 33142",Florida,Miami-Dade,Miami,"Miami-Fort Lauderdale-West Palm Beach, FL",2024-08-05,pm25
12,86,1016,88101,3,25.794222,-80.215556,NAD83,PM2.5 - Local Conditions,24-HR BLK AVG,PM25 24-hour 2012,2023-12-31,Micrograms/cubic meter (LC),,1,100.0,17.4,17.4,0,66.0,638.0,Teledyne T640X at 16.67 LPM w/Network Data Alignment enabled - Broadband spectroscopy,Miami Fire Station,"1200 NW 20th St, Miami, FL 33142",Florida,Miami-Dade,Miami,"Miami-Fort Lauderdale-West Palm Beach, FL",2024-08-05,pm25
12,86,1016,88101,23,25.794222,-80.215556,NAD83,PM2.5 - Local Conditions,24-HR BLK AVG,PM25 24-hour 2012,2023-01-01,Micrograms/cubic meter (LC),,1,100.0,15.4,15.4,0,63.0,738.0,Teledyne T640X at 16.67 LPM (Corrected) - Broadband spectroscopy,Miami Fire Station,"1200 NW 20th St, Miami, FL 33142",Florida,Miami-Dade,Miami,"Miami-Fort Lauderdale-West Palm Beach, FL",2024-08-05,pm25
12,86,1016,88101,23,25.794222,-80.215556,NAD83,PM2.5 - Local Conditions,24-HR BLK AVG,PM25 24-hour 2012,2023-01-02,Micrograms/cubic meter (LC),,1,100.0,4.9,4.9,0,27.0,738.0,Teledyne T640X at 16.67 LPM (Corrected) - Broadband spectroscopy,Miami Fire Station,"1200 NW 20th St, Miami, FL 33142",Florida,Miami-Dade,Miami,"Miami-Fort Lauderdale-West Palm Beach, FL",2024-08-05,pm25
12,86,1016,88101,23,25.794222,-80.215556,NAD83,PM2.5 - Local Conditions,24-HR BLK AVG,PM25 24-hour 2012,2023-01-03,Micrograms/cubic meter (LC),,1,100.0,4.3,4.3,0,24.0,738.0,Teledyne T640X at 16.67 LPM (Corrected) - Broadband spectroscopy,Miami Fire Station,"1200 NW 20th St, Miami, FL 33142",Florida,Miami-Dade,Miami,"Miami-Fort Lauderdale-West Palm Beach, FL",2024-08-05,pm25
12,86,1016,88101,23,25.794222,-80.215556,NAD83,PM2.5 - Local Conditions,24-HR BLK AVG,PM25 24-hour 2012,2023-01-04,Micrograms/cubic meter (LC),,1,100.0,4.5,4.5,0,25.0,738.0,Teledyne T640X at 16.67 LPM (Corrected) - Broadband spectroscopy,Miami Fire Station,"1200 NW 20th St, Miami, FL 33142",Florida,Miami-Dade,Miami,"Miami-Fort Lauderdale-West Palm Beach, FL",2024-08-05,pm25
12,86,1016,88101,23,25.794222,-80.215556,NAD83,PM2.5 - Local Conditions,24-HR BLK AVG,PM25 24-hour 2012,2023-01-05,Micrograms/cubic meter (LC),,1,100.0,3.8,3.8,0,21.0,738.0,Teledyne T640X at 16.67 LPM (Corrected) - Broadband spectroscopy,Miami Fire Station,"1200 NW 20th St, Miami, FL 33142",Florida,Miami-Dade,Miami,"Miami-Fort Lauderdale-West Palm Beach, FL",2024-08-05,pm25
12,86,1016,88101,23,25.794222,-80.215556,NAD83,PM2.5 - Local Conditions,24-HR BLK AVG,PM25 24-hour 2012,2023-01-06,Micrograms/cubic meter (LC),,1,100.0,4.9,4.9,0,27.0,738.0,Teledyne T640X at 16.67 LPM (Corrected) - Broadband spectroscopy,Miami Fire Station,"1200 NW 20th St, Miami, FL 33142",Florida,Miami-Dade,Miami,"Miami-Fort Lauderdale-West Palm Beach, FL",2024-08-05,pm25
12,86,1016,88101,23,25.794222,-80.215556,NAD83,PM2.5 - Local Conditions,24-HR BLK AVG,PM25 24-hour 2012,2023-01-07,Micrograms/cubic meter (LC),,1,100.0,3.5,3.5,0,19.0,738.0,Teledyne T640X at 16.67 LPM (Corrected) - Broadband spectroscopy,Miami Fire Station,"1200 NW 20th St, Miami, FL 33142",Florida,Miami-Dade,Miami,"Miami-Fort Lauderdale-West Palm Beach, FL",2024-08-05,pm25
12,86,1016,88101,23,25.794222,-80.215556,NAD83,PM2.5 - Local Conditions,24-HR BLK AVG,PM25 24-hour 2012,2023-01-08,Micrograms/cubic meter (LC),,1,100.0,3.5,3.5,0,19.0,738.0,Teledyne T640X at 16.67 LPM (Corrected) - Broadband spectroscopy,Miami Fire Station,"1200 NW 20th St, Miami, FL 33142",Florida,Miami-Dade,Miami,"Miami-Fort Lauderdale-West Palm Beach, FL",2024-08-05,pm25
12,86,1016,88101,23,25.794222,-80.215556,NAD83,PM2.5 - Local Conditions,24-HR BLK AVG,PM25 24-hour 2012,2023-01-09,Micrograms/cubic meter (LC),,1,100.0,9.2,9.2,0,51.0,738.0,Teledyne T640X at 16.67 LPM (Corrected) - Broadband spectroscopy,Miami Fire Station,"1200 NW 20th St, Miami, FL 33142",Florida,Miami-Dade,Miami,"Miami-Fort Lauderdale-West Palm Beach, FL",2024-08-05,pm25
12,86,1016,88101,23,25.794222,-80.215556,NAD83,PM2.5 - Local Conditions,24-HR BLK AVG,PM25 24-hour 2012,2023-01-10,Micrograms/cubic meter (LC),,1,100.0,6.3,6.3,0,35.0,738.0,Teledyne T640X at 16.67 LPM (Corrected) - Broadband spectroscopy,Miami Fire Station,"1200 NW 20th St, Miami, FL 33142",Florida,Miami-Dade,Miami,"Miami-Fort Lauderdale-West Palm Beach, FL",2024-08-05,pm25
12,86,1016,88101,23,25.794222,-80.215556,NAD83,PM2.5 - Local Conditions,24-HR BLK AVG,PM25 24-hour 2012,2023-01-11,Micrograms/cubic meter (LC),,1,100.0,9.1,9.1,0,51.0,738.0,Teledyne T640X at 16.67 LPM (Corrected) - Broadband spectroscopy,Miami Fire Station,"1200 NW 20th St, Miami, FL 33142",Florida,Miami-Dade,Miami,"Miami-Fort Lauderdale-West Palm Beach, FL",2024-08-05,pm25
12,86,1016,88101,23,25.794222,-80.215556,NAD83,PM2.5 - Local Conditions,24-HR BLK AVG,PM25 24-hour 2012,2023-01-12,Micrograms/cubic meter (LC),,1,100.0,7.9,7.9,0,44.0,738.0,Teledyne T640X at 16.67 LPM (Corrected) - Broadband spectroscopy,Miami Fire Station,"1200 NW 20th St, Miami, FL 33142",Florida,Miami-Dade,Miami,"Miami-Fort Lauderdale-West Palm Beach, FL",2024-08-05,pm25
12,86,1016,88101,23,25.794222,-80.215556,NAD83,PM2.5 - Local Conditions,24-HR BLK AVG,PM25 24-hour 2012,2023-01-13,Micrograms/cubic meter (LC),,1,100.0,6.0,6.0,0,33.0,738.0,Teledyne T640X at 16.67 LPM (Corrected) - Broadband spectroscopy,Miami Fire Station,"1200 NW 20th St, Miami, FL 33142",Florida,Miami-Dade,Miami,"Miami-Fort Lauderdale-West Palm Beach, FL",2024-08-05,pm25
12,86,1016,88101,23,25.794222,-80.215556,NAD83,PM2.5 - Local Conditions,24-HR BLK AVG,PM25 24-hour 2012,2023-01-14,Micrograms/cubic meter (LC),,1,100.0,4.3,4.3,0,24.0,738.0,Teledyne T640X at 16.67 LPM (Corrected) - Broadband spectroscopy,Miami Fire Station,"1200 NW 20th St, Miami, FL 33142",Florida,Miami-Dade,Miami,"Miami-Fort Lauderdale-West Palm Beach, FL",2024-08-05,pm25
12,86,1016,88101,23,25.794222,-80.215556,NAD83,PM2.5 - Local Conditions,24-HR BLK AVG,PM25 24-hour 2012,2023-01-15,Micrograms/cubic meter (LC),,1,100.0,8.0,8.0,0,44.0,738.0,Teledyne T640X at 16.67 LPM (Corrected) - Broadband spectroscopy,Miami Fire Station,"1200 NW 20th St, Miami, FL 33142",Florida,Miami-Dade,Miami,"Miami-Fort Lauderdale-West Palm Beach, FL",2024-08-05,pm25
12,86,1016,88101,23,25.794222,-80.215556,NAD83,PM2.5 - Local Conditions,24-HR BLK AVG,PM25 24-hour 2012,2023-01-16,Micrograms/cubic meter (LC),,1,100.0,8.8,8.8,0,49.0,738.0,Teledyne T640X at 16.67 LPM (Corrected) - Broadband spectroscopy,Miami Fire Station,"1200 NW 20th St, Miami, FL 33142",Florida,Miami-Dade,Miami,"Miami-Fort Lauderdale-West Palm Beach, FL",2024-08-05,pm25
12,86,1016,88101,23,25.794222,-80.215556,NAD83,PM2.5 - Local Conditions,24-HR BLK AVG,PM25 24-hour 2012,2023-01-17,Micrograms/cubic meter (LC),,1,100.0,9.7,9.7,0,52.0,738.0,Teledyne T640X at 16.67 LPM (Corrected) - Broadband spectroscopy,Miami Fire Station,"1200 NW 20th St, Miami, FL 33142",Florida,Miami-Dade,Miami,"Miami-Fort Lauderdale-West Palm Beach, FL",2024-08-05,pm25
12,86,1016,88101,23,25.794222,-80.215556,NAD83,PM2.5 - Local Conditions,24-HR BLK AVG,PM25 24-hour 2012,2023-01-18,Micrograms/cubic meter (LC),,1,100.0,8.5,8.5,0,47.0,738.0,Teledyne T640X at 16.67 LPM (Corrected) - Broadband spectroscopy,Miami Fire Station,"1200 NW 20th St, Miami, FL 33142",Florida,Miami-Dade,Miami,"Miami-Fort Lauderdale-West Palm Beach, FL",2024-08-05,pm25
12,86,1016,88101,23,25.794222,-80.215556,NAD83,PM2.5 - Local Conditions,24-HR BLK AVG,PM25 24-hour 2012,2023-01-19,Micrograms/cubic meter (LC),,1,100.0,4.5,4.5,0,25.0,738.0,Teledyne T640X at 16.67 LPM (Corrected) - Broadband spectroscopy,Miami Fire Station,"1200 NW 20th St, Miami, FL 33142",Florida,Miami-Dade,Miami,"Miami-Fort Lauderdale-West Palm Beach, FL",2024-08-05,pm25
12,86,1016,88101,23,25.794222,-80.215556,NAD83,PM2.5 - Local Conditions,24-HR BLK AVG,PM25 24-hour 2012,2023-01-20,Micrograms/cubic meter (LC),,1,100.0,5.7,5.7,0,32.0,738.0,Teledyne T640X at 16.67 LPM (Corrected) - Broadband spectroscopy,Miami Fire Station,"1200 NW 20th St, Miami, FL 33142",Florida,Miami-Dade,Miami,"Miami-Fort Lauderdale-West Palm Beach, FL",2024-08-05,pm25
12,86,1016,88101,23,25.794222,-80.215556,NAD83,PM2.5 - Local Conditions,24-HR BLK AVG,PM25 24-hour 2012,2023-01-21,Micrograms/cubic meter (LC),,1,100.0,5.7,5.7,0,32.0,738.0,Teledyne T640X at 16.67 LPM (Corrected) - Broadband spectroscopy,Miami Fire Station,"1200 NW 20th St, Miami, FL 33142",Florida,Miami-Dade,Miami,"Miami-Fort Lauderdale-West Palm Beach, FL",2024-08-05,pm25
12,86,1016,88101,23,25.794222,-80.215556,NAD83,PM2.5 - Local Conditions,24-HR BLK AVG,PM25 24-hour 2012,2023-01-22,Micrograms/cubic meter (LC),,1,100.0,5.2,5.2,0,29.0,738.0,Teledyne T640X at 16.67 LPM (Corrected) - Broadband spectroscopy,Miami Fire Station,"1200 NW 20th St, Miami, FL 33142",Florida,Miami-Dade,Miami,"Miami-Fort Lauderdale-West Palm Beach, FL",2024-08-05,pm25
12,86,1016,88101,23,25.794222,-80.215556,NAD83,PM2.5 - Local Conditions,24-HR BLK AVG,PM25 24-hour 2012,2023-01-23,Micrograms/cubic meter (LC),,1,100.0,9.1,9.1,0,51.0,738.0,Teledyne T640X at 16.67 LPM (Corrected) - Broadband spectroscopy,Miami Fire Station,"1200 NW 20th St, Miami, FL 33142",Florida,Miami-Dade,Miami,"Miami-Fort Lauderdale-West Palm Beach, FL",2024-08-05,pm25
12,86,1016,88101,23,25.794222,-80.215556,NAD83,PM2.5 - Local Conditions,24-HR BLK AVG,PM25 24-hour 2012,2023-01-24,Micrograms/cubic meter (LC),,1,100.0,7.3,7.3,0,41.0,738.0,Teledyne T640X at 16.67 LPM (Corrected) - Broadband spectroscopy,Miami Fire Station,"1200 NW 20th St, Miami, FL 33142",Florida,Miami-Dade,Miami,"Miami-Fort Lauderdale-West Palm Beach, FL",2024-08-05,pm25
12,86,1016,88101,23,25.794222,-80.215556,NAD83,PM2.5 - Local Conditions,24-HR BLK AVG,PM25 24-hour 2012,2023-01-25,Micrograms/cubic meter (LC),,1,100.0,6.5,6.5,0,36.0,738.0,Teledyne T640X at 16.67 LPM (Corrected) - Broadband spectroscopy,Miami Fire Station,"1200 NW 20th St, Miami, FL 33142",Florida,Miami-Dade,Miami,"Miami-Fort Lauderdale-West Palm Beach, FL",2024-08-05,pm25
12,86,1016,88101,23,25.794222,-80.215556,NAD83,PM2.5 - Local Conditions,24-HR BLK AVG,PM25 24-hour 2012,2023-01-26,Micrograms/cubic meter (LC),,1,100.0,8.1,8.1,0,45.0,738.0,Teledyne T640X at 16.67 LPM (Corrected) - Broadband spectroscopy,Miami Fire Station,"1200 NW 20th St, Miami, FL 33142",Florida,Miami-Dade,Miami,"Miami-Fort Lauderdale-West Palm Beach, FL",2024-08-05,pm25
12,86,1016,88101,23,25.794222,-80.215556,NAD83,PM2.5 - Local Conditions,24-HR BLK AVG,PM25 24-hour 2012,2023-01-27,Micrograms/cubic meter (LC),,1,100.0,6.8,6.8,0,38.0,738.0,Teledyne T640X at 16.67 LPM (Corrected) - Broadband spectroscopy,Miami Fire Station,"1200 NW 20th St, Miami, FL 33142",Florida,Miami-Dade,Miami,"Miami-Fort Lauderdale-West Palm Beach, FL",2024-08-05,pm25
12,86,1016,88101,23,25.794222,-80.215556,NAD83,PM2.5 - Local Conditions,24-HR BLK AVG,PM25 24-hour 2012,2023-01-28,Micrograms/cubic meter (LC),,1,100.0,6.1,6.1,0,34.0,738.0,Teledyne T640X at 16.67 LPM (Corrected) - Broadband spectroscopy,Miami Fire Station,"1200 NW 20th St, Miami, FL 33142",Florida,Miami-Dade,Miami,"Miami-Fort Lauderdale-West Palm Beach, FL",2024-08-05,pm25
12,86,1016,88101,23,25.794222,-80.215556,NAD83,PM2.5 - Local Conditions,24-HR BLK AVG,PM25 24-hour 2012,2023-01-29,Micrograms/cubic meter (LC),,1,100.0,5.6,5.6,0,31.0,738.0,Teledyne T640X at 16.67 LPM (Corrected) - Broadband spectroscopy,Miami Fire Station,"1200 NW 20th St, Miami, FL 33142",Florida,Miami-Dade,Miami,"Miami-Fort Lauderdale-West Palm Beach, FL",2024-08-05,pm25
12,86,1016,88101,23,25.794222,-80.215556,NAD83,PM2.5 - Local Conditions,24-HR BLK AVG,PM25 24-hour 2012,2023-01-30,Micrograms/cubic meter (LC),,1,100.0,5.2,5.2,0,29.0,738.0,Teledyne T640X at 16.67 LPM (Corrected) - Broadband spectroscopy,Miami Fire Station,"1200 NW 20th St, Miami, FL 33142",Florida,Miami-Dade,Miami,"Miami-Fort Lauderdale-West Palm Beach, FL",2024-08-05,pm25
12,86,1016,88101,23,25.794222,-80.215556,NAD83,PM2.5 - Local Conditions,24-HR BLK AVG,PM25 24-hour 2012,2023-01-31,Micrograms/cubic meter (LC),,1,100.0,5.4,5.4,0,30.0,738.0,Teledyne T640X at 16.67 LPM (Corrected) - Broadband spectroscopy,Miami Fire Station,"1200 NW 20th St, Miami, FL 33142",Florida,Miami-Dade,Miami,"Miami-Fort Lauderdale-West Palm Beach, FL",2024-08-05,pm25
12,86,1016,88101,23,25.794222,-80.215556,NAD83,PM2.5 - Local Conditions,24-HR BLK AVG,PM25 24-hour 2012,2023-02-01,Micrograms/cubic meter (LC),,1,100.0,5.2,5.2,0,29.0,738.0,Teledyne T640X at 16.67 LPM (Corrected) - Broadband spectroscopy,Miami Fire Station,"1200 NW 20th St, Miami, FL 33142",Florida,Miami-Dade,Miami,"Miami-Fort Lauderdale-West Palm Beach, FL",2024-08-05,pm25
12,86,1016,88101,23,25.794222,-80.215556,NAD83,PM2.5 - Local Conditions,24-HR BLK AVG,PM25 24-hour 2012,2023-02-02,Micrograms/cubic meter (LC),,1,100.0,4.7,4.7,0,26.0,738.0,Teledyne T640X at 16.67 LPM (Corrected) - Broadband spectroscopy,Miami Fire Station,"1200 NW 20th St, Miami, FL 33142",Florida,Miami-Dade,Miami,"Miami-Fort Lauderdale-West Palm Beach, FL",2024-08-05,pm25
12,86,1016,88101,23,25.794222,-80.215556,NAD83,PM2.5 - Local Conditions,24-HR BLK AVG,PM25 24-hour 2012,2023-02-03,Micrograms/cubic meter (LC),,1,100.0,5.4,5.4,0,30.0,738.0,Teledyne T640X at 16.67 LPM (Corrected) - Broadband spectroscopy,Miami Fire Station,"1200 NW 20th St, Miami, FL 33142",Florida,Miami-Dade,Miami,"Miami-Fort Lauderdale-West Palm Beach, FL",2024-08-05,pm25
12,86,1016,88101,23,25.794222,-80.215556,NAD83,PM2.5 - Local Conditions,24-HR BLK AVG,PM25 24-hour 2012,2023-02-04,Micrograms/cubic meter (LC),,1,100.0,6.7,6.7,0,37.0,738.0,Teledyne T640X at 16.67 LPM (Corrected) - Broadband spectroscopy,Miami Fire Station,"1200 NW 20th St, Miami, FL 33142",Florida,Miami-Dade,Miami,"Miami-Fort Lauderdale-West Palm Beach, FL",2024-08-05,pm25
12,86,1016,88101,23,25.794222,-80.215556,NAD83,PM2.5 - Local Conditions,24-HR BLK AVG,PM25 24-hour 2012,2023-02-05,Micrograms/cubic meter (LC),,1,100.0,5.8,5.8,0,32.0,738.0,Teledyne T640X at 16.67 LPM (Corrected) - Broadband spectroscopy,Miami Fire Station,"1200 NW 20th St, Miami, FL 33142",Florida,Miami-Dade,Miami,"Miami-Fort Lauderdale-West Palm Beach, FL",2024-08-05,pm25
12,86,1016,88101,23,25.794222,-80.215556,NAD83,PM2.5 - Local Conditions,24-HR BLK AVG,PM25 24-hour 2012,2023-02-06,Micrograms/cubic meter (LC),,1,100.0,6.0,6.0,0,33.0,738.0,Teledyne T640X at 16.67 LPM (Corrected) - Broadband spectroscopy,Miami Fire Station,"1200 NW 20th St, Miami, FL 33142",Florida,Miami-Dade,Miami,"Miami-Fort Lauderdale-West Palm Beach, FL",2024-08-05,pm25
12,86,1016,88101,23,25.794222,-80.215556,NAD83,PM2.5 - Local Conditions,24-HR BLK AVG,PM25 24-hour 2012,2023-02-07,Micrograms/cubic meter (LC),,1,100.0,5.9,5.9,0,33.0,738.0,Teledyne T640X at 16.67 LPM (Corrected) - Broadband spectroscopy,Miami Fire Station,"1200 NW 20th St, Miami, FL 33142",Florida,Miami-Dade,Miami,"Miami-Fort Lauderdale-West Palm Beach, FL",2024-08-05,pm25
12,86,1016,88101,23,25.794222,-80.215556,NAD83,PM2.5 - Local Conditions,24-HR BLK AVG,PM25 24-hour 2012,2023-02-08,Micrograms/cubic meter (LC),,1,100.0,6.9,6.9,0,38.0,738.0,Teledyne T640X at 16.67 LPM (Corrected) - Broadband spectroscopy,Miami Fire Station,"1200 NW 20th St, Miami, FL 33142",Florida,Miami-Dade,Miami,"Miami-Fort Lauderdale-West Palm Beach, FL",2024-08-05,pm25
12,86,1016,88101,23,25.794222,-80.215556,NAD83,PM2.5 - Local Conditions,24-HR BLK AVG,PM25 24-hour 2012,2023-02-09,Micrograms/cubic meter (LC),,1,100.0,7.8,7.8,0,43.0,738.0,Teledyne T640X at 16.67 LPM (Corrected) - Broadband spectroscopy,Miami Fire Station,"1200 NW 20th St, Miami, FL 33142",Florida,Miami-Dade,Miami,"Miami-Fort Lauderdale-West Palm Beach, FL",2024-08-05,pm25
12,86,1016,88101,23,25.794222,-80.215556,NAD83,PM2.5 - Local Conditions,24-HR BLK AVG,PM25 24-hour 2012,2023-02-10,Micrograms/cubic meter (LC),,1,100.0,7.4,7.4,0,41.0,738.0,Teledyne T640X at 16.67 LPM (Corrected) - Broadband spectroscopy,Miami Fire Station,"1200 NW 20th St, Miami, FL 33142",Florida,Miami-Dade,Miami,"Miami-Fort Lauderdale-West Palm Beach, FL",2024-08-05,pm25
12,86,1016,88101,23,25.794222,-80.215556,NAD83,PM2.5 - Local Conditions,24-HR BLK AVG,PM25 24-hour 2012,2023-02-11,Micrograms/cubic meter (LC),,1,100.0,7.2,7.2,0,40.0,738.0,Teledyne T640X at 16.67 LPM (Corrected) - Broadband spectroscopy,Miami Fire Station,"1200 NW 20th St, Miami, FL 33142",Florida,Miami-Dade,Miami,"Miami-Fort Lauderdale-West Palm Beach, FL",2024-08-05,pm25
12,86,1016,88101,23,25.794222,-80.215556,NAD83,PM2.5 - Local Conditions,24-HR BLK AVG,PM25 24-hour 2012,2023-02-12,Micrograms/cubic meter (LC),,1,100.0,7.0,7.0,0,39.0,738.0,Teledyne T640X at 16.67 LPM (Corrected) - Broadband spectroscopy,Miami Fire Station,"1200 NW 20th St, Miami, FL 33142",Florida,Miami-Dade,Miami,"Miami-Fort Lauderdale-West Palm Beach, FL",2024-08-05,pm25
12,86,1016,88101,23,25.794222,-80.215556,NAD83,PM2.5 - Local Conditions,24-HR BLK AVG,PM25 24-hour 2012,2023-02-13,Micrograms/cubic meter (LC),,1,100.0,6.7,6.7,0,37.0,738.0,Teledyne T640X at 16.67 LPM (Corrected) - Broadband spectroscopy,Miami Fire Station,"1200 NW 20th St, Miami, FL 33142",Florida,Miami-Dade,Miami,"Miami-Fort Lauderdale-West Palm Beach, FL",2024-08-05,pm25
12,86,1016,88101,23,25.794222,-80.215556,NAD83,PM2.5 - Local Conditions,24-HR BLK AVG,PM25 24-hour 2012,2023-02-14,Micrograms/cubic meter (LC),,1,100.0,7.3,7.3,0,41.0,738.0,Teledyne T640X at 16.67 LPM (Corrected) - Broadband spectroscopy,Miami Fire Station,"1200 NW 20th St, Miami, FL 33142",Florida,Miami-Dade,Miami,"Miami-Fort Lauderdale-West Palm Beach, FL",2024-08-05,pm25
12,86,1016,88101,23,25.794222,-80.215556,NAD83,PM2.5 - Local Conditions,24-HR BLK AVG,PM25 24-hour 2012,2023-02-15,Micrograms/cubic meter (LC),,1,100.0,7.0,7.0,0,39.0,738.0,Teledyne T640X at 16.67 LPM (Corrected) - Broadband spectroscopy,Miami Fire Station,"1200 NW 20th St, Miami, FL 33142",Florida,Miami-Dade,Miami,"Miami-Fort Lauderdale-West Palm Beach, FL",2024-08-05,pm25
12,86,1016,88101,23,25.794222,-80.215556,NAD83,PM2.5 - Local Conditions,24-HR BLK AVG,PM25 24-hour 2012,2023-02-16,Micrograms/cubic meter (LC),,1,100.0,6.7,6.7,0,37.0,738.0,Teledyne T640X at 16.67 LPM (Corrected) - Broadband spectroscopy,Miami Fire Station,"1200 NW 20th St, Miami, FL 33142",Florida,Miami-Dade,Miami,"Miami-Fort Lauderdale-West Palm Beach, FL",2024-08-05,pm25
12,86,1016,88101,23,25.794222,-80.215556,NAD83,PM2.5 - Local Conditions,24-HR BLK AVG,PM25 24-hour 2012,2023-02-17,Micrograms/cubic meter (LC),,1,100.0,8.4,8.4,0,47.0,738.0,Teledyne T640X at 16.67 LPM (Corrected) - Broadband spectroscopy,Miami Fire Station,"1200 NW 20th St, Miami, FL 33142",Florida,Miami-Dade,Miami,"Miami-Fort Lauderdale-West Palm Beach, FL",2024-08-05,pm25
12,86,1016,88101,23,25.794222,-80.215556,NAD83,PM2.5 - Local Conditions,24-HR BLK AVG,PM25 24-hour 2012,2023-02-18,Micrograms/cubic meter (LC),,1,100.0,10.3,10.3,0,53.0,738.0,Teledyne T640X at 16.67 LPM (Corrected) - Broadband spectroscopy,Miami Fire Station,"1200 NW 20th St, Miami, FL 33142",Florida,Miami-Dade,Miami,"Miami-Fort Lauderdale-West Palm Beach, FL",2024-08-05,pm25
12,86,1016,88101,23,25.794222,-80.215556,NAD83,PM2.5 - Local Conditions,24-HR BLK AVG,PM25 24-hour 2012,2023-02-19,Micrograms/cubic meter (LC),,1,100.0,7.6,7.6,0,42.0,738.0,Teledyne T640X at 16.67 LPM (Corrected) - Broadband spectroscopy,Miami Fire Station,"1200 NW 20th St, Miami, FL 33142",Florida,Miami-Dade,Miami,"Miami-Fort Lauderdale-West Palm Beach, FL",2024-08-05,pm25
12,86,1016,88101,23,25.794222,-80.215556,NAD83,PM2.5 - Local Conditions,24-HR BLK AVG,PM25 24-hour 2012,2023-02-20,Micrograms/cubic meter (LC),,1,100.0,8.2,8.2,0,46.0,738.0,Teledyne T640X at 16.67 LPM (Corrected) - Broadband spectroscopy,Miami Fire Station,"1200 NW 20th St, Miami, FL 33142",Florida,Miami-Dade,Miami,"Miami-Fort Lauderdale-West Palm Beach, FL",2024-08-05,pm25
12,86,1016,88101,23,25.794222,-80.215556,NAD83,PM2.5 - Local Conditions,24-HR BLK AVG,PM25 24-hour 2012,2023-02-21,Micrograms/cubic meter (LC),,1,100.0,6.4,6.4,0,36.0,738.0,Teledyne T640X at 16.67 LPM (Corrected) - Broadband spectroscopy,Miami Fire Station,"1200 NW 20th St, Miami, FL 33142",Florida,Miami-Dade,Miami,"Miami-Fort Lauderdale-West Palm Beach, FL",2024-08-05,pm25
12,86,1016,88101,23,25.794222,-80.215556,NAD83,PM2.5 - Local Conditions,24-HR BLK AVG,PM25 24-hour 2012,2023-02-22,Micrograms/cubic meter (LC),,1,100.0,5.6,5.6,0,31.0,738.0,Teledyne T640X at 16.67 LPM (Corrected) - Broadband spectroscopy,Miami Fire Station,"1200 NW 20th St, Miami, FL 33142",Florida,Miami-Dade,Miami,"Miami-Fort Lauderdale-West Palm Beach, FL",2024-08-05,pm25
12,86,1016,88101,23,25.794222,-80.215556,NAD83,PM2.5 - Local Conditions,24-HR BLK AVG,PM25 24-hour 2012,2023-02-23,Micrograms/cubic meter (LC),,1,100.0,6.2,6.2,0,34.0,738.0,Teledyne T640X at 16.67 LPM (Corrected) - Broadband spectroscopy,Miami Fire Station,"1200 NW 20th St, Miami, FL 33142",Florida,Miami-Dade,Miami,"Miami-Fort Lauderdale-West Palm Beach, FL",2024-08-05,pm25
12,86,1016,88101,23,25.794222,-80.215556,NAD83,PM2.5 - Local Conditions,24-HR BLK AVG,PM25 24-hour 2012,2023-02-24,Micrograms/cubic meter (LC),,1,100.0,6.5,6.5,0,36.0,738.0,Teledyne T640X at 16.67 LPM (Corrected) - Broadband spectroscopy,Miami Fire Station,"1200 NW 20th St, Miami, FL 33142",Florida,Miami-Dade,Miami,"Miami-Fort Lauderdale-West Palm Beach, FL",2024-08-05,pm25
12,86,1016,88101,23,25.794222,-80.215556,NAD83,PM2.5 - Local Conditions,24-HR BLK AVG,PM25 24-hour 2012,2023-02-25,Micrograms/cubic meter (LC),,1,100.0,5.5,5.5,0,31.0,738.0,Teledyne T640X at 16.67 LPM (Corrected) - Broadband spectroscopy,Miami Fire Station,"1200 NW 20th St, Miami, FL 33142",Florida,Miami-Dade,Miami,"Miami-Fort Lauderdale-West Palm Beach, FL",2024-08-05,pm25
12,86,1016,88101,23,25.794222,-80.215556,NAD83,PM2.5 - Local Conditions,24-HR BLK AVG,PM25 24-hour 2012,2023-02-26,Micrograms/cubic meter (LC),,1,100.0,10.3,10.3,0,53.0,738.0,Teledyne T640X at 16.67 LPM (Corrected) - Broadband spectroscopy,Miami Fire Station,"1200 NW 20th St, Miami, FL 33142",Florida,Miami-Dade,Miami,"Miami-Fort Lauderdale-West Palm Beach, FL",2024-08-05,pm25
12,86,1016,88101,23,25.794222,-80.215556,NAD83,PM2.5 - Local Conditions,24-HR BLK AVG,PM25 24-hour 2012,2023-02-27,Micrograms/cubic meter (LC),,1,100.0,10.2,10.2,0,53.0,738.0,Teledyne T640X at 16.67 LPM (Corrected) - Broadband spectroscopy,Miami Fire Station,"1200 NW 20th St, Miami, FL 33142",Florida,Miami-Dade,Miami,"Miami-Fort Lauderdale-West Palm Beach, FL",2024-08-05,pm25
12,86,1016,88101,23,25.794222,-80.215556,NAD83,PM2.5 - Local Conditions,24-HR BLK AVG,PM25 24-hour 2012,2023-02-28,Micrograms/cubic meter (LC),,1,100.0,10.2,10.2,0,53.0,738.0,Teledyne T640X at 16.67 LPM (Corrected) - Broadband spectroscopy,Miami Fire Station,"1200 NW 20th St, Miami, FL 33142",Florida,Miami-Dade,Miami,"Miami-Fort Lauderdale-West Palm Beach, FL",2024-08-05,pm25
12,86,1016,88101,23,25.794222,-80.215556,NAD83,PM2.5 - Local Conditions,24-HR BLK AVG,PM25 24-hour 2012,2023-03-01,Micrograms/cubic meter (LC),,1,100.0,17.4,17.4,0,66.0,738.0,Teledyne T640X at 16.67 LPM (Corrected) - Broadband spectroscopy,Miami Fire Station,"1200 NW 20th St, Miami, FL 33142",Florida,Miami-Dade,Miami,"Miami-Fort Lauderdale-West Palm Beach, FL",2024-08-05,pm25
12,86,1016,88101,23,25.794222,-80.215556,NAD83,PM2.5 - Local Conditions,24-HR BLK AVG,PM25 24-hour 2012,2023-03-02,Micrograms/cubic meter (LC),,1,100.0,5.9,5.9,0,33.0,738.0,Teledyne T640X at 16.67 LPM (Corrected) - Broadband spectroscopy,Miami Fire Station,"1200 NW 20th St, Miami, FL 33142",Florida,Miami-Dade,Miami,"Miami-Fort Lauderdale-West Palm Beach, FL",2024-08-05,pm25
12,86,1016,88101,23,25.794222,-80.215556,NAD83,PM2.5 - Local Conditions,24-HR BLK AVG,PM25 24-hour 2012,2023-03-03,Micrograms/cubic meter (LC),,1,100.0,13.5,13.5,0,59.0,738.0,Teledyne T640X at 16.67 LPM (Corrected) - Broadband spectroscopy,Miami Fire Station,"1200 NW 20th St, Miami, FL 33142",Florida,Miami-Dade,Miami,"Miami-Fort Lauderdale-West Palm Beach, FL",2024-08-05,pm25
12,86,1016,88101,23,25.794222,-80.215556,NAD83,PM2.5 - Local Conditions,24-HR BLK AVG,PM25 24-hour 2012,2023-03-04,Micrograms/cubic meter (LC),,1,100.0,15.1,15.1,0,62.0,738.0,Teledyne T640X at 16.67 LPM (Corrected) - Broadband spectroscopy,Miami Fire Station,"1200 NW 20th St, Miami, FL 33142",Florida,Miami-Dade,Miami,"Miami-Fort Lauderdale-West Palm Beach, FL",2024-08-05,pm25
12,86,1016,88101,23,25.794222,-80.215556,NAD83,PM2.5 - Local Conditions,24-HR BLK AVG,PM25 24-hour 2012,2023-03-05,Micrograms/cubic meter (LC),,1,100.0,10.3,10.3,0,53.0,738.0,Teledyne T640X at 16.67 LPM (Corrected) - Broadband spectroscopy,Miami Fire Station,"1200 NW 20th St, Miami, FL 33142",Florida,Miami-Dade,Miami,"Miami-Fort Lauderdale-West Palm Beach, FL",2024-08-05,pm25
12,86,1016,88101,23,25.794222,-80.215556,NAD83,PM2.5 - Local Conditions,24-HR BLK AVG,PM25 24-hour 2012,2023-03-06,Micrograms/cubic meter (LC),,1,100.0,12.0,12.0,0,56.0,738.0,Teledyne T640X at 16.67 LPM (Corrected) - Broadband spectroscopy,Miami Fire Station,"1200 NW 20th St, Miami, FL 33142",Florida,Miami-Dade,Miami,"Miami-Fort Lauderdale-West Palm Beach, FL",2024-08-05,pm25
12,86,1016,88101,23,25.794222,-80.215556,NAD83,PM2.5 - Local Conditions,24-HR BLK AVG,PM25 24-hour 2012,2023-03-07,Micrograms/cubic meter (LC),,1,100.0,13.1,13.1,0,58.0,738.0,Teledyne T640X at 16.67 LPM (Corrected) - Broadband spectroscopy,Miami Fire Station,"1200 NW 20th St, Miami, FL 33142",Florida,Miami-Dade,Miami,"Miami-Fort Lauderdale-West Palm Beach, FL",2024-08-05,pm25
12,86,1016,88101,23,25.794222,-80.215556,NAD83,PM2.5 - Local Conditions,24-HR BLK AVG,PM25 24-hour 2012,2023-03-08,Micrograms/cubic meter (LC),,1,100.0,16.1,16.1,0,64.0,738.0,Teledyne T640X at 16.67 LPM (Corrected) - Broadband spectroscopy,Miami Fire Station,"1200 NW 20th St, Miami, FL 33142",Florida,Miami-Dade,Miami,"Miami-Fort Lauderdale-West Palm Beach, FL",2024-08-05,pm25
12,86,1016,88101,23,25.794222,-80.215556,NAD83,PM2.5 - Local Conditions,24-HR BLK AVG,PM25 24-hour 2012,2023-03-09,Micrograms/cubic meter (LC),,1,100.0,8.9,8.9,0,49.0,738.0,Teledyne T640X at 16.67 LPM (Corrected) - Broadband spectroscopy,Miami Fire Station,"1200 NW 20th St, Miami, FL 33142",Florida,Miami-Dade,Miami,"Miami-Fort Lauderdale-West Palm Beach, FL",2024-08-05,pm25
12,86,1016,88101,23,25.794222,-80.215556,NAD83,PM2.5 - Local Conditions,24-HR BLK AVG,PM25 24-hour 2012,2023-03-10,Micrograms/cubic meter (LC),,1,100.0,4.6,4.6,0,26.0,738.0,Teledyne T640X at 16.67 LPM (Corrected) - Broadband spectroscopy,Miami Fire Station,"1200 NW 20th St, Miami, FL 33142",Florida,Miami-Dade,Miami,"Miami-Fort Lauderdale-West Palm Beach, FL",2024-08-05,pm25
12,86,1016,88101,23,25.794222,-80.215556,NAD83,PM2.5 - Local Conditions,24-HR BLK AVG,PM25 24-hour 2012,2023-03-11,Micrograms/cubic meter (LC),,1,100.0,9.3,9.3,0,51.0,738.0,Teledyne T640X at 16.67 LPM (Corrected) - Broadband spectroscopy,Miami Fire Station,"1200 NW 20th St, Miami, FL 33142",Florida,Miami-Dade,Miami,"Miami-Fort Lauderdale-West Palm Beach, FL",2024-08-05,pm25
12,86,1016,88101,23,25.794222,-80.215556,NAD83,PM2.5 - Local Conditions,24-HR BLK AVG,PM25 24-hour 2012,2023-03-12,Micrograms/cubic meter (LC),,1,100.0,11.8,11.8,0,56.0,738.0,Teledyne T640X at 16.67 LPM (Corrected) - Broadband spectroscopy,Miami Fire Station,"1200 NW 20th St, Miami, FL 33142",Florida,Miami-Dade,Miami,"Miami-Fort Lauderdale-West Palm Beach, FL",2024-08-05,pm25
12,86,1016,88101,23,25.794222,-80.215556,NAD83,PM2.5 - Local Conditions,24-HR BLK AVG,PM25 24-hour 2012,2023-03-13,Micrograms/cubic meter (LC),,1,100.0,13.0,13.0,0,58.0,738.0,Teledyne T640X at 16.67 LPM (Corrected) - Broadband spectroscopy,Miami Fire Station,"1200 NW 20th St, Miami, FL 33142",Florida,Miami-Dade,Miami,"Miami-Fort Lauderdale-West Palm Beach, FL",2024-08-05,pm25
12,86,1016,88101,23,25.794222,-80.215556,NAD83,PM2.5 - Local Conditions,24-HR BLK AVG,PM25 24-hour 2012,2023-03-14,Micrograms/cubic meter (LC),,1,100.0,10.0,10.0,0,53.0,738.0,Teledyne T640X at 16.67 LPM (Corrected) - Broadband spectroscopy,Miami Fire Station,"1200 NW 20th St, Miami, FL 33142",Florida,Miami-Dade,Miami,"Miami-Fort Lauderdale-West Palm Beach, FL",2024-08-05,pm25
12,86,1016,88101,23,25.794222,-80.215556,NAD83,PM2.5 - Local Conditions,24-HR BLK AVG,PM25 24-hour 2012,2023-03-15,Micrograms/cubic meter (LC),,1,100.0,6.1,6.1,0,34.0,738.0,Teledyne T640X at 16.67 LPM (Corrected) - Broadband spectroscopy,Miami Fire Station,"1200 NW 20th St, Miami, FL 33142",Florida,Miami-Dade,Miami,"Miami-Fort Lauderdale-West Palm Beach, FL",2024-08-05,pm25
12,86,1016,88101,23,25.794222,-80.215556,NAD83,PM2.5 - Local Conditions,24-HR BLK AVG,PM25 24-hour 2012,2023-03-16,Micrograms/cubic meter (LC),,1,100.0,5.0,5.0,0,28.0,738.0,Teledyne T640X at 16.67 LPM (Corrected) - Broadband spectroscopy,Miami Fire Station,"1200 NW 20th St, Miami, FL 33142",Florida,Miami-Dade,Miami,"Miami-Fort Lauderdale-West Palm Beach, FL",2024-08-05,pm25
12,86,1016,88101,23,25.794222,-80.215556,NAD83,PM2.5 - Local Conditions,24-HR BLK AVG,PM25 24-hour 2012,2023-03-17,Micrograms/cubic meter (LC),,1,100.0,4.7,4.7,0,26.0,738.0,Teledyne T640X at 16.67 LPM (Corrected) - Broadband spectroscopy,Miami Fire Station,"1200 NW 20th St, Miami, FL 33142",Florida,Miami-Dade,Miami,"Miami-Fort Lauderdale-West Palm Beach, FL",2024-08-05,pm25
12,86,1016,88101,23,25.794222,-80.215556,NAD83,PM2.5 - Local Conditions,24-HR BLK AVG,PM25 24-hour 2012,2023-03-18,Micrograms/cubic meter (LC),,1,100.0,11.6,11.6,0,56.0,738.0,Teledyne T640X at 16.67 LPM (Corrected) - Broadband spectroscopy,Miami Fire Station,"1200 NW 20th St, Miami, FL 33142",Florida,Miami-Dade,Miami,"Miami-Fort Lauderdale-West Palm Beach, FL",2024-08-05,pm25
12,86,1016,88101,23,25.794222,-80.215556,NAD83,PM2.5 - Local Conditions,24-HR BLK AVG,PM25 24-hour 2012,2023-03-19,Micrograms/cubic meter (LC),,1,100.0,12.3,12.3,0,57.0,738.0,Teledyne T640X at 16.67 LPM (Corrected) - Broadband spectroscopy,Miami Fire Station,"1200 NW 20th St, Miami, FL 33142",Florida,Miami-Dade,Miami,"Miami-Fort Lauderdale-West Palm Beach, FL",2024-08-05,pm25
12,86,1016,88101,23,25.794222,-80.215556,NAD83,PM2.5 - Local Conditions,24-HR BLK AVG,PM25 24-hour 2012,2023-03-20,Micrograms/cubic meter (LC),,1,100.0,5.6,5.6,0,31.0,738.0,Teledyne T640X at 16.67 LPM (Corrected) - Broadband spectroscopy,Miami Fire Station,"1200 NW 20th St, Miami, FL 33142",Florida,Miami-Dade,Miami,"Miami-Fort Lauderdale-West Palm Beach, FL",2024-08-05,pm25
12,86,1016,88101,23,25.794222,-80.215556,NAD83,PM2.5 - Local Conditions,24-HR BLK AVG,PM25 24-hour 2012,2023-03-21,Micrograms/cubic meter (LC),,1,100.0,6.1,6.1,0,34.0,738.0,Teledyne T640X at 16.67 LPM (Corrected) - Broadband spectroscopy,Miami Fire Station,"1200 NW 20th St, Miami, FL 33142",Florida,Miami-Dade,Miami,"Miami-Fort Lauderdale-West Palm Beach, FL",2024-08-05,pm25
12,86,1016,88101,23,25.794222,-80.215556,NAD83,PM2.5 - Local Conditions,24-HR BLK AVG,PM25 24-hour 2012,2023-03-22,Micrograms/cubic meter (LC),,1,100.0,6.1,6.1,0,34.0,738.0,Teledyne T640X at 16.67 LPM (Corrected) - Broadband spectroscopy,Miami Fire Station,"1200 NW 20th St, Miami, FL 33142",Florida,Miami-Dade,Miami,"Miami-Fort Lauderdale-West Palm Beach, FL",2024-08-05,pm25
12,86,1016,88101,23,25.794222,-80.215556,NAD83,PM2.5 - Local Conditions,24-HR BLK AVG,PM25 24-hour 2012,2023-03-23,Micrograms/cubic meter (LC),,1,100.0,6.3,6.3,0,35.0,738.0,Teledyne T640X at 16.67 LPM (Corrected) - Broadband spectroscopy,Miami Fire Station,"1200 NW 20th St, Miami, FL 33142",Florida,Miami-Dade,Miami,"Miami-Fort Lauderdale-West Palm Beach, FL",2024-08-05,pm25
12,86,1016,88101,23,25.794222,-80.215556,NAD83,PM2.5 - Local Conditions,24-HR BLK AVG,PM25 24-hour 2012,2023-03-24,Micrograms/cubic meter (LC),,1,100.0,6.3,6.3,0,35.0,738.0,Teledyne T640X at 16.67 LPM (Corrected) - Broadband spectroscopy,Miami Fire Station,"1200 NW 20th St, Miami, FL 33142",Florida,Miami-Dade,Miami,"Miami-Fort Lauderdale-West Palm Beach, FL",2024-08-05,pm25
12,86,1016,88101,23,25.794222,-80.215556,NAD83,PM2.5 - Local Conditions,24-HR BLK AVG,PM25 24-hour 2012,2023-03-25,Micrograms/cubic meter (LC),,1,100.0,5.6,5.6,0,31.0,738.0,Teledyne T640X at 16.67 LPM (Corrected) - Broadband spectroscopy,Miami Fire Station,"1200 NW 20th St, Miami, FL 33142",Florida,Miami-Dade,Miami,"Miami-Fort Lauderdale-West Palm Beach, FL",2024-08-05,pm25
12,86,1016,88101,23,25.794222,-80.215556,NAD83,PM2.5 - Local Conditions,24-HR BLK AVG,PM25 24-hour 2012,2023-03-26,Micrograms/cubic meter (LC),,1,100.0,4.9,4.9,0,27.0,738.0,Teledyne T640X at 16.67 LPM (Corrected) - Broadband spectroscopy,Miami Fire Station,"1200 NW 20th St, Miami, FL 33142",Florida,Miami-Dade,Miami,"Miami-Fort Lauderdale-West Palm Beach, FL",2024-08-05,pm25
12,86,1016,88101,23,25.794222,-80.215556,NAD83,PM2.5 - Local Conditions,24-HR BLK AVG,PM25 24-hour 2012,2023-03-27,Micrograms/cubic meter (LC),,1,100.0,7.3,7.3,0,41.0,738.0,Teledyne T640X at 16.67 LPM (Corrected) - Broadband spectroscopy,Miami Fire Station,"1200 NW 20th St, Miami, FL 33142",Florida,Miami-Dade,Miami,"Miami-Fort Lauderdale-West Palm Beach, FL",2024-08-05,pm25
12,86,1016,88101,23,25.794222,-80.215556,NAD83,PM2.5 - Local Conditions,24-HR BLK AVG,PM25 24-hour 2012,2023-03-28,Micrograms/cubic meter (LC),,1,100.0,6.4,6.4,0,36.0,738.0,Teledyne T640X at 16.67 LPM (Corrected) - Broadband spectroscopy,Miami Fire Station,"1200 NW 20th St, Miami, FL 33142",Florida,Miami-Dade,Miami,"Miami-Fort Lauderdale-West Palm Beach, FL",2024-08-05,pm25
12,86,1016,88101,23,25.794222,-80.215556,NAD83,PM2.5 - Local Conditions,24-HR BLK AVG,PM25 24-hour 2012,2023-03-29,Micrograms/cubic meter (LC),,1,100.0,9.2,9.2,0,51.0,738.0,Teledyne T640X at 16.67 LPM (Corrected) - Broadband spectroscopy,Miami Fire Station,"1200 NW 20th St, Miami, FL 33142",Florida,Miami-Dade,Miami,"Miami-Fort Lauderdale-West Palm Beach, FL",2024-08-05,pm25
12,86,1016,88101,23,25.794222,-80.215556,NAD83,PM2.5 - Local Conditions,24-HR BLK AVG,PM25 24-hour 2012,2023-03-30,Micrograms/cubic meter (LC),,1,100.0,8.4,8.4,0,47.0,738.0,Teledyne T640X at 16.67 LPM (Corrected) - Broadband spectroscopy,Miami Fire Station,"1200 NW 20th St, Miami, FL 33142",Florida,Miami-Dade,Miami,"Miami-Fort Lauderdale-West Palm Beach, FL",2024-08-05,pm25
12,86,1016,88101,23,25.794222,-80.215556,NAD83,PM2.5 - Local Conditions,24-HR BLK AVG,PM25 24-hour 2012,2023-03-31,Micrograms/cubic meter (LC),,1,100.0,7.0,7.0,0,39.0,738.0,Teledyne T640X at 16.67 LPM (Corrected) - Broadband spectroscopy,Miami Fire Station,"1200 NW 20th St, Miami, FL 33142",Florida,Miami-Dade,Miami,"Miami-Fort Lauderdale-West Palm Beach, FL",2024-08-05,pm25
12,86,1016,88101,23,25.794222,-80.215556,NAD83,PM2.5 - Local Conditions,24-HR BLK AVG,PM25 24-hour 2012,2023-04-01,Micrograms/cubic meter (LC),,1,100.0,7.4,7.4,0,41.0,738.0,Teledyne T640X at 16.67 LPM (Corrected) - Broadband spectroscopy,Miami Fire Station,"1200 NW 20th St, Miami, FL 33142",Florida,Miami-Dade,Miami,"Miami-Fort Lauderdale-West Palm Beach, FL",2024-08-05,pm25
12,86,1016,88101,23,25.794222,-80.215556,NAD83,PM2.5 - Local Conditions,24-HR BLK AVG,PM25 24-hour 2012,2023-04-02,Micrograms/cubic meter (LC),,1,100.0,6.6,6.6,0,37.0,738.0,Teledyne T640X at 16.67 LPM (Corrected) - Broadband spectroscopy,Miami Fire Station,"1200 NW 20th St, Miami, FL 33142",Florida,Miami-Dade,Miami,"Miami-Fort Lauderdale-West Palm Beach, FL",2024-08-05,pm25
12,86,1016,88101,23,25.794222,-80.215556,NAD83,PM2.5 - Local Conditions,24-HR BLK AVG,PM25 24-hour 2012,2023-04-03,Micrograms/cubic meter (LC),,1,100.0,5.9,5.9,0,33.0,738.0,Teledyne T640X at 16.67 LPM (Corrected) - Broadband spectroscopy,Miami Fire Station,"1200 NW 20th St, Miami, FL 33142",Florida,Miami-Dade,Miami,"Miami-Fort Lauderdale-West Palm Beach, FL",2024-08-05,pm25
12,86,1016,88101,23,25.794222,-80.215556,NAD83,PM2.5 - Local Conditions,24-HR BLK AVG,PM25 24-hour 2012,2023-04-04,Micrograms/cubic meter (LC),,1,100.0,5.5,5.5,0,31.0,738.0,Teledyne T640X at 16.67 LPM (Corrected) - Broadband spectroscopy,Miami Fire Station,"1200 NW 20th St, Miami, FL 33142",Florida,Miami-Dade,Miami,"Miami-Fort Lauderdale-West Palm Beach, FL",2024-08-05,pm25
12,86,1016,88101,23,25.794222,-80.215556,NAD83,PM2.5 - Local Conditions,24-HR BLK AVG,PM25 24-hour 2012,2023-04-05,Micrograms/cubic meter (LC),,1,100.0,6.0,6.0,0,33.0,738.0,Teledyne T640X at 16.67 LPM (Corrected) - Broadband spectroscopy,Miami Fire Station,"1200 NW 20th St, Miami, FL 33142",Florida,Miami-Dade,Miami,"Miami-Fort Lauderdale-West Palm Beach, FL",2024-08-05,pm25
12,86,1016,88101,23,25.794222,-80.215556,NAD83,PM2.5 - Local Conditions,24-HR BLK AVG,PM25 24-hour 2012,2023-04-06,Micrograms/cubic meter (LC),,1,100.0,5.8,5.8,0,32.0,738.0,Teledyne T640X at 16.67 LPM (Corrected) - Broadband spectroscopy,Miami Fire Station,"1200 NW 20th St, Miami, FL 33142",Florida,Miami-Dade,Miami,"Miami-Fort Lauderdale-West Palm Beach, FL",2024-08-05,pm25
12,86,1016,88101,23,25.794222,-80.215556,NAD83,PM2.5 - Local Conditions,24-HR BLK AVG,PM25 24-hour 2012,2023-04-07,Micrograms/cubic meter (LC),,1,100.0,6.6,6.6,0,37.0,738.0,Teledyne T640X at 16.67 LPM (Corrected) - Broadband spectroscopy,Miami Fire Station,"1200 NW 20th St, Miami, FL 33142",Florida,Miami-Dade,Miami,"Miami-Fort Lauderdale-West Palm Beach, FL",2024-08-05,pm25
12,86,1016,88101,23,25.794222,-80.215556,NAD83,PM2.5 - Local Conditions,24-HR BLK AVG,PM25 24-hour 2012,2023-04-08,Micrograms/cubic meter (LC),,1,100.0,6.1,6.1,0,34.0,738.0,Teledyne T640X at 16.67 LPM (Corrected) - Broadband spectroscopy,Miami Fire Station,"1200 NW 20th St, Miami, FL 33142",Florida,Miami-Dade,Miami,"Miami-Fort Lauderdale-West Palm Beach, FL",2024-08-05,pm25
12,86,1016,88101,23,25.794222,-80.215556,NAD83,PM2.5 - Local Conditions,24-HR BLK AVG,PM25 24-hour 2012,2023-04-09,Micrograms/cubic meter (LC),,1,100.0,6.4,6.4,0,36.0,738.0,Teledyne T640X at 16.67 LPM (Corrected) - Broadband spectroscopy,Miami Fire Station,"1200 NW 20th St, Miami, FL 33142",Florida,Miami-Dade,Miami,"Miami-Fort Lauderdale-West Palm Beach, FL",2024-08-05,pm25
12,86,1016,88101,23,25.794222,-80.215556,NAD83,PM2.5 - Local Conditions,24-HR BLK AVG,PM25 24-hour 2012,2023-04-12,Micrograms/cubic meter (LC),,1,100.0,7.4,7.4,0,41.0,738.0,Teledyne T640X at 16.67 LPM (Corrected) - Broadband spectroscopy,Miami Fire Station,"1200 NW 20th St, Miami, FL 33142",Florida,Miami-Dade,Miami,"Miami-Fort Lauderdale-West Palm Beach, FL",2024-08-05,pm25
12,86,1016,88101,23,25.794222,-80.215556,NAD83,PM2.5 - Local Conditions,24-HR BLK AVG,PM25 24-hour 2012,2023-04-13,Micrograms/cubic meter (LC),,1,100.0,7.2,7.2,0,40.0,738.0,Teledyne T640X at 16.67 LPM (Corrected) - Broadband spectroscopy,Miami Fire Station,"1200 NW 20th St, Miami, FL 33142",Florida,Miami-Dade,Miami,"Miami-Fort Lauderdale-West Palm Beach, FL",2024-08-05,pm25
12,86,1016,88101,23,25.794222,-80.215556,NAD83,PM2.5 - Local Conditions,24-HR BLK AVG,PM25 24-hour 2012,2023-04-14,Micrograms/cubic meter (LC),,1,100.0,7.3,7.3,0,41.0,738.0,Teledyne T640X at 16.67 LPM (Corrected) - Broadband spectroscopy,Miami Fire Station,"1200 NW 20th St, Miami, FL 33142",Florida,Miami-Dade,Miami,"Miami-Fort Lauderdale-West Palm Beach, FL",2024-08-05,pm25
12,86,1016,88101,23,25.794222,-80.215556,NAD83,PM2.5 - Local Conditions,24-HR BLK AVG,PM25 24-hour 2012,2023-04-15,Micrograms/cubic meter (LC),,1,100.0,7.6,7.6,0,42.0,738.0,Teledyne T640X at 16.67 LPM (Corrected) - Broadband spectroscopy,Miami Fire Station,"1200 NW 20th St, Miami, FL 33142",Florida,Miami-Dade,Miami,"Miami-Fort Lauderdale-West Palm Beach, FL",2024-08-05,pm25
12,86,1016,88101,23,25.794222,-80.215556,NAD83,PM2.5 - Local Conditions,24-HR BLK AVG,PM25 24-hour 2012,2023-04-16,Micrograms/cubic meter (LC),,1,100.0,5.5,5.5,0,31.0,738.0,Teledyne T640X at 16.67 LPM (Corrected) - Broadband spectroscopy,Miami Fire Station,"1200 NW 20th St, Miami, FL 33142",Florida,Miami-Dade,Miami,"Miami-Fort Lauderdale-West Palm Beach, FL",2024-08-05,pm25
12,86,1016,88101,23,25.794222,-80.215556,NAD83,PM2.5 - Local Conditions,24-HR BLK AVG,PM25 24-hour 2012,2023-04-19,Micrograms/cubic meter (LC),,1,100.0,6.6,6.6,0,37.0,738.0,Teledyne T640X at 16.67 LPM (Corrected) - Broadband spectroscopy,Miami Fire Station,"1200 NW 20th St, Miami, FL 33142",Florida,Miami-Dade,Miami,"Miami-Fort Lauderdale-West Palm Beach, FL",2024-08-05,pm25
12,86,1016,88101,23,25.794222,-80.215556,NAD83,PM2.5 - Local Conditions,24-HR BLK AVG,PM25 24-hour 2012,2023-04-20,Micrograms/cubic meter (LC),,1,100.0,7.4,7.4,0,41.0,738.0,Teledyne T640X at 16.67 LPM (Corrected) - Broadband spectroscopy,Miami Fire Station,"1200 NW 20th St, Miami, FL 33142",Florida,Miami-Dade,Miami,"Miami-Fort Lauderdale-West Palm Beach, FL",2024-08-05,pm25
12,86,1016,88101,23,25.794222,-80.215556,NAD83,PM2.5 - Local Conditions,24-HR BLK AVG,PM25 24-hour 2012,2023-04-21,Micrograms/cubic meter (LC),,1,100.0,7.0,7.0,0,39.0,738.0,Teledyne T640X at 16.67 LPM (Corrected) - Broadband spectroscopy,Miami Fire Station,"1200 NW 20th St, Miami, FL 33142",Florida,Miami-Dade,Miami,"Miami-Fort Lauderdale-West Palm Beach, FL",2024-08-05,pm25
12,86,1016,88101,23,25.794222,-80.215556,NAD83,PM2.5 - Local Conditions,24-HR BLK AVG,PM25 24-hour 2012,2023-04-22,Micrograms/cubic meter (LC),,1,100.0,6.3,6.3,0,35.0,738.0,Teledyne T640X at 16.67 LPM (Corrected) - Broadband spectroscopy,Miami Fire Station,"1200 NW 20th St, Miami, FL 33142",Florida,Miami-Dade,Miami,"Miami-Fort Lauderdale-West Palm Beach, FL",2024-08-05,pm25
12,86,1016,88101,23,25.794222,-80.215556,NAD83,PM2.5 - Local Conditions,24-HR BLK AVG,PM25 24-hour 2012,2023-04-23,Micrograms/cubic meter (LC),,1,100.0,8.3,8.3,0,46.0,738.0,Teledyne T640X at 16.67 LPM (Corrected) - Broadband spectroscopy,Miami Fire Station,"1200 NW 20th St, Miami, FL 33142",Florida,Miami-Dade,Miami,"Miami-Fort Lauderdale-West Palm Beach, FL",2024-08-05,pm25
12,86,1016,88101,23,25.794222,-80.215556,NAD83,PM2.5 - Local Conditions,24-HR BLK AVG,PM25 24-hour 2012,2023-04-24,Micrograms/cubic meter (LC),,1,100.0,5.4,5.4,0,30.0,738.0,Teledyne T640X at 16.67 LPM (Corrected) - Broadband spectroscopy,Miami Fire Station,"1200 NW 20th St, Miami, FL 33142",Florida,Miami-Dade,Miami,"Miami-Fort Lauderdale-West Palm Beach, FL",2024-08-05,pm25
12,86,1016,88101,23,25.794222,-80.215556,NAD83,PM2.5 - Local Conditions,24-HR BLK AVG,PM25 24-hour 2012,2023-04-25,Micrograms/cubic meter (LC),,1,100.0,5.9,5.9,0,33.0,738.0,Teledyne T640X at 16.67 LPM (Corrected) - Broadband spectroscopy,Miami Fire Station,"1200 NW 20th St, Miami, FL 33142",Florida,Miami-Dade,Miami,"Miami-Fort Lauderdale-West Palm Beach, FL",2024-08-05,pm25
12,86,1016,88101,23,25.794222,-80.215556,NAD83,PM2.5 - Local Conditions,24-HR BLK AVG,PM25 24-hour 2012,2023-04-26,Micrograms/cubic meter (LC),,1,100.0,6.2,6.2,0,34.0,738.0,Teledyne T640X at 16.67 LPM (Corrected) - Broadband spectroscopy,Miami Fire Station,"1200 NW 20th St, Miami, FL 33142",Florida,Miami-Dade,Miami,"Miami-Fort Lauderdale-West Palm Beach, FL",2024-08-05,pm25
12,86,1016,88101,23,25.794222,-80.215556,NAD83,PM2.5 - Local Conditions,24-HR BLK AVG,PM25 24-hour 2012,2023-04-27,Micrograms/cubic meter (LC),,1,100.0,5.6,5.6,0,31.0,738.0,Teledyne T640X at 16.67 LPM (Corrected) - Broadband spectroscopy,Miami Fire Station,"1200 NW 20th St, Miami, FL 33142",Florida,Miami-Dade,Miami,"Miami-Fort Lauderdale-West Palm Beach, FL",2024-08-05,pm25
12,86,1016,88101,23,25.794222,-80.215556,NAD83,PM2.5 - Local Conditions,24-HR BLK AVG,PM25 24-hour 2012,2023-04-28,Micrograms/cubic meter (LC),,1,100.0,8.2,8.2,0,46.0,738.0,Teledyne T640X at 16.67 LPM (Corrected) - Broadband spectroscopy,Miami Fire Station,"1200 NW 20th St, Miami, FL 33142",Florida,Miami-Dade,Miami,"Miami-Fort Lauderdale-West Palm Beach, FL",2024-08-05,pm25
12,86,1016,88101,23,25.794222,-80.215556,NAD83,PM2.5 - Local Conditions,24-HR BLK AVG,PM25 24-hour 2012,2023-04-29,Micrograms/cubic meter (LC),,1,100.0,7.6,7.6,0,42.0,738.0,Teledyne T640X at 16.67 LPM (Corrected) - Broadband spectroscopy,Miami Fire Station,"1200 NW 20th St, Miami, FL 33142",Florida,Miami-Dade,Miami,"Miami-Fort Lauderdale-West Palm Beach, FL",2024-08-05,pm25
12,86,1016,88101,23,25.794222,-80.215556,NAD83,PM2.5 - Local Conditions,24-HR BLK AVG,PM25 24-hour 2012,2023-04-30,Micrograms/cubic meter (LC),,1,100.0,7.8,7.8,0,43.0,738.0,Teledyne T640X at 16.67 LPM (Corrected) - Broadband spectroscopy,Miami Fire Station,"1200 NW 20th St, Miami, FL 33142",Florida,Miami-Dade,Miami,"Miami-Fort Lauderdale-West Palm Beach, FL",2024-08-05,pm25
12,86,1016,88101,23,25.794222,-80.215556,NAD83,PM2.5 - Local Conditions,24-HR BLK AVG,PM25 24-hour 2012,2023-05-01,Micrograms/cubic meter (LC),,1,100.0,7.8,7.8,0,43.0,738.0,Teledyne T640X at 16.67 LPM (Corrected) - Broadband spectroscopy,Miami Fire Station,"1200 NW 20th St, Miami, FL 33142",Florida,Miami-Dade,Miami,"Miami-Fort Lauderdale-West Palm Beach, FL",2024-08-05,pm25
12,86,1016,88101,23,25.794222,-80.215556,NAD83,PM2.5 - Local Conditions,24-HR BLK AVG,PM25 24-hour 2012,2023-05-02,Micrograms/cubic meter (LC),,1,100.0,7.2,7.2,0,40.0,738.0,Teledyne T640X at 16.67 LPM (Corrected) - Broadband spectroscopy,Miami Fire Station,"1200 NW 20th St, Miami, FL 33142",Florida,Miami-Dade,Miami,"Miami-Fort Lauderdale-West Palm Beach, FL",2024-08-05,pm25
12,86,1016,88101,23,25.794222,-80.215556,NAD83,PM2.5 - Local Conditions,24-HR BLK AVG,PM25 24-hour 2012,2023-05-03,Micrograms/cubic meter (LC),,1,100.0,8.8,8.8,0,49.0,738.0,Teledyne T640X at 16.67 LPM (Corrected) - Broadband spectroscopy,Miami Fire Station,"1200 NW 20th St, Miami, FL 33142",Florida,Miami-Dade,Miami,"Miami-Fort Lauderdale-West Palm Beach, FL",2024-08-05,pm25
12,86,1016,88101,23,25.794222,-80.215556,NAD83,PM2.5 - Local Conditions,24-HR BLK AVG,PM25 24-hour 2012,2023-05-04,Micrograms/cubic meter (LC),,1,100.0,8.7,8.7,0,48.0,738.0,Teledyne T640X at 16.67 LPM (Corrected) - Broadband spectroscopy,Miami Fire Station,"1200 NW 20th St, Miami, FL 33142",Florida,Miami-Dade,Miami,"Miami-Fort Lauderdale-West Palm Beach, FL",2024-08-05,pm25
12,86,1016,88101,23,25.794222,-80.215556,NAD83,PM2.5 - Local Conditions,24-HR BLK AVG,PM25 24-hour 2012,2023-05-05,Micrograms/cubic meter (LC),,1,100.0,8.5,8.5,0,47.0,738.0,Teledyne T640X at 16.67 LPM (Corrected) - Broadband spectroscopy,Miami Fire Station,"1200 NW 20th St, Miami, FL 33142",Florida,Miami-Dade,Miami,"Miami-Fort Lauderdale-West Palm Beach, FL",2024-08-05,pm25
12,86,1016,88101,23,25.794222,-80.215556,NAD83,PM2.5 - Local Conditions,24-HR BLK AVG,PM25 24-hour 2012,2023-05-06,Micrograms/cubic meter (LC),,1,100.0,8.1,8.1,0,45.0,738.0,Teledyne T640X at 16.67 LPM (Corrected) - Broadband spectroscopy,Miami Fire Station,"1200 NW 20th St, Miami, FL 33142",Florida,Miami-Dade,Miami,"Miami-Fort Lauderdale-West Palm Beach, FL",2024-08-05,pm25
12,86,1016,88101,23,25.794222,-80.215556,NAD83,PM2.5 - Local Conditions,24-HR BLK AVG,PM25 24-hour 2012,2023-05-07,Micrograms/cubic meter (LC),,1,100.0,6.2,6.2,0,34.0,738.0,Teledyne T640X at 16.67 LPM (Corrected) - Broadband spectroscopy,Miami Fire Station,"1200 NW 20th St, Miami, FL 33142",Florida,Miami-Dade,Miami,"Miami-Fort Lauderdale-West Palm Beach, FL",2024-08-05,pm25
12,86,1016,88101,23,25.794222,-80.215556,NAD83,PM2.5 - Local Conditions,24-HR BLK AVG,PM25 24-hour 2012,2023-05-08,Micrograms/cubic meter (LC),,1,100.0,4.9,4.9,0,27.0,738.0,Teledyne T640X at 16.67 LPM (Corrected) - Broadband spectroscopy,Miami Fire Station,"1200 NW 20th St, Miami, FL 33142",Florida,Miami-Dade,Miami,"Miami-Fort Lauderdale-West Palm Beach, FL",2024-08-05,pm25
12,86,1016,88101,23,25.794222,-80.215556,NAD83,PM2.5 - Local Conditions,24-HR BLK AVG,PM25 24-hour 2012,2023-05-09,Micrograms/cubic meter (LC),,1,100.0,5.3,5.3,0,29.0,738.0,Teledyne T640X at 16.67 LPM (Corrected) - Broadband spectroscopy,Miami Fire Station,"1200 NW 20th St, Miami, FL 33142",Florida,Miami-Dade,Miami,"Miami-Fort Lauderdale-West Palm Beach, FL",2024-08-05,pm25
12,86,1016,88101,23,25.794222,-80.215556,NAD83,PM2.5 - Local Conditions,24-HR BLK AVG,PM25 24-hour 2012,2023-05-10,Micrograms/cubic meter (LC),,1,100.0,6.8,6.8,0,38.0,738.0,Teledyne T640X at 16.67 LPM (Corrected) - Broadband spectroscopy,Miami Fire Station,"1200 NW 20th St, Miami, FL 33142",Florida,Miami-Dade,Miami,"Miami-Fort Lauderdale-West Palm Beach, FL",2024-08-05,pm25
12,86,1016,88101,23,25.794222,-80.215556,NAD83,PM2.5 - Local Conditions,24-HR BLK AVG,PM25 24-hour 2012,2023-05-11,Micrograms/cubic meter (LC),,1,100.0,7.3,7.3,0,41.0,738.0,Teledyne T640X at 16.67 LPM (Corrected) - Broadband spectroscopy,Miami Fire Station,"1200 NW 20th St, Miami, FL 33142",Florida,Miami-Dade,Miami,"Miami-Fort Lauderdale-West Palm Beach, FL",2024-08-05,pm25
12,86,1016,88101,23,25.794222,-80.215556,NAD83,PM2.5 - Local Conditions,24-HR BLK AVG,PM25 24-hour 2012,2023-05-12,Micrograms/cubic meter (LC),,1,100.0,8.3,8.3,0,46.0,738.0,Teledyne T640X at 16.67 LPM (Corrected) - Broadband spectroscopy,Miami Fire Station,"1200 NW 20th St, Miami, FL 33142",Florida,Miami-Dade,Miami,"Miami-Fort Lauderdale-West Palm Beach, FL",2024-08-05,pm25
12,86,1016,88101,23,25.794222,-80.215556,NAD83,PM2.5 - Local Conditions,24-HR BLK AVG,PM25 24-hour 2012,2023-05-13,Micrograms/cubic meter (LC),,1,100.0,10.0,10.0,0,53.0,738.0,Teledyne T640X at 16.67 LPM (Corrected) - Broadband spectroscopy,Miami Fire Station,"1200 NW 20th St, Miami, FL 33142",Florida,Miami-Dade,Miami,"Miami-Fort Lauderdale-West Palm Beach, FL",2024-08-05,pm25
12,86,1016,88101,23,25.794222,-80.215556,NAD83,PM2.5 - Local Conditions,24-HR BLK AVG,PM25 24-hour 2012,2023-05-14,Micrograms/cubic meter (LC),,1,100.0,9.7,9.7,0,52.0,738.0,Teledyne T640X at 16.67 LPM (Corrected) - Broadband spectroscopy,Miami Fire Station,"1200 NW 20th St, Miami, FL 33142",Florida,Miami-Dade,Miami,"Miami-Fort Lauderdale-West Palm Beach, FL",2024-08-05,pm25
12,86,1016,88101,23,25.794222,-80.215556,NAD83,PM2.5 - Local Conditions,24-HR BLK AVG,PM25 24-hour 2012,2023-05-15,Micrograms/cubic meter (LC),,1,100.0,7.3,7.3,0,41.0,738.0,Teledyne T640X at 16.67 LPM (Corrected) - Broadband spectroscopy,Miami Fire Station,"1200 NW 20th St, Miami, FL 33142",Florida,Miami-Dade,Miami,"Miami-Fort Lauderdale-West Palm Beach, FL",2024-08-05,pm25
12,86,1016,88101,23,25.794222,-80.215556,NAD83,PM2.5 - Local Conditions,24-HR BLK AVG,PM25 24-hour 2012,2023-05-16,Micrograms/cubic meter (LC),,1,100.0,9.4,9.4,0,52.0,738.0,Teledyne T640X at 16.67 LPM (Corrected) - Broadband spectroscopy,Miami Fire Station,"1200 NW 20th St, Miami, FL 33142",Florida,Miami-Dade,Miami,"Miami-Fort Lauderdale-West Palm Beach, FL",2024-08-05,pm25
12,86,1016,88101,23,25.794222,-80.215556,NAD83,PM2.5 - Local Conditions,24-HR BLK AVG,PM25 24-hour 2012,2023-05-17,Micrograms/cubic meter (LC),,1,100.0,6.9,6.9,0,38.0,738.0,Teledyne T640X at 16.67 LPM (Corrected) - Broadband spectroscopy,Miami Fire Station,"1200 NW 20th St, Miami, FL 33142",Florida,Miami-Dade,Miami,"Miami-Fort Lauderdale-West Palm Beach, FL",2024-08-05,pm25
12,86,1016,88101,23,25.794222,-80.215556,NAD83,PM2.5 - Local Conditions,24-HR BLK AVG,PM25 24-hour 2012,2023-05-18,Micrograms/cubic meter (LC),,1,100.0,9.0,9.0,0,50.0,738.0,Teledyne T640X at 16.67 LPM (Corrected) - Broadband spectroscopy,Miami Fire Station,"1200 NW 20th St, Miami, FL 33142",Florida,Miami-Dade,Miami,"Miami-Fort Lauderdale-West Palm Beach, FL",2024-08-05,pm25
12,86,1016,88101,23,25.794222,-80.215556,NAD83,PM2.5 - Local Conditions,24-HR BLK AVG,PM25 24-hour 2012,2023-05-19,Micrograms/cubic meter (LC),,1,100.0,6.8,6.8,0,38.0,738.0,Teledyne T640X at 16.67 LPM (Corrected) - Broadband spectroscopy,Miami Fire Station,"1200 NW 20th St, Miami, FL 33142",Florida,Miami-Dade,Miami,"Miami-Fort Lauderdale-West Palm Beach, FL",2024-08-05,pm25
12,86,1016,88101,23,25.794222,-80.215556,NAD83,PM2.5 - Local Conditions,24-HR BLK AVG,PM25 24-hour 2012,2023-05-20,Micrograms/cubic meter (LC),,1,100.0,4.7,4.7,0,26.0,738.0,Teledyne T640X at 16.67 LPM (Corrected) - Broadband spectroscopy,Miami Fire Station,"1200 NW 20th St, Miami, FL 33142",Florida,Miami-Dade,Miami,"Miami-Fort Lauderdale-West Palm Beach, FL",2024-08-05,pm25
12,86,1016,88101,23,25.794222,-80.215556,NAD83,PM2.5 - Local Conditions,24-HR BLK AVG,PM25 24-hour 2012,2023-05-21,Micrograms/cubic meter (LC),,1,100.0,4.9,4.9,0,27.0,738.0,Teledyne T640X at 16.67 LPM (Corrected) - Broadband spectroscopy,Miami Fire Station,"1200 NW 20th St, Miami, FL 33142",Florida,Miami-Dade,Miami,"Miami-Fort Lauderdale-West Palm Beach, FL",2024-08-05,pm25
12,86,1016,88101,23,25.794222,-80.215556,NAD83,PM2.5 - Local Conditions,24-HR BLK AVG,PM25 24-hour 2012,2023-05-22,Micrograms/cubic meter (LC),,1,100.0,5.3,5.3,0,29.0,738.0,Teledyne T640X at 16.67 LPM (Corrected) - Broadband spectroscopy,Miami Fire Station,"1200 NW 20th St, Miami, FL 33142",Florida,Miami-Dade,Miami,"Miami-Fort Lauderdale-West Palm Beach, FL",2024-08-05,pm25
12,86,1016,88101,23,25.794222,-80.215556,NAD83,PM2.5 - Local Conditions,24-HR BLK AVG,PM25 24-hour 2012,2023-05-23,Micrograms/cubic meter (LC),,1,100.0,6.0,6.0,0,33.0,738.0,Teledyne T640X at 16.67 LPM (Corrected) - Broadband spectroscopy,Miami Fire Station,"1200 NW 20th St, Miami, FL 33142",Florida,Miami-Dade,Miami,"Miami-Fort Lauderdale-West Palm Beach, FL",2024-08-05,pm25
12,86,1016,88101,23,25.794222,-80.215556,NAD83,PM2.5 - Local Conditions,24-HR BLK AVG,PM25 24-hour 2012,2023-05-24,Micrograms/cubic meter (LC),,1,100.0,4.9,4.9,0,27.0,738.0,Teledyne T640X at 16.67 LPM (Corrected) - Broadband spectroscopy,Miami Fire Station,"1200 NW 20th St, Miami, FL 33142",Florida,Miami-Dade,Miami,"Miami-Fort Lauderdale-West Palm Beach, FL",2024-08-05,pm25
12,86,1016,88101,23,25.794222,-80.215556,NAD83,PM2.5 - Local Conditions,24-HR BLK AVG,PM25 24-hour 2012,2023-05-25,Micrograms/cubic meter (LC),,1,100.0,6.6,6.6,0,37.0,738.0,Teledyne T640X at 16.67 LPM (Corrected) - Broadband spectroscopy,Miami Fire Station,"1200 NW 20th St, Miami, FL 33142",Florida,Miami-Dade,Miami,"Miami-Fort Lauderdale-West Palm Beach, FL",2024-08-05,pm25
12,86,1016,88101,23,25.794222,-80.215556,NAD83,PM2.5 - Local Conditions,24-HR BLK AVG,PM25 24-hour 2012,2023-05-26,Micrograms/cubic meter (LC),,1,100.0,6.0,6.0,0,33.0,738.0,Teledyne T640X at 16.67 LPM (Corrected) - Broadband spectroscopy,Miami Fire Station,"1200 NW 20th St, Miami, FL 33142",Florida,Miami-Dade,Miami,"Miami-Fort Lauderdale-West Palm Beach, FL",2024-08-05,pm25
12,86,1016,88101,23,25.794222,-80.215556,NAD83,PM2.5 - Local Conditions,24-HR BLK AVG,PM25 24-hour 2012,2023-05-27,Micrograms/cubic meter (LC),,1,100.0,5.8,5.8,0,32.0,738.0,Teledyne T640X at 16.67 LPM (Corrected) - Broadband spectroscopy,Miami Fire Station,"1200 NW 20th St, Miami, FL 33142",Florida,Miami-Dade,Miami,"Miami-Fort Lauderdale-West Palm Beach, FL",2024-08-05,pm25
12,86,1016,88101,23,25.794222,-80.215556,NAD83,PM2.5 - Local Conditions,24-HR BLK AVG,PM25 24-hour 2012,2023-05-28,Micrograms/cubic meter (LC),,1,100.0,5.0,5.0,0,28.0,738.0,Teledyne T640X at 16.67 LPM (Corrected) - Broadband spectroscopy,Miami Fire Station,"1200 NW 20th St, Miami, FL 33142",Florida,Miami-Dade,Miami,"Miami-Fort Lauderdale-West Palm Beach, FL",2024-08-05,pm25
12,86,1016,88101,23,25.794222,-80.215556,NAD83,PM2.5 - Local Conditions,24-HR BLK AVG,PM25 24-hour 2012,2023-05-29,Micrograms/cubic meter (LC),,1,100.0,6.9,6.9,0,38.0,738.0,Teledyne T640X at 16.67 LPM (Corrected) - Broadband spectroscopy,Miami Fire Station,"1200 NW 20th St, Miami, FL 33142",Florida,Miami-Dade,Miami,"Miami-Fort Lauderdale-West Palm Beach, FL",2024-08-05,pm25
12,86,1016,88101,23,25.794222,-80.215556,NAD83,PM2.5 - Local Conditions,24-HR BLK AVG,PM25 24-hour 2012,2023-05-30,Micrograms/cubic meter (LC),,1,100.0,10.2,10.2,0,53.0,738.0,Teledyne T640X at 16.67 LPM (Corrected) - Broadband spectroscopy,Miami Fire Station,"1200 NW 20th St, Miami, FL 33142",Florida,Miami-Dade,Miami,"Miami-Fort Lauderdale-West Palm Beach, FL",2024-08-05,pm25
12,86,1016,88101,23,25.794222,-80.215556,NAD83,PM2.5 - Local Conditions,24-HR BLK AVG,PM25 24-hour 2012,2023-05-31,Micrograms/cubic meter (LC),,1,100.0,6.1,6.1,0,34.0,738.0,Teledyne T640X at 16.67 LPM (Corrected) - Broadband spectroscopy,Miami Fire Station,"1200 NW 20th St, Miami, FL 33142",Florida,Miami-Dade,Miami,"Miami-Fort Lauderdale-West Palm Beach, FL",2024-08-05,pm25
12,86,1016,88101,23,25.794222,-80.215556,NAD83,PM2.5 - Local Conditions,24-HR BLK AVG,PM25 24-hour 2012,2023-06-01,Micrograms/cubic meter (LC),,1,100.0,7.0,7.0,0,39.0,738.0,Teledyne T640X at 16.67 LPM (Corrected) - Broadband spectroscopy,Miami Fire Station,"1200 NW 20th St, Miami, FL 33142",Florida,Miami-Dade,Miami,"Miami-Fort Lauderdale-West Palm Beach, FL",2024-08-05,pm25
12,86,1016,88101,23,25.794222,-80.215556,NAD83,PM2.5 - Local Conditions,24-HR BLK AVG,PM25 24-hour 2012,2023-06-02,Micrograms/cubic meter (LC),,1,100.0,8.8,8.8,0,49.0,738.0,Teledyne T640X at 16.67 LPM (Corrected) - Broadband spectroscopy,Miami Fire Station,"1200 NW 20th St, Miami, FL 33142",Florida,Miami-Dade,Miami,"Miami-Fort Lauderdale-West Palm Beach, FL",2024-08-05,pm25
12,86,1016,88101,23,25.794222,-80.215556,NAD83,PM2.5 - Local Conditions,24-HR BLK AVG,PM25 24-hour 2012,2023-06-03,Micrograms/cubic meter (LC),,1,100.0,8.3,8.3,0,46.0,738.0,Teledyne T640X at 16.67 LPM (Corrected) - Broadband spectroscopy,Miami Fire Station,"1200 NW 20th St, Miami, FL 33142",Florida,Miami-Dade,Miami,"Miami-Fort Lauderdale-West Palm Beach, FL",2024-08-05,pm25
12,86,1016,88101,23,25.794222,-80.215556,NAD83,PM2.5 - Local Conditions,24-HR BLK AVG,PM25 24-hour 2012,2023-06-04,Micrograms/cubic meter (LC),,1,100.0,4.3,4.3,0,24.0,738.0,Teledyne T640X at 16.67 LPM (Corrected) - Broadband spectroscopy,Miami Fire Station,"1200 NW 20th St, Miami, FL 33142",Florida,Miami-Dade,Miami,"Miami-Fort Lauderdale-West Palm Beach, FL",2024-08-05,pm25
12,86,1016,88101,23,25.794222,-80.215556,NAD83,PM2.5 - Local Conditions,24-HR BLK AVG,PM25 24-hour 2012,2023-06-05,Micrograms/cubic meter (LC),,1,100.0,5.3,5.3,0,29.0,738.0,Teledyne T640X at 16.67 LPM (Corrected) - Broadband spectroscopy,Miami Fire Station,"1200 NW 20th St, Miami, FL 33142",Florida,Miami-Dade,Miami,"Miami-Fort Lauderdale-West Palm Beach, FL",2024-08-05,pm25
12,86,1016,88101,23,25.794222,-80.215556,NAD83,PM2.5 - Local Conditions,24-HR BLK AVG,PM25 24-hour 2012,2023-06-06,Micrograms/cubic meter (LC),,1,100.0,6.5,6.5,0,36.0,738.0,Teledyne T640X at 16.67 LPM (Corrected) - Broadband spectroscopy,Miami Fire Station,"1200 NW 20th St, Miami, FL 33142",Florida,Miami-Dade,Miami,"Miami-Fort Lauderdale-West Palm Beach, FL",2024-08-05,pm25
12,86,1016,88101,23,25.794222,-80.215556,NAD83,PM2.5 - Local Conditions,24-HR BLK AVG,PM25 24-hour 2012,2023-06-07,Micrograms/cubic meter (LC),,1,100.0,8.4,8.4,0,47.0,738.0,Teledyne T640X at 16.67 LPM (Corrected) - Broadband spectroscopy,Miami Fire Station,"1200 NW 20th St, Miami, FL 33142",Florida,Miami-Dade,Miami,"Miami-Fort Lauderdale-West Palm Beach, FL",2024-08-05,pm25
12,86,1016,88101,23,25.794222,-80.215556,NAD83,PM2.5 - Local Conditions,24-HR BLK AVG,PM25 24-hour 2012,2023-06-08,Micrograms/cubic meter (LC),,1,100.0,8.2,8.2,0,46.0,738.0,Teledyne T640X at 16.67 LPM (Corrected) - Broadband spectroscopy,Miami Fire Station,"1200 NW 20th St, Miami, FL 33142",Florida,Miami-Dade,Miami,"Miami-Fort Lauderdale-West Palm Beach, FL",2024-08-05,pm25
12,86,1016,88101,23,25.794222,-80.215556,NAD83,PM2.5 - Local Conditions,24-HR BLK AVG,PM25 24-hour 2012,2023-06-09,Micrograms/cubic meter (LC),,1,100.0,7.1,7.1,0,39.0,738.0,Teledyne T640X at 16.67 LPM (Corrected) - Broadband spectroscopy,Miami Fire Station,"1200 NW 20th St, Miami, FL 33142",Florida,Miami-Dade,Miami,"Miami-Fort Lauderdale-West Palm Beach, FL",2024-08-05,pm25
12,86,1016,88101,23,25.794222,-80.215556,NAD83,PM2.5 - Local Conditions,24-HR BLK AVG,PM25 24-hour 2012,2023-06-10,Micrograms/cubic meter (LC),,1,100.0,5.4,5.4,0,30.0,738.0,Teledyne T640X at 16.67 LPM (Corrected) - Broadband spectroscopy,Miami Fire Station,"1200 NW 20th St, Miami, FL 33142",Florida,Miami-Dade,Miami,"Miami-Fort Lauderdale-West Palm Beach, FL",2024-08-05,pm25
12,86,1016,88101,23,25.794222,-80.215556,NAD83,PM2.5 - Local Conditions,24-HR BLK AVG,PM25 24-hour 2012,2023-06-11,Micrograms/cubic meter (LC),,1,100.0,5.9,5.9,0,33.0,738.0,Teledyne T640X at 16.67 LPM (Corrected) - Broadband spectroscopy,Miami Fire Station,"1200 NW 20th St, Miami, FL 33142",Florida,Miami-Dade,Miami,"Miami-Fort Lauderdale-West Palm Beach, FL",2024-08-05,pm25
12,86,1016,88101,23,25.794222,-80.215556,NAD83,PM2.5 - Local Conditions,24-HR BLK AVG,PM25 24-hour 2012,2023-06-12,Micrograms/cubic meter (LC),,1,100.0,5.4,5.4,0,30.0,738.0,Teledyne T640X at 16.67 LPM (Corrected) - Broadband spectroscopy,Miami Fire Station,"1200 NW 20th St, Miami, FL 33142",Florida,Miami-Dade,Miami,"Miami-Fort Lauderdale-West Palm Beach, FL",2024-08-05,pm25
12,86,1016,88101,23,25.794222,-80.215556,NAD83,PM2.5 - Local Conditions,24-HR BLK AVG,PM25 24-hour 2012,2023-06-13,Micrograms/cubic meter (LC),,1,100.0,5.7,5.7,0,32.0,738.0,Teledyne T640X at 16.67 LPM (Corrected) - Broadband spectroscopy,Miami Fire Station,"1200 NW 20th St, Miami, FL 33142",Florida,Miami-Dade,Miami,"Miami-Fort Lauderdale-West Palm Beach, FL",2024-08-05,pm25
12,86,1016,88101,23,25.794222,-80.215556,NAD83,PM2.5 - Local Conditions,24-HR BLK AVG,PM25 24-hour 2012,2023-06-14,Micrograms/cubic meter (LC),,1,100.0,6.5,6.5,0,36.0,738.0,Teledyne T640X at 16.67 LPM (Corrected) - Broadband spectroscopy,Miami Fire Station,"1200 NW 20th St, Miami, FL 33142",Florida,Miami-Dade,Miami,"Miami-Fort Lauderdale-West Palm Beach, FL",2024-08-05,pm25
12,86,1016,88101,23,25.794222,-80.215556,NAD83,PM2.5 - Local Conditions,24-HR BLK AVG,PM25 24-hour 2012,2023-06-15,Micrograms/cubic meter (LC),,1,100.0,8.8,8.8,0,49.0,738.0,Teledyne T640X at 16.67 LPM (Corrected) - Broadband spectroscopy,Miami Fire Station,"1200 NW 20th St, Miami, FL 33142",Florida,Miami-Dade,Miami,"Miami-Fort Lauderdale-West Palm Beach, FL",2024-08-05,pm25
12,86,1016,88101,23,25.794222,-80.215556,NAD83,PM2.5 - Local Conditions,24-HR BLK AVG,PM25 24-hour 2012,2023-06-16,Micrograms/cubic meter (LC),,1,100.0,7.8,7.8,0,43.0,738.0,Teledyne T640X at 16.67 LPM (Corrected) - Broadband spectroscopy,Miami Fire Station,"1200 NW 20th St, Miami, FL 33142",Florida,Miami-Dade,Miami,"Miami-Fort Lauderdale-West Palm Beach, FL",2024-08-05,pm25
12,86,1016,88101,23,25.794222,-80.215556,NAD83,PM2.5 - Local Conditions,24-HR BLK AVG,PM25 24-hour 2012,2023-06-17,Micrograms/cubic meter (LC),,1,100.0,8.0,8.0,0,44.0,738.0,Teledyne T640X at 16.67 LPM (Corrected) - Broadband spectroscopy,Miami Fire Station,"1200 NW 20th St, Miami, FL 33142",Florida,Miami-Dade,Miami,"Miami-Fort Lauderdale-West Palm Beach, FL",2024-08-05,pm25
12,86,1016,88101,23,25.794222,-80.215556,NAD83,PM2.5 - Local Conditions,24-HR BLK AVG,PM25 24-hour 2012,2023-06-18,Micrograms/cubic meter (LC),,1,100.0,7.2,7.2,0,40.0,738.0,Teledyne T640X at 16.67 LPM (Corrected) - Broadband spectroscopy,Miami Fire Station,"1200 NW 20th St, Miami, FL 33142",Florida,Miami-Dade,Miami,"Miami-Fort Lauderdale-West Palm Beach, FL",2024-08-05,pm25
12,86,1016,88101,23,25.794222,-80.215556,NAD83,PM2.5 - Local Conditions,24-HR BLK AVG,PM25 24-hour 2012,2023-06-19,Micrograms/cubic meter (LC),,1,100.0,7.8,7.8,0,43.0,738.0,Teledyne T640X at 16.67 LPM (Corrected) - Broadband spectroscopy,Miami Fire Station,"1200 NW 20th St, Miami, FL 33142",Florida,Miami-Dade,Miami,"Miami-Fort Lauderdale-West Palm Beach, FL",2024-08-05,pm25
12,86,1016,88101,23,25.794222,-80.215556,NAD83,PM2.5 - Local Conditions,24-HR BLK AVG,PM25 24-hour 2012,2023-06-20,Micrograms/cubic meter (LC),,1,100.0,7.8,7.8,0,43.0,738.0,Teledyne T640X at 16.67 LPM (Corrected) - Broadband spectroscopy,Miami Fire Station,"1200 NW 20th St, Miami, FL 33142",Florida,Miami-Dade,Miami,"Miami-Fort Lauderdale-West Palm Beach, FL",2024-08-05,pm25
12,86,1016,88101,23,25.794222,-80.215556,NAD83,PM2.5 - Local Conditions,24-HR BLK AVG,PM25 24-hour 2012,2023-06-21,Micrograms/cubic meter (LC),,1,100.0,6.2,6.2,0,34.0,738.0,Teledyne T640X at 16.67 LPM (Corrected) - Broadband spectroscopy,Miami Fire Station,"1200 NW 20th St, Miami, FL 33142",Florida,Miami-Dade,Miami,"Miami-Fort Lauderdale-West Palm Beach, FL",2024-08-05,pm25
12,86,1016,88101,23,25.794222,-80.215556,NAD83,PM2.5 - Local Conditions,24-HR BLK AVG,PM25 24-hour 2012,2023-06-22,Micrograms/cubic meter (LC),,1,100.0,6.7,6.7,0,37.0,738.0,Teledyne T640X at 16.67 LPM (Corrected) - Broadband spectroscopy,Miami Fire Station,"1200 NW 20th St, Miami, FL 33142",Florida,Miami-Dade,Miami,"Miami-Fort Lauderdale-West Palm Beach, FL",2024-08-05,pm25
12,86,1016,88101,23,25.794222,-80.215556,NAD83,PM2.5 - Local Conditions,24-HR BLK AVG,PM25 24-hour 2012,2023-06-23,Micrograms/cubic meter (LC),,1,100.0,10.3,10.3,0,53.0,738.0,Teledyne T640X at 16.67 LPM (Corrected) - Broadband spectroscopy,Miami Fire Station,"1200 NW 20th St, Miami, FL 33142",Florida,Miami-Dade,Miami,"Miami-Fort Lauderdale-West Palm Beach, FL",2024-08-05,pm25
12,86,1016,88101,23,25.794222,-80.215556,NAD83,PM2.5 - Local Conditions,24-HR BLK AVG,PM25 24-hour 2012,2023-06-24,Micrograms/cubic meter (LC),,1,100.0,13.8,13.8,0,60.0,738.0,Teledyne T640X at 16.67 LPM (Corrected) - Broadband spectroscopy,Miami Fire Station,"1200 NW 20th St, Miami, FL 33142",Florida,Miami-Dade,Miami,"Miami-Fort Lauderdale-West Palm Beach, FL",2024-08-05,pm25
12,86,1016,88101,23,25.794222,-80.215556,NAD83,PM2.5 - Local Conditions,24-HR BLK AVG,PM25 24-hour 2012,2023-06-25,Micrograms/cubic meter (LC),,1,100.0,7.3,7.3,0,41.0,738.0,Teledyne T640X at 16.67 LPM (Corrected) - Broadband spectroscopy,Miami Fire Station,"1200 NW 20th St, Miami, FL 33142",Florida,Miami-Dade,Miami,"Miami-Fort Lauderdale-West Palm Beach, FL",2024-08-05,pm25
12,86,1016,88101,23,25.794222,-80.215556,NAD83,PM2.5 - Local Conditions,24-HR BLK AVG,PM25 24-hour 2012,2023-06-26,Micrograms/cubic meter (LC),,1,100.0,6.3,6.3,0,35.0,738.0,Teledyne T640X at 16.67 LPM (Corrected) - Broadband spectroscopy,Miami Fire Station,"1200 NW 20th St, Miami, FL 33142",Florida,Miami-Dade,Miami,"Miami-Fort Lauderdale-West Palm Beach, FL",2024-08-05,pm25
12,86,1016,88101,23,25.794222,-80.215556,NAD83,PM2.5 - Local Conditions,24-HR BLK AVG,PM25 24-hour 2012,2023-06-27,Micrograms/cubic meter (LC),,1,100.0,5.9,5.9,0,33.0,738.0,Teledyne T640X at 16.67 LPM (Corrected) - Broadband spectroscopy,Miami Fire Station,"1200 NW 20th St, Miami, FL 33142",Florida,Miami-Dade,Miami,"Miami-Fort Lauderdale-West Palm Beach, FL",2024-08-05,pm25
12,86,1016,88101,23,25.794222,-80.215556,NAD83,PM2.5 - Local Conditions,24-HR BLK AVG,PM25 24-hour 2012,2023-06-28,Micrograms/cubic meter (LC),,1,100.0,8.3,8.3,0,46.0,738.0,Teledyne T640X at 16.67 LPM (Corrected) - Broadband spectroscopy,Miami Fire Station,"1200 NW 20th St, Miami, FL 33142",Florida,Miami-Dade,Miami,"Miami-Fort Lauderdale-West Palm Beach, FL",2024-08-05,pm25
12,86,1016,88101,23,25.794222,-80.215556,NAD83,PM2.5 - Local Conditions,24-HR BLK AVG,PM25 24-hour 2012,2023-06-29,Micrograms/cubic meter (LC),,1,100.0,7.8,7.8,0,43.0,738.0,Teledyne T640X at 16.67 LPM (Corrected) - Broadband spectroscopy,Miami Fire Station,"1200 NW 20th St, Miami, FL 33142",Florida,Miami-Dade,Miami,"Miami-Fort Lauderdale-West Palm Beach, FL",2024-08-05,pm25
12,86,1016,88101,23,25.794222,-80.215556,NAD83,PM2.5 - Local Conditions,24-HR BLK AVG,PM25 24-hour 2012,2023-06-30,Micrograms/cubic meter (LC),,1,100.0,6.9,6.9,0,38.0,738.0,Teledyne T640X at 16.67 LPM (Corrected) - Broadband spectroscopy,Miami Fire Station,"1200 NW 20th St, Miami, FL 33142",Florida,Miami-Dade,Miami,"Miami-Fort Lauderdale-West Palm Beach, FL",2024-08-05,pm25
12,86,1016,88101,23,25.794222,-80.215556,NAD83,PM2.5 - Local Conditions,24-HR BLK AVG,PM25 24-hour 2012,2023-07-01,Micrograms/cubic meter (LC),,1,100.0,5.2,5.2,0,29.0,738.0,Teledyne T640X at 16.67 LPM (Corrected) - Broadband spectroscopy,Miami Fire Station,"1200 NW 20th St, Miami, FL 33142",Florida,Miami-Dade,Miami,"Miami-Fort Lauderdale-West Palm Beach, FL",2024-08-05,pm25
12,86,1016,88101,23,25.794222,-80.215556,NAD83,PM2.5 - Local Conditions,24-HR BLK AVG,PM25 24-hour 2012,2023-07-02,Micrograms/cubic meter (LC),,1,100.0,5.6,5.6,0,31.0,738.0,Teledyne T640X at 16.67 LPM (Corrected) - Broadband spectroscopy,Miami Fire Station,"1200 NW 20th St, Miami, FL 33142",Florida,Miami-Dade,Miami,"Miami-Fort Lauderdale-West Palm Beach, FL",2024-08-05,pm25
12,86,1016,88101,23,25.794222,-80.215556,NAD83,PM2.5 - Local Conditions,24-HR BLK AVG,PM25 24-hour 2012,2023-07-03,Micrograms/cubic meter (LC),,1,100.0,6.0,6.0,0,33.0,738.0,Teledyne T640X at 16.67 LPM (Corrected) - Broadband spectroscopy,Miami Fire Station,"1200 NW 20th St, Miami, FL 33142",Florida,Miami-Dade,Miami,"Miami-Fort Lauderdale-West Palm Beach, FL",2024-08-05,pm25
12,86,1016,88101,23,25.794222,-80.215556,NAD83,PM2.5 - Local Conditions,24-HR BLK AVG,PM25 24-hour 2012,2023-07-04,Micrograms/cubic meter (LC),,1,100.0,5.2,5.2,0,29.0,738.0,Teledyne T640X at 16.67 LPM (Corrected) - Broadband spectroscopy,Miami Fire Station,"1200 NW 20th St, Miami, FL 33142",Florida,Miami-Dade,Miami,"Miami-Fort Lauderdale-West Palm Beach, FL",2024-08-05,pm25
12,86,1016,88101,23,25.794222,-80.215556,NAD83,PM2.5 - Local Conditions,24-HR BLK AVG,PM25 24-hour 2012,2023-07-05,Micrograms/cubic meter (LC),,1,100.0,12.0,12.0,0,56.0,738.0,Teledyne T640X at 16.67 LPM (Corrected) - Broadband spectroscopy,Miami Fire Station,"1200 NW 20th St, Miami, FL 33142",Florida,Miami-Dade,Miami,"Miami-Fort Lauderdale-West Palm Beach, FL",2024-08-05,pm25
12,86,1016,88101,23,25.794222,-80.215556,NAD83,PM2.5 - Local Conditions,24-HR BLK AVG,PM25 24-hour 2012,2023-07-06,Micrograms/cubic meter (LC),,1,100.0,13.2,13.2,0,59.0,738.0,Teledyne T640X at 16.67 LPM (Corrected) - Broadband spectroscopy,Miami Fire Station,"1200 NW 20th St, Miami, FL 33142",Florida,Miami-Dade,Miami,"Miami-Fort Lauderdale-West Palm Beach, FL",2024-08-05,pm25
12,86,1016,88101,23,25.794222,-80.215556,NAD83,PM2.5 - Local Conditions,24-HR BLK AVG,PM25 24-hour 2012,2023-07-07,Micrograms/cubic meter (LC),,1,100.0,9.3,9.3,0,51.0,738.0,Teledyne T640X at 16.67 LPM (Corrected) - Broadband spectroscopy,Miami Fire Station,"1200 NW 20th St, Miami, FL 33142",Florida,Miami-Dade,Miami,"Miami-Fort Lauderdale-West Palm Beach, FL",2024-08-05,pm25
12,86,1016,88101,23,25.794222,-80.215556,NAD83,PM2.5 - Local Conditions,24-HR BLK AVG,PM25 24-hour 2012,2023-07-08,Micrograms/cubic meter (LC),,1,100.0,10.0,10.0,0,53.0,738.0,Teledyne T640X at 16.67 LPM (Corrected) - Broadband spectroscopy,Miami Fire Station,"1200 NW 20th St, Miami, FL 33142",Florida,Miami-Dade,Miami,"Miami-Fort Lauderdale-West Palm Beach, FL",2024-08-05,pm25
12,86,1016,88101,23,25.794222,-80.215556,NAD83,PM2.5 - Local Conditions,24-HR BLK AVG,PM25 24-hour 2012,2023-07-09,Micrograms/cubic meter (LC),,1,100.0,12.3,12.3,0,57.0,738.0,Teledyne T640X at 16.67 LPM (Corrected) - Broadband spectroscopy,Miami Fire Station,"1200 NW 20th St, Miami, FL 33142",Florida,Miami-Dade,Miami,"Miami-Fort Lauderdale-West Palm Beach, FL",2024-08-05,pm25
12,86,1016,88101,23,25.794222,-80.215556,NAD83,PM2.5 - Local Conditions,24-HR BLK AVG,PM25 24-hour 2012,2023-07-10,Micrograms/cubic meter (LC),,1,100.0,17.3,17.3,0,66.0,738.0,Teledyne T640X at 16.67 LPM (Corrected) - Broadband spectroscopy,Miami Fire Station,"1200 NW 20th St, Miami, FL 33142",Florida,Miami-Dade,Miami,"Miami-Fort Lauderdale-West Palm Beach, FL",2024-08-05,pm25
12,86,1016,88101,23,25.794222,-80.215556,NAD83,PM2.5 - Local Conditions,24-HR BLK AVG,PM25 24-hour 2012,2023-07-11,Micrograms/cubic meter (LC),,1,100.0,16.6,16.6,0,65.0,738.0,Teledyne T640X at 16.67 LPM (Corrected) - Broadband spectroscopy,Miami Fire Station,"1200 NW 20th St, Miami, FL 33142",Florida,Miami-Dade,Miami,"Miami-Fort Lauderdale-West Palm Beach, FL",2024-08-05,pm25
12,86,1016,88101,23,25.794222,-80.215556,NAD83,PM2.5 - Local Conditions,24-HR BLK AVG,PM25 24-hour 2012,2023-07-12,Micrograms/cubic meter (LC),,1,100.0,10.0,10.0,0,53.0,738.0,Teledyne T640X at 16.67 LPM (Corrected) - Broadband spectroscopy,Miami Fire Station,"1200 NW 20th St, Miami, FL 33142",Florida,Miami-Dade,Miami,"Miami-Fort Lauderdale-West Palm Beach, FL",2024-08-05,pm25
12,86,1016,88101,23,25.794222,-80.215556,NAD83,PM2.5 - Local Conditions,24-HR BLK AVG,PM25 24-hour 2012,2023-07-13,Micrograms/cubic meter (LC),,1,100.0,10.3,10.3,0,53.0,738.0,Teledyne T640X at 16.67 LPM (Corrected) - Broadband spectroscopy,Miami Fire Station,"1200 NW 20th St, Miami, FL 33142",Florida,Miami-Dade,Miami,"Miami-Fort Lauderdale-West Palm Beach, FL",2024-08-05,pm25
12,86,1016,88101,23,25.794222,-80.215556,NAD83,PM2.5 - Local Conditions,24-HR BLK AVG,PM25 24-hour 2012,2023-07-14,Micrograms/cubic meter (LC),,1,100.0,9.7,9.7,0,52.0,738.0,Teledyne T640X at 16.67 LPM (Corrected) - Broadband spectroscopy,Miami Fire Station,"1200 NW 20th St, Miami, FL 33142",Florida,Miami-Dade,Miami,"Miami-Fort Lauderdale-West Palm Beach, FL",2024-08-05,pm25
12,86,1016,88101,23,25.794222,-80.215556,NAD83,PM2.5 - Local Conditions,24-HR BLK AVG,PM25 24-hour 2012,2023-07-15,Micrograms/cubic meter (LC),,1,100.0,7.2,7.2,0,40.0,738.0,Teledyne T640X at 16.67 LPM (Corrected) - Broadband spectroscopy,Miami Fire Station,"1200 NW 20th St, Miami, FL 33142",Florida,Miami-Dade,Miami,"Miami-Fort Lauderdale-West Palm Beach, FL",2024-08-05,pm25
12,86,1016,88101,23,25.794222,-80.215556,NAD83,PM2.5 - Local Conditions,24-HR BLK AVG,PM25 24-hour 2012,2023-07-16,Micrograms/cubic meter (LC),,1,100.0,10.2,10.2,0,53.0,738.0,Teledyne T640X at 16.67 LPM (Corrected) - Broadband spectroscopy,Miami Fire Station,"1200 NW 20th St, Miami, FL 33142",Florida,Miami-Dade,Miami,"Miami-Fort Lauderdale-West Palm Beach, FL",2024-08-05,pm25
12,86,1016,88101,23,25.794222,-80.215556,NAD83,PM2.5 - Local Conditions,24-HR BLK AVG,PM25 24-hour 2012,2023-07-17,Micrograms/cubic meter (LC),,1,100.0,10.6,10.6,0,54.0,738.0,Teledyne T640X at 16.67 LPM (Corrected) - Broadband spectroscopy,Miami Fire Station,"1200 NW 20th St, Miami, FL 33142",Florida,Miami-Dade,Miami,"Miami-Fort Lauderdale-West Palm Beach, FL",2024-08-05,pm25
12,86,1016,88101,23,25.794222,-80.215556,NAD83,PM2.5 - Local Conditions,24-HR BLK AVG,PM25 24-hour 2012,2023-07-18,Micrograms/cubic meter (LC),,1,100.0,8.7,8.7,0,48.0,738.0,Teledyne T640X at 16.67 LPM (Corrected) - Broadband spectroscopy,Miami Fire Station,"1200 NW 20th St, Miami, FL 33142",Florida,Miami-Dade,Miami,"Miami-Fort Lauderdale-West Palm Beach, FL",2024-08-05,pm25
12,86,1016,88101,23,25.794222,-80.215556,NAD83,PM2.5 - Local Conditions,24-HR BLK AVG,PM25 24-hour 2012,2023-07-19,Micrograms/cubic meter (LC),,1,100.0,6.0,6.0,0,33.0,738.0,Teledyne T640X at 16.67 LPM (Corrected) - Broadband spectroscopy,Miami Fire Station,"1200 NW 20th St, Miami, FL 33142",Florida,Miami-Dade,Miami,"Miami-Fort Lauderdale-West Palm Beach, FL",2024-08-05,pm25
12,86,1016,88101,23,25.794222,-80.215556,NAD83,PM2.5 - Local Conditions,24-HR BLK AVG,PM25 24-hour 2012,2023-07-20,Micrograms/cubic meter (LC),,1,100.0,21.7,21.7,0,74.0,738.0,Teledyne T640X at 16.67 LPM (Corrected) - Broadband spectroscopy,Miami Fire Station,"1200 NW 20th St, Miami, FL 33142",Florida,Miami-Dade,Miami,"Miami-Fort Lauderdale-West Palm Beach, FL",2024-08-05,pm25
12,86,1016,88101,23,25.794222,-80.215556,NAD83,PM2.5 - Local Conditions,24-HR BLK AVG,PM25 24-hour 2012,2023-07-21,Micrograms/cubic meter (LC),,1,100.0,14.0,14.0,0,60.0,738.0,Teledyne T640X at 16.67 LPM (Corrected) - Broadband spectroscopy,Miami Fire Station,"1200 NW 20th St, Miami, FL 33142",Florida,Miami-Dade,Miami,"Miami-Fort Lauderdale-West Palm Beach, FL",2024-08-05,pm25
12,86,1016,88101,23,25.794222,-80.215556,NAD83,PM2.5 - Local Conditions,24-HR BLK AVG,PM25 24-hour 2012,2023-07-22,Micrograms/cubic meter (LC),,1,100.0,13.5,13.5,0,59.0,738.0,Teledyne T640X at 16.67 LPM (Corrected) - Broadband spectroscopy,Miami Fire Station,"1200 NW 20th St, Miami, FL 33142",Florida,Miami-Dade,Miami,"Miami-Fort Lauderdale-West Palm Beach, FL",2024-08-05,pm25
12,86,1016,88101,23,25.794222,-80.215556,NAD83,PM2.5 - Local Conditions,24-HR BLK AVG,PM25 24-hour 2012,2023-07-23,Micrograms/cubic meter (LC),,1,100.0,15.8,15.8,0,63.0,738.0,Teledyne T640X at 16.67 LPM (Corrected) - Broadband spectroscopy,Miami Fire Station,"1200 NW 20th St, Miami, FL 33142",Florida,Miami-Dade,Miami,"Miami-Fort Lauderdale-West Palm Beach, FL",2024-08-05,pm25
12,86,1016,88101,23,25.794222,-80.215556,NAD83,PM2.5 - Local Conditions,24-HR BLK AVG,PM25 24-hour 2012,2023-07-24,Micrograms/cubic meter (LC),,1,100.0,20.1,20.1,0,71.0,738.0,Teledyne T640X at 16.67 LPM (Corrected) - Broadband spectroscopy,Miami Fire Station,"1200 NW 20th St, Miami, FL 33142",Florida,Miami-Dade,Miami,"Miami-Fort Lauderdale-West Palm Beach, FL",2024-08-05,pm25
12,86,1016,88101,23,25.794222,-80.215556,NAD83,PM2.5 - Local Conditions,24-HR BLK AVG,PM25 24-hour 2012,2023-07-25,Micrograms/cubic meter (LC),,1,100.0,19.6,19.6,0,71.0,738.0,Teledyne T640X at 16.67 LPM (Corrected) - Broadband spectroscopy,Miami Fire Station,"1200 NW 20th St, Miami, FL 33142",Florida,Miami-Dade,Miami,"Miami-Fort Lauderdale-West Palm Beach, FL",2024-08-05,pm25
12,86,1016,88101,23,25.794222,-80.215556,NAD83,PM2.5 - Local Conditions,24-HR BLK AVG,PM25 24-hour 2012,2023-07-26,Micrograms/cubic meter (LC),,1,100.0,11.0,11.0,0,55.0,738.0,Teledyne T640X at 16.67 LPM (Corrected) - Broadband spectroscopy,Miami Fire Station,"1200 NW 20th St, Miami, FL 33142",Florida,Miami-Dade,Miami,"Miami-Fort Lauderdale-West Palm Beach, FL",2024-08-05,pm25
12,86,1016,88101,23,25.794222,-80.215556,NAD83,PM2.5 - Local Conditions,24-HR BLK AVG,PM25 24-hour 2012,2023-07-27,Micrograms/cubic meter (LC),,1,100.0,5.7,5.7,0,32.0,738.0,Teledyne T640X at 16.67 LPM (Corrected) - Broadband spectroscopy,Miami Fire Station,"1200 NW 20th St, Miami, FL 33142",Florida,Miami-Dade,Miami,"Miami-Fort Lauderdale-West Palm Beach, FL",2024-08-05,pm25
12,86,1016,88101,23,25.794222,-80.215556,NAD83,PM2.5 - Local Conditions,24-HR BLK AVG,PM25 24-hour 2012,2023-07-28,Micrograms/cubic meter (LC),,1,100.0,7.8,7.8,0,43.0,738.0,Teledyne T640X at 16.67 LPM (Corrected) - Broadband spectroscopy,Miami Fire Station,"1200 NW 20th St, Miami, FL 33142",Florida,Miami-Dade,Miami,"Miami-Fort Lauderdale-West Palm Beach, FL",2024-08-05,pm25
12,86,1016,88101,23,25.794222,-80.215556,NAD83,PM2.5 - Local Conditions,24-HR BLK AVG,PM25 24-hour 2012,2023-07-29,Micrograms/cubic meter (LC),,1,100.0,6.7,6.7,0,37.0,738.0,Teledyne T640X at 16.67 LPM (Corrected) - Broadband spectroscopy,Miami Fire Station,"1200 NW 20th St, Miami, FL 33142",Florida,Miami-Dade,Miami,"Miami-Fort Lauderdale-West Palm Beach, FL",2024-08-05,pm25
12,86,1016,88101,23,25.794222,-80.215556,NAD83,PM2.5 - Local Conditions,24-HR BLK AVG,PM25 24-hour 2012,2023-07-30,Micrograms/cubic meter (LC),,1,100.0,5.0,5.0,0,28.0,738.0,Teledyne T640X at 16.67 LPM (Corrected) - Broadband spectroscopy,Miami Fire Station,"1200 NW 20th St, Miami, FL 33142",Florida,Miami-Dade,Miami,"Miami-Fort Lauderdale-West Palm Beach, FL",2024-08-05,pm25
12,86,1016,88101,23,25.794222,-80.215556,NAD83,PM2.5 - Local Conditions,24-HR BLK AVG,PM25 24-hour 2012,2023-07-31,Micrograms/cubic meter (LC),,1,100.0,5.1,5.1,0,28.0,738.0,Teledyne T640X at 16.67 LPM (Corrected) - Broadband spectroscopy,Miami Fire Station,"1200 NW 20th St, Miami, FL 33142",Florida,Miami-Dade,Miami,"Miami-Fort Lauderdale-West Palm Beach, FL",2024-08-05,pm25
12,86,1016,88101,23,25.794222,-80.215556,NAD83,PM2.5 - Local Conditions,24-HR BLK AVG,PM25 24-hour 2012,2023-08-01,Micrograms/cubic meter (LC),,1,100.0,6.2,6.2,0,34.0,738.0,Teledyne T640X at 16.67 LPM (Corrected) - Broadband spectroscopy,Miami Fire Station,"1200 NW 20th St, Miami, FL 33142",Florida,Miami-Dade,Miami,"Miami-Fort Lauderdale-West Palm Beach, FL",2024-08-05,pm25
12,86,1016,88101,23,25.794222,-80.215556,NAD83,PM2.5 - Local Conditions,24-HR BLK AVG,PM25 24-hour 2012,2023-08-02,Micrograms/cubic meter (LC),,1,100.0,6.6,6.6,0,37.0,738.0,Teledyne T640X at 16.67 LPM (Corrected) - Broadband spectroscopy,Miami Fire Station,"1200 NW 20th St, Miami, FL 33142",Florida,Miami-Dade,Miami,"Miami-Fort Lauderdale-West Palm Beach, FL",2024-08-05,pm25
12,86,1016,88101,23,25.794222,-80.215556,NAD83,PM2.5 - Local Conditions,24-HR BLK AVG,PM25 24-hour 2012,2023-08-03,Micrograms/cubic meter (LC),,1,100.0,6.6,6.6,0,37.0,738.0,Teledyne T640X at 16.67 LPM (Corrected) - Broadband spectroscopy,Miami Fire Station,"1200 NW 20th St, Miami, FL 33142",Florida,Miami-Dade,Miami,"Miami-Fort Lauderdale-West Palm Beach, FL",2024-08-05,pm25
12,86,1016,88101,23,25.794222,-80.215556,NAD83,PM2.5 - Local Conditions,24-HR BLK AVG,PM25 24-hour 2012,2023-08-04,Micrograms/cubic meter (LC),,1,100.0,6.9,6.9,0,38.0,738.0,Teledyne T640X at 16.67 LPM (Corrected) - Broadband spectroscopy,Miami Fire Station,"1200 NW 20th St, Miami, FL 33142",Florida,Miami-Dade,Miami,"Miami-Fort Lauderdale-West Palm Beach, FL",2024-08-05,pm25
12,86,1016,88101,23,25.794222,-80.215556,NAD83,PM2.5 - Local Conditions,24-HR BLK AVG,PM25 24-hour 2012,2023-08-05,Micrograms/cubic meter (LC),,1,100.0,6.1,6.1,0,34.0,738.0,Teledyne T640X at 16.67 LPM (Corrected) - Broadband spectroscopy,Miami Fire Station,"1200 NW 20th St, Miami, FL 33142",Florida,Miami-Dade,Miami,"Miami-Fort Lauderdale-West Palm Beach, FL",2024-08-05,pm25
12,86,1016,88101,23,25.794222,-80.215556,NAD83,PM2.5 - Local Conditions,24-HR BLK AVG,PM25 24-hour 2012,2023-08-06,Micrograms/cubic meter (LC),,1,100.0,4.8,4.8,0,27.0,738.0,Teledyne T640X at 16.67 LPM (Corrected) - Broadband spectroscopy,Miami Fire Station,"1200 NW 20th St, Miami, FL 33142",Florida,Miami-Dade,Miami,"Miami-Fort Lauderdale-West Palm Beach, FL",2024-08-05,pm25
12,86,1016,88101,23,25.794222,-80.215556,NAD83,PM2.5 - Local Conditions,24-HR BLK AVG,PM25 24-hour 2012,2023-08-07,Micrograms/cubic meter (LC),,1,100.0,11.0,11.0,0,55.0,738.0,Teledyne T640X at 16.67 LPM (Corrected) - Broadband spectroscopy,Miami Fire Station,"1200 NW 20th St, Miami, FL 33142",Florida,Miami-Dade,Miami,"Miami-Fort Lauderdale-West Palm Beach, FL",2024-08-05,pm25
12,86,1016,88101,23,25.794222,-80.215556,NAD83,PM2.5 - Local Conditions,24-HR BLK AVG,PM25 24-hour 2012,2023-08-08,Micrograms/cubic meter (LC),,1,100.0,11.9,11.9,0,56.0,738.0,Teledyne T640X at 16.67 LPM (Corrected) - Broadband spectroscopy,Miami Fire Station,"1200 NW 20th St, Miami, FL 33142",Florida,Miami-Dade,Miami,"Miami-Fort Lauderdale-West Palm Beach, FL",2024-08-05,pm25
12,86,1016,88101,23,25.794222,-80.215556,NAD83,PM2.5 - Local Conditions,24-HR BLK AVG,PM25 24-hour 2012,2023-08-09,Micrograms/cubic meter (LC),,1,100.0,13.7,13.7,0,60.0,738.0,Teledyne T640X at 16.67 LPM (Corrected) - Broadband spectroscopy,Miami Fire Station,"1200 NW 20th St, Miami, FL 33142",Florida,Miami-Dade,Miami,"Miami-Fort Lauderdale-West Palm Beach, FL",2024-08-05,pm25
12,86,1016,88101,23,25.794222,-80.215556,NAD83,PM2.5 - Local Conditions,24-HR BLK AVG,PM25 24-hour 2012,2023-08-10,Micrograms/cubic meter (LC),,1,100.0,11.6,11.6,0,56.0,738.0,Teledyne T640X at 16.67 LPM (Corrected) - Broadband spectroscopy,Miami Fire Station,"1200 NW 20th St, Miami, FL 33142",Florida,Miami-Dade,Miami,"Miami-Fort Lauderdale-West Palm Beach, FL",2024-08-05,pm25
12,86,1016,88101,23,25.794222,-80.215556,NAD83,PM2.5 - Local Conditions,24-HR BLK AVG,PM25 24-hour 2012,2023-08-11,Micrograms/cubic meter (LC),,1,100.0,9.4,9.4,0,52.0,738.0,Teledyne T640X at 16.67 LPM (Corrected) - Broadband spectroscopy,Miami Fire Station,"1200 NW 20th St, Miami, FL 33142",Florida,Miami-Dade,Miami,"Miami-Fort Lauderdale-West Palm Beach, FL",2024-08-05,pm25
12,86,1016,88101,23,25.794222,-80.215556,NAD83,PM2.5 - Local Conditions,24-HR BLK AVG,PM25 24-hour 2012,2023-08-12,Micrograms/cubic meter (LC),,1,100.0,4.2,4.2,0,23.0,738.0,Teledyne T640X at 16.67 LPM (Corrected) - Broadband spectroscopy,Miami Fire Station,"1200 NW 20th St, Miami, FL 33142",Florida,Miami-Dade,Miami,"Miami-Fort Lauderdale-West Palm Beach, FL",2024-08-05,pm25
12,86,1016,88101,23,25.794222,-80.215556,NAD83,PM2.5 - Local Conditions,24-HR BLK AVG,PM25 24-hour 2012,2023-08-13,Micrograms/cubic meter (LC),,1,100.0,7.7,7.7,0,43.0,738.0,Teledyne T640X at 16.67 LPM (Corrected) - Broadband spectroscopy,Miami Fire Station,"1200 NW 20th St, Miami, FL 33142",Florida,Miami-Dade,Miami,"Miami-Fort Lauderdale-West Palm Beach, FL",2024-08-05,pm25
12,86,1016,88101,23,25.794222,-80.215556,NAD83,PM2.5 - Local Conditions,24-HR BLK AVG,PM25 24-hour 2012,2023-08-14,Micrograms/cubic meter (LC),,1,100.0,12.0,12.0,0,56.0,738.0,Teledyne T640X at 16.67 LPM (Corrected) - Broadband spectroscopy,Miami Fire Station,"1200 NW 20th St, Miami, FL 33142",Florida,Miami-Dade,Miami,"Miami-Fort Lauderdale-West Palm Beach, FL",2024-08-05,pm25
12,86,1016,88101,23,25.794222,-80.215556,NAD83,PM2.5 - Local Conditions,24-HR BLK AVG,PM25 24-hour 2012,2023-08-15,Micrograms/cubic meter (LC),,1,100.0,7.0,7.0,0,39.0,738.0,Teledyne T640X at 16.67 LPM (Corrected) - Broadband spectroscopy,Miami Fire Station,"1200 NW 20th St, Miami, FL 33142",Florida,Miami-Dade,Miami,"Miami-Fort Lauderdale-West Palm Beach, FL",2024-08-05,pm25
12,86,1016,88101,23,25.794222,-80.215556,NAD83,PM2.5 - Local Conditions,24-HR BLK AVG,PM25 24-hour 2012,2023-08-16,Micrograms/cubic meter (LC),,1,100.0,5.2,5.2,0,29.0,738.0,Teledyne T640X at 16.67 LPM (Corrected) - Broadband spectroscopy,Miami Fire Station,"1200 NW 20th St, Miami, FL 33142",Florida,Miami-Dade,Miami,"Miami-Fort Lauderdale-West Palm Beach, FL",2024-08-05,pm25
12,86,1016,88101,23,25.794222,-80.215556,NAD83,PM2.5 - Local Conditions,24-HR BLK AVG,PM25 24-hour 2012,2023-08-17,Micrograms/cubic meter (LC),,1,100.0,7.2,7.2,0,40.0,738.0,Teledyne T640X at 16.67 LPM (Corrected) - Broadband spectroscopy,Miami Fire Station,"1200 NW 20th St, Miami, FL 33142",Florida,Miami-Dade,Miami,"Miami-Fort Lauderdale-West Palm Beach, FL",2024-08-05,pm25
12,86,1016,88101,23,25.794222,-80.215556,NAD83,PM2.5 - Local Conditions,24-HR BLK AVG,PM25 24-hour 2012,2023-08-18,Micrograms/cubic meter (LC),,1,100.0,10.9,10.9,0,54.0,738.0,Teledyne T640X at 16.67 LPM (Corrected) - Broadband spectroscopy,Miami Fire Station,"1200 NW 20th St, Miami, FL 33142",Florida,Miami-Dade,Miami,"Miami-Fort Lauderdale-West Palm Beach, FL",2024-08-05,pm25
12,86,1016,88101,23,25.794222,-80.215556,NAD83,PM2.5 - Local Conditions,24-HR BLK AVG,PM25 24-hour 2012,2023-08-19,Micrograms/cubic meter (LC),,1,100.0,7.7,7.7,0,43.0,738.0,Teledyne T640X at 16.67 LPM (Corrected) - Broadband spectroscopy,Miami Fire Station,"1200 NW 20th St, Miami, FL 33142",Florida,Miami-Dade,Miami,"Miami-Fort Lauderdale-West Palm Beach, FL",2024-08-05,pm25
12,86,1016,88101,23,25.794222,-80.215556,NAD83,PM2.5 - Local Conditions,24-HR BLK AVG,PM25 24-hour 2012,2023-08-20,Micrograms/cubic meter (LC),,1,100.0,13.1,13.1,0,58.0,738.0,Teledyne T640X at 16.67 LPM (Corrected) - Broadband spectroscopy,Miami Fire Station,"1200 NW 20th St, Miami, FL 33142",Florida,Miami-Dade,Miami,"Miami-Fort Lauderdale-West Palm Beach, FL",2024-08-05,pm25
12,86,1016,88101,23,25.794222,-80.215556,NAD83,PM2.5 - Local Conditions,24-HR BLK AVG,PM25 24-hour 2012,2023-08-21,Micrograms/cubic meter (LC),,1,100.0,8.1,8.1,0,45.0,738.0,Teledyne T640X at 16.67 LPM (Corrected) - Broadband spectroscopy,Miami Fire Station,"1200 NW 20th St, Miami, FL 33142",Florida,Miami-Dade,Miami,"Miami-Fort Lauderdale-West Palm Beach, FL",2024-08-05,pm25
12,86,1016,88101,23,25.794222,-80.215556,NAD83,PM2.5 - Local Conditions,24-HR BLK AVG,PM25 24-hour 2012,2023-08-22,Micrograms/cubic meter (LC),,1,100.0,16.1,16.1,0,64.0,738.0,Teledyne T640X at 16.67 LPM (Corrected) - Broadband spectroscopy,Miami Fire Station,"1200 NW 20th St, Miami, FL 33142",Florida,Miami-Dade,Miami,"Miami-Fort Lauderdale-West Palm Beach, FL",2024-08-05,pm25
12,86,1016,88101,23,25.794222,-80.215556,NAD83,PM2.5 - Local Conditions,24-HR BLK AVG,PM25 24-hour 2012,2023-08-23,Micrograms/cubic meter (LC),,1,100.0,12.6,12.6,0,58.0,738.0,Teledyne T640X at 16.67 LPM (Corrected) - Broadband spectroscopy,Miami Fire Station,"1200 NW 20th St, Miami, FL 33142",Florida,Miami-Dade,Miami,"Miami-Fort Lauderdale-West Palm Beach, FL",2024-08-05,pm25
12,86,1016,88101,23,25.794222,-80.215556,NAD83,PM2.5 - Local Conditions,24-HR BLK AVG,PM25 24-hour 2012,2023-08-24,Micrograms/cubic meter (LC),,1,100.0,10.5,10.5,0,54.0,738.0,Teledyne T640X at 16.67 LPM (Corrected) - Broadband spectroscopy,Miami Fire Station,"1200 NW 20th St, Miami, FL 33142",Florida,Miami-Dade,Miami,"Miami-Fort Lauderdale-West Palm Beach, FL",2024-08-05,pm25
12,86,1016,88101,23,25.794222,-80.215556,NAD83,PM2.5 - Local Conditions,24-HR BLK AVG,PM25 24-hour 2012,2023-08-25,Micrograms/cubic meter (LC),,1,100.0,10.1,10.1,0,53.0,738.0,Teledyne T640X at 16.67 LPM (Corrected) - Broadband spectroscopy,Miami Fire Station,"1200 NW 20th St, Miami, FL 33142",Florida,Miami-Dade,Miami,"Miami-Fort Lauderdale-West Palm Beach, FL",2024-08-05,pm25
12,86,1016,88101,23,25.794222,-80.215556,NAD83,PM2.5 - Local Conditions,24-HR BLK AVG,PM25 24-hour 2012,2023-08-26,Micrograms/cubic meter (LC),,1,100.0,6.0,6.0,0,33.0,738.0,Teledyne T640X at 16.67 LPM (Corrected) - Broadband spectroscopy,Miami Fire Station,"1200 NW 20th St, Miami, FL 33142",Florida,Miami-Dade,Miami,"Miami-Fort Lauderdale-West Palm Beach, FL",2024-08-05,pm25
12,86,1016,88101,23,25.794222,-80.215556,NAD83,PM2.5 - Local Conditions,24-HR BLK AVG,PM25 24-hour 2012,2023-08-27,Micrograms/cubic meter (LC),,1,100.0,4.6,4.6,0,26.0,738.0,Teledyne T640X at 16.67 LPM (Corrected) - Broadband spectroscopy,Miami Fire Station,"1200 NW 20th St, Miami, FL 33142",Florida,Miami-Dade,Miami,"Miami-Fort Lauderdale-West Palm Beach, FL",2024-08-05,pm25
12,86,1016,88101,23,25.794222,-80.215556,NAD83,PM2.5 - Local Conditions,24-HR BLK AVG,PM25 24-hour 2012,2023-08-28,Micrograms/cubic meter (LC),,1,100.0,5.5,5.5,0,31.0,738.0,Teledyne T640X at 16.67 LPM (Corrected) - Broadband spectroscopy,Miami Fire Station,"1200 NW 20th St, Miami, FL 33142",Florida,Miami-Dade,Miami,"Miami-Fort Lauderdale-West Palm Beach, FL",2024-08-05,pm25
12,86,1016,88101,23,25.794222,-80.215556,NAD83,PM2.5 - Local Conditions,24-HR BLK AVG,PM25 24-hour 2012,2023-08-29,Micrograms/cubic meter (LC),,1,100.0,5.5,5.5,0,31.0,738.0,Teledyne T640X at 16.67 LPM (Corrected) - Broadband spectroscopy,Miami Fire Station,"1200 NW 20th St, Miami, FL 33142",Florida,Miami-Dade,Miami,"Miami-Fort Lauderdale-West Palm Beach, FL",2024-08-05,pm25
12,86,1016,88101,23,25.794222,-80.215556,NAD83,PM2.5 - Local Conditions,24-HR BLK AVG,PM25 24-hour 2012,2023-08-30,Micrograms/cubic meter (LC),,1,100.0,8.8,8.8,0,49.0,738.0,Teledyne T640X at 16.67 LPM (Corrected) - Broadband spectroscopy,Miami Fire Station,"1200 NW 20th St, Miami, FL 33142",Florida,Miami-Dade,Miami,"Miami-Fort Lauderdale-West Palm Beach, FL",2024-08-05,pm25
12,86,1016,88101,23,25.794222,-80.215556,NAD83,PM2.5 - Local Conditions,24-HR BLK AVG,PM25 24-hour 2012,2023-08-31,Micrograms/cubic meter (LC),,1,100.0,8.9,8.9,0,49.0,738.0,Teledyne T640X at 16.67 LPM (Corrected) - Broadband spectroscopy,Miami Fire Station,"1200 NW 20th St, Miami, FL 33142",Florida,Miami-Dade,Miami,"Miami-Fort Lauderdale-West Palm Beach, FL",2024-08-05,pm25
12,86,1016,88101,23,25.794222,-80.215556,NAD83,PM2.5 - Local Conditions,24-HR BLK AVG,PM25 24-hour 2012,2023-09-01,Micrograms/cubic meter (LC),,1,100.0,8.8,8.8,0,49.0,738.0,Teledyne T640X at 16.67 LPM (Corrected) - Broadband spectroscopy,Miami Fire Station,"1200 NW 20th St, Miami, FL 33142",Florida,Miami-Dade,Miami,"Miami-Fort Lauderdale-West Palm Beach, FL",2024-08-05,pm25
12,86,1016,88101,23,25.794222,-80.215556,NAD83,PM2.5 - Local Conditions,24-HR BLK AVG,PM25 24-hour 2012,2023-09-02,Micrograms/cubic meter (LC),,1,100.0,5.5,5.5,0,31.0,738.0,Teledyne T640X at 16.67 LPM (Corrected) - Broadband spectroscopy,Miami Fire Station,"1200 NW 20th St, Miami, FL 33142",Florida,Miami-Dade,Miami,"Miami-Fort Lauderdale-West Palm Beach, FL",2024-08-05,pm25
12,86,1016,88101,23,25.794222,-80.215556,NAD83,PM2.5 - Local Conditions,24-HR BLK AVG,PM25 24-hour 2012,2023-09-03,Micrograms/cubic meter (LC),,1,100.0,7.2,7.2,0,40.0,738.0,Teledyne T640X at 16.67 LPM (Corrected) - Broadband spectroscopy,Miami Fire Station,"1200 NW 20th St, Miami, FL 33142",Florida,Miami-Dade,Miami,"Miami-Fort Lauderdale-West Palm Beach, FL",2024-08-05,pm25
12,86,1016,88101,23,25.794222,-80.215556,NAD83,PM2.5 - Local Conditions,24-HR BLK AVG,PM25 24-hour 2012,2023-09-04,Micrograms/cubic meter (LC),,1,100.0,5.5,5.5,0,31.0,738.0,Teledyne T640X at 16.67 LPM (Corrected) - Broadband spectroscopy,Miami Fire Station,"1200 NW 20th St, Miami, FL 33142",Florida,Miami-Dade,Miami,"Miami-Fort Lauderdale-West Palm Beach, FL",2024-08-05,pm25
12,86,1016,88101,23,25.794222,-80.215556,NAD83,PM2.5 - Local Conditions,24-HR BLK AVG,PM25 24-hour 2012,2023-09-05,Micrograms/cubic meter (LC),,1,100.0,6.4,6.4,0,36.0,738.0,Teledyne T640X at 16.67 LPM (Corrected) - Broadband spectroscopy,Miami Fire Station,"1200 NW 20th St, Miami, FL 33142",Florida,Miami-Dade,Miami,"Miami-Fort Lauderdale-West Palm Beach, FL",2024-08-05,pm25
12,86,1016,88101,23,25.794222,-80.215556,NAD83,PM2.5 - Local Conditions,24-HR BLK AVG,PM25 24-hour 2012,2023-09-06,Micrograms/cubic meter (LC),,1,100.0,9.5,9.5,0,52.0,738.0,Teledyne T640X at 16.67 LPM (Corrected) - Broadband spectroscopy,Miami Fire Station,"1200 NW 20th St, Miami, FL 33142",Florida,Miami-Dade,Miami,"Miami-Fort Lauderdale-West Palm Beach, FL",2024-08-05,pm25
12,86,1016,88101,23,25.794222,-80.215556,NAD83,PM2.5 - Local Conditions,24-HR BLK AVG,PM25 24-hour 2012,2023-09-07,Micrograms/cubic meter (LC),,1,100.0,9.5,9.5,0,52.0,738.0,Teledyne T640X at 16.67 LPM (Corrected) - Broadband spectroscopy,Miami Fire Station,"1200 NW 20th St, Miami, FL 33142",Florida,Miami-Dade,Miami,"Miami-Fort Lauderdale-West Palm Beach, FL",2024-08-05,pm25
12,86,1016,88101,23,25.794222,-80.215556,NAD83,PM2.5 - Local Conditions,24-HR BLK AVG,PM25 24-hour 2012,2023-09-08,Micrograms/cubic meter (LC),,1,100.0,7.5,7.5,0,42.0,738.0,Teledyne T640X at 16.67 LPM (Corrected) - Broadband spectroscopy,Miami Fire Station,"1200 NW 20th St, Miami, FL 33142",Florida,Miami-Dade,Miami,"Miami-Fort Lauderdale-West Palm Beach, FL",2024-08-05,pm25
12,86,1016,88101,23,25.794222,-80.215556,NAD83,PM2.5 - Local Conditions,24-HR BLK AVG,PM25 24-hour 2012,2023-09-09,Micrograms/cubic meter (LC),,1,100.0,5.9,5.9,0,33.0,738.0,Teledyne T640X at 16.67 LPM (Corrected) - Broadband spectroscopy,Miami Fire Station,"1200 NW 20th St, Miami, FL 33142",Florida,Miami-Dade,Miami,"Miami-Fort Lauderdale-West Palm Beach, FL",2024-08-05,pm25
12,86,1016,88101,23,25.794222,-80.215556,NAD83,PM2.5 - Local Conditions,24-HR BLK AVG,PM25 24-hour 2012,2023-09-10,Micrograms/cubic meter (LC),,1,100.0,5.4,5.4,0,30.0,738.0,Teledyne T640X at 16.67 LPM (Corrected) - Broadband spectroscopy,Miami Fire Station,"1200 NW 20th St, Miami, FL 33142",Florida,Miami-Dade,Miami,"Miami-Fort Lauderdale-West Palm Beach, FL",2024-08-05,pm25
12,86,1016,88101,23,25.794222,-80.215556,NAD83,PM2.5 - Local Conditions,24-HR BLK AVG,PM25 24-hour 2012,2023-09-11,Micrograms/cubic meter (LC),,1,100.0,8.2,8.2,0,46.0,738.0,Teledyne T640X at 16.67 LPM (Corrected) - Broadband spectroscopy,Miami Fire Station,"1200 NW 20th St, Miami, FL 33142",Florida,Miami-Dade,Miami,"Miami-Fort Lauderdale-West Palm Beach, FL",2024-08-05,pm25
12,86,1016,88101,23,25.794222,-80.215556,NAD83,PM2.5 - Local Conditions,24-HR BLK AVG,PM25 24-hour 2012,2023-09-12,Micrograms/cubic meter (LC),,1,100.0,6.2,6.2,0,34.0,738.0,Teledyne T640X at 16.67 LPM (Corrected) - Broadband spectroscopy,Miami Fire Station,"1200 NW 20th St, Miami, FL 33142",Florida,Miami-Dade,Miami,"Miami-Fort Lauderdale-West Palm Beach, FL",2024-08-05,pm25
12,86,1016,88101,23,25.794222,-80.215556,NAD83,PM2.5 - Local Conditions,24-HR BLK AVG,PM25 24-hour 2012,2023-09-13,Micrograms/cubic meter (LC),,1,100.0,6.3,6.3,0,35.0,738.0,Teledyne T640X at 16.67 LPM (Corrected) - Broadband spectroscopy,Miami Fire Station,"1200 NW 20th St, Miami, FL 33142",Florida,Miami-Dade,Miami,"Miami-Fort Lauderdale-West Palm Beach, FL",2024-08-05,pm25
12,86,1016,88101,23,25.794222,-80.215556,NAD83,PM2.5 - Local Conditions,24-HR BLK AVG,PM25 24-hour 2012,2023-09-14,Micrograms/cubic meter (LC),,1,100.0,6.6,6.6,0,37.0,738.0,Teledyne T640X at 16.67 LPM (Corrected) - Broadband spectroscopy,Miami Fire Station,"1200 NW 20th St, Miami, FL 33142",Florida,Miami-Dade,Miami,"Miami-Fort Lauderdale-West Palm Beach, FL",2024-08-05,pm25
12,86,1016,88101,23,25.794222,-80.215556,NAD83,PM2.5 - Local Conditions,24-HR BLK AVG,PM25 24-hour 2012,2023-09-15,Micrograms/cubic meter (LC),,1,100.0,5.6,5.6,0,31.0,738.0,Teledyne T640X at 16.67 LPM (Corrected) - Broadband spectroscopy,Miami Fire Station,"1200 NW 20th St, Miami, FL 33142",Florida,Miami-Dade,Miami,"Miami-Fort Lauderdale-West Palm Beach, FL",2024-08-05,pm25
12,86,1016,88101,23,25.794222,-80.215556,NAD83,PM2.5 - Local Conditions,24-HR BLK AVG,PM25 24-hour 2012,2023-09-16,Micrograms/cubic meter (LC),,1,100.0,5.7,5.7,0,32.0,738.0,Teledyne T640X at 16.67 LPM (Corrected) - Broadband spectroscopy,Miami Fire Station,"1200 NW 20th St, Miami, FL 33142",Florida,Miami-Dade,Miami,"Miami-Fort Lauderdale-West Palm Beach, FL",2024-08-05,pm25
12,86,1016,88101,23,25.794222,-80.215556,NAD83,PM2.5 - Local Conditions,24-HR BLK AVG,PM25 24-hour 2012,2023-09-17,Micrograms/cubic meter (LC),,1,100.0,4.4,4.4,0,24.0,738.0,Teledyne T640X at 16.67 LPM (Corrected) - Broadband spectroscopy,Miami Fire Station,"1200 NW 20th St, Miami, FL 33142",Florida,Miami-Dade,Miami,"Miami-Fort Lauderdale-West Palm Beach, FL",2024-08-05,pm25
12,86,1016,88101,23,25.794222,-80.215556,NAD83,PM2.5 - Local Conditions,24-HR BLK AVG,PM25 24-hour 2012,2023-09-18,Micrograms/cubic meter (LC),,1,100.0,6.7,6.7,0,37.0,738.0,Teledyne T640X at 16.67 LPM (Corrected) - Broadband spectroscopy,Miami Fire Station,"1200 NW 20th St, Miami, FL 33142",Florida,Miami-Dade,Miami,"Miami-Fort Lauderdale-West Palm Beach, FL",2024-08-05,pm25
12,86,1016,88101,23,25.794222,-80.215556,NAD83,PM2.5 - Local Conditions,24-HR BLK AVG,PM25 24-hour 2012,2023-09-19,Micrograms/cubic meter (LC),,1,100.0,7.5,7.5,0,42.0,738.0,Teledyne T640X at 16.67 LPM (Corrected) - Broadband spectroscopy,Miami Fire Station,"1200 NW 20th St, Miami, FL 33142",Florida,Miami-Dade,Miami,"Miami-Fort Lauderdale-West Palm Beach, FL",2024-08-05,pm25
12,86,1016,88101,23,25.794222,-80.215556,NAD83,PM2.5 - Local Conditions,24-HR BLK AVG,PM25 24-hour 2012,2023-09-20,Micrograms/cubic meter (LC),,1,100.0,5.2,5.2,0,29.0,738.0,Teledyne T640X at 16.67 LPM (Corrected) - Broadband spectroscopy,Miami Fire Station,"1200 NW 20th St, Miami, FL 33142",Florida,Miami-Dade,Miami,"Miami-Fort Lauderdale-West Palm Beach, FL",2024-08-05,pm25
12,86,1016,88101,23,25.794222,-80.215556,NAD83,PM2.5 - Local Conditions,24-HR BLK AVG,PM25 24-hour 2012,2023-09-21,Micrograms/cubic meter (LC),,1,100.0,4.5,4.5,0,25.0,738.0,Teledyne T640X at 16.67 LPM (Corrected) - Broadband spectroscopy,Miami Fire Station,"1200 NW 20th St, Miami, FL 33142",Florida,Miami-Dade,Miami,"Miami-Fort Lauderdale-West Palm Beach, FL",2024-08-05,pm25
12,86,1016,88101,23,25.794222,-80.215556,NAD83,PM2.5 - Local Conditions,24-HR BLK AVG,PM25 24-hour 2012,2023-09-22,Micrograms/cubic meter (LC),,1,100.0,4.5,4.5,0,25.0,738.0,Teledyne T640X at 16.67 LPM (Corrected) - Broadband spectroscopy,Miami Fire Station,"1200 NW 20th St, Miami, FL 33142",Florida,Miami-Dade,Miami,"Miami-Fort Lauderdale-West Palm Beach, FL",2024-08-05,pm25
12,86,1016,88101,23,25.794222,-80.215556,NAD83,PM2.5 - Local Conditions,24-HR BLK AVG,PM25 24-hour 2012,2023-09-23,Micrograms/cubic meter (LC),,1,100.0,5.8,5.8,0,32.0,738.0,Teledyne T640X at 16.67 LPM (Corrected) - Broadband spectroscopy,Miami Fire Station,"1200 NW 20th St, Miami, FL 33142",Florida,Miami-Dade,Miami,"Miami-Fort Lauderdale-West Palm Beach, FL",2024-08-05,pm25
12,86,1016,88101,23,25.794222,-80.215556,NAD83,PM2.5 - Local Conditions,24-HR BLK AVG,PM25 24-hour 2012,2023-09-24,Micrograms/cubic meter (LC),,1,100.0,3.5,3.5,0,19.0,738.0,Teledyne T640X at 16.67 LPM (Corrected) - Broadband spectroscopy,Miami Fire Station,"1200 NW 20th St, Miami, FL 33142",Florida,Miami-Dade,Miami,"Miami-Fort Lauderdale-West Palm Beach, FL",2024-08-05,pm25
12,86,1016,88101,23,25.794222,-80.215556,NAD83,PM2.5 - Local Conditions,24-HR BLK AVG,PM25 24-hour 2012,2023-09-25,Micrograms/cubic meter (LC),,1,100.0,5.5,5.5,0,31.0,738.0,Teledyne T640X at 16.67 LPM (Corrected) - Broadband spectroscopy,Miami Fire Station,"1200 NW 20th St, Miami, FL 33142",Florida,Miami-Dade,Miami,"Miami-Fort Lauderdale-West Palm Beach, FL",2024-08-05,pm25
12,86,1016,88101,23,25.794222,-80.215556,NAD83,PM2.5 - Local Conditions,24-HR BLK AVG,PM25 24-hour 2012,2023-09-26,Micrograms/cubic meter (LC),,1,100.0,5.1,5.1,0,28.0,738.0,Teledyne T640X at 16.67 LPM (Corrected) - Broadband spectroscopy,Miami Fire Station,"1200 NW 20th St, Miami, FL 33142",Florida,Miami-Dade,Miami,"Miami-Fort Lauderdale-West Palm Beach, FL",2024-08-05,pm25
12,86,1016,88101,23,25.794222,-80.215556,NAD83,PM2.5 - Local Conditions,24-HR BLK AVG,PM25 24-hour 2012,2023-09-27,Micrograms/cubic meter (LC),,1,100.0,3.6,3.6,0,20.0,738.0,Teledyne T640X at 16.67 LPM (Corrected) - Broadband spectroscopy,Miami Fire Station,"1200 NW 20th St, Miami, FL 33142",Florida,Miami-Dade,Miami,"Miami-Fort Lauderdale-West Palm Beach, FL",2024-08-05,pm25
12,86,1016,88101,23,25.794222,-80.215556,NAD83,PM2.5 - Local Conditions,24-HR BLK AVG,PM25 24-hour 2012,2023-09-28,Micrograms/cubic meter (LC),,1,100.0,3.1,3.1,0,17.0,738.0,Teledyne T640X at 16.67 LPM (Corrected) - Broadband spectroscopy,Miami Fire Station,"1200 NW 20th St, Miami, FL 33142",Florida,Miami-Dade,Miami,"Miami-Fort Lauderdale-West Palm Beach, FL",2024-08-05,pm25
12,86,1016,88101,23,25.794222,-80.215556,NAD83,PM2.5 - Local Conditions,24-HR BLK AVG,PM25 24-hour 2012,2023-09-29,Micrograms/cubic meter (LC),,1,100.0,4.2,4.2,0,23.0,738.0,Teledyne T640X at 16.67 LPM (Corrected) - Broadband spectroscopy,Miami Fire Station,"1200 NW 20th St, Miami, FL 33142",Florida,Miami-Dade,Miami,"Miami-Fort Lauderdale-West Palm Beach, FL",2024-08-05,pm25
12,86,1016,88101,23,25.794222,-80.215556,NAD83,PM2.5 - Local Conditions,24-HR BLK AVG,PM25 24-hour 2012,2023-09-30,Micrograms/cubic meter (LC),,1,100.0,5.1,5.1,0,28.0,738.0,Teledyne T640X at 16.67 LPM (Corrected) - Broadband spectroscopy,Miami Fire Station,"1200 NW 20th St, Miami, FL 33142",Florida,Miami-Dade,Miami,"Miami-Fort Lauderdale-West Palm Beach, FL",2024-08-05,pm25
12,86,1016,88101,23,25.794222,-80.215556,NAD83,PM2.5 - Local Conditions,24-HR BLK AVG,PM25 24-hour 2012,2023-10-01,Micrograms/cubic meter (LC),,1,100.0,3.6,3.6,0,20.0,738.0,Teledyne T640X at 16.67 LPM (Corrected) - Broadband spectroscopy,Miami Fire Station,"1200 NW 20th St, Miami, FL 33142",Florida,Miami-Dade,Miami,"Miami-Fort Lauderdale-West Palm Beach, FL",2024-08-05,pm25
12,86,1016,88101,23,25.794222,-80.215556,NAD83,PM2.5 - Local Conditions,24-HR BLK AVG,PM25 24-hour 2012,2023-10-02,Micrograms/cubic meter (LC),,1,100.0,10.4,10.4,0,53.0,738.0,Teledyne T640X at 16.67 LPM (Corrected) - Broadband spectroscopy,Miami Fire Station,"1200 NW 20th St, Miami, FL 33142",Florida,Miami-Dade,Miami,"Miami-Fort Lauderdale-West Palm Beach, FL",2024-08-05,pm25
12,86,1016,88101,23,25.794222,-80.215556,NAD83,PM2.5 - Local Conditions,24-HR BLK AVG,PM25 24-hour 2012,2023-10-03,Micrograms/cubic meter (LC),,1,100.0,21.4,21.4,0,74.0,738.0,Teledyne T640X at 16.67 LPM (Corrected) - Broadband spectroscopy,Miami Fire Station,"1200 NW 20th St, Miami, FL 33142",Florida,Miami-Dade,Miami,"Miami-Fort Lauderdale-West Palm Beach, FL",2024-08-05,pm25
12,86,1016,88101,23,25.794222,-80.215556,NAD83,PM2.5 - Local Conditions,24-HR BLK AVG,PM25 24-hour 2012,2023-10-04,Micrograms/cubic meter (LC),,1,100.0,4.7,4.7,0,26.0,738.0,Teledyne T640X at 16.67 LPM (Corrected) - Broadband spectroscopy,Miami Fire Station,"1200 NW 20th St, Miami, FL 33142",Florida,Miami-Dade,Miami,"Miami-Fort Lauderdale-West Palm Beach, FL",2024-08-05,pm25
12,86,1016,88101,23,25.794222,-80.215556,NAD83,PM2.5 - Local Conditions,24-HR BLK AVG,PM25 24-hour 2012,2023-10-05,Micrograms/cubic meter (LC),,1,100.0,5.5,5.5,0,31.0,738.0,Teledyne T640X at 16.67 LPM (Corrected) - Broadband spectroscopy,Miami Fire Station,"1200 NW 20th St, Miami, FL 33142",Florida,Miami-Dade,Miami,"Miami-Fort Lauderdale-West Palm Beach, FL",2024-08-05,pm25
12,86,1016,88101,23,25.794222,-80.215556,NAD83,PM2.5 - Local Conditions,24-HR BLK AVG,PM25 24-hour 2012,2023-10-06,Micrograms/cubic meter (LC),,1,100.0,5.5,5.5,0,31.0,738.0,Teledyne T640X at 16.67 LPM (Corrected) - Broadband spectroscopy,Miami Fire Station,"1200 NW 20th St, Miami, FL 33142",Florida,Miami-Dade,Miami,"Miami-Fort Lauderdale-West Palm Beach, FL",2024-08-05,pm25
12,86,1016,88101,23,25.794222,-80.215556,NAD83,PM2.5 - Local Conditions,24-HR BLK AVG,PM25 24-hour 2012,2023-10-07,Micrograms/cubic meter (LC),,1,100.0,4.7,4.7,0,26.0,738.0,Teledyne T640X at 16.67 LPM (Corrected) - Broadband spectroscopy,Miami Fire Station,"1200 NW 20th St, Miami, FL 33142",Florida,Miami-Dade,Miami,"Miami-Fort Lauderdale-West Palm Beach, FL",2024-08-05,pm25
12,86,1016,88101,23,25.794222,-80.215556,NAD83,PM2.5 - Local Conditions,24-HR BLK AVG,PM25 24-hour 2012,2023-10-08,Micrograms/cubic meter (LC),,1,100.0,5.5,5.5,0,31.0,738.0,Teledyne T640X at 16.67 LPM (Corrected) - Broadband spectroscopy,Miami Fire Station,"1200 NW 20th St, Miami, FL 33142",Florida,Miami-Dade,Miami,"Miami-Fort Lauderdale-West Palm Beach, FL",2024-08-05,pm25
12,86,1016,88101,23,25.794222,-80.215556,NAD83,PM2.5 - Local Conditions,24-HR BLK AVG,PM25 24-hour 2012,2023-10-09,Micrograms/cubic meter (LC),,1,100.0,6.9,6.9,0,38.0,738.0,Teledyne T640X at 16.67 LPM (Corrected) - Broadband spectroscopy,Miami Fire Station,"1200 NW 20th St, Miami, FL 33142",Florida,Miami-Dade,Miami,"Miami-Fort Lauderdale-West Palm Beach, FL",2024-08-05,pm25
12,86,1016,88101,23,25.794222,-80.215556,NAD83,PM2.5 - Local Conditions,24-HR BLK AVG,PM25 24-hour 2012,2023-10-10,Micrograms/cubic meter (LC),,1,100.0,7.4,7.4,0,41.0,738.0,Teledyne T640X at 16.67 LPM (Corrected) - Broadband spectroscopy,Miami Fire Station,"1200 NW 20th St, Miami, FL 33142",Florida,Miami-Dade,Miami,"Miami-Fort Lauderdale-West Palm Beach, FL",2024-08-05,pm25
12,86,1016,88101,23,25.794222,-80.215556,NAD83,PM2.5 - Local Conditions,24-HR BLK AVG,PM25 24-hour 2012,2023-10-11,Micrograms/cubic meter (LC),,1,100.0,6.5,6.5,0,36.0,738.0,Teledyne T640X at 16.67 LPM (Corrected) - Broadband spectroscopy,Miami Fire Station,"1200 NW 20th St, Miami, FL 33142",Florida,Miami-Dade,Miami,"Miami-Fort Lauderdale-West Palm Beach, FL",2024-08-05,pm25
12,86,1016,88101,23,25.794222,-80.215556,NAD83,PM2.5 - Local Conditions,24-HR BLK AVG,PM25 24-hour 2012,2023-10-12,Micrograms/cubic meter (LC),,1,100.0,7.9,7.9,0,44.0,738.0,Teledyne T640X at 16.67 LPM (Corrected) - Broadband spectroscopy,Miami Fire Station,"1200 NW 20th St, Miami, FL 33142",Florida,Miami-Dade,Miami,"Miami-Fort Lauderdale-West Palm Beach, FL",2024-08-05,pm25
12,86,1016,88101,23,25.794222,-80.215556,NAD83,PM2.5 - Local Conditions,24-HR BLK AVG,PM25 24-hour 2012,2023-10-13,Micrograms/cubic meter (LC),,1,100.0,7.0,7.0,0,39.0,738.0,Teledyne T640X at 16.67 LPM (Corrected) - Broadband spectroscopy,Miami Fire Station,"1200 NW 20th St, Miami, FL 33142",Florida,Miami-Dade,Miami,"Miami-Fort Lauderdale-West Palm Beach, FL",2024-08-05,pm25
12,86,1016,88101,23,25.794222,-80.215556,NAD83,PM2.5 - Local Conditions,24-HR BLK AVG,PM25 24-hour 2012,2023-10-14,Micrograms/cubic meter (LC),,1,100.0,4.9,4.9,0,27.0,738.0,Teledyne T640X at 16.67 LPM (Corrected) - Broadband spectroscopy,Miami Fire Station,"1200 NW 20th St, Miami, FL 33142",Florida,Miami-Dade,Miami,"Miami-Fort Lauderdale-West Palm Beach, FL",2024-08-05,pm25
12,86,1016,88101,23,25.794222,-80.215556,NAD83,PM2.5 - Local Conditions,24-HR BLK AVG,PM25 24-hour 2012,2023-10-15,Micrograms/cubic meter (LC),,1,100.0,4.8,4.8,0,27.0,738.0,Teledyne T640X at 16.67 LPM (Corrected) - Broadband spectroscopy,Miami Fire Station,"1200 NW 20th St, Miami, FL 33142",Florida,Miami-Dade,Miami,"Miami-Fort Lauderdale-West Palm Beach, FL",2024-08-05,pm25
12,86,1016,88101,23,25.794222,-80.215556,NAD83,PM2.5 - Local Conditions,24-HR BLK AVG,PM25 24-hour 2012,2023-10-16,Micrograms/cubic meter (LC),,1,100.0,4.5,4.5,0,25.0,738.0,Teledyne T640X at 16.67 LPM (Corrected) - Broadband spectroscopy,Miami Fire Station,"1200 NW 20th St, Miami, FL 33142",Florida,Miami-Dade,Miami,"Miami-Fort Lauderdale-West Palm Beach, FL",2024-08-05,pm25
12,86,1016,88101,23,25.794222,-80.215556,NAD83,PM2.5 - Local Conditions,24-HR BLK AVG,PM25 24-hour 2012,2023-10-17,Micrograms/cubic meter (LC),,1,100.0,6.0,6.0,0,33.0,738.0,Teledyne T640X at 16.67 LPM (Corrected) - Broadband spectroscopy,Miami Fire Station,"1200 NW 20th St, Miami, FL 33142",Florida,Miami-Dade,Miami,"Miami-Fort Lauderdale-West Palm Beach, FL",2024-08-05,pm25
12,86,1016,88101,23,25.794222,-80.215556,NAD83,PM2.5 - Local Conditions,24-HR BLK AVG,PM25 24-hour 2012,2023-10-18,Micrograms/cubic meter (LC),,1,100.0,4.3,4.3,0,24.0,738.0,Teledyne T640X at 16.67 LPM (Corrected) - Broadband spectroscopy,Miami Fire Station,"1200 NW 20th St, Miami, FL 33142",Florida,Miami-Dade,Miami,"Miami-Fort Lauderdale-West Palm Beach, FL",2024-08-05,pm25
12,86,1016,88101,23,25.794222,-80.215556,NAD83,PM2.5 - Local Conditions,24-HR BLK AVG,PM25 24-hour 2012,2023-10-19,Micrograms/cubic meter (LC),,1,100.0,4.5,4.5,0,25.0,738.0,Teledyne T640X at 16.67 LPM (Corrected) - Broadband spectroscopy,Miami Fire Station,"1200 NW 20th St, Miami, FL 33142",Florida,Miami-Dade,Miami,"Miami-Fort Lauderdale-West Palm Beach, FL",2024-08-05,pm25
12,86,1016,88101,23,25.794222,-80.215556,NAD83,PM2.5 - Local Conditions,24-HR BLK AVG,PM25 24-hour 2012,2023-10-20,Micrograms/cubic meter (LC),,1,100.0,4.6,4.6,0,26.0,738.0,Teledyne T640X at 16.67 LPM (Corrected) - Broadband spectroscopy,Miami Fire Station,"1200 NW 20th St, Miami, FL 33142",Florida,Miami-Dade,Miami,"Miami-Fort Lauderdale-West Palm Beach, FL",2024-08-05,pm25
12,86,1016,88101,23,25.794222,-80.215556,NAD83,PM2.5 - Local Conditions,24-HR BLK AVG,PM25 24-hour 2012,2023-10-21,Micrograms/cubic meter (LC),,1,100.0,5.1,5.1,0,28.0,738.0,Teledyne T640X at 16.67 LPM (Corrected) - Broadband spectroscopy,Miami Fire Station,"1200 NW 20th St, Miami, FL 33142",Florida,Miami-Dade,Miami,"Miami-Fort Lauderdale-West Palm Beach, FL",2024-08-05,pm25
12,86,1016,88101,23,25.794222,-80.215556,NAD83,PM2.5 - Local Conditions,24-HR BLK AVG,PM25 24-hour 2012,2023-10-22,Micrograms/cubic meter (LC),,1,100.0,8.8,8.8,0,49.0,738.0,Teledyne T640X at 16.67 LPM (Corrected) - Broadband spectroscopy,Miami Fire Station,"1200 NW 20th St, Miami, FL 33142",Florida,Miami-Dade,Miami,"Miami-Fort Lauderdale-West Palm Beach, FL",2024-08-05,pm25
12,86,1016,88101,23,25.794222,-80.215556,NAD83,PM2.5 - Local Conditions,24-HR BLK AVG,PM25 24-hour 2012,2023-10-23,Micrograms/cubic meter (LC),,1,100.0,9.5,9.5,0,52.0,738.0,Teledyne T640X at 16.67 LPM (Corrected) - Broadband spectroscopy,Miami Fire Station,"1200 NW 20th St, Miami, FL 33142",Florida,Miami-Dade,Miami,"Miami-Fort Lauderdale-West Palm Beach, FL",2024-08-05,pm25
12,86,1016,88101,23,25.794222,-80.215556,NAD83,PM2.5 - Local Conditions,24-HR BLK AVG,PM25 24-hour 2012,2023-10-24,Micrograms/cubic meter (LC),,1,100.0,7.7,7.7,0,43.0,738.0,Teledyne T640X at 16.67 LPM (Corrected) - Broadband spectroscopy,Miami Fire Station,"1200 NW 20th St, Miami, FL 33142",Florida,Miami-Dade,Miami,"Miami-Fort Lauderdale-West Palm Beach, FL",2024-08-05,pm25
12,86,1016,88101,23,25.794222,-80.215556,NAD83,PM2.5 - Local Conditions,24-HR BLK AVG,PM25 24-hour 2012,2023-10-25,Micrograms/cubic meter (LC),,1,100.0,6.2,6.2,0,34.0,738.0,Teledyne T640X at 16.67 LPM (Corrected) - Broadband spectroscopy,Miami Fire Station,"1200 NW 20th St, Miami, FL 33142",Florida,Miami-Dade,Miami,"Miami-Fort Lauderdale-West Palm Beach, FL",2024-08-05,pm25
12,86,1016,88101,23,25.794222,-80.215556,NAD83,PM2.5 - Local Conditions,24-HR BLK AVG,PM25 24-hour 2012,2023-10-26,Micrograms/cubic meter (LC),,1,100.0,7.7,7.7,0,43.0,738.0,Teledyne T640X at 16.67 LPM (Corrected) - Broadband spectroscopy,Miami Fire Station,"1200 NW 20th St, Miami, FL 33142",Florida,Miami-Dade,Miami,"Miami-Fort Lauderdale-West Palm Beach, FL",2024-08-05,pm25
12,86,1016,88101,23,25.794222,-80.215556,NAD83,PM2.5 - Local Conditions,24-HR BLK AVG,PM25 24-hour 2012,2023-10-27,Micrograms/cubic meter (LC),,1,100.0,7.2,7.2,0,40.0,738.0,Teledyne T640X at 16.67 LPM (Corrected) - Broadband spectroscopy,Miami Fire Station,"1200 NW 20th St, Miami, FL 33142",Florida,Miami-Dade,Miami,"Miami-Fort Lauderdale-West Palm Beach, FL",2024-08-05,pm25
12,86,1016,88101,23,25.794222,-80.215556,NAD83,PM2.5 - Local Conditions,24-HR BLK AVG,PM25 24-hour 2012,2023-10-28,Micrograms/cubic meter (LC),,1,100.0,8.1,8.1,0,45.0,738.0,Teledyne T640X at 16.67 LPM (Corrected) - Broadband spectroscopy,Miami Fire Station,"1200 NW 20th St, Miami, FL 33142",Florida,Miami-Dade,Miami,"Miami-Fort Lauderdale-West Palm Beach, FL",2024-08-05,pm25
12,86,1016,88101,23,25.794222,-80.215556,NAD83,PM2.5 - Local Conditions,24-HR BLK AVG,PM25 24-hour 2012,2023-10-29,Micrograms/cubic meter (LC),,1,100.0,7.2,7.2,0,40.0,738.0,Teledyne T640X at 16.67 LPM (Corrected) - Broadband spectroscopy,Miami Fire Station,"1200 NW 20th St, Miami, FL 33142",Florida,Miami-Dade,Miami,"Miami-Fort Lauderdale-West Palm Beach, FL",2024-08-05,pm25
12,86,1016,88101,23,25.794222,-80.215556,NAD83,PM2.5 - Local Conditions,24-HR BLK AVG,PM25 24-hour 2012,2023-10-30,Micrograms/cubic meter (LC),,1,100.0,7.0,7.0,0,39.0,738.0,Teledyne T640X at 16.67 LPM (Corrected) - Broadband spectroscopy,Miami Fire Station,"1200 NW 20th St, Miami, FL 33142",Florida,Miami-Dade,Miami,"Miami-Fort Lauderdale-West Palm Beach, FL",2024-08-05,pm25
12,86,1016,88101,23,25.794222,-80.215556,NAD83,PM2.5 - Local Conditions,24-HR BLK AVG,PM25 24-hour 2012,2023-10-31,Micrograms/cubic meter (LC),,1,100.0,6.6,6.6,0,37.0,738.0,Teledyne T640X at 16.67 LPM (Corrected) - Broadband spectroscopy,Miami Fire Station,"1200 NW 20th St, Miami, FL 33142",Florida,Miami-Dade,Miami,"Miami-Fort Lauderdale-West Palm Beach, FL",2024-08-05,pm25
12,86,1016,88101,23,25.794222,-80.215556,NAD83,PM2.5 - Local Conditions,24-HR BLK AVG,PM25 24-hour 2012,2023-11-01,Micrograms/cubic meter (LC),,1,100.0,8.2,8.2,0,46.0,738.0,Teledyne T640X at 16.67 LPM (Corrected) - Broadband spectroscopy,Miami Fire Station,"1200 NW 20th St, Miami, FL 33142",Florida,Miami-Dade,Miami,"Miami-Fort Lauderdale-West Palm Beach, FL",2024-08-05,pm25
12,86,1016,88101,23,25.794222,-80.215556,NAD83,PM2.5 - Local Conditions,24-HR BLK AVG,PM25 24-hour 2012,2023-11-02,Micrograms/cubic meter (LC),,1,100.0,8.4,8.4,0,47.0,738.0,Teledyne T640X at 16.67 LPM (Corrected) - Broadband spectroscopy,Miami Fire Station,"1200 NW 20th St, Miami, FL 33142",Florida,Miami-Dade,Miami,"Miami-Fort Lauderdale-West Palm Beach, FL",2024-08-05,pm25
12,86,1016,88101,23,25.794222,-80.215556,NAD83,PM2.5 - Local Conditions,24-HR BLK AVG,PM25 24-hour 2012,2023-11-03,Micrograms/cubic meter (LC),,1,100.0,8.0,8.0,0,44.0,738.0,Teledyne T640X at 16.67 LPM (Corrected) - Broadband spectroscopy,Miami Fire Station,"1200 NW 20th St, Miami, FL 33142",Florida,Miami-Dade,Miami,"Miami-Fort Lauderdale-West Palm Beach, FL",2024-08-05,pm25
12,86,1016,88101,23,25.794222,-80.215556,NAD83,PM2.5 - Local Conditions,24-HR BLK AVG,PM25 24-hour 2012,2023-11-04,Micrograms/cubic meter (LC),,1,100.0,4.5,4.5,0,25.0,738.0,Teledyne T640X at 16.67 LPM (Corrected) - Broadband spectroscopy,Miami Fire Station,"1200 NW 20th St, Miami, FL 33142",Florida,Miami-Dade,Miami,"Miami-Fort Lauderdale-West Palm Beach, FL",2024-08-05,pm25
12,86,1016,88101,23,25.794222,-80.215556,NAD83,PM2.5 - Local Conditions,24-HR BLK AVG,PM25 24-hour 2012,2023-11-05,Micrograms/cubic meter (LC),,1,100.0,6.2,6.2,0,34.0,738.0,Teledyne T640X at 16.67 LPM (Corrected) - Broadband spectroscopy,Miami Fire Station,"1200 NW 20th St, Miami, FL 33142",Florida,Miami-Dade,Miami,"Miami-Fort Lauderdale-West Palm Beach, FL",2024-08-05,pm25
12,86,1016,88101,23,25.794222,-80.215556,NAD83,PM2.5 - Local Conditions,24-HR BLK AVG,PM25 24-hour 2012,2023-11-06,Micrograms/cubic meter (LC),,1,100.0,6.2,6.2,0,34.0,738.0,Teledyne T640X at 16.67 LPM (Corrected) - Broadband spectroscopy,Miami Fire Station,"1200 NW 20th St, Miami, FL 33142",Florida,Miami-Dade,Miami,"Miami-Fort Lauderdale-West Palm Beach, FL",2024-08-05,pm25
12,86,1016,88101,23,25.794222,-80.215556,NAD83,PM2.5 - Local Conditions,24-HR BLK AVG,PM25 24-hour 2012,2023-11-07,Micrograms/cubic meter (LC),,1,100.0,5.7,5.7,0,32.0,738.0,Teledyne T640X at 16.67 LPM (Corrected) - Broadband spectroscopy,Miami Fire Station,"1200 NW 20th St, Miami, FL 33142",Florida,Miami-Dade,Miami,"Miami-Fort Lauderdale-West Palm Beach, FL",2024-08-05,pm25
12,86,1016,88101,23,25.794222,-80.215556,NAD83,PM2.5 - Local Conditions,24-HR BLK AVG,PM25 24-hour 2012,2023-11-08,Micrograms/cubic meter (LC),,1,100.0,4.5,4.5,0,25.0,738.0,Teledyne T640X at 16.67 LPM (Corrected) - Broadband spectroscopy,Miami Fire Station,"1200 NW 20th St, Miami, FL 33142",Florida,Miami-Dade,Miami,"Miami-Fort Lauderdale-West Palm Beach, FL",2024-08-05,pm25
12,86,1016,88101,23,25.794222,-80.215556,NAD83,PM2.5 - Local Conditions,24-HR BLK AVG,PM25 24-hour 2012,2023-11-09,Micrograms/cubic meter (LC),,1,100.0,4.9,4.9,0,27.0,738.0,Teledyne T640X at 16.67 LPM (Corrected) - Broadband spectroscopy,Miami Fire Station,"1200 NW 20th St, Miami, FL 33142",Florida,Miami-Dade,Miami,"Miami-Fort Lauderdale-West Palm Beach, FL",2024-08-05,pm25
12,86,1016,88101,23,25.794222,-80.215556,NAD83,PM2.5 - Local Conditions,24-HR BLK AVG,PM25 24-hour 2012,2023-11-10,Micrograms/cubic meter (LC),,1,100.0,5.4,5.4,0,30.0,738.0,Teledyne T640X at 16.67 LPM (Corrected) - Broadband spectroscopy,Miami Fire Station,"1200 NW 20th St, Miami, FL 33142",Florida,Miami-Dade,Miami,"Miami-Fort Lauderdale-West Palm Beach, FL",2024-08-05,pm25
12,86,1016,88101,23,25.794222,-80.215556,NAD83,PM2.5 - Local Conditions,24-HR BLK AVG,PM25 24-hour 2012,2023-11-11,Micrograms/cubic meter (LC),,1,100.0,5.1,5.1,0,28.0,738.0,Teledyne T640X at 16.67 LPM (Corrected) - Broadband spectroscopy,Miami Fire Station,"1200 NW 20th St, Miami, FL 33142",Florida,Miami-Dade,Miami,"Miami-Fort Lauderdale-West Palm Beach, FL",2024-08-05,pm25
12,86,1016,88101,23,25.794222,-80.215556,NAD83,PM2.5 - Local Conditions,24-HR BLK AVG,PM25 24-hour 2012,2023-11-12,Micrograms/cubic meter (LC),,1,100.0,4.7,4.7,0,26.0,738.0,Teledyne T640X at 16.67 LPM (Corrected) - Broadband spectroscopy,Miami Fire Station,"1200 NW 20th St, Miami, FL 33142",Florida,Miami-Dade,Miami,"Miami-Fort Lauderdale-West Palm Beach, FL",2024-08-05,pm25
12,86,1016,88101,23,25.794222,-80.215556,NAD83,PM2.5 - Local Conditions,24-HR BLK AVG,PM25 24-hour 2012,2023-11-13,Micrograms/cubic meter (LC),,1,100.0,4.1,4.1,0,23.0,738.0,Teledyne T640X at 16.67 LPM (Corrected) - Broadband spectroscopy,Miami Fire Station,"1200 NW 20th St, Miami, FL 33142",Florida,Miami-Dade,Miami,"Miami-Fort Lauderdale-West Palm Beach, FL",2024-08-05,pm25
12,86,1016,88101,23,25.794222,-80.215556,NAD83,PM2.5 - Local Conditions,24-HR BLK AVG,PM25 24-hour 2012,2023-11-14,Micrograms/cubic meter (LC),,1,100.0,5.1,5.1,0,28.0,738.0,Teledyne T640X at 16.67 LPM (Corrected) - Broadband spectroscopy,Miami Fire Station,"1200 NW 20th St, Miami, FL 33142",Florida,Miami-Dade,Miami,"Miami-Fort Lauderdale-West Palm Beach, FL",2024-08-05,pm25
12,86,1016,88101,23,25.794222,-80.215556,NAD83,PM2.5 - Local Conditions,24-HR BLK AVG,PM25 24-hour 2012,2023-11-15,Micrograms/cubic meter (LC),,1,100.0,9.6,9.6,0,52.0,738.0,Teledyne T640X at 16.67 LPM (Corrected) - Broadband spectroscopy,Miami Fire Station,"1200 NW 20th St, Miami, FL 33142",Florida,Miami-Dade,Miami,"Miami-Fort Lauderdale-West Palm Beach, FL",2024-08-05,pm25
12,86,1016,88101,23,25.794222,-80.215556,NAD83,PM2.5 - Local Conditions,24-HR BLK AVG,PM25 24-hour 2012,2023-11-16,Micrograms/cubic meter (LC),,1,100.0,9.4,9.4,0,52.0,738.0,Teledyne T640X at 16.67 LPM (Corrected) - Broadband spectroscopy,Miami Fire Station,"1200 NW 20th St, Miami, FL 33142",Florida,Miami-Dade,Miami,"Miami-Fort Lauderdale-West Palm Beach, FL",2024-08-05,pm25
12,86,1016,88101,23,25.794222,-80.215556,NAD83,PM2.5 - Local Conditions,24-HR BLK AVG,PM25 24-hour 2012,2023-11-21,Micrograms/cubic meter (LC),,1,100.0,7.7,7.7,0,43.0,738.0,Teledyne T640X at 16.67 LPM (Corrected) - Broadband spectroscopy,Miami Fire Station,"1200 NW 20th St, Miami, FL 33142",Florida,Miami-Dade,Miami,"Miami-Fort Lauderdale-West Palm Beach, FL",2024-08-05,pm25
12,86,1016,88101,23,25.794222,-80.215556,NAD83,PM2.5 - Local Conditions,24-HR BLK AVG,PM25 24-hour 2012,2023-11-22,Micrograms/cubic meter (LC),,1,100.0,7.3,7.3,0,41.0,738.0,Teledyne T640X at 16.67 LPM (Corrected) - Broadband spectroscopy,Miami Fire Station,"1200 NW 20th St, Miami, FL 33142",Florida,Miami-Dade,Miami,"Miami-Fort Lauderdale-West Palm Beach, FL",2024-08-05,pm25
12,86,1016,88101,23,25.794222,-80.215556,NAD83,PM2.5 - Local Conditions,24-HR BLK AVG,PM25 24-hour 2012,2023-11-23,Micrograms/cubic meter (LC),,1,100.0,8.0,8.0,0,44.0,738.0,Teledyne T640X at 16.67 LPM (Corrected) - Broadband spectroscopy,Miami Fire Station,"1200 NW 20th St, Miami, FL 33142",Florida,Miami-Dade,Miami,"Miami-Fort Lauderdale-West Palm Beach, FL",2024-08-05,pm25
12,86,1016,88101,23,25.794222,-80.215556,NAD83,PM2.5 - Local Conditions,24-HR BLK AVG,PM25 24-hour 2012,2023-11-24,Micrograms/cubic meter (LC),,1,100.0,6.6,6.6,0,37.0,738.0,Teledyne T640X at 16.67 LPM (Corrected) - Broadband spectroscopy,Miami Fire Station,"1200 NW 20th St, Miami, FL 33142",Florida,Miami-Dade,Miami,"Miami-Fort Lauderdale-West Palm Beach, FL",2024-08-05,pm25
12,86,1016,88101,23,25.794222,-80.215556,NAD83,PM2.5 - Local Conditions,24-HR BLK AVG,PM25 24-hour 2012,2023-11-25,Micrograms/cubic meter (LC),,1,100.0,5.2,5.2,0,29.0,738.0,Teledyne T640X at 16.67 LPM (Corrected) - Broadband spectroscopy,Miami Fire Station,"1200 NW 20th St, Miami, FL 33142",Florida,Miami-Dade,Miami,"Miami-Fort Lauderdale-West Palm Beach, FL",2024-08-05,pm25
12,86,1016,88101,23,25.794222,-80.215556,NAD83,PM2.5 - Local Conditions,24-HR BLK AVG,PM25 24-hour 2012,2023-11-26,Micrograms/cubic meter (LC),,1,100.0,4.4,4.4,0,24.0,738.0,Teledyne T640X at 16.67 LPM (Corrected) - Broadband spectroscopy,Miami Fire Station,"1200 NW 20th St, Miami, FL 33142",Florida,Miami-Dade,Miami,"Miami-Fort Lauderdale-West Palm Beach, FL",2024-08-05,pm25
12,86,1016,88101,23,25.794222,-80.215556,NAD83,PM2.5 - Local Conditions,24-HR BLK AVG,PM25 24-hour 2012,2023-11-27,Micrograms/cubic meter (LC),,1,100.0,5.2,5.2,0,29.0,738.0,Teledyne T640X at 16.67 LPM (Corrected) - Broadband spectroscopy,Miami Fire Station,"1200 NW 20th St, Miami, FL 33142",Florida,Miami-Dade,Miami,"Miami-Fort Lauderdale-West Palm Beach, FL",2024-08-05,pm25
12,86,1016,88101,23,25.794222,-80.215556,NAD83,PM2.5 - Local Conditions,24-HR BLK AVG,PM25 24-hour 2012,2023-11-28,Micrograms/cubic meter (LC),,1,100.0,8.1,8.1,0,45.0,738.0,Teledyne T640X at 16.67 LPM (Corrected) - Broadband spectroscopy,Miami Fire Station,"1200 NW 20th St, Miami, FL 33142",Florida,Miami-Dade,Miami,"Miami-Fort Lauderdale-West Palm Beach, FL",2024-08-05,pm25
12,86,1016,88101,23,25.794222,-80.215556,NAD83,PM2.5 - Local Conditions,24-HR BLK AVG,PM25 24-hour 2012,2023-11-29,Micrograms/cubic meter (LC),,1,100.0,6.3,6.3,0,35.0,738.0,Teledyne T640X at 16.67 LPM (Corrected) - Broadband spectroscopy,Miami Fire Station,"1200 NW 20th St, Miami, FL 33142",Florida,Miami-Dade,Miami,"Miami-Fort Lauderdale-West Palm Beach, FL",2024-08-05,pm25
12,86,1016,88101,23,25.794222,-80.215556,NAD83,PM2.5 - Local Conditions,24-HR BLK AVG,PM25 24-hour 2012,2023-11-30,Micrograms/cubic meter (LC),,1,100.0,6.4,6.4,0,36.0,738.0,Teledyne T640X at 16.67 LPM (Corrected) - Broadband spectroscopy,Miami Fire Station,"1200 NW 20th St, Miami, FL 33142",Florida,Miami-Dade,Miami,"Miami-Fort Lauderdale-West Palm Beach, FL",2024-08-05,pm25
12,86,1016,88101,2,25.794222,-80.215556,NAD83,PM2.5 - Local Conditions,24 HOUR,PM25 24-hour 2012,2024-01-07,Micrograms/cubic meter (LC),,1,100.0,4.9,4.9,0,27.0,145.0,R & P Model 2025 PM-2.5 Sequential Air Sampler w/VSCC - Gravimetric,Miami Fire Station,"1200 NW 20th St, Miami, FL 33142",Florida,Miami-Dade,Miami,"Miami-Fort Lauderdale-West Palm Beach, FL",2024-08-19,pm25
12,86,1016,88101,2,25.794222,-80.215556,NAD83,PM2.5 - Local Conditions,24 HOUR,PM25 24-hour 2012,2024-01-19,Micrograms/cubic meter (LC),,1,100.0,6.0,6.0,0,33.0,145.0,R & P Model 2025 PM-2.5 Sequential Air Sampler w/VSCC - Gravimetric,Miami Fire Station,"1200 NW 20th St, Miami, FL 33142",Florida,Miami-Dade,Miami,"Miami-Fort Lauderdale-West Palm Beach, FL",2024-08-19,pm25
12,86,1016,88101,2,25.794222,-80.215556,NAD83,PM2.5 - Local Conditions,24 HOUR,PM25 24-hour 2012,2024-01-31,Micrograms/cubic meter (LC),,1,100.0,7.1,7.1,0,39.0,145.0,R & P Model 2025 PM-2.5 Sequential Air Sampler w/VSCC - Gravimetric,Miami Fire Station,"1200 NW 20th St, Miami, FL 33142",Florida,Miami-Dade,Miami,"Miami-Fort Lauderdale-West Palm Beach, FL",2024-08-19,pm25
12,86,1016,88101,2,25.794222,-80.215556,NAD83,PM2.5 - Local Conditions,24 HOUR,PM25 24-hour 2012,2024-02-12,Micrograms/cubic meter (LC),,1,100.0,9.1,9.1,0,51.0,145.0,R & P Model 2025 PM-2.5 Sequential Air Sampler w/VSCC - Gravimetric,Miami Fire Station,"1200 NW 20th St, Miami, FL 33142",Florida,Miami-Dade,Miami,"Miami-Fort Lauderdale-West Palm Beach, FL",2024-08-19,pm25
12,86,1016,88101,2,25.794222,-80.215556,NAD83,PM2.5 - Local Conditions,24 HOUR,PM25 24-hour 2012,2024-02-24,Micrograms/cubic meter (LC),,1,100.0,8.9,8.9,0,49.0,145.0,R & P Model 2025 PM-2.5 Sequential Air Sampler w/VSCC - Gravimetric,Miami Fire Station,"1200 NW 20th St, Miami, FL 33142",Florida,Miami-Dade,Miami,"Miami-Fort Lauderdale-West Palm Beach, FL",2024-08-19,pm25
12,86,1016,88101,2,25.794222,-80.215556,NAD83,PM2.5 - Local Conditions,24 HOUR,PM25 24-hour 2012,2024-03-07,Micrograms/cubic meter (LC),,1,100.0,10.8,10.8,0,54.0,145.0,R & P Model 2025 PM-2.5 Sequential Air Sampler w/VSCC - Gravimetric,Miami Fire Station,"1200 NW 20th St, Miami, FL 33142",Florida,Miami-Dade,Miami,"Miami-Fort Lauderdale-West Palm Beach, FL",2024-08-19,pm25
12,86,1016,88101,2,25.794222,-80.215556,NAD83,PM2.5 - Local Conditions,24 HOUR,PM25 24-hour 2012,2024-03-19,Micrograms/cubic meter (LC),,1,100.0,8.4,8.4,0,47.0,145.0,R & P Model 2025 PM-2.5 Sequential Air Sampler w/VSCC - Gravimetric,Miami Fire Station,"1200 NW 20th St, Miami, FL 33142",Florida,Miami-Dade,Miami,"Miami-Fort Lauderdale-West Palm Beach, FL",2024-08-19,pm25
12,86,1016,88101,2,25.794222,-80.215556,NAD83,PM2.5 - Local Conditions,24 HOUR,PM25 24-hour 2012,2024-03-31,Micrograms/cubic meter (LC),,1,100.0,5.6,5.6,0,31.0,145.0,R & P Model 2025 PM-2.5 Sequential Air Sampler w/VSCC - Gravimetric,Miami Fire Station,"1200 NW 20th St, Miami, FL 33142",Florida,Miami-Dade,Miami,"Miami-Fort Lauderdale-West Palm Beach, FL",2024-08-19,pm25
12,86,1016,88101,2,25.794222,-80.215556,NAD83,PM2.5 - Local Conditions,24 HOUR,PM25 24-hour 2012,2024-04-12,Micrograms/cubic meter (LC),,1,100.0,10.1,10.1,0,53.0,145.0,R & P Model 2025 PM-2.5 Sequential Air Sampler w/VSCC - Gravimetric,Miami Fire Station,"1200 NW 20th St, Miami, FL 33142",Florida,Miami-Dade,Miami,"Miami-Fort Lauderdale-West Palm Beach, FL",2024-08-19,pm25
12,86,1016,88101,2,25.794222,-80.215556,NAD83,PM2.5 - Local Conditions,24 HOUR,PM25 24-hour 2012,2024-04-24,Micrograms/cubic meter (LC),,1,100.0,7.1,7.1,0,39.0,145.0,R & P Model 2025 PM-2.5 Sequential Air Sampler w/VSCC - Gravimetric,Miami Fire Station,"1200 NW 20th St, Miami, FL 33142",Florida,Miami-Dade,Miami,"Miami-Fort Lauderdale-West Palm Beach, FL",2024-08-19,pm25
12,86,1016,88101,2,25.794222,-80.215556,NAD83,PM2.5 - Local Conditions,24 HOUR,PM25 24-hour 2012,2024-05-06,Micrograms/cubic meter (LC),,1,100.0,7.7,7.7,0,43.0,145.0,R & P Model 2025 PM-2.5 Sequential Air Sampler w/VSCC - Gravimetric,Miami Fire Station,"1200 NW 20th St, Miami, FL 33142",Florida,Miami-Dade,Miami,"Miami-Fort Lauderdale-West Palm Beach, FL",2024-08-19,pm25
12,86,1016,88101,2,25.794222,-80.215556,NAD83,PM2.5 - Local Conditions,24 HOUR,PM25 24-hour 2012,2024-05-18,Micrograms/cubic meter (LC),,1,100.0,18.7,18.7,0,69.0,145.0,R & P Model 2025 PM-2.5 Sequential Air Sampler w/VSCC - Gravimetric,Miami Fire Station,"1200 NW 20th St, Miami, FL 33142",Florida,Miami-Dade,Miami,"Miami-Fort Lauderdale-West Palm Beach, FL",2024-08-19,pm25
12,86,1016,88101,2,25.794222,-80.215556,NAD83,PM2.5 - Local Conditions,24 HOUR,PM25 24-hour 2012,2024-05-30,Micrograms/cubic meter (LC),,1,100.0,10.6,10.6,0,54.0,145.0,R & P Model 2025 PM-2.5 Sequential Air Sampler w/VSCC - Gravimetric,Miami Fire Station,"1200 NW 20th St, Miami, FL 33142",Florida,Miami-Dade,Miami,"Miami-Fort Lauderdale-West Palm Beach, FL",2024-08-19,pm25
12,86,1016,88101,2,25.794222,-80.215556,NAD83,PM2.5 - Local Conditions,24 HOUR,PM25 24-hour 2012,2024-06-11,Micrograms/cubic meter (LC),,1,100.0,9.0,9.0,0,50.0,145.0,R & P Model 2025 PM-2.5 Sequential Air Sampler w/VSCC - Gravimetric,Miami Fire Station,"1200 NW 20th St, Miami, FL 33142",Florida,Miami-Dade,Miami,"Miami-Fort Lauderdale-West Palm Beach, FL",2024-08-19,pm25
12,86,1016,88101,2,25.794222,-80.215556,NAD83,PM2.5 - Local Conditions,24 HOUR,PM25 24-hour 2012,2024-06-23,Micrograms/cubic meter (LC),,1,100.0,3.4,3.4,0,19.0,145.0,R & P Model 2025 PM-2.5 Sequential Air Sampler w/VSCC - Gravimetric,Miami Fire Station,"1200 NW 20th St, Miami, FL 33142",Florida,Miami-Dade,Miami,"Miami-Fort Lauderdale-West Palm Beach, FL",2024-08-19,pm25
12,86,1016,88101,3,25.794222,-80.215556,NAD83,PM2.5 - Local Conditions,24-HR BLK AVG,PM25 24-hour 2012,2024-01-01,Micrograms/cubic meter (LC),,1,100.0,64.0,64.0,0,157.0,638.0,Teledyne T640X at 16.67 LPM w/Network Data Alignment enabled - Broadband spectroscopy,Miami Fire Station,"1200 NW 20th St, Miami, FL 33142",Florida,Miami-Dade,Miami,"Miami-Fort Lauderdale-West Palm Beach, FL",2024-08-19,pm25
12,86,1016,88101,3,25.794222,-80.215556,NAD83,PM2.5 - Local Conditions,24-HR BLK AVG,PM25 24-hour 2012,2024-01-02,Micrograms/cubic meter (LC),,1,100.0,7.8,7.8,0,43.0,638.0,Teledyne T640X at 16.67 LPM w/Network Data Alignment enabled - Broadband spectroscopy,Miami Fire Station,"1200 NW 20th St, Miami, FL 33142",Florida,Miami-Dade,Miami,"Miami-Fort Lauderdale-West Palm Beach, FL",2024-08-19,pm25
12,86,1016,88101,3,25.794222,-80.215556,NAD83,PM2.5 - Local Conditions,24-HR BLK AVG,PM25 24-hour 2012,2024-01-03,Micrograms/cubic meter (LC),,1,100.0,7.5,7.5,0,42.0,638.0,Teledyne T640X at 16.67 LPM w/Network Data Alignment enabled - Broadband spectroscopy,Miami Fire Station,"1200 NW 20th St, Miami, FL 33142",Florida,Miami-Dade,Miami,"Miami-Fort Lauderdale-West Palm Beach, FL",2024-08-19,pm25
12,86,1016,88101,3,25.794222,-80.215556,NAD83,PM2.5 - Local Conditions,24-HR BLK AVG,PM25 24-hour 2012,2024-01-04,Micrograms/cubic meter (LC),,1,100.0,7.1,7.1,0,39.0,638.0,Teledyne T640X at 16.67 LPM w/Network Data Alignment enabled - Broadband spectroscopy,Miami Fire Station,"1200 NW 20th St, Miami, FL 33142",Florida,Miami-Dade,Miami,"Miami-Fort Lauderdale-West Palm Beach, FL",2024-08-19,pm25
12,86,1016,88101,3,25.794222,-80.215556,NAD83,PM2.5 - Local Conditions,24-HR BLK AVG,PM25 24-hour 2012,2024-01-05,Micrograms/cubic meter (LC),,1,100.0,7.2,7.2,0,40.0,638.0,Teledyne T640X at 16.67 LPM w/Network Data Alignment enabled - Broadband spectroscopy,Miami Fire Station,"1200 NW 20th St, Miami, FL 33142",Florida,Miami-Dade,Miami,"Miami-Fort Lauderdale-West Palm Beach, FL",2024-08-19,pm25
12,86,1016,88101,3,25.794222,-80.215556,NAD83,PM2.5 - Local Conditions,24-HR BLK AVG,PM25 24-hour 2012,2024-01-06,Micrograms/cubic meter (LC),,1,100.0,7.4,7.4,0,41.0,638.0,Teledyne T640X at 16.67 LPM w/Network Data Alignment enabled - Broadband spectroscopy,Miami Fire Station,"1200 NW 20th St, Miami, FL 33142",Florida,Miami-Dade,Miami,"Miami-Fort Lauderdale-West Palm Beach, FL",2024-08-19,pm25
12,86,1016,88101,3,25.794222,-80.215556,NAD83,PM2.5 - Local Conditions,24-HR BLK AVG,PM25 24-hour 2012,2024-01-07,Micrograms/cubic meter (LC),,1,100.0,4.9,4.9,0,27.0,638.0,Teledyne T640X at 16.67 LPM w/Network Data Alignment enabled - Broadband spectroscopy,Miami Fire Station,"1200 NW 20th St, Miami, FL 33142",Florida,Miami-Dade,Miami,"Miami-Fort Lauderdale-West Palm Beach, FL",2024-08-19,pm25
12,86,1016,88101,3,25.794222,-80.215556,NAD83,PM2.5 - Local Conditions,24-HR BLK AVG,PM25 24-hour 2012,2024-01-08,Micrograms/cubic meter (LC),,1,100.0,7.5,7.5,0,42.0,638.0,Teledyne T640X at 16.67 LPM w/Network Data Alignment enabled - Broadband spectroscopy,Miami Fire Station,"1200 NW 20th St, Miami, FL 33142",Florida,Miami-Dade,Miami,"Miami-Fort Lauderdale-West Palm Beach, FL",2024-08-19,pm25
12,86,1016,88101,3,25.794222,-80.215556,NAD83,PM2.5 - Local Conditions,24-HR BLK AVG,PM25 24-hour 2012,2024-01-09,Micrograms/cubic meter (LC),,1,100.0,10.1,10.1,0,53.0,638.0,Teledyne T640X at 16.67 LPM w/Network Data Alignment enabled - Broadband spectroscopy,Miami Fire Station,"1200 NW 20th St, Miami, FL 33142",Florida,Miami-Dade,Miami,"Miami-Fort Lauderdale-West Palm Beach, FL",2024-08-19,pm25
12,86,1016,88101,3,25.794222,-80.215556,NAD83,PM2.5 - Local Conditions,24-HR BLK AVG,PM25 24-hour 2012,2024-01-10,Micrograms/cubic meter (LC),,1,100.0,10.5,10.5,0,54.0,638.0,Teledyne T640X at 16.67 LPM w/Network Data Alignment enabled - Broadband spectroscopy,Miami Fire Station,"1200 NW 20th St, Miami, FL 33142",Florida,Miami-Dade,Miami,"Miami-Fort Lauderdale-West Palm Beach, FL",2024-08-19,pm25
12,86,1016,88101,3,25.794222,-80.215556,NAD83,PM2.5 - Local Conditions,24-HR BLK AVG,PM25 24-hour 2012,2024-01-11,Micrograms/cubic meter (LC),,1,100.0,6.7,6.7,0,37.0,638.0,Teledyne T640X at 16.67 LPM w/Network Data Alignment enabled - Broadband spectroscopy,Miami Fire Station,"1200 NW 20th St, Miami, FL 33142",Florida,Miami-Dade,Miami,"Miami-Fort Lauderdale-West Palm Beach, FL",2024-08-19,pm25
12,86,1016,88101,3,25.794222,-80.215556,NAD83,PM2.5 - Local Conditions,24-HR BLK AVG,PM25 24-hour 2012,2024-01-12,Micrograms/cubic meter (LC),,1,100.0,6.8,6.8,0,38.0,638.0,Teledyne T640X at 16.67 LPM w/Network Data Alignment enabled - Broadband spectroscopy,Miami Fire Station,"1200 NW 20th St, Miami, FL 33142",Florida,Miami-Dade,Miami,"Miami-Fort Lauderdale-West Palm Beach, FL",2024-08-19,pm25
12,86,1016,88101,3,25.794222,-80.215556,NAD83,PM2.5 - Local Conditions,24-HR BLK AVG,PM25 24-hour 2012,2024-01-13,Micrograms/cubic meter (LC),,1,100.0,11.6,11.6,0,56.0,638.0,Teledyne T640X at 16.67 LPM w/Network Data Alignment enabled - Broadband spectroscopy,Miami Fire Station,"1200 NW 20th St, Miami, FL 33142",Florida,Miami-Dade,Miami,"Miami-Fort Lauderdale-West Palm Beach, FL",2024-08-19,pm25
12,86,1016,88101,3,25.794222,-80.215556,NAD83,PM2.5 - Local Conditions,24-HR BLK AVG,PM25 24-hour 2012,2024-01-14,Micrograms/cubic meter (LC),,1,100.0,8.1,8.1,0,45.0,638.0,Teledyne T640X at 16.67 LPM w/Network Data Alignment enabled - Broadband spectroscopy,Miami Fire Station,"1200 NW 20th St, Miami, FL 33142",Florida,Miami-Dade,Miami,"Miami-Fort Lauderdale-West Palm Beach, FL",2024-08-19,pm25
12,86,1016,88101,3,25.794222,-80.215556,NAD83,PM2.5 - Local Conditions,24-HR BLK AVG,PM25 24-hour 2012,2024-01-15,Micrograms/cubic meter (LC),,1,100.0,8.0,8.0,0,44.0,638.0,Teledyne T640X at 16.67 LPM w/Network Data Alignment enabled - Broadband spectroscopy,Miami Fire Station,"1200 NW 20th St, Miami, FL 33142",Florida,Miami-Dade,Miami,"Miami-Fort Lauderdale-West Palm Beach, FL",2024-08-19,pm25
12,86,1016,88101,3,25.794222,-80.215556,NAD83,PM2.5 - Local Conditions,24-HR BLK AVG,PM25 24-hour 2012,2024-01-16,Micrograms/cubic meter (LC),,1,100.0,8.2,8.2,0,46.0,638.0,Teledyne T640X at 16.67 LPM w/Network Data Alignment enabled - Broadband spectroscopy,Miami Fire Station,"1200 NW 20th St, Miami, FL 33142",Florida,Miami-Dade,Miami,"Miami-Fort Lauderdale-West Palm Beach, FL",2024-08-19,pm25
12,86,1016,88101,3,25.794222,-80.215556,NAD83,PM2.5 - Local Conditions,24-HR BLK AVG,PM25 24-hour 2012,2024-01-17,Micrograms/cubic meter (LC),,1,100.0,7.6,7.6,0,42.0,638.0,Teledyne T640X at 16.67 LPM w/Network Data Alignment enabled - Broadband spectroscopy,Miami Fire Station,"1200 NW 20th St, Miami, FL 33142",Florida,Miami-Dade,Miami,"Miami-Fort Lauderdale-West Palm Beach, FL",2024-08-19,pm25
12,86,1016,88101,3,25.794222,-80.215556,NAD83,PM2.5 - Local Conditions,24-HR BLK AVG,PM25 24-hour 2012,2024-01-18,Micrograms/cubic meter (LC),,1,100.0,8.3,8.3,0,46.0,638.0,Teledyne T640X at 16.67 LPM w/Network Data Alignment enabled - Broadband spectroscopy,Miami Fire Station,"1200 NW 20th St, Miami, FL 33142",Florida,Miami-Dade,Miami,"Miami-Fort Lauderdale-West Palm Beach, FL",2024-08-19,pm25
12,86,1016,88101,3,25.794222,-80.215556,NAD83,PM2.5 - Local Conditions,24-HR BLK AVG,PM25 24-hour 2012,2024-01-19,Micrograms/cubic meter (LC),,1,100.0,9.3,9.3,0,51.0,638.0,Teledyne T640X at 16.67 LPM w/Network Data Alignment enabled - Broadband spectroscopy,Miami Fire Station,"1200 NW 20th St, Miami, FL 33142",Florida,Miami-Dade,Miami,"Miami-Fort Lauderdale-West Palm Beach, FL",2024-08-19,pm25
12,86,1016,88101,3,25.794222,-80.215556,NAD83,PM2.5 - Local Conditions,24-HR BLK AVG,PM25 24-hour 2012,2024-01-20,Micrograms/cubic meter (LC),,1,100.0,5.8,5.8,0,32.0,638.0,Teledyne T640X at 16.67 LPM w/Network Data Alignment enabled - Broadband spectroscopy,Miami Fire Station,"1200 NW 20th St, Miami, FL 33142",Florida,Miami-Dade,Miami,"Miami-Fort Lauderdale-West Palm Beach, FL",2024-08-19,pm25
12,86,1016,88101,3,25.794222,-80.215556,NAD83,PM2.5 - Local Conditions,24-HR BLK AVG,PM25 24-hour 2012,2024-01-21,Micrograms/cubic meter (LC),,1,100.0,4.7,4.7,0,26.0,638.0,Teledyne T640X at 16.67 LPM w/Network Data Alignment enabled - Broadband spectroscopy,Miami Fire Station,"1200 NW 20th St, Miami, FL 33142",Florida,Miami-Dade,Miami,"Miami-Fort Lauderdale-West Palm Beach, FL",2024-08-19,pm25
12,86,1016,88101,3,25.794222,-80.215556,NAD83,PM2.5 - Local Conditions,24-HR BLK AVG,PM25 24-hour 2012,2024-01-22,Micrograms/cubic meter (LC),,1,100.0,6.1,6.1,0,34.0,638.0,Teledyne T640X at 16.67 LPM w/Network Data Alignment enabled - Broadband spectroscopy,Miami Fire Station,"1200 NW 20th St, Miami, FL 33142",Florida,Miami-Dade,Miami,"Miami-Fort Lauderdale-West Palm Beach, FL",2024-08-19,pm25
12,86,1016,88101,3,25.794222,-80.215556,NAD83,PM2.5 - Local Conditions,24-HR BLK AVG,PM25 24-hour 2012,2024-01-23,Micrograms/cubic meter (LC),,1,100.0,8.7,8.7,0,48.0,638.0,Teledyne T640X at 16.67 LPM w/Network Data Alignment enabled - Broadband spectroscopy,Miami Fire Station,"1200 NW 20th St, Miami, FL 33142",Florida,Miami-Dade,Miami,"Miami-Fort Lauderdale-West Palm Beach, FL",2024-08-19,pm25
12,86,1016,88101,3,25.794222,-80.215556,NAD83,PM2.5 - Local Conditions,24-HR BLK AVG,PM25 24-hour 2012,2024-01-24,Micrograms/cubic meter (LC),,1,100.0,10.0,10.0,0,53.0,638.0,Teledyne T640X at 16.67 LPM w/Network Data Alignment enabled - Broadband spectroscopy,Miami Fire Station,"1200 NW 20th St, Miami, FL 33142",Florida,Miami-Dade,Miami,"Miami-Fort Lauderdale-West Palm Beach, FL",2024-08-19,pm25
12,86,1016,88101,3,25.794222,-80.215556,NAD83,PM2.5 - Local Conditions,24-HR BLK AVG,PM25 24-hour 2012,2024-01-25,Micrograms/cubic meter (LC),,1,100.0,9.2,9.2,0,51.0,638.0,Teledyne T640X at 16.67 LPM w/Network Data Alignment enabled - Broadband spectroscopy,Miami Fire Station,"1200 NW 20th St, Miami, FL 33142",Florida,Miami-Dade,Miami,"Miami-Fort Lauderdale-West Palm Beach, FL",2024-08-19,pm25
12,86,1016,88101,3,25.794222,-80.215556,NAD83,PM2.5 - Local Conditions,24-HR BLK AVG,PM25 24-hour 2012,2024-01-26,Micrograms/cubic meter (LC),,1,100.0,7.6,7.6,0,42.0,638.0,Teledyne T640X at 16.67 LPM w/Network Data Alignment enabled - Broadband spectroscopy,Miami Fire Station,"1200 NW 20th St, Miami, FL 33142",Florida,Miami-Dade,Miami,"Miami-Fort Lauderdale-West Palm Beach, FL",2024-08-19,pm25
12,86,1016,88101,3,25.794222,-80.215556,NAD83,PM2.5 - Local Conditions,24-HR BLK AVG,PM25 24-hour 2012,2024-01-27,Micrograms/cubic meter (LC),,1,100.0,6.9,6.9,0,38.0,638.0,Teledyne T640X at 16.67 LPM w/Network Data Alignment enabled - Broadband spectroscopy,Miami Fire Station,"1200 NW 20th St, Miami, FL 33142",Florida,Miami-Dade,Miami,"Miami-Fort Lauderdale-West Palm Beach, FL",2024-08-19,pm25
12,86,1016,88101,3,25.794222,-80.215556,NAD83,PM2.5 - Local Conditions,24-HR BLK AVG,PM25 24-hour 2012,2024-01-28,Micrograms/cubic meter (LC),,1,100.0,8.0,8.0,0,44.0,638.0,Teledyne T640X at 16.67 LPM w/Network Data Alignment enabled - Broadband spectroscopy,Miami Fire Station,"1200 NW 20th St, Miami, FL 33142",Florida,Miami-Dade,Miami,"Miami-Fort Lauderdale-West Palm Beach, FL",2024-08-19,pm25
12,86,1016,88101,3,25.794222,-80.215556,NAD83,PM2.5 - Local Conditions,24-HR BLK AVG,PM25 24-hour 2012,2024-01-29,Micrograms/cubic meter (LC),,1,100.0,5.9,5.9,0,33.0,638.0,Teledyne T640X at 16.67 LPM w/Network Data Alignment enabled - Broadband spectroscopy,Miami Fire Station,"1200 NW 20th St, Miami, FL 33142",Florida,Miami-Dade,Miami,"Miami-Fort Lauderdale-West Palm Beach, FL",2024-08-19,pm25
12,86,1016,88101,3,25.794222,-80.215556,NAD83,PM2.5 - Local Conditions,24-HR BLK AVG,PM25 24-hour 2012,2024-01-30,Micrograms/cubic meter (LC),,1,100.0,8.1,8.1,0,45.0,638.0,Teledyne T640X at 16.67 LPM w/Network Data Alignment enabled - Broadband spectroscopy,Miami Fire Station,"1200 NW 20th St, Miami, FL 33142",Florida,Miami-Dade,Miami,"Miami-Fort Lauderdale-West Palm Beach, FL",2024-08-19,pm25
12,86,1016,88101,3,25.794222,-80.215556,NAD83,PM2.5 - Local Conditions,24-HR BLK AVG,PM25 24-hour 2012,2024-01-31,Micrograms/cubic meter (LC),,1,100.0,7.2,7.2,0,40.0,638.0,Teledyne T640X at 16.67 LPM w/Network Data Alignment enabled - Broadband spectroscopy,Miami Fire Station,"1200 NW 20th St, Miami, FL 33142",Florida,Miami-Dade,Miami,"Miami-Fort Lauderdale-West Palm Beach, FL",2024-08-19,pm25
12,86,1016,88101,3,25.794222,-80.215556,NAD83,PM2.5 - Local Conditions,24-HR BLK AVG,PM25 24-hour 2012,2024-02-01,Micrograms/cubic meter (LC),,1,100.0,8.3,8.3,0,46.0,638.0,Teledyne T640X at 16.67 LPM w/Network Data Alignment enabled - Broadband spectroscopy,Miami Fire Station,"1200 NW 20th St, Miami, FL 33142",Florida,Miami-Dade,Miami,"Miami-Fort Lauderdale-West Palm Beach, FL",2024-08-19,pm25
12,86,1016,88101,3,25.794222,-80.215556,NAD83,PM2.5 - Local Conditions,24-HR BLK AVG,PM25 24-hour 2012,2024-02-02,Micrograms/cubic meter (LC),,1,100.0,6.5,6.5,0,36.0,638.0,Teledyne T640X at 16.67 LPM w/Network Data Alignment enabled - Broadband spectroscopy,Miami Fire Station,"1200 NW 20th St, Miami, FL 33142",Florida,Miami-Dade,Miami,"Miami-Fort Lauderdale-West Palm Beach, FL",2024-08-19,pm25
12,86,1016,88101,3,25.794222,-80.215556,NAD83,PM2.5 - Local Conditions,24-HR BLK AVG,PM25 24-hour 2012,2024-02-03,Micrograms/cubic meter (LC),,1,100.0,8.4,8.4,0,47.0,638.0,Teledyne T640X at 16.67 LPM w/Network Data Alignment enabled - Broadband spectroscopy,Miami Fire Station,"1200 NW 20th St, Miami, FL 33142",Florida,Miami-Dade,Miami,"Miami-Fort Lauderdale-West Palm Beach, FL",2024-08-19,pm25
12,86,1016,88101,3,25.794222,-80.215556,NAD83,PM2.5 - Local Conditions,24-HR BLK AVG,PM25 24-hour 2012,2024-02-04,Micrograms/cubic meter (LC),,1,100.0,4.7,4.7,0,26.0,638.0,Teledyne T640X at 16.67 LPM w/Network Data Alignment enabled - Broadband spectroscopy,Miami Fire Station,"1200 NW 20th St, Miami, FL 33142",Florida,Miami-Dade,Miami,"Miami-Fort Lauderdale-West Palm Beach, FL",2024-08-19,pm25
12,86,1016,88101,3,25.794222,-80.215556,NAD83,PM2.5 - Local Conditions,24-HR BLK AVG,PM25 24-hour 2012,2024-02-05,Micrograms/cubic meter (LC),,1,100.0,7.1,7.1,0,39.0,638.0,Teledyne T640X at 16.67 LPM w/Network Data Alignment enabled - Broadband spectroscopy,Miami Fire Station,"1200 NW 20th St, Miami, FL 33142",Florida,Miami-Dade,Miami,"Miami-Fort Lauderdale-West Palm Beach, FL",2024-08-19,pm25
12,86,1016,88101,3,25.794222,-80.215556,NAD83,PM2.5 - Local Conditions,24-HR BLK AVG,PM25 24-hour 2012,2024-02-06,Micrograms/cubic meter (LC),,1,100.0,5.5,5.5,0,31.0,638.0,Teledyne T640X at 16.67 LPM w/Network Data Alignment enabled - Broadband spectroscopy,Miami Fire Station,"1200 NW 20th St, Miami, FL 33142",Florida,Miami-Dade,Miami,"Miami-Fort Lauderdale-West Palm Beach, FL",2024-08-19,pm25
12,86,1016,88101,3,25.794222,-80.215556,NAD83,PM2.5 - Local Conditions,24-HR BLK AVG,PM25 24-hour 2012,2024-02-07,Micrograms/cubic meter (LC),,1,100.0,7.6,7.6,0,42.0,638.0,Teledyne T640X at 16.67 LPM w/Network Data Alignment enabled - Broadband spectroscopy,Miami Fire Station,"1200 NW 20th St, Miami, FL 33142",Florida,Miami-Dade,Miami,"Miami-Fort Lauderdale-West Palm Beach, FL",2024-08-19,pm25
12,86,1016,88101,3,25.794222,-80.215556,NAD83,PM2.5 - Local Conditions,24-HR BLK AVG,PM25 24-hour 2012,2024-02-08,Micrograms/cubic meter (LC),,1,100.0,5.9,5.9,0,33.0,638.0,Teledyne T640X at 16.67 LPM w/Network Data Alignment enabled - Broadband spectroscopy,Miami Fire Station,"1200 NW 20th St, Miami, FL 33142",Florida,Miami-Dade,Miami,"Miami-Fort Lauderdale-West Palm Beach, FL",2024-08-19,pm25
12,86,1016,88101,3,25.794222,-80.215556,NAD83,PM2.5 - Local Conditions,24-HR BLK AVG,PM25 24-hour 2012,2024-02-09,Micrograms/cubic meter (LC),,1,100.0,5.9,5.9,0,33.0,638.0,Teledyne T640X at 16.67 LPM w/Network Data Alignment enabled - Broadband spectroscopy,Miami Fire Station,"1200 NW 20th St, Miami, FL 33142",Florida,Miami-Dade,Miami,"Miami-Fort Lauderdale-West Palm Beach, FL",2024-08-19,pm25
12,86,1016,88101,3,25.794222,-80.215556,NAD83,PM2.5 - Local Conditions,24-HR BLK AVG,PM25 24-hour 2012,2024-02-10,Micrograms/cubic meter (LC),,1,100.0,5.3,5.3,0,29.0,638.0,Teledyne T640X at 16.67 LPM w/Network Data Alignment enabled - Broadband spectroscopy,Miami Fire Station,"1200 NW 20th St, Miami, FL 33142",Florida,Miami-Dade,Miami,"Miami-Fort Lauderdale-West Palm Beach, FL",2024-08-19,pm25
12,86,1016,88101,3,25.794222,-80.215556,NAD83,PM2.5 - Local Conditions,24-HR BLK AVG,PM25 24-hour 2012,2024-02-11,Micrograms/cubic meter (LC),,1,100.0,6.9,6.9,0,38.0,638.0,Teledyne T640X at 16.67 LPM w/Network Data Alignment enabled - Broadband spectroscopy,Miami Fire Station,"1200 NW 20th St, Miami, FL 33142",Florida,Miami-Dade,Miami,"Miami-Fort Lauderdale-West Palm Beach, FL",2024-08-19,pm25
12,86,1016,88101,3,25.794222,-80.215556,NAD83,PM2.5 - Local Conditions,24-HR BLK AVG,PM25 24-hour 2012,2024-02-12,Micrograms/cubic meter (LC),,1,100.0,9.1,9.1,0,51.0,638.0,Teledyne T640X at 16.67 LPM w/Network Data Alignment enabled - Broadband spectroscopy,Miami Fire Station,"1200 NW 20th St, Miami, FL 33142",Florida,Miami-Dade,Miami,"Miami-Fort Lauderdale-West Palm Beach, FL",2024-08-19,pm25
12,86,1016,88101,3,25.794222,-80.215556,NAD83,PM2.5 - Local Conditions,24-HR BLK AVG,PM25 24-hour 2012,2024-02-13,Micrograms/cubic meter (LC),,1,100.0,9.4,9.4,0,52.0,638.0,Teledyne T640X at 16.67 LPM w/Network Data Alignment enabled - Broadband spectroscopy,Miami Fire Station,"1200 NW 20th St, Miami, FL 33142",Florida,Miami-Dade,Miami,"Miami-Fort Lauderdale-West Palm Beach, FL",2024-08-19,pm25
12,86,1016,88101,3,25.794222,-80.215556,NAD83,PM2.5 - Local Conditions,24-HR BLK AVG,PM25 24-hour 2012,2024-02-14,Micrograms/cubic meter (LC),,1,100.0,5.8,5.8,0,32.0,638.0,Teledyne T640X at 16.67 LPM w/Network Data Alignment enabled - Broadband spectroscopy,Miami Fire Station,"1200 NW 20th St, Miami, FL 33142",Florida,Miami-Dade,Miami,"Miami-Fort Lauderdale-West Palm Beach, FL",2024-08-19,pm25
12,86,1016,88101,3,25.794222,-80.215556,NAD83,PM2.5 - Local Conditions,24-HR BLK AVG,PM25 24-hour 2012,2024-02-15,Micrograms/cubic meter (LC),,1,100.0,4.2,4.2,0,23.0,638.0,Teledyne T640X at 16.67 LPM w/Network Data Alignment enabled - Broadband spectroscopy,Miami Fire Station,"1200 NW 20th St, Miami, FL 33142",Florida,Miami-Dade,Miami,"Miami-Fort Lauderdale-West Palm Beach, FL",2024-08-19,pm25
12,86,1016,88101,3,25.794222,-80.215556,NAD83,PM2.5 - Local Conditions,24-HR BLK AVG,PM25 24-hour 2012,2024-02-16,Micrograms/cubic meter (LC),,1,100.0,6.1,6.1,0,34.0,638.0,Teledyne T640X at 16.67 LPM w/Network Data Alignment enabled - Broadband spectroscopy,Miami Fire Station,"1200 NW 20th St, Miami, FL 33142",Florida,Miami-Dade,Miami,"Miami-Fort Lauderdale-West Palm Beach, FL",2024-08-19,pm25
12,86,1016,88101,3,25.794222,-80.215556,NAD83,PM2.5 - Local Conditions,24-HR BLK AVG,PM25 24-hour 2012,2024-02-17,Micrograms/cubic meter (LC),,1,100.0,7.9,7.9,0,44.0,638.0,Teledyne T640X at 16.67 LPM w/Network Data Alignment enabled - Broadband spectroscopy,Miami Fire Station,"1200 NW 20th St, Miami, FL 33142",Florida,Miami-Dade,Miami,"Miami-Fort Lauderdale-West Palm Beach, FL",2024-08-19,pm25
12,86,1016,88101,3,25.794222,-80.215556,NAD83,PM2.5 - Local Conditions,24-HR BLK AVG,PM25 24-hour 2012,2024-02-18,Micrograms/cubic meter (LC),,1,100.0,5.7,5.7,0,32.0,638.0,Teledyne T640X at 16.67 LPM w/Network Data Alignment enabled - Broadband spectroscopy,Miami Fire Station,"1200 NW 20th St, Miami, FL 33142",Florida,Miami-Dade,Miami,"Miami-Fort Lauderdale-West Palm Beach, FL",2024-08-19,pm25
12,86,1016,88101,3,25.794222,-80.215556,NAD83,PM2.5 - Local Conditions,24-HR BLK AVG,PM25 24-hour 2012,2024-02-19,Micrograms/cubic meter (LC),,1,100.0,3.1,3.1,0,17.0,638.0,Teledyne T640X at 16.67 LPM w/Network Data Alignment enabled - Broadband spectroscopy,Miami Fire Station,"1200 NW 20th St, Miami, FL 33142",Florida,Miami-Dade,Miami,"Miami-Fort Lauderdale-West Palm Beach, FL",2024-08-19,pm25
12,86,1016,88101,3,25.794222,-80.215556,NAD83,PM2.5 - Local Conditions,24-HR BLK AVG,PM25 24-hour 2012,2024-02-20,Micrograms/cubic meter (LC),,1,100.0,8.6,8.6,0,48.0,638.0,Teledyne T640X at 16.67 LPM w/Network Data Alignment enabled - Broadband spectroscopy,Miami Fire Station,"1200 NW 20th St, Miami, FL 33142",Florida,Miami-Dade,Miami,"Miami-Fort Lauderdale-West Palm Beach, FL",2024-08-19,pm25
12,86,1016,88101,3,25.794222,-80.215556,NAD83,PM2.5 - Local Conditions,24-HR BLK AVG,PM25 24-hour 2012,2024-02-21,Micrograms/cubic meter (LC),,1,100.0,9.6,9.6,0,52.0,638.0,Teledyne T640X at 16.67 LPM w/Network Data Alignment enabled - Broadband spectroscopy,Miami Fire Station,"1200 NW 20th St, Miami, FL 33142",Florida,Miami-Dade,Miami,"Miami-Fort Lauderdale-West Palm Beach, FL",2024-08-19,pm25
12,86,1016,88101,3,25.794222,-80.215556,NAD83,PM2.5 - Local Conditions,24-HR BLK AVG,PM25 24-hour 2012,2024-02-22,Micrograms/cubic meter (LC),,1,100.0,5.3,5.3,0,29.0,638.0,Teledyne T640X at 16.67 LPM w/Network Data Alignment enabled - Broadband spectroscopy,Miami Fire Station,"1200 NW 20th St, Miami, FL 33142",Florida,Miami-Dade,Miami,"Miami-Fort Lauderdale-West Palm Beach, FL",2024-08-19,pm25
12,86,1016,88101,3,25.794222,-80.215556,NAD83,PM2.5 - Local Conditions,24-HR BLK AVG,PM25 24-hour 2012,2024-02-23,Micrograms/cubic meter (LC),,1,100.0,8.5,8.5,0,47.0,638.0,Teledyne T640X at 16.67 LPM w/Network Data Alignment enabled - Broadband spectroscopy,Miami Fire Station,"1200 NW 20th St, Miami, FL 33142",Florida,Miami-Dade,Miami,"Miami-Fort Lauderdale-West Palm Beach, FL",2024-08-19,pm25
12,86,1016,88101,3,25.794222,-80.215556,NAD83,PM2.5 - Local Conditions,24-HR BLK AVG,PM25 24-hour 2012,2024-02-24,Micrograms/cubic meter (LC),,1,100.0,8.3,8.3,0,46.0,638.0,Teledyne T640X at 16.67 LPM w/Network Data Alignment enabled - Broadband spectroscopy,Miami Fire Station,"1200 NW 20th St, Miami, FL 33142",Florida,Miami-Dade,Miami,"Miami-Fort Lauderdale-West Palm Beach, FL",2024-08-19,pm25
12,86,1016,88101,3,25.794222,-80.215556,NAD83,PM2.5 - Local Conditions,24-HR BLK AVG,PM25 24-hour 2012,2024-02-25,Micrograms/cubic meter (LC),,1,100.0,6.6,6.6,0,37.0,638.0,Teledyne T640X at 16.67 LPM w/Network Data Alignment enabled - Broadband spectroscopy,Miami Fire Station,"1200 NW 20th St, Miami, FL 33142",Florida,Miami-Dade,Miami,"Miami-Fort Lauderdale-West Palm Beach, FL",2024-08-19,pm25
12,86,1016,88101,3,25.794222,-80.215556,NAD83,PM2.5 - Local Conditions,24-HR BLK AVG,PM25 24-hour 2012,2024-02-26,Micrograms/cubic meter (LC),,1,100.0,10.0,10.0,0,53.0,638.0,Teledyne T640X at 16.67 LPM w/Network Data Alignment enabled - Broadband spectroscopy,Miami Fire Station,"1200 NW 20th St, Miami, FL 33142",Florida,Miami-Dade,Miami,"Miami-Fort Lauderdale-West Palm Beach, FL",2024-08-19,pm25
12,86,1016,88101,3,25.794222,-80.215556,NAD83,PM2.5 - Local Conditions,24-HR BLK AVG,PM25 24-hour 2012,2024-02-27,Micrograms/cubic meter (LC),,1,100.0,5.7,5.7,0,32.0,638.0,Teledyne T640X at 16.67 LPM w/Network Data Alignment enabled - Broadband spectroscopy,Miami Fire Station,"1200 NW 20th St, Miami, FL 33142",Florida,Miami-Dade,Miami,"Miami-Fort Lauderdale-West Palm Beach, FL",2024-08-19,pm25
12,86,1016,88101,3,25.794222,-80.215556,NAD83,PM2.5 - Local Conditions,24-HR BLK AVG,PM25 24-hour 2012,2024-03-02,Micrograms/cubic meter (LC),,1,100.0,9.1,9.1,0,51.0,638.0,Teledyne T640X at 16.67 LPM w/Network Data Alignment enabled - Broadband spectroscopy,Miami Fire Station,"1200 NW 20th St, Miami, FL 33142",Florida,Miami-Dade,Miami,"Miami-Fort Lauderdale-West Palm Beach, FL",2024-08-19,pm25
12,86,1016,88101,3,25.794222,-80.215556,NAD83,PM2.5 - Local Conditions,24-HR BLK AVG,PM25 24-hour 2012,2024-03-03,Micrograms/cubic meter (LC),,1,100.0,10.2,10.2,0,53.0,638.0,Teledyne T640X at 16.67 LPM w/Network Data Alignment enabled - Broadband spectroscopy,Miami Fire Station,"1200 NW 20th St, Miami, FL 33142",Florida,Miami-Dade,Miami,"Miami-Fort Lauderdale-West Palm Beach, FL",2024-08-19,pm25
12,86,1016,88101,3,25.794222,-80.215556,NAD83,PM2.5 - Local Conditions,24-HR BLK AVG,PM25 24-hour 2012,2024-03-04,Micrograms/cubic meter (LC),,1,100.0,9.5,9.5,0,52.0,638.0,Teledyne T640X at 16.67 LPM w/Network Data Alignment enabled - Broadband spectroscopy,Miami Fire Station,"1200 NW 20th St, Miami, FL 33142",Florida,Miami-Dade,Miami,"Miami-Fort Lauderdale-West Palm Beach, FL",2024-08-19,pm25
12,86,1016,88101,3,25.794222,-80.215556,NAD83,PM2.5 - Local Conditions,24-HR BLK AVG,PM25 24-hour 2012,2024-03-05,Micrograms/cubic meter (LC),,1,100.0,8.9,8.9,0,49.0,638.0,Teledyne T640X at 16.67 LPM w/Network Data Alignment enabled - Broadband spectroscopy,Miami Fire Station,"1200 NW 20th St, Miami, FL 33142",Florida,Miami-Dade,Miami,"Miami-Fort Lauderdale-West Palm Beach, FL",2024-08-19,pm25
12,86,1016,88101,3,25.794222,-80.215556,NAD83,PM2.5 - Local Conditions,24-HR BLK AVG,PM25 24-hour 2012,2024-03-06,Micrograms/cubic meter (LC),,1,100.0,10.1,10.1,0,53.0,638.0,Teledyne T640X at 16.67 LPM w/Network Data Alignment enabled - Broadband spectroscopy,Miami Fire Station,"1200 NW 20th St, Miami, FL 33142",Florida,Miami-Dade,Miami,"Miami-Fort Lauderdale-West Palm Beach, FL",2024-08-19,pm25
12,86,1016,88101,3,25.794222,-80.215556,NAD83,PM2.5 - Local Conditions,24-HR BLK AVG,PM25 24-hour 2012,2024-03-07,Micrograms/cubic meter (LC),,1,100.0,13.2,13.2,0,59.0,638.0,Teledyne T640X at 16.67 LPM w/Network Data Alignment enabled - Broadband spectroscopy,Miami Fire Station,"1200 NW 20th St, Miami, FL 33142",Florida,Miami-Dade,Miami,"Miami-Fort Lauderdale-West Palm Beach, FL",2024-08-19,pm25
12,86,1016,88101,3,25.794222,-80.215556,NAD83,PM2.5 - Local Conditions,24-HR BLK AVG,PM25 24-hour 2012,2024-03-08,Micrograms/cubic meter (LC),,1,100.0,10.9,10.9,0,54.0,638.0,Teledyne T640X at 16.67 LPM w/Network Data Alignment enabled - Broadband spectroscopy,Miami Fire Station,"1200 NW 20th St, Miami, FL 33142",Florida,Miami-Dade,Miami,"Miami-Fort Lauderdale-West Palm Beach, FL",2024-08-19,pm25
12,86,1016,88101,3,25.794222,-80.215556,NAD83,PM2.5 - Local Conditions,24-HR BLK AVG,PM25 24-hour 2012,2024-03-09,Micrograms/cubic meter (LC),,1,100.0,10.8,10.8,0,54.0,638.0,Teledyne T640X at 16.67 LPM w/Network Data Alignment enabled - Broadband spectroscopy,Miami Fire Station,"1200 NW 20th St, Miami, FL 33142",Florida,Miami-Dade,Miami,"Miami-Fort Lauderdale-West Palm Beach, FL",2024-08-19,pm25
12,86,1016,88101,3,25.794222,-80.215556,NAD83,PM2.5 - Local Conditions,24-HR BLK AVG,PM25 24-hour 2012,2024-03-10,Micrograms/cubic meter (LC),,1,100.0,13.2,13.2,0,59.0,638.0,Teledyne T640X at 16.67 LPM w/Network Data Alignment enabled - Broadband spectroscopy,Miami Fire Station,"1200 NW 20th St, Miami, FL 33142",Florida,Miami-Dade,Miami,"Miami-Fort Lauderdale-West Palm Beach, FL",2024-08-19,pm25
12,86,1016,88101,3,25.794222,-80.215556,NAD83,PM2.5 - Local Conditions,24-HR BLK AVG,PM25 24-hour 2012,2024-03-11,Micrograms/cubic meter (LC),,1,100.0,8.3,8.3,0,46.0,638.0,Teledyne T640X at 16.67 LPM w/Network Data Alignment enabled - Broadband spectroscopy,Miami Fire Station,"1200 NW 20th St, Miami, FL 33142",Florida,Miami-Dade,Miami,"Miami-Fort Lauderdale-West Palm Beach, FL",2024-08-19,pm25
12,86,1016,88101,3,25.794222,-80.215556,NAD83,PM2.5 - Local Conditions,24-HR BLK AVG,PM25 24-hour 2012,2024-03-12,Micrograms/cubic meter (LC),,1,100.0,8.4,8.4,0,47.0,638.0,Teledyne T640X at 16.67 LPM w/Network Data Alignment enabled - Broadband spectroscopy,Miami Fire Station,"1200 NW 20th St, Miami, FL 33142",Florida,Miami-Dade,Miami,"Miami-Fort Lauderdale-West Palm Beach, FL",2024-08-19,pm25
12,86,1016,88101,3,25.794222,-80.215556,NAD83,PM2.5 - Local Conditions,24-HR BLK AVG,PM25 24-hour 2012,2024-04-25,Micrograms/cubic meter (LC),,1,100.0,9.2,9.2,0,51.0,638.0,Teledyne T640X at 16.67 LPM w/Network Data Alignment enabled - Broadband spectroscopy,Miami Fire Station,"1200 NW 20th St, Miami, FL 33142",Florida,Miami-Dade,Miami,"Miami-Fort Lauderdale-West Palm Beach, FL",2024-08-19,pm25
12,86,1016,88101,3,25.794222,-80.215556,NAD83,PM2.5 - Local Conditions,24-HR BLK AVG,PM25 24-hour 2012,2024-04-26,Micrograms/cubic meter (LC),,1,100.0,7.8,7.8,0,43.0,638.0,Teledyne T640X at 16.67 LPM w/Network Data Alignment enabled - Broadband spectroscopy,Miami Fire Station,"1200 NW 20th St, Miami, FL 33142",Florida,Miami-Dade,Miami,"Miami-Fort Lauderdale-West Palm Beach, FL",2024-08-19,pm25
12,86,1016,88101,3,25.794222,-80.215556,NAD83,PM2.5 - Local Conditions,24-HR BLK AVG,PM25 24-hour 2012,2024-04-27,Micrograms/cubic meter (LC),,1,100.0,9.1,9.1,0,51.0,638.0,Teledyne T640X at 16.67 LPM w/Network Data Alignment enabled - Broadband spectroscopy,Miami Fire Station,"1200 NW 20th St, Miami, FL 33142",Florida,Miami-Dade,Miami,"Miami-Fort Lauderdale-West Palm Beach, FL",2024-08-19,pm25
12,86,1016,88101,3,25.794222,-80.215556,NAD83,PM2.5 - Local Conditions,24-HR BLK AVG,PM25 24-hour 2012,2024-04-28,Micrograms/cubic meter (LC),,1,100.0,10.0,10.0,0,53.0,638.0,Teledyne T640X at 16.67 LPM w/Network Data Alignment enabled - Broadband spectroscopy,Miami Fire Station,"1200 NW 20th St, Miami, FL 33142",Florida,Miami-Dade,Miami,"Miami-Fort Lauderdale-West Palm Beach, FL",2024-08-19,pm25
12,86,1016,88101,3,25.794222,-80.215556,NAD83,PM2.5 - Local Conditions,24-HR BLK AVG,PM25 24-hour 2012,2024-04-29,Micrograms/cubic meter (LC),,1,100.0,9.5,9.5,0,52.0,638.0,Teledyne T640X at 16.67 LPM w/Network Data Alignment enabled - Broadband spectroscopy,Miami Fire Station,"1200 NW 20th St, Miami, FL 33142",Florida,Miami-Dade,Miami,"Miami-Fort Lauderdale-West Palm Beach, FL",2024-08-19,pm25
12,86,1016,88101,3,25.794222,-80.215556,NAD83,PM2.5 - Local Conditions,24-HR BLK AVG,PM25 24-hour 2012,2024-04-30,Micrograms/cubic meter (LC),,1,100.0,9.9,9.9,0,52.0,638.0,Teledyne T640X at 16.67 LPM w/Network Data Alignment enabled - Broadband spectroscopy,Miami Fire Station,"1200 NW 20th St, Miami, FL 33142",Florida,Miami-Dade,Miami,"Miami-Fort Lauderdale-West Palm Beach, FL",2024-08-19,pm25
12,86,1016,88101,3,25.794222,-80.215556,NAD83,PM2.5 - Local Conditions,24-HR BLK AVG,PM25 24-hour 2012,2024-05-01,Micrograms/cubic meter (LC),,1,100.0,8.8,8.8,0,49.0,638.0,Teledyne T640X at 16.67 LPM w/Network Data Alignment enabled - Broadband spectroscopy,Miami Fire Station,"1200 NW 20th St, Miami, FL 33142",Florida,Miami-Dade,Miami,"Miami-Fort Lauderdale-West Palm Beach, FL",2024-08-19,pm25
12,86,1016,88101,3,25.794222,-80.215556,NAD83,PM2.5 - Local Conditions,24-HR BLK AVG,PM25 24-hour 2012,2024-05-02,Micrograms/cubic meter (LC),,1,100.0,8.7,8.7,0,48.0,638.0,Teledyne T640X at 16.67 LPM w/Network Data Alignment enabled - Broadband spectroscopy,Miami Fire Station,"1200 NW 20th St, Miami, FL 33142",Florida,Miami-Dade,Miami,"Miami-Fort Lauderdale-West Palm Beach, FL",2024-08-19,pm25
12,86,1016,88101,3,25.794222,-80.215556,NAD83,PM2.5 - Local Conditions,24-HR BLK AVG,PM25 24-hour 2012,2024-05-03,Micrograms/cubic meter (LC),,1,100.0,8.1,8.1,0,45.0,638.0,Teledyne T640X at 16.67 LPM w/Network Data Alignment enabled - Broadband spectroscopy,Miami Fire Station,"1200 NW 20th St, Miami, FL 33142",Florida,Miami-Dade,Miami,"Miami-Fort Lauderdale-West Palm Beach, FL",2024-08-19,pm25
12,86,1016,88101,3,25.794222,-80.215556,NAD83,PM2.5 - Local Conditions,24-HR BLK AVG,PM25 24-hour 2012,2024-05-04,Micrograms/cubic meter (LC),,1,100.0,8.0,8.0,0,44.0,638.0,Teledyne T640X at 16.67 LPM w/Network Data Alignment enabled - Broadband spectroscopy,Miami Fire Station,"1200 NW 20th St, Miami, FL 33142",Florida,Miami-Dade,Miami,"Miami-Fort Lauderdale-West Palm Beach, FL",2024-08-19,pm25
12,86,1016,88101,3,25.794222,-80.215556,NAD83,PM2.5 - Local Conditions,24-HR BLK AVG,PM25 24-hour 2012,2024-05-05,Micrograms/cubic meter (LC),,1,100.0,8.1,8.1,0,45.0,638.0,Teledyne T640X at 16.67 LPM w/Network Data Alignment enabled - Broadband spectroscopy,Miami Fire Station,"1200 NW 20th St, Miami, FL 33142",Florida,Miami-Dade,Miami,"Miami-Fort Lauderdale-West Palm Beach, FL",2024-08-19,pm25
12,86,1016,88101,3,25.794222,-80.215556,NAD83,PM2.5 - Local Conditions,24-HR BLK AVG,PM25 24-hour 2012,2024-05-06,Micrograms/cubic meter (LC),,1,100.0,8.9,8.9,0,49.0,638.0,Teledyne T640X at 16.67 LPM w/Network Data Alignment enabled - Broadband spectroscopy,Miami Fire Station,"1200 NW 20th St, Miami, FL 33142",Florida,Miami-Dade,Miami,"Miami-Fort Lauderdale-West Palm Beach, FL",2024-08-19,pm25
12,86,1016,88101,3,25.794222,-80.215556,NAD83,PM2.5 - Local Conditions,24-HR BLK AVG,PM25 24-hour 2012,2024-05-07,Micrograms/cubic meter (LC),,1,100.0,9.2,9.2,0,51.0,638.0,Teledyne T640X at 16.67 LPM w/Network Data Alignment enabled - Broadband spectroscopy,Miami Fire Station,"1200 NW 20th St, Miami, FL 33142",Florida,Miami-Dade,Miami,"Miami-Fort Lauderdale-West Palm Beach, FL",2024-08-19,pm25
12,86,1016,88101,3,25.794222,-80.215556,NAD83,PM2.5 - Local Conditions,24-HR BLK AVG,PM25 24-hour 2012,2024-05-08,Micrograms/cubic meter (LC),,1,100.0,9.0,9.0,0,50.0,638.0,Teledyne T640X at 16.67 LPM w/Network Data Alignment enabled - Broadband spectroscopy,Miami Fire Station,"1200 NW 20th St, Miami, FL 33142",Florida,Miami-Dade,Miami,"Miami-Fort Lauderdale-West Palm Beach, FL",2024-08-19,pm25
12,86,1016,88101,3,25.794222,-80.215556,NAD83,PM2.5 - Local Conditions,24-HR BLK AVG,PM25 24-hour 2012,2024-05-09,Micrograms/cubic meter (LC),,1,100.0,7.3,7.3,0,41.0,638.0,Teledyne T640X at 16.67 LPM w/Network Data Alignment enabled - Broadband spectroscopy,Miami Fire Station,"1200 NW 20th St, Miami, FL 33142",Florida,Miami-Dade,Miami,"Miami-Fort Lauderdale-West Palm Beach, FL",2024-08-19,pm25
12,86,1016,88101,3,25.794222,-80.215556,NAD83,PM2.5 - Local Conditions,24-HR BLK AVG,PM25 24-hour 2012,2024-05-10,Micrograms/cubic meter (LC),,1,100.0,7.1,7.1,0,39.0,638.0,Teledyne T640X at 16.67 LPM w/Network Data Alignment enabled - Broadband spectroscopy,Miami Fire Station,"1200 NW 20th St, Miami, FL 33142",Florida,Miami-Dade,Miami,"Miami-Fort Lauderdale-West Palm Beach, FL",2024-08-19,pm25
12,86,1016,88101,3,25.794222,-80.215556,NAD83,PM2.5 - Local Conditions,24-HR BLK AVG,PM25 24-hour 2012,2024-05-11,Micrograms/cubic meter (LC),,1,100.0,12.1,12.1,0,57.0,638.0,Teledyne T640X at 16.67 LPM w/Network Data Alignment enabled - Broadband spectroscopy,Miami Fire Station,"1200 NW 20th St, Miami, FL 33142",Florida,Miami-Dade,Miami,"Miami-Fort Lauderdale-West Palm Beach, FL",2024-08-19,pm25
12,86,1016,88101,3,25.794222,-80.215556,NAD83,PM2.5 - Local Conditions,24-HR BLK AVG,PM25 24-hour 2012,2024-05-12,Micrograms/cubic meter (LC),,1,100.0,13.5,13.5,0,59.0,638.0,Teledyne T640X at 16.67 LPM w/Network Data Alignment enabled - Broadband spectroscopy,Miami Fire Station,"1200 NW 20th St, Miami, FL 33142",Florida,Miami-Dade,Miami,"Miami-Fort Lauderdale-West Palm Beach, FL",2024-08-19,pm25
12,86,1016,88101,3,25.794222,-80.215556,NAD83,PM2.5 - Local Conditions,24-HR BLK AVG,PM25 24-hour 2012,2024-05-13,Micrograms/cubic meter (LC),,1,100.0,14.4,14.4,0,61.0,638.0,Teledyne T640X at 16.67 LPM w/Network Data Alignment enabled - Broadband spectroscopy,Miami Fire Station,"1200 NW 20th St, Miami, FL 33142",Florida,Miami-Dade,Miami,"Miami-Fort Lauderdale-West Palm Beach, FL",2024-08-19,pm25
12,86,1016,88101,3,25.794222,-80.215556,NAD83,PM2.5 - Local Conditions,24-HR BLK AVG,PM25 24-hour 2012,2024-05-14,Micrograms/cubic meter (LC),,1,100.0,12.3,12.3,0,57.0,638.0,Teledyne T640X at 16.67 LPM w/Network Data Alignment enabled - Broadband spectroscopy,Miami Fire Station,"1200 NW 20th St, Miami, FL 33142",Florida,Miami-Dade,Miami,"Miami-Fort Lauderdale-West Palm Beach, FL",2024-08-19,pm25
12,86,1016,88101,3,25.794222,-80.215556,NAD83,PM2.5 - Local Conditions,24-HR BLK AVG,PM25 24-hour 2012,2024-05-15,Micrograms/cubic meter (LC),,1,100.0,18.6,18.6,0,69.0,638.0,Teledyne T640X at 16.67 LPM w/Network Data Alignment enabled - Broadband spectroscopy,Miami Fire Station,"1200 NW 20th St, Miami, FL 33142",Florida,Miami-Dade,Miami,"Miami-Fort Lauderdale-West Palm Beach, FL",2024-08-19,pm25
12,86,1016,88101,3,25.794222,-80.215556,NAD83,PM2.5 - Local Conditions,24-HR BLK AVG,PM25 24-hour 2012,2024-05-16,Micrograms/cubic meter (LC),,1,100.0,21.2,21.2,0,74.0,638.0,Teledyne T640X at 16.67 LPM w/Network Data Alignment enabled - Broadband spectroscopy,Miami Fire Station,"1200 NW 20th St, Miami, FL 33142",Florida,Miami-Dade,Miami,"Miami-Fort Lauderdale-West Palm Beach, FL",2024-08-19,pm25
12,86,1016,88101,3,25.794222,-80.215556,NAD83,PM2.5 - Local Conditions,24-HR BLK AVG,PM25 24-hour 2012,2024-05-17,Micrograms/cubic meter (LC),,1,100.0,20.4,20.4,0,72.0,638.0,Teledyne T640X at 16.67 LPM w/Network Data Alignment enabled - Broadband spectroscopy,Miami Fire Station,"1200 NW 20th St, Miami, FL 33142",Florida,Miami-Dade,Miami,"Miami-Fort Lauderdale-West Palm Beach, FL",2024-08-19,pm25
12,86,1016,88101,3,25.794222,-80.215556,NAD83,PM2.5 - Local Conditions,24-HR BLK AVG,PM25 24-hour 2012,2024-05-18,Micrograms/cubic meter (LC),,1,100.0,20.0,20.0,0,71.0,638.0,Teledyne T640X at 16.67 LPM w/Network Data Alignment enabled - Broadband spectroscopy,Miami Fire Station,"1200 NW 20th St, Miami, FL 33142",Florida,Miami-Dade,Miami,"Miami-Fort Lauderdale-West Palm Beach, FL",2024-08-19,pm25
12,86,1016,88101,3,25.794222,-80.215556,NAD83,PM2.5 - Local Conditions,24-HR BLK AVG,PM25 24-hour 2012,2024-05-19,Micrograms/cubic meter (LC),,1,100.0,19.0,19.0,0,69.0,638.0,Teledyne T640X at 16.67 LPM w/Network Data Alignment enabled - Broadband spectroscopy,Miami Fire Station,"1200 NW 20th St, Miami, FL 33142",Florida,Miami-Dade,Miami,"Miami-Fort Lauderdale-West Palm Beach, FL",2024-08-19,pm25
12,86,1016,88101,3,25.794222,-80.215556,NAD83,PM2.5 - Local Conditions,24-HR BLK AVG,PM25 24-hour 2012,2024-05-20,Micrograms/cubic meter (LC),,1,100.0,11.5,11.5,0,55.0,638.0,Teledyne T640X at 16.67 LPM w/Network Data Alignment enabled - Broadband spectroscopy,Miami Fire Station,"1200 NW 20th St, Miami, FL 33142",Florida,Miami-Dade,Miami,"Miami-Fort Lauderdale-West Palm Beach, FL",2024-08-19,pm25
12,86,1016,88101,3,25.794222,-80.215556,NAD83,PM2.5 - Local Conditions,24-HR BLK AVG,PM25 24-hour 2012,2024-05-21,Micrograms/cubic meter (LC),,1,100.0,9.6,9.6,0,52.0,638.0,Teledyne T640X at 16.67 LPM w/Network Data Alignment enabled - Broadband spectroscopy,Miami Fire Station,"1200 NW 20th St, Miami, FL 33142",Florida,Miami-Dade,Miami,"Miami-Fort Lauderdale-West Palm Beach, FL",2024-08-19,pm25
12,86,1016,88101,3,25.794222,-80.215556,NAD83,PM2.5 - Local Conditions,24-HR BLK AVG,PM25 24-hour 2012,2024-05-22,Micrograms/cubic meter (LC),,1,100.0,6.8,6.8,0,38.0,638.0,Teledyne T640X at 16.67 LPM w/Network Data Alignment enabled - Broadband spectroscopy,Miami Fire Station,"1200 NW 20th St, Miami, FL 33142",Florida,Miami-Dade,Miami,"Miami-Fort Lauderdale-West Palm Beach, FL",2024-08-19,pm25
12,86,1016,88101,3,25.794222,-80.215556,NAD83,PM2.5 - Local Conditions,24-HR BLK AVG,PM25 24-hour 2012,2024-05-23,Micrograms/cubic meter (LC),,1,100.0,6.9,6.9,0,38.0,638.0,Teledyne T640X at 16.67 LPM w/Network Data Alignment enabled - Broadband spectroscopy,Miami Fire Station,"1200 NW 20th St, Miami, FL 33142",Florida,Miami-Dade,Miami,"Miami-Fort Lauderdale-West Palm Beach, FL",2024-08-19,pm25
12,86,1016,88101,3,25.794222,-80.215556,NAD83,PM2.5 - Local Conditions,24-HR BLK AVG,PM25 24-hour 2012,2024-05-24,Micrograms/cubic meter (LC),,1,100.0,6.7,6.7,0,37.0,638.0,Teledyne T640X at 16.67 LPM w/Network Data Alignment enabled - Broadband spectroscopy,Miami Fire Station,"1200 NW 20th St, Miami, FL 33142",Florida,Miami-Dade,Miami,"Miami-Fort Lauderdale-West Palm Beach, FL",2024-08-19,pm25
12,86,1016,88101,3,25.794222,-80.215556,NAD83,PM2.5 - Local Conditions,24-HR BLK AVG,PM25 24-hour 2012,2024-05-25,Micrograms/cubic meter (LC),,1,100.0,6.1,6.1,0,34.0,638.0,Teledyne T640X at 16.67 LPM w/Network Data Alignment enabled - Broadband spectroscopy,Miami Fire Station,"1200 NW 20th St, Miami, FL 33142",Florida,Miami-Dade,Miami,"Miami-Fort Lauderdale-West Palm Beach, FL",2024-08-19,pm25
12,86,1016,88101,3,25.794222,-80.215556,NAD83,PM2.5 - Local Conditions,24-HR BLK AVG,PM25 24-hour 2012,2024-05-26,Micrograms/cubic meter (LC),,1,100.0,7.5,7.5,0,42.0,638.0,Teledyne T640X at 16.67 LPM w/Network Data Alignment enabled - Broadband spectroscopy,Miami Fire Station,"1200 NW 20th St, Miami, FL 33142",Florida,Miami-Dade,Miami,"Miami-Fort Lauderdale-West Palm Beach, FL",2024-08-19,pm25
12,86,1016,88101,3,25.794222,-80.215556,NAD83,PM2.5 - Local Conditions,24-HR BLK AVG,PM25 24-hour 2012,2024-05-27,Micrograms/cubic meter (LC),,1,100.0,6.8,6.8,0,38.0,638.0,Teledyne T640X at 16.67 LPM w/Network Data Alignment enabled - Broadband spectroscopy,Miami Fire Station,"1200 NW 20th St, Miami, FL 33142",Florida,Miami-Dade,Miami,"Miami-Fort Lauderdale-West Palm Beach, FL",2024-08-19,pm25
12,86,1016,88101,3,25.794222,-80.215556,NAD83,PM2.5 - Local Conditions,24-HR BLK AVG,PM25 24-hour 2012,2024-05-28,Micrograms/cubic meter (LC),,1,100.0,6.7,6.7,0,37.0,638.0,Teledyne T640X at 16.67 LPM w/Network Data Alignment enabled - Broadband spectroscopy,Miami Fire Station,"1200 NW 20th St, Miami, FL 33142",Florida,Miami-Dade,Miami,"Miami-Fort Lauderdale-West Palm Beach, FL",2024-08-19,pm25
12,86,1016,88101,3,25.794222,-80.215556,NAD83,PM2.5 - Local Conditions,24-HR BLK AVG,PM25 24-hour 2012,2024-05-29,Micrograms/cubic meter (LC),,1,100.0,9.9,9.9,0,52.0,638.0,Teledyne T640X at 16.67 LPM w/Network Data Alignment enabled - Broadband spectroscopy,Miami Fire Station,"1200 NW 20th St, Miami, FL 33142",Florida,Miami-Dade,Miami,"Miami-Fort Lauderdale-West Palm Beach, FL",2024-08-19,pm25
12,86,1016,88101,3,25.794222,-80.215556,NAD83,PM2.5 - Local Conditions,24-HR BLK AVG,PM25 24-hour 2012,2024-05-30,Micrograms/cubic meter (LC),,1,100.0,11.1,11.1,0,55.0,638.0,Teledyne T640X at 16.67 LPM w/Network Data Alignment enabled - Broadband spectroscopy,Miami Fire Station,"1200 NW 20th St, Miami, FL 33142",Florida,Miami-Dade,Miami,"Miami-Fort Lauderdale-West Palm Beach, FL",2024-08-19,pm25
12,86,1016,88101,3,25.794222,-80.215556,NAD83,PM2.5 - Local Conditions,24-HR BLK AVG,PM25 24-hour 2012,2024-05-31,Micrograms/cubic meter (LC),,1,100.0,9.4,9.4,0,52.0,638.0,Teledyne T640X at 16.67 LPM w/Network Data Alignment enabled - Broadband spectroscopy,Miami Fire Station,"1200 NW 20th St, Miami, FL 33142",Florida,Miami-Dade,Miami,"Miami-Fort Lauderdale-West Palm Beach, FL",2024-08-19,pm25
12,86,1016,88101,3,25.794222,-80.215556,NAD83,PM2.5 - Local Conditions,24-HR BLK AVG,PM25 24-hour 2012,2024-06-01,Micrograms/cubic meter (LC),,1,100.0,10.0,10.0,0,53.0,638.0,Teledyne T640X at 16.67 LPM w/Network Data Alignment enabled - Broadband spectroscopy,Miami Fire Station,"1200 NW 20th St, Miami, FL 33142",Florida,Miami-Dade,Miami,"Miami-Fort Lauderdale-West Palm Beach, FL",2024-08-19,pm25
12,86,1016,88101,3,25.794222,-80.215556,NAD83,PM2.5 - Local Conditions,24-HR BLK AVG,PM25 24-hour 2012,2024-06-02,Micrograms/cubic meter (LC),,1,100.0,9.0,9.0,0,50.0,638.0,Teledyne T640X at 16.67 LPM w/Network Data Alignment enabled - Broadband spectroscopy,Miami Fire Station,"1200 NW 20th St, Miami, FL 33142",Florida,Miami-Dade,Miami,"Miami-Fort Lauderdale-West Palm Beach, FL",2024-08-19,pm25
12,86,1016,88101,3,25.794222,-80.215556,NAD83,PM2.5 - Local Conditions,24-HR BLK AVG,PM25 24-hour 2012,2024-06-03,Micrograms/cubic meter (LC),,1,100.0,9.2,9.2,0,51.0,638.0,Teledyne T640X at 16.67 LPM w/Network Data Alignment enabled - Broadband spectroscopy,Miami Fire Station,"1200 NW 20th St, Miami, FL 33142",Florida,Miami-Dade,Miami,"Miami-Fort Lauderdale-West Palm Beach, FL",2024-08-19,pm25
12,86,1016,88101,3,25.794222,-80.215556,NAD83,PM2.5 - Local Conditions,24-HR BLK AVG,PM25 24-hour 2012,2024-06-04,Micrograms/cubic meter (LC),,1,100.0,8.3,8.3,0,46.0,638.0,Teledyne T640X at 16.67 LPM w/Network Data Alignment enabled - Broadband spectroscopy,Miami Fire Station,"1200 NW 20th St, Miami, FL 33142",Florida,Miami-Dade,Miami,"Miami-Fort Lauderdale-West Palm Beach, FL",2024-08-19,pm25
12,86,1016,88101,3,25.794222,-80.215556,NAD83,PM2.5 - Local Conditions,24-HR BLK AVG,PM25 24-hour 2012,2024-06-05,Micrograms/cubic meter (LC),,1,100.0,7.8,7.8,0,43.0,638.0,Teledyne T640X at 16.67 LPM w/Network Data Alignment enabled - Broadband spectroscopy,Miami Fire Station,"1200 NW 20th St, Miami, FL 33142",Florida,Miami-Dade,Miami,"Miami-Fort Lauderdale-West Palm Beach, FL",2024-08-19,pm25
12,86,1016,88101,3,25.794222,-80.215556,NAD83,PM2.5 - Local Conditions,24-HR BLK AVG,PM25 24-hour 2012,2024-06-06,Micrograms/cubic meter (LC),,1,100.0,7.0,7.0,0,39.0,638.0,Teledyne T640X at 16.67 LPM w/Network Data Alignment enabled - Broadband spectroscopy,Miami Fire Station,"1200 NW 20th St, Miami, FL 33142",Florida,Miami-Dade,Miami,"Miami-Fort Lauderdale-West Palm Beach, FL",2024-08-19,pm25
12,86,1016,88101,3,25.794222,-80.215556,NAD83,PM2.5 - Local Conditions,24-HR BLK AVG,PM25 24-hour 2012,2024-06-07,Micrograms/cubic meter (LC),,1,100.0,6.0,6.0,0,33.0,638.0,Teledyne T640X at 16.67 LPM w/Network Data Alignment enabled - Broadband spectroscopy,Miami Fire Station,"1200 NW 20th St, Miami, FL 33142",Florida,Miami-Dade,Miami,"Miami-Fort Lauderdale-West Palm Beach, FL",2024-08-19,pm25
12,86,1016,88101,3,25.794222,-80.215556,NAD83,PM2.5 - Local Conditions,24-HR BLK AVG,PM25 24-hour 2012,2024-06-08,Micrograms/cubic meter (LC),,1,100.0,5.6,5.6,0,31.0,638.0,Teledyne T640X at 16.67 LPM w/Network Data Alignment enabled - Broadband spectroscopy,Miami Fire Station,"1200 NW 20th St, Miami, FL 33142",Florida,Miami-Dade,Miami,"Miami-Fort Lauderdale-West Palm Beach, FL",2024-08-19,pm25
12,86,1016,88101,3,25.794222,-80.215556,NAD83,PM2.5 - Local Conditions,24-HR BLK AVG,PM25 24-hour 2012,2024-06-09,Micrograms/cubic meter (LC),,1,100.0,4.6,4.6,0,26.0,638.0,Teledyne T640X at 16.67 LPM w/Network Data Alignment enabled - Broadband spectroscopy,Miami Fire Station,"1200 NW 20th St, Miami, FL 33142",Florida,Miami-Dade,Miami,"Miami-Fort Lauderdale-West Palm Beach, FL",2024-08-19,pm25
12,86,1016,88101,3,25.794222,-80.215556,NAD83,PM2.5 - Local Conditions,24-HR BLK AVG,PM25 24-hour 2012,2024-06-10,Micrograms/cubic meter (LC),,1,100.0,8.0,8.0,0,44.0,638.0,Teledyne T640X at 16.67 LPM w/Network Data Alignment enabled - Broadband spectroscopy,Miami Fire Station,"1200 NW 20th St, Miami, FL 33142",Florida,Miami-Dade,Miami,"Miami-Fort Lauderdale-West Palm Beach, FL",2024-08-19,pm25
12,86,1016,88101,3,25.794222,-80.215556,NAD83,PM2.5 - Local Conditions,24-HR BLK AVG,PM25 24-hour 2012,2024-06-11,Micrograms/cubic meter (LC),,1,100.0,9.2,9.2,0,51.0,638.0,Teledyne T640X at 16.67 LPM w/Network Data Alignment enabled - Broadband spectroscopy,Miami Fire Station,"1200 NW 20th St, Miami, FL 33142",Florida,Miami-Dade,Miami,"Miami-Fort Lauderdale-West Palm Beach, FL",2024-08-19,pm25
12,86,1016,88101,3,25.794222,-80.215556,NAD83,PM2.5 - Local Conditions,24-HR BLK AVG,PM25 24-hour 2012,2024-06-12,Micrograms/cubic meter (LC),,1,100.0,7.5,7.5,0,42.0,638.0,Teledyne T640X at 16.67 LPM w/Network Data Alignment enabled - Broadband spectroscopy,Miami Fire Station,"1200 NW 20th St, Miami, FL 33142",Florida,Miami-Dade,Miami,"Miami-Fort Lauderdale-West Palm Beach, FL",2024-08-19,pm25
12,86,1016,88101,3,25.794222,-80.215556,NAD83,PM2.5 - Local Conditions,24-HR BLK AVG,PM25 24-hour 2012,2024-06-13,Micrograms/cubic meter (LC),,1,100.0,7.0,7.0,0,39.0,638.0,Teledyne T640X at 16.67 LPM w/Network Data Alignment enabled - Broadband spectroscopy,Miami Fire Station,"1200 NW 20th St, Miami, FL 33142",Florida,Miami-Dade,Miami,"Miami-Fort Lauderdale-West Palm Beach, FL",2024-08-19,pm25
12,86,1016,88101,3,25.794222,-80.215556,NAD83,PM2.5 - Local Conditions,24-HR BLK AVG,PM25 24-hour 2012,2024-06-14,Micrograms/cubic meter (LC),,1,100.0,6.2,6.2,0,34.0,638.0,Teledyne T640X at 16.67 LPM w/Network Data Alignment enabled - Broadband spectroscopy,Miami Fire Station,"1200 NW 20th St, Miami, FL 33142",Florida,Miami-Dade,Miami,"Miami-Fort Lauderdale-West Palm Beach, FL",2024-08-19,pm25
12,86,1016,88101,3,25.794222,-80.215556,NAD83,PM2.5 - Local Conditions,24-HR BLK AVG,PM25 24-hour 2012,2024-06-15,Micrograms/cubic meter (LC),,1,100.0,14.6,14.6,0,61.0,638.0,Teledyne T640X at 16.67 LPM w/Network Data Alignment enabled - Broadband spectroscopy,Miami Fire Station,"1200 NW 20th St, Miami, FL 33142",Florida,Miami-Dade,Miami,"Miami-Fort Lauderdale-West Palm Beach, FL",2024-08-19,pm25
12,86,1016,88101,3,25.794222,-80.215556,NAD83,PM2.5 - Local Conditions,24-HR BLK AVG,PM25 24-hour 2012,2024-06-16,Micrograms/cubic meter (LC),,1,100.0,15.1,15.1,0,62.0,638.0,Teledyne T640X at 16.67 LPM w/Network Data Alignment enabled - Broadband spectroscopy,Miami Fire Station,"1200 NW 20th St, Miami, FL 33142",Florida,Miami-Dade,Miami,"Miami-Fort Lauderdale-West Palm Beach, FL",2024-08-19,pm25
12,86,1016,88101,3,25.794222,-80.215556,NAD83,PM2.5 - Local Conditions,24-HR BLK AVG,PM25 24-hour 2012,2024-06-17,Micrograms/cubic meter (LC),,1,100.0,7.6,7.6,0,42.0,638.0,Teledyne T640X at 16.67 LPM w/Network Data Alignment enabled - Broadband spectroscopy,Miami Fire Station,"1200 NW 20th St, Miami, FL 33142",Florida,Miami-Dade,Miami,"Miami-Fort Lauderdale-West Palm Beach, FL",2024-08-19,pm25
12,86,1016,88101,3,25.794222,-80.215556,NAD83,PM2.5 - Local Conditions,24-HR BLK AVG,PM25 24-hour 2012,2024-06-18,Micrograms/cubic meter (LC),,1,100.0,8.6,8.6,0,48.0,638.0,Teledyne T640X at 16.67 LPM w/Network Data Alignment enabled - Broadband spectroscopy,Miami Fire Station,"1200 NW 20th St, Miami, FL 33142",Florida,Miami-Dade,Miami,"Miami-Fort Lauderdale-West Palm Beach, FL",2024-08-19,pm25
12,86,1016,88101,3,25.794222,-80.215556,NAD83,PM2.5 - Local Conditions,24-HR BLK AVG,PM25 24-hour 2012,2024-06-19,Micrograms/cubic meter (LC),,1,100.0,8.3,8.3,0,46.0,638.0,Teledyne T640X at 16.67 LPM w/Network Data Alignment enabled - Broadband spectroscopy,Miami Fire Station,"1200 NW 20th St, Miami, FL 33142",Florida,Miami-Dade,Miami,"Miami-Fort Lauderdale-West Palm Beach, FL",2024-08-19,pm25
12,86,1016,88101,3,25.794222,-80.215556,NAD83,PM2.5 - Local Conditions,24-HR BLK AVG,PM25 24-hour 2012,2024-06-20,Micrograms/cubic meter (LC),,1,100.0,9.5,9.5,0,52.0,638.0,Teledyne T640X at 16.67 LPM w/Network Data Alignment enabled - Broadband spectroscopy,Miami Fire Station,"1200 NW 20th St, Miami, FL 33142",Florida,Miami-Dade,Miami,"Miami-Fort Lauderdale-West Palm Beach, FL",2024-08-19,pm25
12,86,1016,88101,3,25.794222,-80.215556,NAD83,PM2.5 - Local Conditions,24-HR BLK AVG,PM25 24-hour 2012,2024-06-21,Micrograms/cubic meter (LC),,1,100.0,8.8,8.8,0,49.0,638.0,Teledyne T640X at 16.67 LPM w/Network Data Alignment enabled - Broadband spectroscopy,Miami Fire Station,"1200 NW 20th St, Miami, FL 33142",Florida,Miami-Dade,Miami,"Miami-Fort Lauderdale-West Palm Beach, FL",2024-08-19,pm25
12,86,1016,88101,3,25.794222,-80.215556,NAD83,PM2.5 - Local Conditions,24-HR BLK AVG,PM25 24-hour 2012,2024-06-22,Micrograms/cubic meter (LC),,1,100.0,8.5,8.5,0,47.0,638.0,Teledyne T640X at 16.67 LPM w/Network Data Alignment enabled - Broadband spectroscopy,Miami Fire Station,"1200 NW 20th St, Miami, FL 33142",Florida,Miami-Dade,Miami,"Miami-Fort Lauderdale-West Palm Beach, FL",2024-08-19,pm25
12,86,1016,88101,3,25.794222,-80.215556,NAD83,PM2.5 - Local Conditions,24-HR BLK AVG,PM25 24-hour 2012,2024-06-23,Micrograms/cubic meter (LC),,1,100.0,4.5,4.5,0,25.0,638.0,Teledyne T640X at 16.67 LPM w/Network Data Alignment enabled - Broadband spectroscopy,Miami Fire Station,"1200 NW 20th St, Miami, FL 33142",Florida,Miami-Dade,Miami,"Miami-Fort Lauderdale-West Palm Beach, FL",2024-08-19,pm25
12,86,1016,88101,3,25.794222,-80.215556,NAD83,PM2.5 - Local Conditions,24-HR BLK AVG,PM25 24-hour 2012,2024-06-24,Micrograms/cubic meter (LC),,1,100.0,3.9,3.9,0,22.0,638.0,Teledyne T640X at 16.67 LPM w/Network Data Alignment enabled - Broadband spectroscopy,Miami Fire Station,"1200 NW 20th St, Miami, FL 33142",Florida,Miami-Dade,Miami,"Miami-Fort Lauderdale-West Palm Beach, FL",2024-08-19,pm25
12,86,1016,88101,3,25.794222,-80.215556,NAD83,PM2.5 - Local Conditions,24-HR BLK AVG,PM25 24-hour 2012,2024-06-25,Micrograms/cubic meter (LC),,1,100.0,4.0,4.0,0,22.0,638.0,Teledyne T640X at 16.67 LPM w/Network Data Alignment enabled - Broadband spectroscopy,Miami Fire Station,"1200 NW 20th St, Miami, FL 33142",Florida,Miami-Dade,Miami,"Miami-Fort Lauderdale-West Palm Beach, FL",2024-08-19,pm25
12,86,1016,88101,3,25.794222,-80.215556,NAD83,PM2.5 - Local Conditions,24-HR BLK AVG,PM25 24-hour 2012,2024-06-26,Micrograms/cubic meter (LC),,1,100.0,4.3,4.3,0,24.0,638.0,Teledyne T640X at 16.67 LPM w/Network Data Alignment enabled - Broadband spectroscopy,Miami Fire Station,"1200 NW 20th St, Miami, FL 33142",Florida,Miami-Dade,Miami,"Miami-Fort Lauderdale-West Palm Beach, FL",2024-08-19,pm25
12,86,1016,88101,3,25.794222,-80.215556,NAD83,PM2.5 - Local Conditions,24-HR BLK AVG,PM25 24-hour 2012,2024-06-27,Micrograms/cubic meter (LC),,1,100.0,6.5,6.5,0,36.0,638.0,Teledyne T640X at 16.67 LPM w/Network Data Alignment enabled - Broadband spectroscopy,Miami Fire Station,"1200 NW 20th St, Miami, FL 33142",Florida,Miami-Dade,Miami,"Miami-Fort Lauderdale-West Palm Beach, FL",2024-08-19,pm25
12,86,1016,88101,3,25.794222,-80.215556,NAD83,PM2.5 - Local Conditions,24-HR BLK AVG,PM25 24-hour 2012,2024-06-28,Micrograms/cubic meter (LC),,1,100.0,8.2,8.2,0,46.0,638.0,Teledyne T640X at 16.67 LPM w/Network Data Alignment enabled - Broadband spectroscopy,Miami Fire Station,"1200 NW 20th St, Miami, FL 33142",Florida,Miami-Dade,Miami,"Miami-Fort Lauderdale-West Palm Beach, FL",2024-08-19,pm25
12,86,1016,88101,3,25.794222,-80.215556,NAD83,PM2.5 - Local Conditions,24-HR BLK AVG,PM25 24-hour 2012,2024-06-29,Micrograms/cubic meter (LC),,1,100.0,12.1,12.1,0,57.0,638.0,Teledyne T640X at 16.67 LPM w/Network Data Alignment enabled - Broadband spectroscopy,Miami Fire Station,"1200 NW 20th St, Miami, FL 33142",Florida,Miami-Dade,Miami,"Miami-Fort Lauderdale-West Palm Beach, FL",2024-08-19,pm25
12,86,1016,88101,3,25.794222,-80.215556,NAD83,PM2.5 - Local Conditions,24-HR BLK AVG,PM25 24-hour 2012,2024-06-30,Micrograms/cubic meter (LC),,1,100.0,9.8,9.8,0,52.0,638.0,Teledyne T640X at 16.67 LPM w/Network Data Alignment enabled - Broadband spectroscopy,Miami Fire Station,"1200 NW 20th St, Miami, FL 33142",Florida,Miami-Dade,Miami,"Miami-Fort Lauderdale-West Palm Beach, FL",2024-08-19,pm25
